home_team,away_team,home_team_prob,odds_1,odds_2,result,date,accuracy,prob_iso_insample,prob_iso_oos_time,prob_live_oos_proxy,prob_live_safe_pre_clip,prob_base,prob_live_safe,prob_used,result_raw,game_date,pred_home_win_proba,closing_home_odds,closing_away_odds,home_team_won,home_win_rate,iso_proba_home_win,prob_iso,live_oos_proxy_ready,live_oos_proxy_train_rows,implied_prob_1,prob_live_base,model_market_gap,model_market_gap_flag,live_underdog_upscale_guard_triggered,live_shrink_triggered
LAL,CHI,0.6504042344850607,1.19,5.0,LAL,2026-03-12,1.0,,0.6447368421052632,,0.6230263157894737,0.6230263157894737,0.6230263157894737,0.6230263157894737,LAL,2026-03-12,0.6504042344850607,1.19,5.0,1.0,0.71,0.6428571428571429,0.6428571428571429,True,906,0.8403361344537815,0.6447368421052632,-0.19559929234851836,False,False,False
SAS,DEN,0.6039755028632536,1.44,2.85,DEN,2026-03-12,0.0,,0.6447368421052632,,0.6230263157894737,0.6230263157894737,0.6230263157894737,0.6230263157894737,DEN,2026-03-12,0.6039755028632536,1.44,2.85,0.0,0.8,0.6428571428571429,0.6428571428571429,True,906,0.6944444444444444,0.6447368421052632,-0.049707602339181256,False,False,False
MEM,DAL,0.4816562566548228,2.7,1.49,DAL,2026-03-12,1.0,,0.45901639344262296,,0.4651639344262295,0.4651639344262295,0.4651639344262295,0.4651639344262295,DAL,2026-03-12,0.4816562566548228,2.7,1.49,0.0,0.25,0.45652173913043476,0.45652173913043476,True,906,0.37037037037037035,0.45901639344262296,0.08864602307225261,False,False,False
MIA,MIL,0.5870558858659234,1.39,3.1,MIA,2026-03-12,1.0,,0.5769230769230769,,0.5653846153846154,0.5653846153846154,0.5653846153846154,0.5653846153846154,MIA,2026-03-12,0.5870558858659234,1.39,3.1,1.0,0.67,0.5925925925925926,0.5925925925925926,True,906,0.7194244604316548,0.5769230769230769,-0.14250138350857788,False,False,False
ATL,BRK,0.7734876134875721,1.1,7.75,ATL,2026-03-12,1.0,,0.75,,0.7125,0.7125,0.7125,0.7125,ATL,2026-03-12,0.7734876134875721,1.1,7.75,1.0,0.69,0.7532467532467533,0.7532467532467533,True,906,0.9090909090909091,0.75,-0.15909090909090906,False,False,False
ORL,WAS,0.6863352889094484,1.1,7.5,ORL,2026-03-12,1.0,,0.6836734693877551,,0.6377551020408163,0.6377551020408163,0.6377551020408163,0.6377551020408163,ORL,2026-03-12,0.6863352889094484,1.1,7.5,1.0,0.67,0.6868686868686869,0.6868686868686869,True,906,0.9090909090909091,0.6836734693877551,-0.22541743970315398,True,False,True
DET,PHI,0.5882819553965909,1.08,8.5,DET,2026-03-12,1.0,,0.5599999999999999,,0.5449999999999999,0.5449999999999999,0.5449999999999999,0.5449999999999999,DET,2026-03-12,0.5882819553965909,1.08,8.5,1.0,0.7,0.5925925925925926,0.5925925925925926,True,906,0.9259259259259258,0.5599999999999999,-0.3659259259259259,True,False,True
OKC,BOS,0.6583113623536697,1.37,3.2,OKC,2026-03-12,1.0,,0.6770833333333334,,0.6505208333333333,0.6505208333333333,0.6505208333333333,0.6505208333333333,OKC,2026-03-12,0.6583113623536697,1.37,3.2,1.0,0.73,0.6868686868686869,0.6868686868686869,True,906,0.7299270072992701,0.6770833333333334,-0.0528436739659367,False,False,False
ORL,CLE,0.6348601292402564,2.4,1.6,ORL,2026-03-11,1.0,,0.6423841059602649,,0.55,0.55,0.55,0.55,ORL,2026-03-11,0.6348601292402564,2.4,1.6,1.0,0.67,0.6428571428571429,0.6428571428571429,True,906,0.4166666666666667,0.5666666666666667,0.22571743929359817,True,True,True
UTA,NYK,0.4469367464277928,7.5,1.1,NYK,2026-03-11,1.0,,0.46408839779005523,,0.3375,0.3375,0.3375,0.35,NYK,2026-03-11,0.4469367464277928,7.5,1.1,0.0,0.2,0.45652173913043476,0.45652173913043476,True,906,0.13333333333333333,0.2833333333333333,0.33075506445672187,True,False,True
NOP,TOR,0.683777868831315,2.1,1.77,NOP,2026-03-11,1.0,,0.6770833333333334,,0.5946428571428571,0.5946428571428571,0.5946428571428571,0.5946428571428571,NOP,2026-03-11,0.683777868831315,2.1,1.77,1.0,0.75,0.6868686868686869,0.6868686868686869,True,906,0.47619047619047616,0.6261904761904762,0.2008928571428572,True,False,True
LAC,MIN,0.7115126297039801,1.77,2.1,LAC,2026-03-11,1.0,,0.6923076923076923,,0.6634615384615384,0.6634615384615384,0.6634615384615384,0.6634615384615384,LAC,2026-03-11,0.7115126297039801,1.77,2.1,1.0,0.6,0.7037037037037037,0.7037037037037037,True,906,0.5649717514124294,0.6923076923076923,0.1273359408952629,False,False,False
SAC,CHO,0.4810777772343665,6.25,1.13,CHO,2026-03-11,1.0,,0.46408839779005523,,0.3575,0.3575,0.3575,0.3575,CHO,2026-03-11,0.4810777772343665,6.25,1.13,0.0,0.29,0.45652173913043476,0.45652173913043476,True,906,0.16,0.31,0.30408839779005525,True,False,True
DEN,HOU,0.5107250397275606,1.4,3.05,DEN,2026-03-11,1.0,,0.49019607843137253,,0.4926470588235294,0.4926470588235294,0.4926470588235294,0.4926470588235294,DEN,2026-03-11,0.5107250397275606,1.4,3.05,1.0,0.55,0.5,0.5,True,906,0.7142857142857143,0.49019607843137253,-0.22408963585434177,True,False,True
MIA,WAS,0.7366056037544673,1.09,8.0,MIA,2026-03-10,1.0,,0.7361111111111112,,0.7006944444444445,0.7006944444444445,0.7006944444444445,0.7006944444444445,MIA,2026-03-10,0.7366056037544673,1.09,8.0,1.0,0.67,0.7532467532467533,0.7532467532467533,True,906,0.9174311926605504,0.7361111111111112,-0.18132008154943924,False,False,False
LAL,MIN,0.7222950439602297,2.2,1.7,LAL,2026-03-10,1.0,,0.7361111111111112,,0.5784090909090909,0.5784090909090909,0.5784090909090909,0.5784090909090909,LAL,2026-03-10,0.7222950439602297,2.2,1.7,1.0,0.71,0.7532467532467533,0.7532467532467533,True,906,0.45454545454545453,0.6045454545454545,0.28156565656565663,True,False,True
POR,CHO,0.5161852438804586,2.3,1.65,CHO,2026-03-10,0.0,,0.4950495049504952,,0.49579207920792095,0.49579207920792095,0.49579207920792095,0.49579207920792095,CHO,2026-03-10,0.5161852438804586,2.3,1.65,0.0,0.5,0.5,0.5,True,906,0.4347826086956522,0.4950495049504952,0.060266896254842994,False,False,False
SAC,IND,0.4818083578840299,1.65,2.3,SAC,2026-03-10,0.0,,0.46368715083798884,,0.46913407821229053,0.46913407821229053,0.46913407821229053,0.46913407821229053,SAC,2026-03-10,0.4818083578840299,1.65,2.3,1.0,0.29,0.45652173913043476,0.45652173913043476,True,906,0.6060606060606061,0.46368715083798884,-0.14237345522261724,False,False,False
GSW,CHI,0.563936209690104,1.42,2.95,CHI,2026-03-10,0.0,,0.5217391304347826,,0.5184782608695652,0.5184782608695652,0.5184782608695652,0.5184782608695652,CHI,2026-03-10,0.563936209690104,1.42,2.95,0.0,0.3,0.5172413793103449,0.5172413793103449,True,906,0.7042253521126761,0.5217391304347826,-0.18248622167789352,False,False,False
SAS,BOS,0.6940357337160773,1.68,2.24,SAS,2026-03-10,1.0,,0.6923076923076923,,0.6634615384615384,0.6634615384615384,0.6634615384615384,0.6634615384615384,SAS,2026-03-10,0.6940357337160773,1.68,2.24,1.0,0.8,0.7037037037037037,0.7037037037037037,True,906,0.5952380952380952,0.6923076923076923,0.09706959706959706,False,False,False
ATL,DAL,0.7665170466081518,1.24,4.3,ATL,2026-03-10,1.0,,0.7361111111111112,,0.7006944444444445,0.7006944444444445,0.7006944444444445,0.7006944444444445,ATL,2026-03-10,0.7665170466081518,1.24,4.3,1.0,0.69,0.7532467532467533,0.7532467532467533,True,906,0.8064516129032259,0.7361111111111112,-0.0703405017921147,False,False,False
BRK,DET,0.4341042198953746,8.5,1.08,DET,2026-03-10,1.0,,0.46368715083798884,,0.32573529411764707,0.32573529411764707,0.32573529411764707,0.35,DET,2026-03-10,0.4341042198953746,8.5,1.08,0.0,0.33,0.45652173913043476,0.45652173913043476,True,906,0.11764705882352941,0.2676470588235294,0.3460400920144594,True,False,True
HOU,TOR,0.5460414308726544,1.49,2.7,HOU,2026-03-10,1.0,,0.5,,0.5,0.5,0.5,0.5,HOU,2026-03-10,0.5460414308726544,1.49,2.7,1.0,0.55,0.5172413793103449,0.5172413793103449,True,906,0.6711409395973155,0.5,-0.17114093959731547,False,False,False
PHI,MEM,0.5271741295867881,1.65,2.3,PHI,2026-03-10,1.0,,0.49019607843137253,,0.49166666666666664,0.49166666666666664,0.49166666666666664,0.49166666666666664,PHI,2026-03-10,0.5271741295867881,1.65,2.3,1.0,0.75,0.5,0.5,True,906,0.6060606060606061,0.49019607843137253,-0.11586452762923355,False,False,False
LAC,NYK,0.6568996678480525,2.2,1.7,LAC,2026-03-09,1.0,,0.6736842105263159,,0.5784090909090909,0.5784090909090909,0.5784090909090909,0.5784090909090909,LAC,2026-03-09,0.6568996678480525,2.2,1.7,1.0,0.6,0.6868686868686869,0.6868686868686869,True,906,0.45454545454545453,0.6045454545454545,0.21913875598086135,True,False,True
OKC,DEN,0.7707819641400924,1.37,3.2,OKC,2026-03-09,1.0,,0.7361111111111112,,0.7006944444444445,0.7006944444444445,0.7006944444444445,0.7006944444444445,OKC,2026-03-09,0.7707819641400924,1.37,3.2,1.0,0.73,0.7532467532467533,0.7532467532467533,True,906,0.7299270072992701,0.7361111111111112,0.006184103811841091,False,False,False
CLE,PHI,0.655838683782941,1.14,6.0,CLE,2026-03-09,1.0,,0.6666666666666665,,0.6249999999999999,0.6249999999999999,0.6249999999999999,0.6249999999999999,CLE,2026-03-09,0.655838683782941,1.14,6.0,1.0,0.88,0.6868686868686869,0.6868686868686869,True,906,0.8771929824561404,0.6666666666666665,-0.2105263157894739,True,False,True
BRK,MEM,0.3562982220612092,2.05,1.8,BRK,2026-03-09,0.0,,0.2783505154639175,,0.3337628865979381,0.3337628865979381,0.3337628865979381,0.35,BRK,2026-03-09,0.3562982220612092,2.05,1.8,1.0,0.33,0.2857142857142857,0.2857142857142857,True,906,0.48780487804878053,0.2783505154639175,-0.20945436258486305,True,False,True
UTA,GSW,0.4599525690940427,3.2,1.37,UTA,2026-03-09,0.0,,0.4576271186440678,,0.4639830508474576,0.4639830508474576,0.4639830508474576,0.4639830508474576,UTA,2026-03-09,0.4599525690940427,3.2,1.37,1.0,0.2,0.45652173913043476,0.45652173913043476,True,906,0.3125,0.4576271186440678,0.1451271186440678,False,False,False
NOP,WAS,0.6415081392685195,1.23,4.4,NOP,2026-03-08,1.0,,0.6418918918918919,,0.6206081081081081,0.6206081081081081,0.6206081081081081,0.6206081081081081,NOP,2026-03-08,0.6415081392685195,1.23,4.4,1.0,0.75,0.6428571428571429,0.6428571428571429,True,906,0.8130081300813008,0.6418918918918919,-0.1711162381894089,False,False,False
MIA,DET,0.7159183012106347,2.1,1.77,MIA,2026-03-08,1.0,,0.7323943661971831,,0.5946428571428571,0.5946428571428571,0.5946428571428571,0.5946428571428571,MIA,2026-03-08,0.7159183012106347,2.1,1.77,1.0,0.67,0.7532467532467533,0.7532467532467533,True,906,0.47619047619047616,0.6261904761904762,0.25620389000670696,True,False,True
SAC,CHI,0.3127272246809758,2.14,1.74,SAC,2026-03-08,0.0,,0.2708333333333333,,0.3052083333333333,0.3052083333333333,0.3052083333333333,0.35,SAC,2026-03-08,0.3127272246809758,2.14,1.74,1.0,0.29,0.2857142857142857,0.2857142857142857,True,906,0.4672897196261682,0.2708333333333333,-0.1964563862928349,False,False,False
TOR,DAL,0.6645169819308951,1.23,4.4,TOR,2026-03-08,1.0,,0.6666666666666665,,0.6416666666666665,0.6416666666666665,0.6416666666666665,0.6416666666666665,TOR,2026-03-08,0.6645169819308951,1.23,4.4,1.0,0.4,0.6868686868686869,0.6868686868686869,True,906,0.8130081300813008,0.6666666666666665,-0.14634146341463428,False,False,False
MIL,ORL,0.4012026714803905,2.36,1.62,ORL,2026-03-08,1.0,,0.45235040853137903,,0.4594978472516722,0.4594978472516722,0.4594978472516722,0.4594978472516722,ORL,2026-03-08,0.4012026714803905,2.36,1.62,0.0,0.55,0.4318181818181818,0.4318181818181818,True,906,0.42372881355932207,0.45235040853137903,0.028621594972056963,False,False,False
SAS,HOU,0.6895705300812441,1.46,2.8,SAS,2026-03-08,1.0,,0.6862745098039216,,0.6583333333333333,0.6583333333333333,0.6583333333333333,0.6583333333333333,SAS,2026-03-08,0.6895705300812441,1.46,2.8,1.0,0.8,0.7037037037037037,0.7037037037037037,True,906,0.684931506849315,0.6862745098039216,0.0013430029546065425,False,False,False
LAL,NYK,0.6449702856891587,2.3,1.65,LAL,2026-03-08,1.0,,0.6418918918918919,,0.5635869565217392,0.5635869565217392,0.5635869565217392,0.5635869565217392,LAL,2026-03-08,0.6449702856891587,2.3,1.65,1.0,0.71,0.6428571428571429,0.6428571428571429,True,906,0.4347826086956522,0.5847826086956522,0.20710928319623967,True,True,True
CLE,BOS,0.608291023415958,1.89,1.93,BOS,2026-03-08,0.0,,0.6418918918918919,,0.6206081081081081,0.6206081081081081,0.6206081081081081,0.6206081081081081,BOS,2026-03-08,0.608291023415958,1.89,1.93,0.0,0.88,0.6428571428571429,0.6428571428571429,True,906,0.5291005291005292,0.6418918918918919,0.1127913627913627,False,False,False
POR,IND,0.4251661310535732,1.25,4.1,POR,2026-03-08,0.0,,0.4576271186440678,,0.4682203389830508,0.4682203389830508,0.4682203389830508,0.4682203389830508,POR,2026-03-08,0.4251661310535732,1.25,4.1,1.0,0.5,0.45652173913043476,0.45652173913043476,True,906,0.8,0.4576271186440678,-0.34237288135593225,True,False,True
MIN,ORL,0.6673088187010384,1.36,3.25,ORL,2026-03-07,0.0,,0.6857142857142857,,0.6578571428571429,0.6578571428571429,0.6578571428571429,0.6578571428571429,ORL,2026-03-07,0.6673088187010384,1.36,3.25,0.0,0.64,0.6868686868686869,0.6868686868686869,True,906,0.7352941176470588,0.6857142857142857,-0.049579831932773044,False,False,False
MEM,LAC,0.5655499918869572,3.1,1.39,LAC,2026-03-07,0.0,,0.5333333333333333,,0.4794354838709677,0.4794354838709677,0.4794354838709677,0.4794354838709677,LAC,2026-03-07,0.5655499918869572,3.1,1.39,0.0,0.25,0.5172413793103449,0.5172413793103449,True,906,0.3225806451612903,0.4725806451612903,0.210752688172043,True,False,True
MIL,UTA,0.3967456344308742,1.24,4.3,MIL,2026-03-07,0.0,,0.42857142857142855,,0.4464285714285714,0.4464285714285714,0.4464285714285714,0.4464285714285714,MIL,2026-03-07,0.3967456344308742,1.24,4.3,1.0,0.55,0.4318181818181818,0.4318181818181818,True,906,0.8064516129032259,0.42857142857142855,-0.3778801843317973,True,False,True
DET,BRK,0.6583461900149258,1.11,7.25,BRK,2026-03-07,0.0,,0.6857142857142857,,0.6392857142857142,0.6392857142857142,0.6392857142857142,0.6392857142857142,BRK,2026-03-07,0.6583461900149258,1.11,7.25,0.0,0.7,0.6868686868686869,0.6868686868686869,True,906,0.9009009009009008,0.6857142857142857,-0.21518661518661508,True,False,True
ATL,PHI,0.6281246709912118,1.36,3.25,ATL,2026-03-07,1.0,,0.636986301369863,,0.6164383561643836,0.6164383561643836,0.6164383561643836,0.6164383561643836,ATL,2026-03-07,0.6281246709912118,1.36,3.25,1.0,0.69,0.6428571428571429,0.6428571428571429,True,906,0.7352941176470588,0.636986301369863,-0.09830781627719576,False,False,False
OKC,GSW,0.5981417739499767,1.11,7.0,OKC,2026-03-07,1.0,,0.636986301369863,,0.6027397260273972,0.6027397260273972,0.6027397260273972,0.6027397260273972,OKC,2026-03-07,0.5981417739499767,1.11,7.0,1.0,0.73,0.6428571428571429,0.6428571428571429,True,906,0.9009009009009008,0.636986301369863,-0.2639145995310378,True,False,True
CHO,MIA,0.6686438621091262,1.34,3.4,MIA,2026-03-06,0.0,,0.6931818181818182,,0.6642045454545455,0.6642045454545455,0.6642045454545455,0.6642045454545455,MIA,2026-03-06,0.6686438621091262,1.34,3.4,0.0,0.7,0.6868686868686869,0.6868686868686869,True,906,0.7462686567164178,0.6931818181818182,-0.05308683853459961,False,False,False
SAS,LAC,0.6271902029347252,1.34,3.35,SAS,2026-03-06,1.0,,0.6267605633802817,,0.6077464788732395,0.6077464788732395,0.6077464788732395,0.6077464788732395,SAS,2026-03-06,0.6271902029347252,1.34,3.35,1.0,0.8,0.6428571428571429,0.6428571428571429,True,906,0.7462686567164178,0.6267605633802817,-0.1195080933361361,False,False,False
BOS,DAL,0.7058595025199461,1.1,7.75,BOS,2026-03-06,1.0,,0.6857142857142857,,0.6392857142857142,0.6392857142857142,0.6392857142857142,0.6392857142857142,BOS,2026-03-06,0.7058595025199461,1.1,7.75,1.0,0.73,0.7037037037037037,0.7037037037037037,True,906,0.9090909090909091,0.6857142857142857,-0.22337662337662334,True,False,True
LAL,IND,0.6744962846741583,1.22,4.5,LAL,2026-03-06,1.0,,0.6931818181818182,,0.6642045454545455,0.6642045454545455,0.6642045454545455,0.6642045454545455,LAL,2026-03-06,0.6744962846741583,1.22,4.5,1.0,0.71,0.6868686868686869,0.6868686868686869,True,906,0.819672131147541,0.6931818181818182,-0.12649031296572277,False,False,False
HOU,POR,0.6405194159452126,1.43,2.9,HOU,2026-03-06,1.0,,0.6267605633802817,,0.6077464788732395,0.6077464788732395,0.6077464788732395,0.6077464788732395,HOU,2026-03-06,0.6405194159452126,1.43,2.9,1.0,0.55,0.6428571428571429,0.6428571428571429,True,906,0.6993006993006994,0.6267605633802817,-0.07254013592041764,False,False,False
DEN,NYK,0.6674362484640101,2.05,1.8,NYK,2026-03-06,0.0,,0.6857142857142857,,0.6578571428571429,0.6578571428571429,0.6578571428571429,0.6578571428571429,NYK,2026-03-06,0.6674362484640101,2.05,1.8,0.0,0.55,0.6868686868686869,0.6868686868686869,True,906,0.48780487804878053,0.6857142857142857,0.1979094076655052,False,False,False
MIA,BRK,0.7642614421521541,1.12,6.5,MIA,2026-03-05,1.0,,0.7246376811594203,,0.6909420289855073,0.6909420289855073,0.6909420289855073,0.6909420289855073,MIA,2026-03-05,0.7642614421521541,1.12,6.5,1.0,0.67,0.7532467532467533,0.7532467532467533,True,906,0.8928571428571428,0.7246376811594203,-0.1682194616977225,False,False,False
SAS,DET,0.7156758371167953,1.65,2.3,SAS,2026-03-05,1.0,,0.7246376811594203,,0.6909420289855073,0.6909420289855073,0.6909420289855073,0.6909420289855073,SAS,2026-03-05,0.7156758371167953,1.65,2.3,1.0,0.8,0.7532467532467533,0.7532467532467533,True,906,0.6060606060606061,0.7246376811594203,0.11857707509881421,False,False,False
DEN,LAL,0.6107503508684812,1.51,2.64,DEN,2026-03-05,1.0,,0.6267605633802817,,0.6077464788732395,0.6077464788732395,0.6077464788732395,0.6077464788732395,DEN,2026-03-05,0.6107503508684812,1.51,2.64,1.0,0.55,0.6428571428571429,0.6428571428571429,True,906,0.6622516556291391,0.6267605633802817,-0.03549109224885738,False,False,False
SAC,NOP,0.3501740495153075,2.8,1.46,NOP,2026-03-05,1.0,,0.2736842105263158,,0.3076315789473685,0.3076315789473685,0.3076315789473685,0.35,NOP,2026-03-05,0.3501740495153075,2.8,1.46,0.0,0.29,0.2857142857142857,0.2857142857142857,True,906,0.35714285714285715,0.2736842105263158,-0.08345864661654134,False,False,False
ORL,DAL,0.6280326555749803,1.26,4.0,ORL,2026-03-05,1.0,,0.6267605633802817,,0.6077464788732395,0.6077464788732395,0.6077464788732395,0.6077464788732395,ORL,2026-03-05,0.6280326555749803,1.26,4.0,1.0,0.67,0.6428571428571429,0.6428571428571429,True,906,0.7936507936507936,0.6267605633802817,-0.16689023027051186,False,False,False
HOU,GSW,0.6994454130858733,1.26,4.0,GSW,2026-03-05,0.0,,0.6938775510204082,,0.6647959183673469,0.6647959183673469,0.6647959183673469,0.6647959183673469,GSW,2026-03-05,0.6994454130858733,1.26,4.0,0.0,0.55,0.7037037037037037,0.7037037037037037,True,906,0.7936507936507936,0.6938775510204082,-0.09977324263038545,False,False,False
MIN,TOR,0.6717354223691623,1.46,2.8,MIN,2026-03-05,1.0,,0.6896551724137929,,0.6612068965517239,0.6612068965517239,0.6612068965517239,0.6612068965517239,MIN,2026-03-05,0.6717354223691623,1.46,2.8,1.0,0.64,0.6868686868686869,0.6868686868686869,True,906,0.684931506849315,0.6896551724137929,0.004723665564477897,False,False,False
WAS,UTA,0.2718730672913644,1.59,2.42,UTA,2026-03-05,1.0,,0.2755102040816326,,0.33163265306122447,0.33163265306122447,0.33163265306122447,0.35,UTA,2026-03-05,0.2718730672913644,1.59,2.42,0.0,0.36,0.2857142857142857,0.2857142857142857,True,906,0.6289308176100629,0.2755102040816326,-0.35342061352843024,True,False,True
NYK,OKC,0.7577187852993835,2.45,1.57,OKC,2026-03-04,0.0,,0.7352941176470589,,0.5436224489795918,0.5436224489795918,0.5436224489795918,0.5436224489795918,OKC,2026-03-04,0.7577187852993835,2.45,1.57,0.0,0.71,0.7532467532467533,0.7532467532467533,True,906,0.4081632653061224,0.5581632653061224,0.3271308523409365,True,True,True
MEM,POR,0.7031053730565322,3.8,1.28,POR,2026-03-04,0.0,,0.7083333333333334,,0.43486842105263157,0.43486842105263157,0.43486842105263157,0.43486842105263157,POR,2026-03-04,0.7031053730565322,3.8,1.28,0.0,0.25,0.7037037037037037,0.7037037037037037,True,906,0.2631578947368421,0.41315789473684206,0.4451754385964913,True,True,True
PHI,UTA,0.3683376583046255,1.26,4.0,PHI,2026-03-04,0.0,,0.2755102040816326,,0.33163265306122447,0.33163265306122447,0.33163265306122447,0.35,PHI,2026-03-04,0.3683376583046255,1.26,4.0,1.0,0.75,0.4,0.4,True,906,0.7936507936507936,0.2755102040816326,-0.518140589569161,True,False,True
BOS,CHO,0.6232783505815462,1.41,3.0,CHO,2026-03-04,0.0,,0.6285714285714286,,0.6092857142857143,0.6092857142857143,0.6092857142857143,0.6092857142857143,CHO,2026-03-04,0.6232783505815462,1.41,3.0,0.0,0.73,0.6428571428571429,0.6428571428571429,True,906,0.7092198581560284,0.6285714285714286,-0.08064842958459983,False,False,False
MIL,ATL,0.3789007454788233,1.85,1.98,ATL,2026-03-04,1.0,,0.43902439024390244,,0.4481707317073171,0.4481707317073171,0.4481707317073171,0.4481707317073171,ATL,2026-03-04,0.3789007454788233,1.85,1.98,0.0,0.55,0.4318181818181818,0.4318181818181818,True,906,0.5405405405405405,0.43902439024390244,-0.10151615029663802,False,False,False
LAC,IND,0.6383420620856135,1.15,5.7,LAC,2026-03-04,1.0,,0.6285714285714286,,0.5964285714285714,0.5964285714285714,0.5964285714285714,0.5964285714285714,LAC,2026-03-04,0.6383420620856135,1.15,5.7,1.0,0.6,0.6428571428571429,0.6428571428571429,True,906,0.8695652173913044,0.6285714285714286,-0.24099378881987588,True,False,True
MIA,BRK,0.7321082093378113,1.14,6.0,MIA,2026-03-03,1.0,,0.7313432835820896,,0.6966417910447761,0.6966417910447761,0.6966417910447761,0.6966417910447761,MIA,2026-03-03,0.7321082093378113,1.14,6.0,1.0,0.67,0.7532467532467533,0.7532467532467533,True,906,0.8771929824561404,0.7313432835820896,-0.14584969887405086,False,False,False
TOR,NYK,0.4837485140045267,2.2,1.7,NYK,2026-03-03,1.0,,0.4602272727272727,,0.4661931818181818,0.4661931818181818,0.4661931818181818,0.4661931818181818,NYK,2026-03-03,0.4837485140045267,2.2,1.7,0.0,0.4,0.45652173913043476,0.45652173913043476,True,906,0.45454545454545453,0.4602272727272727,0.005681818181818177,False,False,False
MIN,MEM,0.5089123038069604,1.12,6.5,MIN,2026-03-03,1.0,,0.49,,0.4925,0.4925,0.4925,0.4925,MIN,2026-03-03,0.5089123038069604,1.12,6.5,1.0,0.64,0.5,0.5,True,906,0.8928571428571428,0.49,-0.4028571428571428,True,False,True
PHI,SAS,0.5292905743812862,3.45,1.33,SAS,2026-03-03,0.0,,0.49494949494949486,,0.4548913043478261,0.4548913043478261,0.4548913043478261,0.4548913043478261,SAS,2026-03-03,0.5292905743812862,3.45,1.33,0.0,0.75,0.5,0.5,True,906,0.2898550724637681,0.4398550724637681,0.20509442248572674,True,False,True
CHI,OKC,0.3525368823649131,4.3,1.24,OKC,2026-03-03,1.0,,0.28421052631578947,,0.31657894736842107,0.31657894736842107,0.31657894736842107,0.35,OKC,2026-03-03,0.3525368823649131,4.3,1.24,0.0,0.2,0.2857142857142857,0.2857142857142857,True,906,0.23255813953488372,0.28421052631578947,0.05165238678090575,False,False,False
CLE,DET,0.616511490813082,2.2,1.7,CLE,2026-03-03,1.0,,0.6231884057971014,,0.6047101449275363,0.6047101449275363,0.6047101449275363,0.6047101449275363,CLE,2026-03-03,0.616511490813082,2.2,1.7,1.0,0.88,0.6428571428571429,0.6428571428571429,True,906,0.45454545454545453,0.6231884057971014,0.1686429512516469,False,False,False
ORL,WAS,0.617020457574671,1.08,8.5,ORL,2026-03-03,1.0,,0.6231884057971014,,0.592391304347826,0.592391304347826,0.592391304347826,0.592391304347826,ORL,2026-03-03,0.617020457574671,1.08,8.5,1.0,0.67,0.6428571428571429,0.6428571428571429,True,906,0.9259259259259258,0.6231884057971014,-0.3027375201288244,True,False,True
LAL,NOP,0.5623969931464435,1.29,3.75,LAL,2026-03-03,1.0,,0.5227272727272727,,0.5170454545454546,0.5170454545454546,0.5170454545454546,0.5170454545454546,LAL,2026-03-03,0.5623969931464435,1.29,3.75,1.0,0.71,0.5172413793103449,0.5172413793103449,True,906,0.7751937984496123,0.5227272727272727,-0.25246652572233963,True,False,True
CHO,DAL,0.800873276015092,1.14,6.0,CHO,2026-03-03,1.0,,0.8333333333333334,,0.7833333333333334,0.7833333333333334,0.7833333333333334,0.7833333333333334,CHO,2026-03-03,0.800873276015092,1.14,6.0,1.0,0.7,0.8571428571428571,0.8571428571428571,True,906,0.8771929824561404,0.8333333333333334,-0.04385964912280704,False,False,False
UTA,DEN,0.5103973214818337,5.1,1.18,DEN,2026-03-02,0.0,,0.4948453608247423,,0.38455882352941173,0.38455882352941173,0.38455882352941173,0.38455882352941173,DEN,2026-03-02,0.5103973214818337,5.1,1.18,0.0,0.2,0.5,0.5,True,906,0.19607843137254904,0.346078431372549,0.29876692945219324,True,False,True
WAS,HOU,0.3471952593992446,8.0,1.09,HOU,2026-03-02,1.0,,0.28421052631578947,,0.31657894736842107,0.31657894736842107,0.31657894736842107,0.35,HOU,2026-03-02,0.3471952593992446,8.0,1.09,0.0,0.36,0.2857142857142857,0.2857142857142857,True,906,0.125,0.28421052631578947,0.15921052631578947,False,False,False
GSW,LAC,0.3467543826034608,1.98,1.85,LAC,2026-03-02,1.0,,0.28421052631578947,,0.3381578947368421,0.3381578947368421,0.3381578947368421,0.35,LAC,2026-03-02,0.3467543826034608,1.98,1.85,0.0,0.3,0.2857142857142857,0.2857142857142857,True,906,0.5050505050505051,0.28421052631578947,-0.22083997873471561,True,False,True
MIL,BOS,0.4122839742995453,3.5,1.32,BOS,2026-03-02,1.0,,0.46285714285714286,,0.4684285714285714,0.4684285714285714,0.4684285714285714,0.4684285714285714,BOS,2026-03-02,0.4122839742995453,3.5,1.32,0.0,0.55,0.45652173913043476,0.45652173913043476,True,906,0.2857142857142857,0.46285714285714286,0.17714285714285716,False,False,False
NYK,SAS,0.6443027972556149,1.98,1.85,NYK,2026-03-01,1.0,,0.6204379562043796,,0.6023722627737227,0.6023722627737227,0.6023722627737227,0.6023722627737227,NYK,2026-03-01,0.6443027972556149,1.98,1.85,1.0,0.71,0.6428571428571429,0.6428571428571429,True,906,0.5050505050505051,0.6204379562043796,0.1153874511538745,False,False,False
IND,MEM,0.2751956025170305,1.85,1.98,MEM,2026-03-01,1.0,,0.29213483146067415,,0.3441011235955056,0.3441011235955056,0.3441011235955056,0.35,MEM,2026-03-01,0.2751956025170305,1.85,1.98,0.0,0.25,0.2857142857142857,0.2857142857142857,True,906,0.5405405405405405,0.29213483146067415,-0.2484057090798663,True,False,True
ORL,DET,0.5723095105689341,2.7,1.49,DET,2026-03-01,0.0,,0.5581395348837209,,0.5494186046511628,0.5494186046511628,0.5494186046511628,0.5494186046511628,DET,2026-03-01,0.5723095105689341,2.7,1.49,0.0,0.67,0.5454545454545454,0.5454545454545454,True,906,0.37037037037037035,0.5581395348837209,0.18776916451335057,False,False,False
BOS,PHI,0.7392681811050373,1.28,3.85,BOS,2026-03-01,1.0,,0.7272727272727273,,0.6931818181818182,0.6931818181818182,0.6931818181818182,0.6931818181818182,BOS,2026-03-01,0.7392681811050373,1.28,3.85,1.0,0.73,0.7532467532467533,0.7532467532467533,True,906,0.78125,0.7272727272727273,-0.05397727272727271,False,False,False
CHI,MIL,0.404963949956704,2.3,1.65,CHI,2026-03-01,0.0,,0.45977011494252873,,0.4658045977011494,0.4658045977011494,0.4658045977011494,0.4658045977011494,CHI,2026-03-01,0.404963949956704,2.3,1.65,1.0,0.2,0.45652173913043476,0.45652173913043476,True,906,0.4347826086956522,0.45977011494252873,0.024987506246876512,False,False,False
DEN,MIN,0.6634374149122526,1.65,2.3,MIN,2026-03-01,0.0,,0.6976744186046511,,0.6680232558139534,0.6680232558139534,0.6680232558139534,0.6680232558139534,MIN,2026-03-01,0.6634374149122526,1.65,2.3,0.0,0.55,0.6868686868686869,0.6868686868686869,True,906,0.6060606060606061,0.6976744186046511,0.09161381254404499,False,False,False
LAL,SAC,0.5319302629081952,1.14,6.0,LAL,2026-03-01,1.0,,0.4948453608247423,,0.4961340206185567,0.4961340206185567,0.4961340206185567,0.4961340206185567,LAL,2026-03-01,0.5319302629081952,1.14,6.0,1.0,0.71,0.5,0.5,True,906,0.8771929824561404,0.4948453608247423,-0.3823476216313981,True,False,True
BRK,CLE,0.3709503739254445,5.4,1.17,CLE,2026-03-01,1.0,,0.3333333333333333,,0.3583333333333333,0.3583333333333333,0.3583333333333333,0.3583333333333333,CLE,2026-03-01,0.3709503739254445,5.4,1.17,0.0,0.33,0.4,0.4,True,906,0.18518518518518517,0.3333333333333333,0.14814814814814814,False,False,False
DAL,OKC,0.3360984996824493,7.75,1.1,OKC,2026-03-01,1.0,,0.29213483146067415,,0.32331460674157303,0.32331460674157303,0.32331460674157303,0.35,OKC,2026-03-01,0.3360984996824493,7.75,1.1,0.0,0.0,0.2857142857142857,0.2857142857142857,True,906,0.12903225806451613,0.29213483146067415,0.16310257339615802,False,False,False
LAC,NOP,0.5074920873060754,1.28,3.85,LAC,2026-03-01,1.0,,0.49473684210526314,,0.49605263157894736,0.49605263157894736,0.49605263157894736,0.49605263157894736,LAC,2026-03-01,0.5074920873060754,1.28,3.85,1.0,0.6,0.5,0.5,True,906,0.78125,0.49473684210526314,-0.28651315789473686,True,False,True
ATL,POR,0.6147674767849569,1.51,2.64,ATL,2026-03-01,1.0,,0.6119402985074627,,0.5951492537313433,0.5951492537313433,0.5951492537313433,0.5951492537313433,ATL,2026-03-01,0.6147674767849569,1.51,2.64,1.0,0.69,0.6428571428571429,0.6428571428571429,True,906,0.6622516556291391,0.6119402985074627,-0.05031135712167645,False,False,False
CHO,POR,0.6696669706966593,1.34,3.4,CHO,2026-02-28,1.0,,0.7023809523809523,,0.6720238095238095,0.6720238095238095,0.6720238095238095,0.6720238095238095,CHO,2026-02-28,0.6696669706966593,1.34,3.4,1.0,0.7,0.6868686868686869,0.6868686868686869,True,906,0.7462686567164178,0.7023809523809523,-0.043887704335465516,False,False,False
MIA,HOU,0.6298207680718357,2.14,1.74,MIA,2026-02-28,1.0,,0.6119402985074627,,0.5951492537313433,0.5951492537313433,0.5951492537313433,0.5951492537313433,MIA,2026-02-28,0.6298207680718357,2.14,1.74,1.0,0.67,0.6428571428571429,0.6428571428571429,True,906,0.4672897196261682,0.6119402985074627,0.14465057888129446,False,False,False
WAS,TOR,0.3443741394320227,6.75,1.12,TOR,2026-02-28,1.0,,0.29545454545454547,,0.32613636363636367,0.32613636363636367,0.32613636363636367,0.35,TOR,2026-02-28,0.3443741394320227,6.75,1.12,0.0,0.36,0.2857142857142857,0.2857142857142857,True,906,0.14814814814814814,0.29545454545454547,0.14730639730639733,False,False,False
GSW,LAL,0.5388675783530031,2.45,1.57,LAL,2026-02-28,0.0,,0.49473684210526314,,0.49552631578947365,0.49552631578947365,0.49552631578947365,0.49552631578947365,LAL,2026-02-28,0.5388675783530031,2.45,1.57,0.0,0.3,0.5,0.5,True,906,0.4081632653061224,0.49473684210526314,0.08657357679914074,False,False,False
UTA,NOP,0.4768216392823853,3.1,1.39,NOP,2026-02-28,1.0,,0.46511627906976744,,0.4703488372093023,0.4703488372093023,0.4703488372093023,0.4703488372093023,NOP,2026-02-28,0.4768216392823853,3.1,1.39,0.0,0.2,0.45652173913043476,0.45652173913043476,True,906,0.3225806451612903,0.46511627906976744,0.14253563390847712,False,False,False
OKC,DEN,0.5994924218801619,1.32,3.5,OKC,2026-02-27,1.0,,0.6119402985074627,,0.5951492537313433,0.5951492537313433,0.5951492537313433,0.5951492537313433,OKC,2026-02-27,0.5994924218801619,1.32,3.5,1.0,0.73,0.6428571428571429,0.6428571428571429,True,906,0.7575757575757576,0.6119402985074627,-0.1456354590682949,False,False,False
DAL,MEM,0.4424808040014081,1.51,2.64,MEM,2026-02-27,1.0,,0.46511627906976744,,0.4703488372093023,0.4703488372093023,0.4703488372093023,0.4703488372093023,MEM,2026-02-27,0.4424808040014081,1.51,2.64,0.0,0.0,0.45652173913043476,0.45652173913043476,True,906,0.6622516556291391,0.46511627906976744,-0.1971353765593717,False,False,False
MIL,NYK,0.6562613011241536,3.6,1.31,NYK,2026-02-27,0.0,,0.7023809523809523,,0.44583333333333336,0.44583333333333336,0.44583333333333336,0.44583333333333336,NYK,2026-02-27,0.6562613011241536,3.6,1.31,0.0,0.55,0.6868686868686869,0.6868686868686869,True,906,0.2777777777777778,0.4277777777777778,0.42460317460317454,True,True,True
DET,CLE,0.6996142871747931,1.41,3.0,DET,2026-02-27,1.0,,0.7022900763358778,,0.6719465648854961,0.6719465648854961,0.6719465648854961,0.6719465648854961,DET,2026-02-27,0.6996142871747931,1.41,3.0,1.0,0.7,0.7037037037037037,0.7037037037037037,True,906,0.7092198581560284,0.7022900763358778,-0.006929781820150582,False,False,False
BOS,BRK,0.648923862295658,1.07,9.5,BOS,2026-02-27,1.0,,0.6090225563909775,,0.5817669172932332,0.5817669172932332,0.5817669172932332,0.5817669172932332,BOS,2026-02-27,0.648923862295658,1.07,9.5,1.0,0.73,0.6428571428571429,0.6428571428571429,True,906,0.9345794392523364,0.6090225563909775,-0.325556882861359,True,False,True
UTA,NOP,0.4744028601328439,2.6,1.52,NOP,2026-02-26,1.0,,0.4789915966386555,,0.48214285714285715,0.48214285714285715,0.48214285714285715,0.48214285714285715,NOP,2026-02-26,0.4744028601328439,2.6,1.52,0.0,0.2,0.45652173913043476,0.45652173913043476,True,906,0.3846153846153846,0.4789915966386555,0.0943762120232709,False,False,False
BRK,SAS,0.3971685740349428,5.9,1.15,SAS,2026-02-26,1.0,,0.45,,0.36461864406779665,0.36461864406779665,0.36461864406779665,0.36461864406779665,SAS,2026-02-26,0.3971685740349428,5.9,1.15,0.0,0.33,0.4318181818181818,0.4318181818181818,True,906,0.1694915254237288,0.31949152542372883,0.2805084745762712,True,False,True
LAC,MIN,0.5754480865139868,2.8,1.46,MIN,2026-02-26,0.0,,0.5538461538461539,,0.5457692307692308,0.5457692307692308,0.5457692307692308,0.5457692307692308,MIN,2026-02-26,0.5754480865139868,2.8,1.46,0.0,0.6,0.5454545454545454,0.5454545454545454,True,906,0.35714285714285715,0.5538461538461539,0.19670329670329673,False,False,False
IND,CHO,0.3345832966953802,6.5,1.12,CHO,2026-02-26,1.0,,0.3023255813953488,,0.3319767441860465,0.3319767441860465,0.3319767441860465,0.35,CHO,2026-02-26,0.3345832966953802,6.5,1.12,0.0,0.25,0.2857142857142857,0.2857142857142857,True,906,0.15384615384615385,0.3023255813953488,0.14847942754919496,False,False,False
CHI,POR,0.3053751505318968,2.5,1.56,POR,2026-02-26,1.0,,0.3023255813953488,,0.3319767441860465,0.3319767441860465,0.3319767441860465,0.35,POR,2026-02-26,0.3053751505318968,2.5,1.56,0.0,0.2,0.2857142857142857,0.2857142857142857,True,906,0.4,0.3023255813953488,-0.0976744186046512,False,False,False
ORL,HOU,0.4920255121280372,2.24,1.68,HOU,2026-02-26,1.0,,0.4714285714285714,,0.4757142857142857,0.4757142857142857,0.4757142857142857,0.4757142857142857,HOU,2026-02-26,0.4920255121280372,2.24,1.68,0.0,0.67,0.45652173913043476,0.45652173913043476,True,906,0.4464285714285714,0.4714285714285714,0.025000000000000022,False,False,False
ATL,WAS,0.5838203275887801,1.18,5.1,ATL,2026-02-26,1.0,,0.5538461538461539,,0.5403846153846155,0.5403846153846155,0.5403846153846155,0.5403846153846155,ATL,2026-02-26,0.5838203275887801,1.18,5.1,1.0,0.69,0.5454545454545454,0.5454545454545454,True,906,0.8474576271186441,0.5538461538461539,-0.29361147327249026,True,False,True
DAL,SAC,0.4677793711981593,1.37,3.2,SAC,2026-02-26,1.0,,0.4714285714285714,,0.47857142857142854,0.47857142857142854,0.47857142857142854,0.47857142857142854,SAC,2026-02-26,0.4677793711981593,1.37,3.2,0.0,0.0,0.45652173913043476,0.45652173913043476,True,906,0.7299270072992701,0.4714285714285714,-0.25849843587069865,True,False,True
PHI,MIA,0.586889061119219,1.68,2.24,PHI,2026-02-26,1.0,,0.5538461538461539,,0.5457692307692308,0.5457692307692308,0.5457692307692308,0.5457692307692308,PHI,2026-02-26,0.586889061119219,1.68,2.24,1.0,0.75,0.5925925925925926,0.5925925925925926,True,906,0.5952380952380952,0.5538461538461539,-0.041391941391941356,False,False,False
DEN,BOS,0.5250752204130746,1.62,2.36,DEN,2026-02-25,1.0,,0.48351648351648346,,0.48598901098901093,0.48598901098901093,0.48598901098901093,0.48598901098901093,DEN,2026-02-25,0.5250752204130746,1.62,2.36,1.0,0.55,0.5,0.5,True,906,0.6172839506172839,0.48351648351648346,-0.13376746710080045,False,False,False
DET,OKC,0.7129068768660551,1.32,3.5,DET,2026-02-25,1.0,,0.7230769230769231,,0.6896153846153846,0.6896153846153846,0.6896153846153846,0.6896153846153846,DET,2026-02-25,0.7129068768660551,1.32,3.5,1.0,0.7,0.7532467532467533,0.7532467532467533,True,906,0.7575757575757576,0.7230769230769231,-0.03449883449883451,False,False,False
MEM,GSW,0.5166405624919109,2.42,1.59,GSW,2026-02-25,0.0,,0.48351648351648346,,0.48598901098901093,0.48598901098901093,0.48598901098901093,0.48598901098901093,GSW,2026-02-25,0.5166405624919109,2.42,1.59,0.0,0.25,0.5,0.5,True,906,0.4132231404958678,0.48351648351648346,0.07029334302061568,False,False,False
HOU,SAC,0.5625627291492247,1.11,7.25,HOU,2026-02-25,1.0,,0.5116279069767442,,0.5087209302325582,0.5087209302325582,0.5087209302325582,0.5087209302325582,HOU,2026-02-25,0.5625627291492247,1.11,7.25,1.0,0.55,0.5172413793103449,0.5172413793103449,True,906,0.9009009009009008,0.5116279069767442,-0.3892729939241566,True,False,True
MIL,CLE,0.5795613011016842,3.7,1.29,MIL,2026-02-25,1.0,,0.546875,,0.4402027027027027,0.4402027027027027,0.4402027027027027,0.4402027027027027,MIL,2026-02-25,0.5795613011016842,3.7,1.29,1.0,0.55,0.5454545454545454,0.5454545454545454,True,906,0.27027027027027023,0.4202702702702702,0.27660472972972977,True,False,True
TOR,SAS,0.4979816908727596,3.5,1.32,SAS,2026-02-25,1.0,,0.4789915966386555,,0.48214285714285715,0.48214285714285715,0.48214285714285715,0.48214285714285715,SAS,2026-02-25,0.4979816908727596,3.5,1.32,0.0,0.4,0.45652173913043476,0.45652173913043476,True,906,0.2857142857142857,0.4789915966386555,0.19327731092436978,False,False,False
CHI,CHO,0.2458631967211901,3.7,1.29,CHO,2026-02-24,1.0,,0.3132530120481928,,0.34126506024096387,0.34126506024096387,0.34126506024096387,0.35,CHO,2026-02-24,0.2458631967211901,3.7,1.29,0.0,0.2,0.2857142857142857,0.2857142857142857,True,906,0.27027027027027023,0.3132530120481928,0.04298274177792255,False,False,False
TOR,OKC,0.5853295095097145,1.85,1.98,OKC,2026-02-24,0.0,,0.5555555555555556,,0.5472222222222223,0.5472222222222223,0.5472222222222223,0.5472222222222223,OKC,2026-02-24,0.5853295095097145,1.85,1.98,0.0,0.4,0.5454545454545454,0.5454545454545454,True,906,0.5405405405405405,0.5555555555555556,0.01501501501501512,False,False,False
LAL,ORL,0.4567831770827029,1.49,2.7,ORL,2026-02-24,1.0,,0.48058252427184467,,0.483495145631068,0.483495145631068,0.483495145631068,0.483495145631068,ORL,2026-02-24,0.4567831770827029,1.49,2.7,0.0,0.71,0.45652173913043476,0.45652173913043476,True,906,0.6711409395973155,0.48058252427184467,-0.1905584153254708,False,False,False
POR,MIN,0.8471980325251627,3.15,1.38,MIN,2026-02-24,0.0,,1.0,,0.47559523809523807,0.47559523809523807,0.47559523809523807,0.47559523809523807,MIN,2026-02-24,0.8471980325251627,3.15,1.38,0.0,0.5,0.8571428571428571,0.8571428571428571,True,906,0.31746031746031744,0.46746031746031746,0.6825396825396826,True,True,True
CLE,NYK,0.6255830103103637,1.59,2.42,CLE,2026-02-24,1.0,,0.6060606060606061,,0.5901515151515152,0.5901515151515152,0.5901515151515152,0.5901515151515152,CLE,2026-02-24,0.6255830103103637,1.59,2.42,1.0,0.88,0.6428571428571429,0.6428571428571429,True,906,0.6289308176100629,0.6060606060606061,-0.022870211549456787,False,False,False
MIL,MIA,0.5384495920959573,3.05,1.4,MIL,2026-02-24,1.0,,0.48351648351648346,,0.48598901098901093,0.48598901098901093,0.48598901098901093,0.48598901098901093,MIL,2026-02-24,0.5384495920959573,3.05,1.4,1.0,0.55,0.5,0.5,True,906,0.3278688524590164,0.48351648351648346,0.15564763105746704,False,False,False
IND,PHI,0.359178375967842,4.5,1.22,PHI,2026-02-24,1.0,,0.3132530120481928,,0.34126506024096387,0.34126506024096387,0.34126506024096387,0.35,PHI,2026-02-24,0.359178375967842,4.5,1.22,0.0,0.25,0.2857142857142857,0.2857142857142857,True,906,0.2222222222222222,0.3132530120481928,0.09103078982597057,False,False,False
NOP,GSW,0.5096908040870157,2.05,1.8,NOP,2026-02-24,1.0,,0.48058252427184467,,0.483495145631068,0.483495145631068,0.483495145631068,0.483495145631068,NOP,2026-02-24,0.5096908040870157,2.05,1.8,1.0,0.75,0.5,0.5,True,906,0.48780487804878053,0.48058252427184467,-0.007222353776935864,False,False,False
BRK,DAL,0.3057210432162362,2.1,1.77,DAL,2026-02-24,1.0,,0.3058823529411765,,0.335,0.335,0.335,0.35,DAL,2026-02-24,0.3057210432162362,2.1,1.77,0.0,0.33,0.2857142857142857,0.2857142857142857,True,906,0.47619047619047616,0.3058823529411765,-0.17030812324929967,False,False,False
ATL,WAS,0.5139355958114352,1.13,6.25,ATL,2026-02-24,1.0,,0.48351648351648346,,0.48763736263736257,0.48763736263736257,0.48763736263736257,0.48763736263736257,ATL,2026-02-24,0.5139355958114352,1.13,6.25,1.0,0.69,0.5,0.5,True,906,0.8849557522123894,0.48351648351648346,-0.40143926869590596,True,False,True
MEM,SAC,0.4694291551033966,1.65,2.3,SAC,2026-02-23,1.0,,0.48058252427184467,,0.483495145631068,0.483495145631068,0.483495145631068,0.483495145631068,SAC,2026-02-23,0.4694291551033966,1.65,2.3,0.0,0.25,0.45652173913043476,0.45652173913043476,True,906,0.6060606060606061,0.48058252427184467,-0.1254780817887614,False,False,False
HOU,UTA,0.5076411241491217,1.12,6.75,HOU,2026-02-23,1.0,,0.48058252427184467,,0.4854368932038835,0.4854368932038835,0.4854368932038835,0.4854368932038835,HOU,2026-02-23,0.5076411241491217,1.12,6.75,1.0,0.55,0.5,0.5,True,906,0.8928571428571428,0.48058252427184467,-0.4122746185852981,True,False,True
DET,SAS,0.6899708977405632,1.85,1.98,SAS,2026-02-23,0.0,,0.717391304347826,,0.6847826086956521,0.6847826086956521,0.6847826086956521,0.6847826086956521,SAS,2026-02-23,0.6899708977405632,1.85,1.98,0.0,0.7,0.7037037037037037,0.7037037037037037,True,906,0.5405405405405405,0.717391304347826,0.1768507638072856,False,False,False
MIN,PHI,0.6489293703123746,1.28,3.8,PHI,2026-02-22,0.0,,0.6153846153846154,,0.5980769230769231,0.5980769230769231,0.5980769230769231,0.5980769230769231,PHI,2026-02-22,0.6489293703123746,1.28,3.8,0.0,0.64,0.6428571428571429,0.6428571428571429,True,906,0.78125,0.6153846153846154,-0.16586538461538458,False,False,False
GSW,DEN,0.4879388065053645,3.0,1.41,GSW,2026-02-22,0.0,,0.4801980198019802,,0.48316831683168315,0.48316831683168315,0.48316831683168315,0.48316831683168315,GSW,2026-02-22,0.4879388065053645,3.0,1.41,1.0,0.3,0.45652173913043476,0.45652173913043476,True,906,0.3333333333333333,0.4801980198019802,0.14686468646864687,False,False,False
LAC,ORL,0.5273605292456641,1.74,2.14,ORL,2026-02-22,0.0,,0.4801980198019802,,0.48316831683168315,0.48316831683168315,0.48316831683168315,0.48316831683168315,ORL,2026-02-22,0.5273605292456641,1.74,2.14,0.0,0.6,0.5,0.5,True,906,0.5747126436781609,0.4801980198019802,-0.0945146238761807,False,False,False
MIL,TOR,0.6195942210312163,2.3,1.65,TOR,2026-02-22,0.0,,0.6153846153846154,,0.5635869565217392,0.5635869565217392,0.5635869565217392,0.5635869565217392,TOR,2026-02-22,0.6195942210312163,2.3,1.65,0.0,0.55,0.6428571428571429,0.6428571428571429,True,906,0.4347826086956522,0.5847826086956522,0.1806020066889632,True,True,True
WAS,CHO,0.3552751316353956,5.4,1.17,CHO,2026-02-22,1.0,,0.32098765432098764,,0.3478395061728395,0.3478395061728395,0.3478395061728395,0.35,CHO,2026-02-22,0.3552751316353956,5.4,1.17,0.0,0.36,0.2857142857142857,0.2857142857142857,True,906,0.18518518518518517,0.32098765432098764,0.13580246913580246,False,False,False
CHI,NYK,0.3346996384942836,4.6,1.21,NYK,2026-02-22,1.0,,0.32098765432098764,,0.3478395061728395,0.3478395061728395,0.3478395061728395,0.35,NYK,2026-02-22,0.3346996384942836,4.6,1.21,0.0,0.2,0.2857142857142857,0.2857142857142857,True,906,0.2173913043478261,0.32098765432098764,0.10359634997316153,False,False,False
IND,DAL,0.559111866138641,2.1,1.77,DAL,2026-02-22,0.0,,0.5238095238095238,,0.5202380952380953,0.5202380952380953,0.5202380952380953,0.5202380952380953,DAL,2026-02-22,0.559111866138641,2.1,1.77,0.0,0.25,0.5172413793103449,0.5172413793103449,True,906,0.47619047619047616,0.5238095238095238,0.04761904761904767,False,False,False
ATL,BRK,0.5258294423123733,1.24,4.2,ATL,2026-02-22,1.0,,0.4801980198019802,,0.48514851485148514,0.48514851485148514,0.48514851485148514,0.48514851485148514,ATL,2026-02-22,0.5258294423123733,1.24,4.2,1.0,0.69,0.5,0.5,True,906,0.8064516129032259,0.4801980198019802,-0.3262535931012457,True,False,True
LAL,BOS,0.5448452545376012,2.1,1.77,BOS,2026-02-22,0.0,,0.4801980198019802,,0.48316831683168315,0.48316831683168315,0.48316831683168315,0.48316831683168315,BOS,2026-02-22,0.5448452545376012,2.1,1.77,0.0,0.71,0.5,0.5,True,906,0.47619047619047616,0.4801980198019802,0.004007543611504016,False,False,False
OKC,CLE,0.6679435749941155,2.54,1.54,OKC,2026-02-22,1.0,,0.6987951807228917,,0.5327755905511811,0.5327755905511811,0.5327755905511811,0.5327755905511811,OKC,2026-02-22,0.6679435749941155,2.54,1.54,1.0,0.73,0.6868686868686869,0.6868686868686869,True,906,0.39370078740157477,0.5437007874015748,0.30509439332131694,True,True,True
CHI,DET,0.2859347771660154,5.1,1.18,DET,2026-02-21,1.0,,0.31645569620253167,,0.34398734177215196,0.34398734177215196,0.34398734177215196,0.35,DET,2026-02-21,0.2859347771660154,5.1,1.18,0.0,0.2,0.2857142857142857,0.2857142857142857,True,906,0.19607843137254904,0.31645569620253167,0.12037726482998262,False,False,False
NOP,PHI,0.6485114080076048,2.36,1.62,NOP,2026-02-21,1.0,,0.6124031007751938,,0.5552966101694915,0.5552966101694915,0.5552966101694915,0.5552966101694915,NOP,2026-02-21,0.6485114080076048,2.36,1.62,1.0,0.75,0.6428571428571429,0.6428571428571429,True,906,0.42372881355932207,0.573728813559322,0.1886742872158717,True,True,True
MIA,MEM,0.6771672432085379,1.21,4.7,MIA,2026-02-21,1.0,,0.6951219512195121,,0.6658536585365853,0.6658536585365853,0.6658536585365853,0.6658536585365853,MIA,2026-02-21,0.6771672432085379,1.21,4.7,1.0,0.67,0.6868686868686869,0.6868686868686869,True,906,0.8264462809917356,0.6951219512195121,-0.1313243297722234,False,False,False
SAS,SAC,0.7456485033930075,1.06,11.0,SAS,2026-02-21,1.0,,0.7155963302752294,,0.661697247706422,0.661697247706422,0.661697247706422,0.661697247706422,SAS,2026-02-21,0.7456485033930075,1.06,11.0,1.0,0.8,0.7532467532467533,0.7532467532467533,True,906,0.9433962264150942,0.7155963302752294,-0.22779989613986484,True,False,True
NYK,HOU,0.7290922918988072,1.62,2.36,NYK,2026-02-21,1.0,,0.7155963302752294,,0.683256880733945,0.683256880733945,0.683256880733945,0.683256880733945,NYK,2026-02-21,0.7290922918988072,1.62,2.36,1.0,0.71,0.7532467532467533,0.7532467532467533,True,906,0.6172839506172839,0.7155963302752294,0.09831237965794548,False,False,False
OKC,BRK,0.6614586355724591,1.06,10.0,OKC,2026-02-20,1.0,,0.7000000000000001,,0.65,0.65,0.65,0.65,OKC,2026-02-20,0.6614586355724591,1.06,10.0,1.0,0.73,0.6868686868686869,0.6868686868686869,True,906,0.9433962264150942,0.7000000000000001,-0.24339622641509417,True,False,True
LAL,LAC,0.5167006246892566,1.34,3.4,LAL,2026-02-20,1.0,,0.47738693467336685,,0.48304020100502515,0.48304020100502515,0.48304020100502515,0.48304020100502515,LAL,2026-02-20,0.5167006246892566,1.34,3.4,1.0,0.71,0.5,0.5,True,906,0.7462686567164178,0.47738693467336685,-0.268881722043051,True,False,True
ATL,MIA,0.499905986653631,2.4,1.6,MIA,2026-02-20,1.0,,0.47738693467336685,,0.48077889447236183,0.48077889447236183,0.48077889447236183,0.48077889447236183,MIA,2026-02-20,0.499905986653631,2.4,1.6,0.0,0.69,0.45652173913043476,0.45652173913043476,True,906,0.4166666666666667,0.47738693467336685,0.06072026800670016,False,False,False
MIN,DAL,0.7041472533347187,1.14,6.0,MIN,2026-02-20,1.0,,0.7102803738317757,,0.6787383177570093,0.6787383177570093,0.6787383177570093,0.6787383177570093,MIN,2026-02-20,0.7041472533347187,1.14,6.0,1.0,0.64,0.7037037037037037,0.7037037037037037,True,906,0.8771929824561404,0.7102803738317757,-0.16691260862436474,False,False,False
WAS,IND,0.3245001124409135,1.89,1.93,WAS,2026-02-20,0.0,,0.31645569620253167,,0.3623417721518988,0.3623417721518988,0.3623417721518988,0.3623417721518988,WAS,2026-02-20,0.3245001124409135,1.89,1.93,1.0,0.36,0.2857142857142857,0.2857142857142857,True,906,0.5291005291005292,0.31645569620253167,-0.21264483289799752,True,False,True
POR,DEN,0.3918619073056736,2.02,1.82,DEN,2026-02-20,1.0,,0.4528301886792453,,0.45990566037735847,0.45990566037735847,0.45990566037735847,0.45990566037735847,DEN,2026-02-20,0.3918619073056736,2.02,1.82,0.0,0.5,0.4318181818181818,0.4318181818181818,True,906,0.49504950495049505,0.4528301886792453,-0.04221931627124975,False,False,False
MEM,UTA,0.4027672444794524,1.77,2.1,MEM,2026-02-20,0.0,,0.4528301886792453,,0.45990566037735847,0.45990566037735847,0.45990566037735847,0.45990566037735847,MEM,2026-02-20,0.4027672444794524,1.77,2.1,1.0,0.25,0.45652173913043476,0.45652173913043476,True,906,0.5649717514124294,0.4528301886792453,-0.1121415627331841,False,False,False
CHO,CLE,0.5922386099019221,2.85,1.44,CLE,2026-02-20,0.0,,0.5652173913043478,,0.5006578947368421,0.5006578947368421,0.5006578947368421,0.5006578947368421,CLE,2026-02-20,0.5922386099019221,2.85,1.44,0.0,0.7,0.5925925925925926,0.5925925925925926,True,906,0.3508771929824561,0.5008771929824561,0.21434019832189166,True,False,True
NOP,MIL,0.5506176402941556,1.57,2.45,MIL,2026-02-20,0.0,,0.5365853658536586,,0.5310975609756098,0.5310975609756098,0.5310975609756098,0.5310975609756098,MIL,2026-02-20,0.5506176402941556,1.57,2.45,0.0,0.75,0.5172413793103449,0.5172413793103449,True,906,0.6369426751592356,0.5365853658536586,-0.10035730930557707,False,False,False
OKC,MIL,0.6602974111423876,1.14,6.0,MIL,2026-02-12,0.0,,0.7000000000000001,,0.67,0.67,0.67,0.67,MIL,2026-02-12,0.6602974111423876,1.14,6.0,0.0,0.73,0.6868686868686869,0.6868686868686869,True,906,0.8771929824561404,0.7000000000000001,-0.17719298245614035,False,False,False
LAL,DAL,0.5397226241663134,1.32,3.5,LAL,2026-02-12,1.0,,0.47738693467336685,,0.48304020100502515,0.48304020100502515,0.48304020100502515,0.48304020100502515,LAL,2026-02-12,0.5397226241663134,1.32,3.5,1.0,0.71,0.5,0.5,True,906,0.7575757575757576,0.47738693467336685,-0.2801888229023907,True,False,True
UTA,POR,0.6218630445180088,3.45,1.33,POR,2026-02-12,0.0,,0.6171875,,0.4548913043478261,0.4548913043478261,0.4548913043478261,0.4548913043478261,POR,2026-02-12,0.6218630445180088,3.45,1.33,0.0,0.2,0.6428571428571429,0.6428571428571429,True,906,0.2898550724637681,0.4398550724637681,0.3273324275362319,True,True,True
HOU,LAC,0.5789956494191703,1.27,3.95,LAC,2026-02-11,0.0,,0.5675675675675675,,0.5506756756756757,0.5506756756756757,0.5506756756756757,0.5506756756756757,LAC,2026-02-11,0.5789956494191703,1.27,3.95,0.0,0.55,0.5454545454545454,0.5454545454545454,True,906,0.7874015748031495,0.5675675675675675,-0.219834007235582,True,False,True
TOR,DET,0.5898781122279736,1.91,1.91,DET,2026-02-11,0.0,,0.6,,0.585,0.585,0.585,0.585,DET,2026-02-11,0.5898781122279736,1.91,1.91,0.0,0.4,0.5925925925925926,0.5925925925925926,True,906,0.5235602094240838,0.6,0.07643979057591621,False,False,False
PHI,NYK,0.6502050659441615,1.74,2.14,NYK,2026-02-11,0.0,,0.626984126984127,,0.6079365079365079,0.6079365079365079,0.6079365079365079,0.6079365079365079,NYK,2026-02-11,0.6502050659441615,1.74,2.14,0.0,0.75,0.6428571428571429,0.6428571428571429,True,906,0.5747126436781609,0.626984126984127,0.05227148330596609,False,False,False
GSW,SAS,0.4973458715337455,3.15,1.38,SAS,2026-02-11,1.0,,0.47715736040609136,,0.48058375634517764,0.48058375634517764,0.48058375634517764,0.48058375634517764,SAS,2026-02-11,0.4973458715337455,3.15,1.38,0.0,0.3,0.45652173913043476,0.45652173913043476,True,906,0.31746031746031744,0.47715736040609136,0.15969704294577391,False,False,False
BRK,IND,0.3602354117267846,1.43,2.9,IND,2026-02-11,1.0,,0.32051282051282054,,0.3653846153846154,0.3653846153846154,0.3653846153846154,0.3653846153846154,IND,2026-02-11,0.3602354117267846,1.43,2.9,0.0,0.33,0.2857142857142857,0.2857142857142857,True,906,0.6993006993006994,0.32051282051282054,-0.37878787878787884,True,False,True
CHO,ATL,0.6973698610287882,1.56,2.5,CHO,2026-02-11,1.0,,0.6991869918699187,,0.6693089430894309,0.6693089430894309,0.6693089430894309,0.6693089430894309,CHO,2026-02-11,0.6973698610287882,1.56,2.5,1.0,0.7,0.7037037037037037,0.7037037037037037,True,906,0.641025641025641,0.6991869918699187,0.05816135084427776,False,False,False
CLE,WAS,0.7386420655838472,1.1,7.5,CLE,2026-02-11,1.0,,0.7102803738317757,,0.6787383177570093,0.6787383177570093,0.6787383177570093,0.6787383177570093,CLE,2026-02-11,0.7386420655838472,1.1,7.5,1.0,0.88,0.7532467532467533,0.7532467532467533,True,906,0.9090909090909091,0.7102803738317757,-0.1988105352591334,False,False,False
UTA,SAC,0.5147388291032408,1.46,2.8,UTA,2026-02-11,1.0,,0.47715736040609136,,0.48286802030456855,0.48286802030456855,0.48286802030456855,0.48286802030456855,UTA,2026-02-11,0.5147388291032408,1.46,2.8,1.0,0.2,0.5,0.5,True,906,0.684931506849315,0.47715736040609136,-0.20777414644322367,True,False,True
ORL,MIL,0.5947849038510592,1.19,5.0,MIL,2026-02-11,0.0,,0.626984126984127,,0.5952380952380952,0.5952380952380952,0.5952380952380952,0.5952380952380952,MIL,2026-02-11,0.5947849038510592,1.19,5.0,0.0,0.67,0.5925925925925926,0.5925925925925926,True,906,0.8403361344537815,0.626984126984127,-0.21335200746965455,True,False,True
BOS,CHI,0.6944311847035524,1.14,6.0,BOS,2026-02-11,1.0,,0.6991869918699187,,0.6693089430894309,0.6693089430894309,0.6693089430894309,0.6693089430894309,BOS,2026-02-11,0.6944311847035524,1.14,6.0,1.0,0.73,0.7037037037037037,0.7037037037037037,True,906,0.8771929824561404,0.6991869918699187,-0.17800599058622169,False,False,False
NOP,MIA,0.6192127129485656,1.82,2.02,MIA,2026-02-11,0.0,,0.626984126984127,,0.6079365079365079,0.6079365079365079,0.6079365079365079,0.6079365079365079,MIA,2026-02-11,0.6192127129485656,1.82,2.02,0.0,0.75,0.6428571428571429,0.6428571428571429,True,906,0.5494505494505494,0.626984126984127,0.07753357753357759,False,False,False
MIN,POR,0.5695726085660121,1.43,2.9,MIN,2026-02-11,1.0,,0.5526315789473685,,0.5447368421052632,0.5447368421052632,0.5447368421052632,0.5447368421052632,MIN,2026-02-11,0.5695726085660121,1.43,2.9,1.0,0.64,0.5454545454545454,0.5454545454545454,True,906,0.6993006993006994,0.5526315789473685,-0.1466691203533309,False,False,False
DEN,MEM,0.6100833380616253,1.15,5.9,DEN,2026-02-11,1.0,,0.626984126984127,,0.5952380952380952,0.5952380952380952,0.5952380952380952,0.5952380952380952,DEN,2026-02-11,0.6100833380616253,1.15,5.9,1.0,0.55,0.6428571428571429,0.6428571428571429,True,906,0.8695652173913044,0.626984126984127,-0.24258109040717746,True,False,True
NYK,IND,0.7604360776879109,1.17,5.4,IND,2026-02-10,0.0,,0.7213114754098361,,0.6881147540983606,0.6881147540983606,0.6881147540983606,0.6881147540983606,IND,2026-02-10,0.7604360776879109,1.17,5.4,0.0,0.71,0.7532467532467533,0.7532467532467533,True,906,0.8547008547008548,0.7213114754098361,-0.13338937929101868,False,False,False
LAL,SAS,0.5940082036537795,3.7,1.29,SAS,2026-02-10,0.0,,0.6349206349206349,,0.4402027027027027,0.4402027027027027,0.4402027027027027,0.4402027027027027,SAS,2026-02-10,0.5940082036537795,3.7,1.29,0.0,0.71,0.5925925925925926,0.5925925925925926,True,906,0.27027027027027023,0.4202702702702702,0.36465036465036466,True,True,True
HOU,LAC,0.4866173277743253,1.34,3.35,HOU,2026-02-10,0.0,,0.4690721649484536,,0.4768041237113402,0.4768041237113402,0.4768041237113402,0.4768041237113402,HOU,2026-02-10,0.4866173277743253,1.34,3.35,1.0,0.55,0.45652173913043476,0.45652173913043476,True,906,0.7462686567164178,0.4690721649484536,-0.27719649176796424,True,False,True
POR,PHI,0.448644980335776,2.3,1.65,POR,2026-02-09,0.0,,0.46551724137931033,,0.4706896551724138,0.4706896551724138,0.4706896551724138,0.4706896551724138,POR,2026-02-09,0.448644980335776,2.3,1.65,1.0,0.5,0.45652173913043476,0.45652173913043476,True,906,0.4347826086956522,0.46551724137931033,0.030734632683658114,False,False,False
CHO,DET,0.6654623966572385,2.24,1.68,DET,2026-02-09,0.0,,0.7088607594936709,,0.5723214285714285,0.5723214285714285,0.5723214285714285,0.5723214285714285,DET,2026-02-09,0.6654623966572385,2.24,1.68,0.0,0.7,0.6868686868686869,0.6868686868686869,True,906,0.4464285714285714,0.5964285714285714,0.2624321880650995,True,False,True
MIN,ATL,0.5950063493387269,1.4,3.05,MIN,2026-02-09,1.0,,0.6312056737588653,,0.6115248226950355,0.6115248226950355,0.6115248226950355,0.6115248226950355,MIN,2026-02-09,0.5950063493387269,1.4,3.05,1.0,0.64,0.6428571428571429,0.6428571428571429,True,906,0.7142857142857143,0.6312056737588653,-0.08308004052684903,False,False,False
ORL,MIL,0.3933342337194163,1.2,4.8,ORL,2026-02-09,0.0,,0.4423076923076923,,0.4567307692307692,0.4567307692307692,0.4567307692307692,0.4567307692307692,ORL,2026-02-09,0.3933342337194163,1.2,4.8,1.0,0.67,0.4318181818181818,0.4318181818181818,True,906,0.8333333333333334,0.4423076923076923,-0.3910256410256411,True,False,True
BRK,CHI,0.4285262607928319,2.45,1.57,BRK,2026-02-09,0.0,,0.45454545454545453,,0.46136363636363636,0.46136363636363636,0.46136363636363636,0.46136363636363636,BRK,2026-02-09,0.4285262607928319,2.45,1.57,1.0,0.33,0.45652173913043476,0.45652173913043476,True,906,0.4081632653061224,0.45454545454545453,0.04638218923933213,False,False,False
DEN,CLE,0.5753255173681295,1.89,1.93,CLE,2026-02-09,0.0,,0.5833333333333334,,0.5708333333333333,0.5708333333333333,0.5708333333333333,0.5708333333333333,CLE,2026-02-09,0.5753255173681295,1.89,1.93,0.0,0.55,0.5454545454545454,0.5454545454545454,True,906,0.5291005291005292,0.5833333333333334,0.05423280423280419,False,False,False
NOP,SAC,0.5205870497597209,1.31,3.6,NOP,2026-02-09,1.0,,0.4690721649484536,,0.4768041237113402,0.4768041237113402,0.4768041237113402,0.4768041237113402,NOP,2026-02-09,0.5205870497597209,1.31,3.6,1.0,0.75,0.5,0.5,True,906,0.7633587786259541,0.4690721649484536,-0.29428661367750053,True,False,True
GSW,MEM,0.4961315605251806,1.25,4.1,GSW,2026-02-09,0.0,,0.4690721649484536,,0.4768041237113402,0.4768041237113402,0.4768041237113402,0.4768041237113402,GSW,2026-02-09,0.4961315605251806,1.25,4.1,1.0,0.3,0.45652173913043476,0.45652173913043476,True,906,0.8,0.4690721649484536,-0.33092783505154644,True,False,True
MIA,UTA,0.7057925457545541,1.35,3.3,UTA,2026-02-09,0.0,,0.7142857142857143,,0.6821428571428572,0.6821428571428572,0.6821428571428572,0.6821428571428572,UTA,2026-02-09,0.7057925457545541,1.35,3.3,0.0,0.67,0.7037037037037037,0.7037037037037037,True,906,0.7407407407407407,0.7142857142857143,-0.026455026455026398,False,False,False
LAL,OKC,0.6286714016013034,3.1,1.39,OKC,2026-02-09,0.0,,0.6349206349206349,,0.4794354838709677,0.4794354838709677,0.4794354838709677,0.4794354838709677,OKC,2026-02-09,0.6286714016013034,3.1,1.39,0.0,0.71,0.6428571428571429,0.6428571428571429,True,906,0.3225806451612903,0.4725806451612903,0.31233998975934457,True,True,True
TOR,IND,0.6208807689036732,1.24,4.3,TOR,2026-02-08,1.0,,0.6312056737588653,,0.6115248226950355,0.6115248226950355,0.6115248226950355,0.6115248226950355,TOR,2026-02-08,0.6208807689036732,1.24,4.3,1.0,0.4,0.6428571428571429,0.6428571428571429,True,906,0.8064516129032259,0.6312056737588653,-0.1752459391443606,False,False,False
WAS,MIA,0.4339778549919854,6.25,1.13,MIA,2026-02-08,1.0,,0.46551724137931033,,0.3575,0.3575,0.3575,0.3575,MIA,2026-02-08,0.4339778549919854,6.25,1.13,0.0,0.36,0.45652173913043476,0.45652173913043476,True,906,0.16,0.31,0.30551724137931036,True,False,True
BOS,NYK,0.7931941483086931,1.65,2.3,NYK,2026-02-08,0.0,,1.0,,0.6920454545454546,0.6920454545454546,0.6920454545454546,0.6920454545454546,NYK,2026-02-08,0.7931941483086931,1.65,2.3,0.0,0.73,0.7532467532467533,0.7532467532467533,True,906,0.6060606060606061,0.7560606060606061,0.3939393939393939,True,False,True
MIN,LAC,0.5875339547368009,1.27,3.95,LAC,2026-02-08,0.0,,0.6312056737588653,,0.6115248226950355,0.6115248226950355,0.6115248226950355,0.6115248226950355,LAC,2026-02-08,0.5875339547368009,1.27,3.95,0.0,0.64,0.5925925925925926,0.5925925925925926,True,906,0.7874015748031495,0.6312056737588653,-0.15619590104428427,False,False,False
ORL,UTA,0.4014877038830071,1.36,3.25,ORL,2026-02-07,0.0,,0.44,,0.455,0.455,0.455,0.455,ORL,2026-02-07,0.4014877038830071,1.36,3.25,1.0,0.67,0.45652173913043476,0.45652173913043476,True,906,0.7352941176470588,0.44,-0.29529411764705876,True,False,True
LAL,GSW,0.5822084525582112,1.74,2.14,LAL,2026-02-07,1.0,,0.5714285714285714,,0.5607142857142857,0.5607142857142857,0.5607142857142857,0.5607142857142857,LAL,2026-02-07,0.5822084525582112,1.74,2.14,1.0,0.71,0.5454545454545454,0.5454545454545454,True,906,0.5747126436781609,0.5714285714285714,-0.003284072249589487,False,False,False
SAS,DAL,0.6938866988062153,1.24,4.2,SAS,2026-02-07,1.0,,0.7244897959183674,,0.6908163265306122,0.6908163265306122,0.6908163265306122,0.6908163265306122,SAS,2026-02-07,0.6938866988062153,1.24,4.2,1.0,0.8,0.7037037037037037,0.7037037037037037,True,906,0.8064516129032259,0.7244897959183674,-0.0819618169848585,False,False,False
BRK,WAS,0.2537838804426119,1.43,2.9,BRK,2026-02-07,0.0,,0.3157894736842105,,0.36184210526315785,0.36184210526315785,0.36184210526315785,0.36184210526315785,BRK,2026-02-07,0.2537838804426119,1.43,2.9,1.0,0.33,0.2857142857142857,0.2857142857142857,True,906,0.6993006993006994,0.3157894736842105,-0.38351122561648887,True,False,True
OKC,HOU,0.711430153009834,1.65,2.3,HOU,2026-02-07,0.0,,0.7244897959183674,,0.6908163265306122,0.6908163265306122,0.6908163265306122,0.6908163265306122,HOU,2026-02-07,0.711430153009834,1.65,2.3,0.0,0.73,0.7037037037037037,0.7037037037037037,True,906,0.6060606060606061,0.7244897959183674,0.1184291898577613,False,False,False
ATL,CHO,0.5660213170035407,2.2,1.7,CHO,2026-02-07,0.0,,0.55,,0.5425,0.5425,0.5425,0.5425,CHO,2026-02-07,0.5660213170035407,2.2,1.7,0.0,0.69,0.5172413793103449,0.5172413793103449,True,906,0.45454545454545453,0.55,0.09545454545454551,False,False,False
CHI,DEN,0.3960177395531517,2.8,1.46,DEN,2026-02-07,1.0,,0.44,,0.449,0.449,0.449,0.449,DEN,2026-02-07,0.3960177395531517,2.8,1.46,0.0,0.2,0.4318181818181818,0.4318181818181818,True,906,0.35714285714285715,0.44,0.08285714285714285,False,False,False
SAC,CLE,0.2988652204700197,5.7,1.15,CLE,2026-02-07,1.0,,0.3246753246753247,,0.35097402597402594,0.35097402597402594,0.35097402597402594,0.35097402597402594,CLE,2026-02-07,0.2988652204700197,5.7,1.15,0.0,0.29,0.2857142857142857,0.2857142857142857,True,906,0.17543859649122806,0.3246753246753247,0.1492367281840966,False,False,False
POR,MEM,0.5469753928989627,1.29,3.75,POR,2026-02-07,1.0,,0.46551724137931033,,0.47413793103448276,0.47413793103448276,0.47413793103448276,0.47413793103448276,POR,2026-02-07,0.5469753928989627,1.29,3.75,1.0,0.5,0.5172413793103449,0.5172413793103449,True,906,0.7751937984496123,0.46551724137931033,-0.309676557070302,True,False,True
MIN,NOP,0.6371769021934708,1.24,4.2,NOP,2026-02-06,0.0,,0.6357142857142857,,0.6153571428571428,0.6153571428571428,0.6153571428571428,0.6153571428571428,NOP,2026-02-06,0.6371769021934708,1.24,4.2,0.0,0.64,0.6428571428571429,0.6428571428571429,True,906,0.8064516129032259,0.6357142857142857,-0.1707373271889402,False,False,False
POR,MEM,0.4502961011509314,1.34,3.4,POR,2026-02-06,0.0,,0.4608695652173913,,0.4706521739130435,0.4706521739130435,0.4706521739130435,0.4706521739130435,POR,2026-02-06,0.4502961011509314,1.34,3.4,1.0,0.5,0.45652173913043476,0.45652173913043476,True,906,0.7462686567164178,0.4608695652173913,-0.28539909149902654,True,False,True
MIL,IND,0.44734924113981,1.89,1.93,MIL,2026-02-06,0.0,,0.4608695652173913,,0.4667391304347826,0.4667391304347826,0.4667391304347826,0.4667391304347826,MIL,2026-02-06,0.44734924113981,1.89,1.93,1.0,0.55,0.45652173913043476,0.45652173913043476,True,906,0.5291005291005292,0.4608695652173913,-0.06823096388313787,False,False,False
DET,NYK,0.6510377900292282,2.0,1.83,DET,2026-02-06,1.0,,0.6873917368698544,,0.6592829763393763,0.6592829763393763,0.6592829763393763,0.6592829763393763,DET,2026-02-06,0.6510377900292282,2.0,1.83,1.0,0.7,0.6868686868686869,0.6868686868686869,True,906,0.5,0.6873917368698544,0.18739173686985444,False,False,False
SAC,LAC,0.5057894782995815,2.5,1.56,LAC,2026-02-06,0.0,,0.45754716981132076,,0.46391509433962264,0.46391509433962264,0.46391509433962264,0.46391509433962264,LAC,2026-02-06,0.5057894782995815,2.5,1.56,0.0,0.29,0.5,0.5,True,906,0.4,0.45754716981132076,0.05754716981132074,False,False,False
BOS,MIA,0.7217811768499975,1.42,2.95,BOS,2026-02-06,1.0,,0.7222222222222222,,0.6888888888888889,0.6888888888888889,0.6888888888888889,0.6888888888888889,BOS,2026-02-06,0.7217811768499975,1.42,2.95,1.0,0.73,0.7532467532467533,0.7532467532467533,True,906,0.7042253521126761,0.7222222222222222,0.017996870109546093,False,False,False
DET,WAS,0.7799379198071666,1.11,7.0,WAS,2026-02-05,0.0,,0.7380952380952381,,0.7023809523809524,0.7023809523809524,0.7023809523809524,0.7023809523809524,WAS,2026-02-05,0.7799379198071666,1.11,7.0,0.0,0.7,0.7532467532467533,0.7532467532467533,True,906,0.9009009009009008,0.7380952380952381,-0.16280566280566267,False,False,False
HOU,CHO,0.6024959672444411,1.59,2.42,CHO,2026-02-05,0.0,,0.6376811594202898,,0.6170289855072464,0.6170289855072464,0.6170289855072464,0.6170289855072464,CHO,2026-02-05,0.6024959672444411,1.59,2.42,0.0,0.55,0.6428571428571429,0.6428571428571429,True,906,0.6289308176100629,0.6376811594202898,0.008750341810226936,False,False,False
LAL,PHI,0.5183653421901083,1.56,2.5,LAL,2026-02-05,1.0,,0.45754716981132076,,0.46391509433962264,0.46391509433962264,0.46391509433962264,0.46391509433962264,LAL,2026-02-05,0.5183653421901083,1.56,2.5,1.0,0.71,0.5,0.5,True,906,0.641025641025641,0.45754716981132076,-0.1834784712143202,False,False,False
DAL,SAS,0.5609768501196303,3.2,1.37,SAS,2026-02-05,0.0,,0.5641025641025641,,0.47187500000000004,0.47187500000000004,0.47187500000000004,0.47187500000000004,SAS,2026-02-05,0.5609768501196303,3.2,1.37,0.0,0.0,0.5172413793103449,0.5172413793103449,True,906,0.3125,0.4625,0.2516025641025641,True,False,True
ORL,BRK,0.4218312465783495,1.27,3.95,ORL,2026-02-05,0.0,,0.4375,,0.453125,0.453125,0.453125,0.453125,ORL,2026-02-05,0.4218312465783495,1.27,3.95,1.0,0.67,0.45652173913043476,0.45652173913043476,True,906,0.7874015748031495,0.4375,-0.34990157480314954,True,False,True
TOR,CHI,0.6195109256302025,1.29,3.7,TOR,2026-02-05,1.0,,0.6376811594202898,,0.6170289855072464,0.6170289855072464,0.6170289855072464,0.6170289855072464,TOR,2026-02-05,0.6195109256302025,1.29,3.7,1.0,0.4,0.6428571428571429,0.6428571428571429,True,906,0.7751937984496123,0.6376811594202898,-0.13751263902932254,False,False,False
ATL,UTA,0.4961240920637453,1.28,3.85,ATL,2026-02-05,0.0,,0.45754716981132076,,0.4681603773584906,0.4681603773584906,0.4681603773584906,0.4681603773584906,ATL,2026-02-05,0.4961240920637453,1.28,3.85,1.0,0.69,0.45652173913043476,0.45652173913043476,True,906,0.78125,0.45754716981132076,-0.32370283018867924,True,False,True
SAC,MEM,0.3274792042443493,1.89,1.93,MEM,2026-02-04,1.0,,0.32,,0.365,0.365,0.365,0.365,MEM,2026-02-04,0.3274792042443493,1.89,1.93,0.0,0.29,0.2857142857142857,0.2857142857142857,True,906,0.5291005291005292,0.32,-0.20910052910052918,True,False,True
TOR,MIN,0.6169569926483465,2.05,1.8,MIN,2026-02-04,0.0,,0.6470588235294118,,0.625,0.625,0.625,0.625,MIN,2026-02-04,0.6169569926483465,2.05,1.8,0.0,0.4,0.6428571428571429,0.6428571428571429,True,906,0.48780487804878053,0.6470588235294118,0.15925394548063126,False,False,False
LAC,CLE,0.547713078067294,2.2,1.7,CLE,2026-02-04,0.0,,0.5,,0.5,0.5,0.5,0.5,CLE,2026-02-04,0.547713078067294,2.2,1.7,0.0,0.6,0.5172413793103449,0.5172413793103449,True,906,0.45454545454545453,0.5,0.04545454545454547,False,False,False
SAS,OKC,0.5730044544827765,2.1,1.77,SAS,2026-02-04,1.0,,0.5616438356164384,,0.5523972602739726,0.5523972602739726,0.5523972602739726,0.5523972602739726,SAS,2026-02-04,0.5730044544827765,2.1,1.77,1.0,0.8,0.5454545454545454,0.5454545454545454,True,906,0.47619047619047616,0.5616438356164384,0.08545335942596222,False,False,False
MIL,NOP,0.4272770576967197,2.6,1.52,MIL,2026-02-04,0.0,,0.4603960396039604,,0.46633663366336636,0.46633663366336636,0.46633663366336636,0.46633663366336636,MIL,2026-02-04,0.4272770576967197,2.6,1.52,1.0,0.55,0.45652173913043476,0.45652173913043476,True,906,0.3846153846153846,0.4603960396039604,0.07578065498857584,False,False,False
HOU,BOS,0.5933675669712338,1.51,2.64,BOS,2026-02-04,0.0,,0.6470588235294118,,0.625,0.625,0.625,0.625,BOS,2026-02-04,0.5933675669712338,1.51,2.64,0.0,0.55,0.5925925925925926,0.5925925925925926,True,906,0.6622516556291391,0.6470588235294118,-0.015192832099727327,False,False,False
NYK,DEN,0.6851284054406717,1.42,2.95,NYK,2026-02-04,1.0,,0.7012987012987013,,0.6711038961038961,0.6711038961038961,0.6711038961038961,0.6711038961038961,NYK,2026-02-04,0.6851284054406717,1.42,2.95,1.0,0.71,0.6868686868686869,0.6868686868686869,True,906,0.7042253521126761,0.7012987012987013,-0.002926650813974807,False,False,False
MIA,ATL,0.6081790900614528,1.77,2.1,ATL,2026-02-03,0.0,,0.6492537313432836,,0.6268656716417911,0.6268656716417911,0.6268656716417911,0.6268656716417911,ATL,2026-02-03,0.6081790900614528,1.77,2.1,0.0,0.67,0.6428571428571429,0.6428571428571429,True,906,0.5649717514124294,0.6492537313432836,0.08428197993085418,False,False,False
IND,UTA,0.463146356285462,1.65,2.3,UTA,2026-02-03,1.0,,0.465,,0.47025,0.47025,0.47025,0.47025,UTA,2026-02-03,0.463146356285462,1.65,2.3,0.0,0.25,0.45652173913043476,0.45652173913043476,True,906,0.6060606060606061,0.465,-0.14106060606060605,False,False,False
OKC,ORL,0.6611040328572959,1.34,3.4,OKC,2026-02-03,1.0,,0.7027027027027027,,0.6722972972972974,0.6722972972972974,0.6722972972972974,0.6722972972972974,OKC,2026-02-03,0.6611040328572959,1.34,3.4,1.0,0.73,0.6868686868686869,0.6868686868686869,True,906,0.7462686567164178,0.7027027027027027,-0.0435659540137151,False,False,False
MIL,CHI,0.5631460018522648,2.2,1.7,MIL,2026-02-03,1.0,,0.5526315789473685,,0.5447368421052632,0.5447368421052632,0.5447368421052632,0.5447368421052632,MIL,2026-02-03,0.5631460018522648,2.2,1.7,1.0,0.55,0.5172413793103449,0.5172413793103449,True,906,0.45454545454545453,0.5526315789473685,0.09808612440191394,False,False,False
WAS,NYK,0.4304692980473594,5.9,1.15,NYK,2026-02-03,1.0,,0.4603960396039604,,0.36461864406779665,0.36461864406779665,0.36461864406779665,0.36461864406779665,NYK,2026-02-03,0.4304692980473594,5.9,1.15,0.0,0.36,0.45652173913043476,0.45652173913043476,True,906,0.1694915254237288,0.31949152542372883,0.2909045141802316,True,False,True
DAL,BOS,0.4957188248147512,3.1,1.39,BOS,2026-02-03,1.0,,0.465,,0.47025,0.47025,0.47025,0.47025,BOS,2026-02-03,0.4957188248147512,3.1,1.39,0.0,0.0,0.45652173913043476,0.45652173913043476,True,906,0.3225806451612903,0.465,0.1424193548387097,False,False,False
DET,DEN,0.7900857248659193,1.52,2.6,DET,2026-02-03,1.0,,0.9221708449895161,,0.730921052631579,0.730921052631579,0.730921052631579,0.730921052631579,DET,2026-02-03,0.7900857248659193,1.52,2.6,1.0,0.7,0.7532467532467533,0.7532467532467533,True,906,0.6578947368421053,0.8078947368421053,0.26427610814741076,True,False,True
BRK,LAL,0.3241072986866138,4.0,1.26,LAL,2026-02-03,1.0,,0.32432432432432434,,0.3506756756756757,0.3506756756756757,0.3506756756756757,0.3506756756756757,LAL,2026-02-03,0.3241072986866138,4.0,1.26,0.0,0.33,0.2857142857142857,0.2857142857142857,True,906,0.25,0.32432432432432434,0.07432432432432434,False,False,False
GSW,PHI,0.5377031362813611,1.65,2.3,PHI,2026-02-03,0.0,,0.4603960396039604,,0.46633663366336636,0.46633663366336636,0.46633663366336636,0.46633663366336636,PHI,2026-02-03,0.5377031362813611,1.65,2.3,0.0,0.3,0.5,0.5,True,906,0.6060606060606061,0.4603960396039604,-0.14566456645664566,False,False,False
IND,HOU,0.3883537118237746,3.0,1.41,HOU,2026-02-02,1.0,,0.43548387096774194,,0.44516129032258067,0.44516129032258067,0.44516129032258067,0.44516129032258067,HOU,2026-02-02,0.3883537118237746,3.0,1.41,0.0,0.25,0.4318181818181818,0.4318181818181818,True,906,0.3333333333333333,0.43548387096774194,0.10215053763440862,False,False,False
LAC,PHI,0.656850009941895,1.77,2.1,PHI,2026-02-02,0.0,,0.7027027027027027,,0.6722972972972974,0.6722972972972974,0.6722972972972974,0.6722972972972974,PHI,2026-02-02,0.656850009941895,1.77,2.1,0.0,0.6,0.6868686868686869,0.6868686868686869,True,906,0.5649717514124294,0.7027027027027027,0.13773095129027335,False,False,False
MEM,MIN,0.3743483310397251,3.3,1.35,MEM,2026-02-02,0.0,,0.43548387096774194,,0.44516129032258067,0.44516129032258067,0.44516129032258067,0.44516129032258067,MEM,2026-02-02,0.3743483310397251,3.3,1.35,1.0,0.25,0.4318181818181818,0.4318181818181818,True,906,0.30303030303030304,0.43548387096774194,0.1324535679374389,False,False,False
CHO,NOP,0.6869679675680408,1.37,3.2,CHO,2026-02-02,1.0,,0.7027027027027027,,0.6722972972972974,0.6722972972972974,0.6722972972972974,0.6722972972972974,CHO,2026-02-02,0.6869679675680408,1.37,3.2,1.0,0.7,0.6868686868686869,0.6868686868686869,True,906,0.7299270072992701,0.7027027027027027,-0.027224304596567328,False,False,False
NYK,LAL,0.6390982623281068,1.52,2.6,NYK,2026-02-01,1.0,,0.6434108527131783,,0.6218992248062016,0.6218992248062016,0.6218992248062016,0.6218992248062016,NYK,2026-02-01,0.6390982623281068,1.52,2.6,1.0,0.71,0.6428571428571429,0.6428571428571429,True,906,0.6578947368421053,0.6434108527131783,-0.014483884128926983,False,False,False
POR,CLE,0.5793556720875318,2.3,1.65,CLE,2026-02-01,0.0,,0.5757575757575758,,0.5643939393939394,0.5643939393939394,0.5643939393939394,0.5643939393939394,CLE,2026-02-01,0.5793556720875318,2.3,1.65,0.0,0.5,0.5454545454545454,0.5454545454545454,True,906,0.4347826086956522,0.5757575757575758,0.14097496706192358,False,False,False
BOS,MIL,0.694067204568716,1.16,5.55,BOS,2026-02-01,1.0,,0.7169811320754716,,0.6844339622641509,0.6844339622641509,0.6844339622641509,0.6844339622641509,BOS,2026-02-01,0.694067204568716,1.16,5.55,1.0,0.73,0.7037037037037037,0.7037037037037037,True,906,0.8620689655172414,0.7169811320754716,-0.1450878334417698,False,False,False
TOR,UTA,0.6031638516119325,1.21,4.7,TOR,2026-02-01,1.0,,0.6434108527131783,,0.6218992248062016,0.6218992248062016,0.6218992248062016,0.6218992248062016,TOR,2026-02-01,0.6031638516119325,1.21,4.7,1.0,0.4,0.6428571428571429,0.6428571428571429,True,906,0.8264462809917356,0.6434108527131783,-0.18303542827855723,False,False,False
SAS,ORL,0.6007597592391523,1.49,2.7,SAS,2026-02-01,1.0,,0.6492537313432836,,0.6268656716417911,0.6268656716417911,0.6268656716417911,0.6268656716417911,SAS,2026-02-01,0.6007597592391523,1.49,2.7,1.0,0.8,0.6428571428571429,0.6428571428571429,True,906,0.6711409395973155,0.6492537313432836,-0.021887208254031898,False,False,False
MIA,CHI,0.527601998739961,1.46,2.8,MIA,2026-02-01,1.0,,0.46231155778894467,,0.4717336683417085,0.4717336683417085,0.4717336683417085,0.4717336683417085,MIA,2026-02-01,0.527601998739961,1.46,2.8,1.0,0.67,0.5,0.5,True,906,0.684931506849315,0.46231155778894467,-0.22261994906037036,True,False,True
WAS,SAC,0.5912353099729698,2.14,1.74,WAS,2026-02-01,1.0,,0.6434108527131783,,0.6218992248062016,0.6218992248062016,0.6218992248062016,0.6218992248062016,WAS,2026-02-01,0.5912353099729698,2.14,1.74,1.0,0.36,0.5925925925925926,0.5925925925925926,True,906,0.4672897196261682,0.6434108527131783,0.1761211330870101,False,False,False
DET,BRK,0.6190743363399897,1.15,5.7,DET,2026-02-01,1.0,,0.6434108527131783,,0.6075581395348837,0.6075581395348837,0.6075581395348837,0.6075581395348837,DET,2026-02-01,0.6190743363399897,1.15,5.7,1.0,0.7,0.6428571428571429,0.6428571428571429,True,906,0.8695652173913044,0.6434108527131783,-0.2261543646781261,True,False,True
DEN,OKC,0.631251302246841,3.25,1.36,OKC,2026-02-01,0.0,,0.6434108527131783,,0.46826923076923077,0.46826923076923077,0.46826923076923077,0.46826923076923077,OKC,2026-02-01,0.631251302246841,3.25,1.36,0.0,0.55,0.6428571428571429,0.6428571428571429,True,906,0.3076923076923077,0.45769230769230773,0.3357185450208706,True,True,True
IND,ATL,0.4374145685328516,2.02,1.82,IND,2026-01-31,0.0,,0.4595959595959596,,0.46565656565656566,0.46565656565656566,0.46565656565656566,0.46565656565656566,IND,2026-01-31,0.4374145685328516,2.02,1.82,1.0,0.25,0.45652173913043476,0.45652173913043476,True,906,0.49504950495049505,0.4595959595959596,-0.03545354535453543,False,False,False
MEM,MIN,0.4828715311686548,3.6,1.31,MIN,2026-01-31,1.0,,0.4595959595959596,,0.46565656565656566,0.46565656565656566,0.46565656565656566,0.46565656565656566,MIN,2026-01-31,0.4828715311686548,3.6,1.31,0.0,0.25,0.45652173913043476,0.45652173913043476,True,906,0.2777777777777778,0.4595959595959596,0.18181818181818182,False,False,False
PHI,NOP,0.3870327679677418,1.35,3.3,PHI,2026-01-31,0.0,,0.425531914893617,,0.4441489361702128,0.4441489361702128,0.4441489361702128,0.4441489361702128,PHI,2026-01-31,0.3870327679677418,1.35,3.3,1.0,0.75,0.4318181818181818,0.4318181818181818,True,906,0.7407407407407407,0.425531914893617,-0.3152088258471237,True,False,True
HOU,DAL,0.6884734133034784,1.21,4.6,HOU,2026-01-31,1.0,,0.7104229562945148,,0.6788595128503376,0.6788595128503376,0.6788595128503376,0.6788595128503376,HOU,2026-01-31,0.6884734133034784,1.21,4.6,1.0,0.55,0.7037037037037037,0.7037037037037037,True,906,0.8264462809917356,0.7104229562945148,-0.11602332469722076,False,False,False
CHO,SAS,0.6653685939618801,2.4,1.56,CHO,2026-01-31,1.0,,0.6901408450704225,,0.55,0.55,0.55,0.55,CHO,2026-01-31,0.6653685939618801,2.4,1.56,1.0,0.7,0.6868686868686869,0.6868686868686869,True,906,0.4166666666666667,0.5666666666666667,0.2734741784037558,True,True,True
MIA,CHI,0.5629293816603643,1.4,3.05,CHI,2026-01-31,0.0,,0.5675675675675675,,0.5574324324324325,0.5574324324324325,0.5574324324324325,0.5574324324324325,CHI,2026-01-31,0.5629293816603643,1.4,3.05,0.0,0.67,0.5172413793103449,0.5172413793103449,True,906,0.7142857142857143,0.5675675675675675,-0.14671814671814676,False,False,False
NYK,POR,0.6680499207265995,1.35,3.3,NYK,2026-01-30,1.0,,0.6901408450704225,,0.6616197183098591,0.6616197183098591,0.6616197183098591,0.6616197183098591,NYK,2026-01-30,0.6680499207265995,1.35,3.3,1.0,0.71,0.6868686868686869,0.6868686868686869,True,906,0.7407407407407407,0.6901408450704225,-0.050599895670318196,False,False,False
DEN,LAC,0.5513039673039731,2.8,1.46,DEN,2026-01-30,1.0,,0.5555555555555556,,0.5472222222222223,0.5472222222222223,0.5472222222222223,0.5472222222222223,DEN,2026-01-30,0.5513039673039731,2.8,1.46,1.0,0.55,0.5172413793103449,0.5172413793103449,True,906,0.35714285714285715,0.5555555555555556,0.19841269841269843,False,False,False
UTA,BRK,0.4902297772573776,1.77,2.1,BRK,2026-01-30,1.0,,0.4595959595959596,,0.46565656565656566,0.46565656565656566,0.46565656565656566,0.46565656565656566,BRK,2026-01-30,0.4902297772573776,1.77,2.1,0.0,0.2,0.45652173913043476,0.45652173913043476,True,906,0.5649717514124294,0.4595959595959596,-0.10537579181646978,False,False,False
ORL,TOR,0.5070083821006711,1.77,2.1,ORL,2026-01-30,1.0,,0.4595959595959596,,0.46565656565656566,0.46565656565656566,0.46565656565656566,0.46565656565656566,ORL,2026-01-30,0.5070083821006711,1.77,2.1,1.0,0.67,0.5,0.5,True,906,0.5649717514124294,0.4595959595959596,-0.10537579181646978,False,False,False
NOP,MEM,0.5474051528988585,1.74,2.14,NOP,2026-01-30,1.0,,0.4595959595959596,,0.46565656565656566,0.46565656565656566,0.46565656565656566,0.46565656565656566,NOP,2026-01-30,0.5474051528988585,1.74,2.14,1.0,0.75,0.5172413793103449,0.5172413793103449,True,906,0.5747126436781609,0.4595959595959596,-0.11511668408220127,False,False,False
BOS,SAC,0.6512260124626863,1.18,5.1,BOS,2026-01-30,1.0,,0.6901408450704225,,0.6616197183098591,0.6616197183098591,0.6616197183098591,0.6616197183098591,BOS,2026-01-30,0.6512260124626863,1.18,5.1,1.0,0.73,0.6868686868686869,0.6868686868686869,True,906,0.8474576271186441,0.6901408450704225,-0.15731678204822164,False,False,False
GSW,DET,0.7003319928998448,1.7,2.2,DET,2026-01-30,0.0,,0.7254901960784313,,0.6916666666666667,0.6916666666666667,0.6916666666666667,0.6916666666666667,DET,2026-01-30,0.7003319928998448,1.7,2.2,0.0,0.3,0.7037037037037037,0.7037037037037037,True,906,0.5882352941176471,0.7254901960784313,0.13725490196078427,False,False,False
WAS,LAL,0.5336439125070961,3.95,1.27,LAL,2026-01-30,0.0,,0.46153846153846156,,0.42737341772151893,0.42737341772151893,0.42737341772151893,0.42737341772151893,LAL,2026-01-30,0.5336439125070961,3.95,1.27,0.0,0.36,0.5,0.5,True,906,0.2531645569620253,0.40316455696202524,0.2083739045764363,True,False,True
MIN,OKC,0.5984147419559508,2.95,1.42,MIN,2026-01-29,1.0,,0.6377952755905512,,0.49173728813559325,0.49173728813559325,0.49173728813559325,0.49173728813559325,MIN,2026-01-29,0.5984147419559508,2.95,1.42,1.0,0.64,0.6428571428571429,0.6428571428571429,True,906,0.3389830508474576,0.48898305084745763,0.29881222474309355,True,True,True
PHI,SAC,0.5546201803211144,1.18,5.1,PHI,2026-01-29,1.0,,0.5,,0.5,0.5,0.5,0.5,PHI,2026-01-29,0.5546201803211144,1.18,5.1,1.0,0.75,0.5172413793103449,0.5172413793103449,True,906,0.8474576271186441,0.5,-0.34745762711864414,True,False,True
DAL,CHO,0.5345555411518838,2.45,1.57,CHO,2026-01-29,0.0,,0.46153846153846156,,0.4673076923076923,0.4673076923076923,0.4673076923076923,0.4673076923076923,CHO,2026-01-29,0.5345555411518838,2.45,1.57,0.0,0.0,0.5,0.5,True,906,0.4081632653061224,0.46153846153846156,0.05337519623233916,False,False,False
DEN,BRK,0.6235879760869245,1.36,3.25,DEN,2026-01-29,1.0,,0.6377952755905512,,0.6171259842519685,0.6171259842519685,0.6171259842519685,0.6171259842519685,DEN,2026-01-29,0.6235879760869245,1.36,3.25,1.0,0.55,0.6428571428571429,0.6428571428571429,True,906,0.7352941176470588,0.6377952755905512,-0.0974988420565076,False,False,False
WAS,MIL,0.4557775925462358,2.1,1.77,WAS,2026-01-29,0.0,,0.46153846153846156,,0.4673076923076923,0.4673076923076923,0.4673076923076923,0.4673076923076923,WAS,2026-01-29,0.4557775925462358,2.1,1.77,1.0,0.36,0.45652173913043476,0.45652173913043476,True,906,0.47619047619047616,0.46153846153846156,-0.0146520146520146,False,False,False
ATL,HOU,0.5577572484344465,2.36,1.62,HOU,2026-01-29,0.0,,0.576271186440678,,0.5648305084745763,0.5648305084745763,0.5648305084745763,0.5648305084745763,HOU,2026-01-29,0.5577572484344465,2.36,1.62,0.0,0.69,0.5172413793103449,0.5172413793103449,True,906,0.42372881355932207,0.576271186440678,0.15254237288135591,False,False,False
CHI,MIA,0.6611252577573963,2.1,1.77,MIA,2026-01-29,0.0,,0.7,,0.5946428571428571,0.5946428571428571,0.5946428571428571,0.5946428571428571,MIA,2026-01-29,0.6611252577573963,2.1,1.77,0.0,0.2,0.6868686868686869,0.6868686868686869,True,906,0.47619047619047616,0.6261904761904762,0.2238095238095238,True,False,True
UTA,GSW,0.3581195076799533,3.85,1.28,GSW,2026-01-28,1.0,,0.3287671232876712,,0.3544520547945206,0.3544520547945206,0.3544520547945206,0.3544520547945206,GSW,2026-01-28,0.3581195076799533,3.85,1.28,0.0,0.2,0.2857142857142857,0.2857142857142857,True,906,0.2597402597402597,0.3287671232876712,0.0690268635474115,False,False,False
HOU,SAS,0.6734494701041026,1.68,2.24,SAS,2026-01-28,0.0,,0.7058823529411765,,0.675,0.675,0.675,0.675,SAS,2026-01-28,0.6734494701041026,1.68,2.24,0.0,0.55,0.6868686868686869,0.6868686868686869,True,906,0.5952380952380952,0.7058823529411765,0.11064425770308128,False,False,False
DAL,MIN,0.5599743075114656,3.05,1.4,MIN,2026-01-28,0.0,,0.5862068965517241,,0.48340163934426233,0.48340163934426233,0.48340163934426233,0.48340163934426233,MIN,2026-01-28,0.5599743075114656,3.05,1.4,0.0,0.0,0.5172413793103449,0.5172413793103449,True,906,0.3278688524590164,0.47786885245901645,0.25833804409270766,True,False,True
MIA,ORL,0.6364489034845718,1.68,2.24,ORL,2026-01-28,0.0,,0.6504065040650406,,0.6278455284552845,0.6278455284552845,0.6278455284552845,0.6278455284552845,ORL,2026-01-28,0.6364489034845718,1.68,2.24,0.0,0.67,0.6428571428571429,0.6428571428571429,True,906,0.5952380952380952,0.6504065040650406,0.0551684088269454,False,False,False
TOR,NYK,0.5933636182163878,1.82,2.02,NYK,2026-01-28,0.0,,0.6504065040650406,,0.6278455284552845,0.6278455284552845,0.6278455284552845,0.6278455284552845,NYK,2026-01-28,0.5933636182163878,1.82,2.02,0.0,0.4,0.5925925925925926,0.5925925925925926,True,906,0.5494505494505494,0.6504065040650406,0.10095595461449125,False,False,False
MEM,CHO,0.3821253856686772,2.14,1.74,CHO,2026-01-28,1.0,,0.4324324324324324,,0.44256756756756754,0.44256756756756754,0.44256756756756754,0.44256756756756754,CHO,2026-01-28,0.3821253856686772,2.14,1.74,0.0,0.25,0.4318181818181818,0.4318181818181818,True,906,0.4672897196261682,0.4324324324324324,-0.03485728719373582,False,False,False
IND,CHI,0.4281785132981737,2.14,1.74,IND,2026-01-28,0.0,,0.4324324324324324,,0.44256756756756754,0.44256756756756754,0.44256756756756754,0.44256756756756754,IND,2026-01-28,0.4281785132981737,2.14,1.74,1.0,0.25,0.45652173913043476,0.45652173913043476,True,906,0.4672897196261682,0.4324324324324324,-0.03485728719373582,False,False,False
CLE,LAL,0.6277777963639919,1.65,2.3,CLE,2026-01-28,1.0,,0.6504065040650406,,0.6278455284552845,0.6278455284552845,0.6278455284552845,0.6278455284552845,CLE,2026-01-28,0.6277777963639919,1.65,2.3,1.0,0.88,0.6428571428571429,0.6428571428571429,True,906,0.6060606060606061,0.6504065040650406,0.04434589800443456,False,False,False
BOS,ATL,0.620308414290113,1.43,2.9,ATL,2026-01-28,0.0,,0.6504065040650406,,0.6278455284552845,0.6278455284552845,0.6278455284552845,0.6278455284552845,ATL,2026-01-28,0.620308414290113,1.43,2.9,0.0,0.73,0.6428571428571429,0.6428571428571429,True,906,0.6993006993006994,0.6504065040650406,-0.048894195235658744,False,False,False
DEN,DET,0.5265939036710773,3.15,1.38,DET,2026-01-27,0.0,,0.45989304812834225,,0.46590909090909094,0.46590909090909094,0.46590909090909094,0.46590909090909094,DET,2026-01-27,0.5265939036710773,3.15,1.38,0.0,0.55,0.5,0.5,True,906,0.31746031746031744,0.45989304812834225,0.1424327306680248,False,False,False
OKC,NOP,0.6849573789585222,1.12,6.75,OKC,2026-01-27,1.0,,0.6923076923076923,,0.6442307692307692,0.6442307692307692,0.6442307692307692,0.6442307692307692,OKC,2026-01-27,0.6849573789585222,1.12,6.75,1.0,0.73,0.6868686868686869,0.6868686868686869,True,906,0.8928571428571428,0.6923076923076923,-0.2005494505494505,True,False,True
NYK,SAC,0.6707864170945298,1.13,6.25,NYK,2026-01-27,1.0,,0.7058823529411765,,0.675,0.675,0.675,0.675,NYK,2026-01-27,0.6707864170945298,1.13,6.25,1.0,0.71,0.6868686868686869,0.6868686868686869,True,906,0.8849557522123894,0.7058823529411765,-0.1790733992712129,False,False,False
PHI,MIL,0.4717146048833892,1.22,4.5,PHI,2026-01-27,0.0,,0.45989304812834225,,0.4699197860962567,0.4699197860962567,0.4699197860962567,0.4699197860962567,PHI,2026-01-27,0.4717146048833892,1.22,4.5,1.0,0.75,0.45652173913043476,0.45652173913043476,True,906,0.819672131147541,0.45989304812834225,-0.35977908301919875,True,False,True
WAS,POR,0.4034087347277133,3.15,1.38,WAS,2026-01-27,0.0,,0.4222222222222222,,0.4338888888888889,0.4338888888888889,0.4338888888888889,0.4338888888888889,WAS,2026-01-27,0.4034087347277133,3.15,1.38,1.0,0.36,0.45652173913043476,0.45652173913043476,True,906,0.31746031746031744,0.4222222222222222,0.10476190476190478,False,False,False
UTA,LAC,0.5401784057252161,3.7,1.29,LAC,2026-01-27,0.0,,0.46368715083798884,,0.46913407821229053,0.46913407821229053,0.46913407821229053,0.46913407821229053,LAC,2026-01-27,0.5401784057252161,3.7,1.29,0.0,0.2,0.5,0.5,True,906,0.27027027027027023,0.46368715083798884,0.1934168805677186,False,False,False
CHO,PHI,0.6815697534324052,1.74,2.14,CHO,2026-01-26,1.0,,0.6923076923076923,,0.6634615384615384,0.6634615384615384,0.6634615384615384,0.6634615384615384,CHO,2026-01-26,0.6815697534324052,1.74,2.14,1.0,0.7,0.6868686868686869,0.6868686868686869,True,906,0.5747126436781609,0.6923076923076923,0.1175950486295314,False,False,False
HOU,MEM,0.5687211385799936,1.23,4.4,HOU,2026-01-26,1.0,,0.5789473684210527,,0.5592105263157895,0.5592105263157895,0.5592105263157895,0.5592105263157895,HOU,2026-01-26,0.5687211385799936,1.23,4.4,1.0,0.55,0.5454545454545454,0.5454545454545454,True,906,0.8130081300813008,0.5789473684210527,-0.23406076166024814,True,False,True
ATL,IND,0.5519928573625502,1.44,2.85,ATL,2026-01-26,1.0,,0.45989304812834225,,0.4699197860962567,0.4699197860962567,0.4699197860962567,0.4699197860962567,ATL,2026-01-26,0.5519928573625502,1.44,2.85,1.0,0.69,0.5172413793103449,0.5172413793103449,True,906,0.6944444444444444,0.45989304812834225,-0.23455139631610217,True,False,True
CLE,ORL,0.6663391870645287,1.4,3.05,CLE,2026-01-26,1.0,,0.6923076923076923,,0.6634615384615384,0.6634615384615384,0.6634615384615384,0.6634615384615384,CLE,2026-01-26,0.6663391870645287,1.4,3.05,1.0,0.88,0.6868686868686869,0.6868686868686869,True,906,0.7142857142857143,0.6923076923076923,-0.02197802197802201,False,False,False
MIN,GSW,0.4542648618849,1.36,3.25,MIN,2026-01-26,0.0,,0.45989304812834225,,0.4699197860962567,0.4699197860962567,0.4699197860962567,0.4699197860962567,MIN,2026-01-26,0.4542648618849,1.36,3.25,1.0,0.64,0.45652173913043476,0.45652173913043476,True,906,0.7352941176470588,0.45989304812834225,-0.2754010695187165,True,False,True
CHI,LAL,0.6413614991584936,1.98,1.85,LAL,2026-01-26,0.0,,0.6557377049180327,,0.6323770491803278,0.6323770491803278,0.6323770491803278,0.6323770491803278,LAL,2026-01-26,0.6413614991584936,1.98,1.85,0.0,0.2,0.6428571428571429,0.6428571428571429,True,906,0.5050505050505051,0.6557377049180327,0.15068719986752765,False,False,False
BOS,POR,0.6961493740253495,1.33,3.45,BOS,2026-01-26,1.0,,0.711340206185567,,0.679639175257732,0.679639175257732,0.679639175257732,0.679639175257732,BOS,2026-01-26,0.6961493740253495,1.33,3.45,1.0,0.73,0.7037037037037037,0.7037037037037037,True,906,0.7518796992481203,0.711340206185567,-0.04053949306255322,False,False,False
MIN,GSW,0.6333258325028392,1.41,3.0,GSW,2026-01-25,0.0,,0.6666666666666666,,0.6416666666666666,0.6416666666666666,0.6416666666666666,0.6416666666666666,GSW,2026-01-25,0.6333258325028392,1.41,3.0,0.0,0.64,0.6428571428571429,0.6428571428571429,True,906,0.7092198581560284,0.6666666666666666,-0.042553191489361764,False,False,False
LAC,BRK,0.5802534314212554,1.28,3.85,LAC,2026-01-25,1.0,,0.5714285714285714,,0.5535714285714286,0.5535714285714286,0.5535714285714286,0.5535714285714286,LAC,2026-01-25,0.5802534314212554,1.28,3.85,1.0,0.6,0.5454545454545454,0.5454545454545454,True,906,0.78125,0.5714285714285714,-0.2098214285714286,True,False,True
DET,SAC,0.700062614485161,1.14,6.0,DET,2026-01-25,1.0,,0.711340206185567,,0.679639175257732,0.679639175257732,0.679639175257732,0.679639175257732,DET,2026-01-25,0.700062614485161,1.14,6.0,1.0,0.7,0.7037037037037037,0.7037037037037037,True,906,0.8771929824561404,0.711340206185567,-0.16585277627057338,False,False,False
OKC,TOR,0.6822240571845704,1.18,5.1,TOR,2026-01-25,0.0,,0.711340206185567,,0.679639175257732,0.679639175257732,0.679639175257732,0.679639175257732,TOR,2026-01-25,0.6822240571845704,1.18,5.1,0.0,0.73,0.6868686868686869,0.6868686868686869,True,906,0.8474576271186441,0.711340206185567,-0.1361174209330771,False,False,False
SAS,NOP,0.6074413113748086,1.17,5.25,NOP,2026-01-25,0.0,,0.6666666666666666,,0.6416666666666666,0.6416666666666666,0.6416666666666666,0.6416666666666666,NOP,2026-01-25,0.6074413113748086,1.17,5.25,0.0,0.8,0.6428571428571429,0.6428571428571429,True,906,0.8547008547008548,0.6666666666666666,-0.18803418803418814,False,False,False
UTA,MIA,0.4758913137178176,2.9,1.43,MIA,2026-01-24,1.0,,0.46236559139784944,,0.46801075268817205,0.46801075268817205,0.46801075268817205,0.46801075268817205,MIA,2026-01-24,0.4758913137178176,2.9,1.43,0.0,0.2,0.45652173913043476,0.45652173913043476,True,906,0.3448275862068966,0.46236559139784944,0.11753800519095287,False,False,False
CHI,BOS,0.6025069629668299,1.93,1.89,CHI,2026-01-24,1.0,,0.6666666666666666,,0.6416666666666666,0.6416666666666666,0.6416666666666666,0.6416666666666666,CHI,2026-01-24,0.6025069629668299,1.93,1.89,1.0,0.2,0.6428571428571429,0.6428571428571429,True,906,0.5181347150259068,0.6666666666666666,0.14853195164075983,False,False,False
ORL,CLE,0.4560914921336807,1.8,2.05,CLE,2026-01-24,1.0,,0.4673913043478261,,0.4722826086956522,0.4722826086956522,0.4722826086956522,0.4722826086956522,CLE,2026-01-24,0.4560914921336807,1.8,2.05,0.0,0.67,0.45652173913043476,0.45652173913043476,True,906,0.5555555555555556,0.4673913043478261,-0.08816425120772947,False,False,False
PHI,NYK,0.3899312144504047,1.85,1.98,NYK,2026-01-24,1.0,,0.4305555555555556,,0.44097222222222227,0.44097222222222227,0.44097222222222227,0.44097222222222227,NYK,2026-01-24,0.3899312144504047,1.85,1.98,0.0,0.75,0.4318181818181818,0.4318181818181818,True,906,0.5405405405405405,0.4305555555555556,-0.10998498498498488,False,False,False
DAL,LAL,0.6767884829346896,2.45,1.57,LAL,2026-01-24,0.0,,0.711340206185567,,0.5436224489795918,0.5436224489795918,0.5436224489795918,0.5436224489795918,LAL,2026-01-24,0.6767884829346896,2.45,1.57,0.0,0.0,0.6868686868686869,0.6868686868686869,True,906,0.4081632653061224,0.5581632653061224,0.30317694087944463,True,True,True
CHO,WAS,0.7070555337925223,1.17,4.9,CHO,2026-01-24,1.0,,0.711340206185567,,0.679639175257732,0.679639175257732,0.679639175257732,0.679639175257732,CHO,2026-01-24,0.7070555337925223,1.17,4.9,1.0,0.7,0.7037037037037037,0.7037037037037037,True,906,0.8547008547008548,0.711340206185567,-0.14336064851528774,False,False,False
MEM,NOP,0.5687904919817149,1.44,2.85,NOP,2026-01-23,0.0,,0.5925925925925926,,0.5787037037037037,0.5787037037037037,0.5787037037037037,0.5787037037037037,NOP,2026-01-23,0.5687904919817149,1.44,2.85,0.0,0.25,0.5454545454545454,0.5454545454545454,True,906,0.6944444444444444,0.5925925925925926,-0.10185185185185186,False,False,False
OKC,IND,0.7308694826648878,1.09,8.0,IND,2026-01-23,0.0,,0.7560975609756098,,0.7176829268292683,0.7176829268292683,0.7176829268292683,0.7176829268292683,IND,2026-01-23,0.7308694826648878,1.09,8.0,0.0,0.73,0.7532467532467533,0.7532467532467533,True,906,0.9174311926605504,0.7560975609756098,-0.16133363168494064,False,False,False
BRK,BOS,0.3857714660838151,3.85,1.28,BOS,2026-01-23,1.0,,0.43661971830985913,,0.44612676056338024,0.44612676056338024,0.44612676056338024,0.44612676056338024,BOS,2026-01-23,0.3857714660838151,3.85,1.28,0.0,0.33,0.4318181818181818,0.4318181818181818,True,906,0.2597402597402597,0.43661971830985913,0.1768794585695994,False,False,False
DET,HOU,0.7035112849649506,1.56,2.5,HOU,2026-01-23,0.0,,0.723404255319149,,0.6898936170212766,0.6898936170212766,0.6898936170212766,0.6898936170212766,HOU,2026-01-23,0.7035112849649506,1.56,2.5,0.0,0.7,0.7037037037037037,0.7037037037037037,True,906,0.641025641025641,0.723404255319149,0.08237861429350801,False,False,False
POR,TOR,0.6323707754988485,2.2,1.7,TOR,2026-01-23,0.0,,0.6666666666666666,,0.5784090909090909,0.5784090909090909,0.5784090909090909,0.5784090909090909,TOR,2026-01-23,0.6323707754988485,2.2,1.7,0.0,0.5,0.6428571428571429,0.6428571428571429,True,906,0.45454545454545453,0.6045454545454545,0.2121212121212121,True,False,True
MIL,DEN,0.4690132200832722,1.41,3.0,DEN,2026-01-23,1.0,,0.4673913043478261,,0.47554347826086957,0.47554347826086957,0.47554347826086957,0.47554347826086957,DEN,2026-01-23,0.4690132200832722,1.41,3.0,0.0,0.55,0.45652173913043476,0.45652173913043476,True,906,0.7092198581560284,0.4673913043478261,-0.24182855380820228,True,False,True
CLE,SAC,0.6474398193893595,1.18,5.1,CLE,2026-01-23,1.0,,0.6666666666666666,,0.6416666666666666,0.6416666666666666,0.6416666666666666,0.6416666666666666,CLE,2026-01-23,0.6474398193893595,1.18,5.1,1.0,0.88,0.6428571428571429,0.6428571428571429,True,906,0.8474576271186441,0.6666666666666666,-0.1807909604519775,False,False,False
WAS,DEN,0.4047961073228609,2.85,1.44,DEN,2026-01-22,1.0,,0.44285714285714284,,0.4514285714285714,0.4514285714285714,0.4514285714285714,0.4514285714285714,DEN,2026-01-22,0.4047961073228609,2.85,1.44,0.0,0.36,0.45652173913043476,0.45652173913043476,True,906,0.3508771929824561,0.44285714285714284,0.09197994987468672,False,False,False
ORL,CHO,0.5662454005056252,1.43,2.9,CHO,2026-01-22,0.0,,0.5882352941176471,,0.575,0.575,0.575,0.575,CHO,2026-01-22,0.5662454005056252,1.43,2.9,0.0,0.67,0.5172413793103449,0.5172413793103449,True,906,0.6993006993006994,0.5882352941176471,-0.1110654051830523,False,False,False
LAC,LAL,0.5613547312011841,1.89,1.93,LAC,2026-01-22,1.0,,0.5882352941176471,,0.575,0.575,0.575,0.575,LAC,2026-01-22,0.5613547312011841,1.89,1.93,1.0,0.6,0.5172413793103449,0.5172413793103449,True,906,0.5291005291005292,0.5882352941176471,0.059134765017117896,False,False,False
DAL,GSW,0.671394687666739,2.85,1.44,DAL,2026-01-22,1.0,,0.7049180327868853,,0.5006578947368421,0.5006578947368421,0.5006578947368421,0.5006578947368421,DAL,2026-01-22,0.671394687666739,2.85,1.44,1.0,0.0,0.6868686868686869,0.6868686868686869,True,906,0.3508771929824561,0.5008771929824561,0.35404083980442913,True,True,True
PHI,HOU,0.5769758653959931,2.14,1.74,PHI,2026-01-22,1.0,,0.5882352941176471,,0.575,0.575,0.575,0.575,PHI,2026-01-22,0.5769758653959931,2.14,1.74,1.0,0.75,0.5454545454545454,0.5454545454545454,True,906,0.4672897196261682,0.5882352941176471,0.12094557449147886,False,False,False
POR,MIA,0.5952138756143143,1.83,2.0,POR,2026-01-22,1.0,,0.6637931034482759,,0.6392241379310345,0.6392241379310345,0.6392241379310345,0.6392241379310345,POR,2026-01-22,0.5952138756143143,1.83,2.0,1.0,0.5,0.6428571428571429,0.6428571428571429,True,906,0.5464480874316939,0.6637931034482759,0.11734501601658198,False,False,False
MIN,CHI,0.5773808965690406,1.29,3.7,CHI,2026-01-22,0.0,,0.5925925925925926,,0.5787037037037037,0.5787037037037037,0.5787037037037037,0.5787037037037037,CHI,2026-01-22,0.5773808965690406,1.29,3.7,0.0,0.64,0.5454545454545454,0.5454545454545454,True,906,0.7751937984496123,0.5925925925925926,-0.18260120585701978,False,False,False
UTA,SAS,0.5395331788704371,5.9,1.15,SAS,2026-01-22,0.0,,0.4725274725274725,,0.36461864406779665,0.36461864406779665,0.36461864406779665,0.36461864406779665,SAS,2026-01-22,0.5395331788704371,5.9,1.15,0.0,0.2,0.5,0.5,True,906,0.1694915254237288,0.31949152542372883,0.3030359471037437,True,False,True
BOS,IND,0.6644045797192523,1.2,4.8,BOS,2026-01-21,1.0,,0.7049180327868853,,0.6741803278688525,0.6741803278688525,0.6741803278688525,0.6741803278688525,BOS,2026-01-21,0.6644045797192523,1.2,4.8,1.0,0.73,0.6868686868686869,0.6868686868686869,True,906,0.8333333333333334,0.7049180327868853,-0.12841530054644812,False,False,False
MIL,OKC,0.4497861979075421,4.2,1.24,OKC,2026-01-21,1.0,,0.4725274725274725,,0.41607142857142854,0.41607142857142854,0.41607142857142854,0.41607142857142854,OKC,2026-01-21,0.4497861979075421,4.2,1.24,0.0,0.55,0.45652173913043476,0.45652173913043476,True,906,0.23809523809523808,0.38809523809523805,0.23443223443223443,True,False,True
CHO,CLE,0.7610560603744156,2.24,1.68,CLE,2026-01-21,0.0,,0.775,,0.5723214285714285,0.5723214285714285,0.5723214285714285,0.5723214285714285,CLE,2026-01-21,0.7610560603744156,2.24,1.68,0.0,0.7,0.7532467532467533,0.7532467532467533,True,906,0.4464285714285714,0.5964285714285714,0.3285714285714286,True,False,True
MEM,ATL,0.5277001547668074,1.8,2.05,ATL,2026-01-21,0.0,,0.4819277108433735,,0.48463855421686747,0.48463855421686747,0.48463855421686747,0.48463855421686747,ATL,2026-01-21,0.5277001547668074,1.8,2.05,0.0,0.25,0.5,0.5,True,906,0.5555555555555556,0.4819277108433735,-0.07362784471218209,False,False,False
SAC,TOR,0.5223534345212489,2.8,1.46,TOR,2026-01-21,0.0,,0.4819277108433735,,0.48463855421686747,0.48463855421686747,0.48463855421686747,0.48463855421686747,TOR,2026-01-21,0.5223534345212489,2.8,1.46,0.0,0.29,0.5,0.5,True,906,0.35714285714285715,0.4819277108433735,0.12478485370051634,False,False,False
NOP,DET,0.5061720166907941,4.0,1.26,DET,2026-01-21,0.0,,0.4819277108433735,,0.42500000000000004,0.42500000000000004,0.42500000000000004,0.42500000000000004,DET,2026-01-21,0.5061720166907941,4.0,1.26,0.0,0.75,0.5,0.5,True,906,0.25,0.4,0.2319277108433735,True,False,True
NYK,BRK,0.412675646828586,1.17,5.4,NYK,2026-01-21,0.0,,0.4264705882352941,,0.44485294117647056,0.44485294117647056,0.44485294117647056,0.44485294117647056,NYK,2026-01-21,0.412675646828586,1.17,5.4,1.0,0.71,0.45652173913043476,0.45652173913043476,True,906,0.8547008547008548,0.4264705882352941,-0.42823026646556067,True,False,True
SAC,MIA,0.5620484828858238,2.36,1.62,MIA,2026-01-20,0.0,,0.6,,0.5552966101694915,0.5552966101694915,0.5552966101694915,0.5552966101694915,MIA,2026-01-20,0.5620484828858238,2.36,1.62,0.0,0.29,0.5172413793103449,0.5172413793103449,True,906,0.42372881355932207,0.573728813559322,0.1762711864406779,True,True,True
HOU,SAS,0.4800463559976447,1.62,2.36,HOU,2026-01-20,0.0,,0.4787234042553192,,0.4819148936170213,0.4819148936170213,0.4819148936170213,0.4819148936170213,HOU,2026-01-20,0.4800463559976447,1.62,2.36,1.0,0.55,0.45652173913043476,0.45652173913043476,True,906,0.6172839506172839,0.4787234042553192,-0.13856054636196474,False,False,False
DEN,LAL,0.4546682792280581,2.24,1.68,LAL,2026-01-20,1.0,,0.4787234042553192,,0.4819148936170213,0.4819148936170213,0.4819148936170213,0.4819148936170213,LAL,2026-01-20,0.4546682792280581,2.24,1.68,0.0,0.55,0.45652173913043476,0.45652173913043476,True,906,0.4464285714285714,0.4787234042553192,0.03229483282674778,False,False,False
CHI,LAC,0.598238685264607,1.62,2.36,CHI,2026-01-20,1.0,,0.6608695652173913,,0.6367391304347826,0.6367391304347826,0.6367391304347826,0.6367391304347826,CHI,2026-01-20,0.598238685264607,1.62,2.36,1.0,0.2,0.6428571428571429,0.6428571428571429,True,906,0.6172839506172839,0.6608695652173913,0.04358561460010735,False,False,False
GSW,TOR,0.7810410452396694,1.62,2.36,TOR,2026-01-20,0.0,,0.7948717948717948,,0.7506410256410256,0.7506410256410256,0.7506410256410256,0.7506410256410256,TOR,2026-01-20,0.7810410452396694,1.62,2.36,0.0,0.3,0.7532467532467533,0.7532467532467533,True,906,0.6172839506172839,0.7948717948717948,0.1775878442545109,False,False,False
UTA,MIN,0.4325782563221859,5.4,1.17,UTA,2026-01-20,0.0,,0.4264705882352941,,0.3763888888888889,0.3763888888888889,0.3763888888888889,0.3763888888888889,UTA,2026-01-20,0.4325782563221859,5.4,1.17,1.0,0.2,0.45652173913043476,0.45652173913043476,True,906,0.18518518518518517,0.33518518518518514,0.24128540305010893,True,False,True
GSW,MIA,0.6133493517019241,1.46,2.8,GSW,2026-01-19,1.0,,0.6548672566371682,,0.6316371681415929,0.6316371681415929,0.6316371681415929,0.6316371681415929,GSW,2026-01-19,0.6133493517019241,1.46,2.8,1.0,0.3,0.6428571428571429,0.6428571428571429,True,906,0.684931506849315,0.6548672566371682,-0.03006425021214687,False,False,False
DET,BOS,0.657419548123684,1.65,2.3,DET,2026-01-19,1.0,,0.6949152542372882,,0.6656779661016949,0.6656779661016949,0.6656779661016949,0.6656779661016949,DET,2026-01-19,0.657419548123684,1.65,2.3,1.0,0.7,0.6868686868686869,0.6868686868686869,True,906,0.6060606060606061,0.6949152542372882,0.0888546481766821,False,False,False
WAS,LAC,0.3520081140392159,3.25,1.36,LAC,2026-01-19,1.0,,0.323943661971831,,0.35035211267605637,0.35035211267605637,0.35035211267605637,0.35035211267605637,LAC,2026-01-19,0.3520081140392159,3.25,1.36,0.0,0.36,0.2857142857142857,0.2857142857142857,True,906,0.3076923076923077,0.323943661971831,0.01625135427952329,False,False,False
SAS,UTA,0.6413833563807121,1.1,7.75,SAS,2026-01-19,1.0,,0.6548672566371682,,0.6161504424778761,0.6161504424778761,0.6161504424778761,0.6161504424778761,SAS,2026-01-19,0.6413833563807121,1.1,7.75,1.0,0.8,0.6428571428571429,0.6428571428571429,True,906,0.9090909090909091,0.6548672566371682,-0.2542236524537409,True,False,True
CLE,OKC,0.585788538333295,2.85,1.44,OKC,2026-01-19,0.0,,0.6122448979591837,,0.5006578947368421,0.5006578947368421,0.5006578947368421,0.5006578947368421,OKC,2026-01-19,0.585788538333295,2.85,1.44,0.0,0.88,0.5454545454545454,0.5454545454545454,True,906,0.3508771929824561,0.5008771929824561,0.26136770497672757,True,True,True
PHI,IND,0.6652624753751025,1.39,3.1,PHI,2026-01-19,1.0,,0.6949152542372882,,0.6656779661016949,0.6656779661016949,0.6656779661016949,0.6656779661016949,PHI,2026-01-19,0.6652624753751025,1.39,3.1,1.0,0.75,0.6868686868686869,0.6868686868686869,True,906,0.7194244604316548,0.6949152542372882,-0.024509206194366584,False,False,False
NYK,DAL,0.3827689487882426,1.23,4.4,DAL,2026-01-19,1.0,,0.42424242424242425,,0.4431818181818182,0.4431818181818182,0.4431818181818182,0.4431818181818182,DAL,2026-01-19,0.3827689487882426,1.23,4.4,0.0,0.71,0.4318181818181818,0.4318181818181818,True,906,0.8130081300813008,0.42424242424242425,-0.38876570583887654,True,False,True
ATL,MIL,0.5433459781582997,1.74,2.14,MIL,2026-01-19,0.0,,0.4878048780487805,,0.4896341463414634,0.4896341463414634,0.4896341463414634,0.4896341463414634,MIL,2026-01-19,0.5433459781582997,1.74,2.14,0.0,0.69,0.5,0.5,True,906,0.5747126436781609,0.4878048780487805,-0.0869077656293804,False,False,False
HOU,NOP,0.9530784999569416,1.14,6.0,HOU,2026-01-18,1.0,,1.0,,0.925,0.925,0.925,0.8,HOU,2026-01-18,0.9530784999569416,1.14,6.0,1.0,0.55,1.0,1.0,True,906,0.8771929824561404,1.0,0.12280701754385959,False,False,False
SAC,POR,0.7864285961732846,,,POR,2026-01-18,0.0,,1.0,,0.925,0.925,0.925,0.8,POR,2026-01-18,0.7864285961732846,,,0.0,0.29,0.7532467532467533,0.7532467532467533,True,906,,1.0,,False,False,False
LAL,TOR,0.3338547849968696,,,LAL,2026-01-18,0.0,,0.323943661971831,,0.35035211267605637,0.35035211267605637,0.35035211267605637,0.35035211267605637,LAL,2026-01-18,0.3338547849968696,,,1.0,0.71,0.2857142857142857,0.2857142857142857,True,906,,0.323943661971831,,False,False,False
DEN,CHO,0.5149566975804762,1.68,2.26,CHO,2026-01-18,0.0,,0.47674418604651164,,0.4802325581395349,0.4802325581395349,0.4802325581395349,0.4802325581395349,CHO,2026-01-18,0.5149566975804762,1.68,2.26,0.0,0.55,0.5,0.5,True,906,0.5952380952380952,0.47674418604651164,-0.11849390919158359,False,False,False
CHI,BRK,0.0743464452469788,1.46,2.8,CHI,2026-01-18,0.0,,0.25,,0.3125,0.3125,0.3125,0.35,CHI,2026-01-18,0.0743464452469788,1.46,2.8,1.0,0.2,0.2857142857142857,0.2857142857142857,True,906,0.684931506849315,0.25,-0.43493150684931503,True,False,True
MEM,ORL,0.3993185085971389,2.5,1.56,MEM,2026-01-18,0.0,,0.42424242424242425,,0.4356060606060606,0.4356060606060606,0.4356060606060606,0.4356060606060606,MEM,2026-01-18,0.3993185085971389,2.5,1.56,1.0,0.25,0.4318181818181818,0.4318181818181818,True,906,0.4,0.42424242424242425,0.024242424242424232,False,False,False
DET,IND,0.648827810767519,1.14,6.0,DET,2026-01-17,1.0,,0.6454545454545455,,0.6090909090909091,0.6090909090909091,0.6090909090909091,0.6090909090909091,DET,2026-01-17,0.648827810767519,1.14,6.0,1.0,0.7,0.6428571428571429,0.6428571428571429,True,906,0.8771929824561404,0.6454545454545455,-0.2317384370015949,True,False,True
GSW,CHO,0.5435084508772369,1.36,3.25,GSW,2026-01-17,1.0,,0.47674418604651164,,0.48255813953488375,0.48255813953488375,0.48255813953488375,0.48255813953488375,GSW,2026-01-17,0.5435084508772369,1.36,3.25,1.0,0.3,0.5,0.5,True,906,0.7352941176470588,0.47674418604651164,-0.2585499316005471,True,False,True
DEN,WAS,0.5872593825836531,1.15,5.7,DEN,2026-01-17,1.0,,0.6454545454545455,,0.6090909090909091,0.6090909090909091,0.6090909090909091,0.6090909090909091,DEN,2026-01-17,0.5872593825836531,1.15,5.7,1.0,0.55,0.5925925925925926,0.5925925925925926,True,906,0.8695652173913044,0.6454545454545455,-0.22411067193675893,True,False,True
SAS,MIN,0.5933550970210403,1.42,2.95,SAS,2026-01-17,1.0,,0.6454545454545455,,0.6236363636363637,0.6236363636363637,0.6236363636363637,0.6236363636363637,SAS,2026-01-17,0.5933550970210403,1.42,2.95,1.0,0.8,0.5925925925925926,0.5925925925925926,True,906,0.7042253521126761,0.6454545454545455,-0.058770806658130614,False,False,False
POR,LAL,0.5110063240666811,1.65,2.3,POR,2026-01-17,1.0,,0.47674418604651164,,0.4802325581395349,0.4802325581395349,0.4802325581395349,0.4802325581395349,POR,2026-01-17,0.5110063240666811,1.65,2.3,1.0,0.5,0.5,0.5,True,906,0.6060606060606061,0.47674418604651164,-0.12931642001409444,False,False,False
DAL,UTA,0.5304086692478349,1.62,2.36,DAL,2026-01-17,1.0,,0.47674418604651164,,0.4802325581395349,0.4802325581395349,0.4802325581395349,0.4802325581395349,DAL,2026-01-17,0.5304086692478349,1.62,2.36,1.0,0.0,0.5,0.5,True,906,0.6172839506172839,0.47674418604651164,-0.14053976457077227,False,False,False
NYK,PHO,0.4062728124093717,1.59,2.42,PHO,2026-01-17,1.0,,0.4126984126984127,,0.43452380952380953,0.43452380952380953,0.43452380952380953,0.43452380952380953,PHO,2026-01-17,0.4062728124093717,1.59,2.42,0.0,0.71,0.45652173913043476,0.45652173913043476,True,906,0.6289308176100629,0.4126984126984127,-0.2162324049116502,True,False,True
ATL,BOS,0.4667897489038531,2.36,1.62,BOS,2026-01-17,1.0,,0.47928994082840237,,0.482396449704142,0.482396449704142,0.482396449704142,0.482396449704142,BOS,2026-01-17,0.4667897489038531,2.36,1.62,0.0,0.69,0.45652173913043476,0.45652173913043476,True,906,0.42372881355932207,0.47928994082840237,0.0555611272690803,False,False,False
MIA,OKC,0.4364626215918478,4.4,1.23,MIA,2026-01-17,0.0,,0.4126984126984127,,0.4257936507936508,0.4257936507936508,0.4257936507936508,0.4257936507936508,MIA,2026-01-17,0.4364626215918478,4.4,1.23,1.0,0.67,0.45652173913043476,0.45652173913043476,True,906,0.22727272727272727,0.4126984126984127,0.1854256854256854,False,False,False
IND,NOP,0.4879714874854292,1.59,2.42,IND,2026-01-16,0.0,,0.47928994082840237,,0.482396449704142,0.482396449704142,0.482396449704142,0.482396449704142,IND,2026-01-16,0.4879714874854292,1.59,2.42,1.0,0.25,0.45652173913043476,0.45652173913043476,True,906,0.6289308176100629,0.47928994082840237,-0.1496408767816605,False,False,False
PHI,CLE,0.5704755763813759,1.7,2.2,CLE,2026-01-16,0.0,,0.625,,0.60625,0.60625,0.60625,0.60625,CLE,2026-01-16,0.5704755763813759,1.7,2.2,0.0,0.75,0.5454545454545454,0.5454545454545454,True,906,0.5882352941176471,0.625,0.03676470588235292,False,False,False
TOR,LAC,0.4914583437531902,2.05,1.8,LAC,2026-01-16,1.0,,0.47928994082840237,,0.482396449704142,0.482396449704142,0.482396449704142,0.482396449704142,LAC,2026-01-16,0.4914583437531902,2.05,1.8,0.0,0.4,0.45652173913043476,0.45652173913043476,True,906,0.48780487804878053,0.47928994082840237,-0.00851493722037816,False,False,False
SAC,WAS,0.3844485379596853,1.37,3.2,SAC,2026-01-16,0.0,,0.4126984126984127,,0.43452380952380953,0.43452380952380953,0.43452380952380953,0.43452380952380953,SAC,2026-01-16,0.3844485379596853,1.37,3.2,1.0,0.29,0.4318181818181818,0.4318181818181818,True,906,0.7299270072992701,0.4126984126984127,-0.3172285946008574,True,False,True
HOU,MIN,0.5991149469438325,1.56,2.5,HOU,2026-01-16,1.0,,0.6363636363636364,,0.6159090909090909,0.6159090909090909,0.6159090909090909,0.6159090909090909,HOU,2026-01-16,0.5991149469438325,1.56,2.5,1.0,0.55,0.6428571428571429,0.6428571428571429,True,906,0.641025641025641,0.6363636363636364,-0.004662004662004615,False,False,False
BRK,CHI,0.2798137238992225,1.8,2.05,BRK,2026-01-16,0.0,,0.2857142857142857,,0.3392857142857143,0.3392857142857143,0.3392857142857143,0.35,BRK,2026-01-16,0.2798137238992225,1.8,2.05,1.0,0.33,0.2857142857142857,0.2857142857142857,True,906,0.5555555555555556,0.2857142857142857,-0.2698412698412699,True,False,True
GSW,NYK,0.6228020179151444,1.4,3.05,GSW,2026-01-15,1.0,,0.6395348837209303,,0.6186046511627907,0.6186046511627907,0.6186046511627907,0.6186046511627907,GSW,2026-01-15,0.6228020179151444,1.4,3.05,1.0,0.3,0.6428571428571429,0.6428571428571429,True,906,0.7142857142857143,0.6395348837209303,-0.07475083056478404,False,False,False
HOU,OKC,0.5369616545424593,2.64,1.51,OKC,2026-01-15,0.0,,0.48484848484848486,,0.4871212121212121,0.4871212121212121,0.4871212121212121,0.4871212121212121,OKC,2026-01-15,0.5369616545424593,2.64,1.51,0.0,0.55,0.5,0.5,True,906,0.3787878787878788,0.48484848484848486,0.10606060606060608,False,False,False
POR,ATL,0.5432507690412679,2.4,1.6,POR,2026-01-15,1.0,,0.48484848484848486,,0.4871212121212121,0.4871212121212121,0.4871212121212121,0.4871212121212121,POR,2026-01-15,0.5432507690412679,2.4,1.6,1.0,0.5,0.5,0.5,True,906,0.4166666666666667,0.48484848484848486,0.06818181818181818,False,False,False
LAL,CHO,0.670522081435954,1.56,2.5,CHO,2026-01-15,0.0,,0.7068965517241379,,0.6758620689655173,0.6758620689655173,0.6758620689655173,0.6758620689655173,CHO,2026-01-15,0.670522081435954,1.56,2.5,0.0,0.71,0.6868686868686869,0.6868686868686869,True,906,0.641025641025641,0.7068965517241379,0.06587091069849693,False,False,False
ORL,MEM,0.5974978553549952,1.43,2.9,ORL,2026-01-15,1.0,,0.6176470588235294,,0.6,0.6,0.6,0.6,ORL,2026-01-15,0.5974978553549952,1.43,2.9,1.0,0.67,0.6428571428571429,0.6428571428571429,True,906,0.6993006993006994,0.6176470588235294,-0.08165364047716994,False,False,False
SAS,MIL,0.4055834725309643,1.34,3.35,SAS,2026-01-15,0.0,,0.39344262295081966,,0.42008196721311475,0.42008196721311475,0.42008196721311475,0.42008196721311475,SAS,2026-01-15,0.4055834725309643,1.34,3.35,1.0,0.8,0.45652173913043476,0.45652173913043476,True,906,0.7462686567164178,0.39344262295081966,-0.3528260337655982,True,False,True
MIA,BOS,0.4944659509359115,2.24,1.68,BOS,2026-01-15,1.0,,0.48484848484848486,,0.4871212121212121,0.4871212121212121,0.4871212121212121,0.4871212121212121,BOS,2026-01-15,0.4944659509359115,2.24,1.68,0.0,0.67,0.45652173913043476,0.45652173913043476,True,906,0.4464285714285714,0.48484848484848486,0.038419913419913465,False,False,False
DET,PHO,0.5962413289042435,1.35,3.3,DET,2026-01-15,1.0,,0.6176470588235294,,0.6,0.6,0.6,0.6,DET,2026-01-15,0.5962413289042435,1.35,3.3,1.0,0.7,0.6428571428571429,0.6428571428571429,True,906,0.7407407407407407,0.6176470588235294,-0.12309368191721126,False,False,False
DAL,UTA,0.4107875873273174,1.7,2.2,DAL,2026-01-15,0.0,,0.39344262295081966,,0.40942622950819674,0.40942622950819674,0.40942622950819674,0.40942622950819674,DAL,2026-01-15,0.4107875873273174,1.7,2.2,1.0,0.0,0.45652173913043476,0.45652173913043476,True,906,0.5882352941176471,0.39344262295081966,-0.1947926711668274,False,False,False
DAL,DEN,0.391469161201273,1.82,2.02,DEN,2026-01-14,1.0,,0.3793103448275862,,0.39741379310344827,0.39741379310344827,0.39741379310344827,0.39741379310344827,DEN,2026-01-14,0.391469161201273,1.82,2.02,0.0,0.0,0.4318181818181818,0.4318181818181818,True,906,0.5494505494505494,0.3793103448275862,-0.1701402046229632,False,False,False
CHI,UTA,0.3773716076207121,1.56,2.5,CHI,2026-01-14,0.0,,0.3793103448275862,,0.4094827586206896,0.4094827586206896,0.4094827586206896,0.4094827586206896,CHI,2026-01-14,0.3773716076207121,1.56,2.5,1.0,0.2,0.4318181818181818,0.4318181818181818,True,906,0.641025641025641,0.3793103448275862,-0.2617152961980548,True,False,True
NOP,BRK,0.4249656281749272,2.1,1.77,NOP,2026-01-14,0.0,,0.3793103448275862,,0.39741379310344827,0.39741379310344827,0.39741379310344827,0.39741379310344827,NOP,2026-01-14,0.4249656281749272,2.1,1.77,1.0,0.75,0.45652173913043476,0.45652173913043476,True,906,0.47619047619047616,0.3793103448275862,-0.09688013136288998,False,False,False
SAC,NYK,0.3505544888281816,4.8,1.2,SAC,2026-01-14,0.0,,0.3023255813953488,,0.3319767441860465,0.3319767441860465,0.3319767441860465,0.35,SAC,2026-01-14,0.3505544888281816,4.8,1.2,1.0,0.29,0.2857142857142857,0.2857142857142857,True,906,0.20833333333333334,0.3023255813953488,0.09399224806201548,False,False,False
LAC,WAS,0.6892687843888079,1.15,5.9,LAC,2026-01-14,1.0,,0.717391304347826,,0.6847826086956521,0.6847826086956521,0.6847826086956521,0.6847826086956521,LAC,2026-01-14,0.6892687843888079,1.15,5.9,1.0,0.6,0.7037037037037037,0.7037037037037037,True,906,0.8695652173913044,0.717391304347826,-0.15217391304347838,False,False,False
PHI,CLE,0.7064706546389082,1.87,1.95,CLE,2026-01-14,0.0,,0.7272727272727273,,0.6931818181818182,0.6931818181818182,0.6931818181818182,0.6931818181818182,CLE,2026-01-14,0.7064706546389082,1.87,1.95,0.0,0.75,0.7037037037037037,0.7037037037037037,True,906,0.53475935828877,0.7272727272727273,0.19251336898395732,False,False,False
IND,TOR,0.4957492551270722,2.14,1.74,TOR,2026-01-14,1.0,,0.48484848484848486,,0.4871212121212121,0.4871212121212121,0.4871212121212121,0.4871212121212121,TOR,2026-01-14,0.4957492551270722,2.14,1.74,0.0,0.25,0.45652173913043476,0.45652173913043476,True,906,0.4672897196261682,0.48484848484848486,0.01755876522231664,False,False,False
GSW,POR,0.625130988298508,1.23,4.4,GSW,2026-01-13,1.0,,0.6352941176470588,,0.615,0.615,0.615,0.615,GSW,2026-01-13,0.625130988298508,1.23,4.4,1.0,0.3,0.6428571428571429,0.6428571428571429,True,906,0.8130081300813008,0.6352941176470588,-0.177714012434242,False,False,False
NOP,DEN,0.4510095729330178,2.05,1.8,DEN,2026-01-13,1.0,,0.48466257668711654,,0.48696319018404904,0.48696319018404904,0.48696319018404904,0.48696319018404904,DEN,2026-01-13,0.4510095729330178,2.05,1.8,0.0,0.75,0.45652173913043476,0.45652173913043476,True,906,0.48780487804878053,0.48466257668711654,-0.0031423013616639905,False,False,False
MIA,PHO,0.4577259306013257,1.87,1.95,MIA,2026-01-13,0.0,,0.48466257668711654,,0.48696319018404904,0.48696319018404904,0.48696319018404904,0.48696319018404904,MIA,2026-01-13,0.4577259306013257,1.87,1.95,1.0,0.67,0.45652173913043476,0.45652173913043476,True,906,0.53475935828877,0.48466257668711654,-0.05009678160165343,False,False,False
LAL,ATL,0.6713112546211288,2.2,1.7,LAL,2026-01-13,1.0,,0.7017543859649122,,0.5784090909090909,0.5784090909090909,0.5784090909090909,0.5784090909090909,LAL,2026-01-13,0.6713112546211288,2.2,1.7,1.0,0.71,0.6868686868686869,0.6868686868686869,True,906,0.45454545454545453,0.6045454545454545,0.2472089314194577,True,False,True
HOU,CHI,0.6905142309709209,1.17,5.4,HOU,2026-01-13,1.0,,0.7272727272727273,,0.6931818181818182,0.6931818181818182,0.6931818181818182,0.6931818181818182,HOU,2026-01-13,0.6905142309709209,1.17,5.4,1.0,0.55,0.7037037037037037,0.7037037037037037,True,906,0.8547008547008548,0.7272727272727273,-0.12742812742812748,False,False,False
MIL,MIN,0.6505288596784253,1.68,2.24,MIN,2026-01-13,0.0,,0.6577946641311492,,0.6341254645114768,0.6341254645114768,0.6341254645114768,0.6341254645114768,MIN,2026-01-13,0.6505288596784253,1.68,2.24,0.0,0.55,0.6428571428571429,0.6428571428571429,True,906,0.5952380952380952,0.6577946641311492,0.06255656889305394,False,False,False
OKC,SAS,0.6996349255260431,1.29,3.7,OKC,2026-01-13,1.0,,0.7142857142857143,,0.6821428571428572,0.6821428571428572,0.6821428571428572,0.6821428571428572,OKC,2026-01-13,0.6996349255260431,1.29,3.7,1.0,0.73,0.7037037037037037,0.7037037037037037,True,906,0.7751937984496123,0.7142857142857143,-0.060908084163898035,False,False,False
TOR,PHI,0.5860632624198406,2.3,1.65,PHI,2026-01-12,0.0,,0.6212121212121212,,0.5635869565217392,0.5635869565217392,0.5635869565217392,0.5635869565217392,PHI,2026-01-12,0.5860632624198406,2.3,1.65,0.0,0.4,0.5454545454545454,0.5454545454545454,True,906,0.4347826086956522,0.5847826086956522,0.186429512516469,True,True,True
CLE,UTA,0.6769057124984172,1.14,6.0,UTA,2026-01-12,0.0,,0.7090909090909091,,0.6777272727272727,0.6777272727272727,0.6777272727272727,0.6777272727272727,UTA,2026-01-12,0.6769057124984172,1.14,6.0,0.0,0.88,0.6868686868686869,0.6868686868686869,True,906,0.8771929824561404,0.7090909090909091,-0.1681020733652313,False,False,False
LAC,CHO,0.439464281732815,1.52,2.6,LAC,2026-01-12,0.0,,0.45964255074589605,,0.46569616813401166,0.46569616813401166,0.46569616813401166,0.46569616813401166,LAC,2026-01-12,0.439464281732815,1.52,2.6,1.0,0.6,0.45652173913043476,0.45652173913043476,True,906,0.6578947368421053,0.45964255074589605,-0.19825218609620926,False,False,False
SAC,LAL,0.3030865433753891,4.0,1.26,SAC,2026-01-12,0.0,,0.25,,0.2875,0.2875,0.2875,0.35,SAC,2026-01-12,0.3030865433753891,4.0,1.26,1.0,0.29,0.2857142857142857,0.2857142857142857,True,906,0.25,0.25,0.0,False,False,False
DAL,BRK,0.4482472186654126,1.62,2.36,DAL,2026-01-12,0.0,,0.4782608695652174,,0.4815217391304348,0.4815217391304348,0.4815217391304348,0.4815217391304348,DAL,2026-01-12,0.4482472186654126,1.62,2.36,1.0,0.0,0.45652173913043476,0.45652173913043476,True,906,0.6172839506172839,0.4782608695652174,-0.1390230810520665,False,False,False
IND,BOS,0.5853434208632223,2.85,1.44,IND,2026-01-12,1.0,,0.6212121212121212,,0.5006578947368421,0.5006578947368421,0.5006578947368421,0.5006578947368421,IND,2026-01-12,0.5853434208632223,2.85,1.44,1.0,0.25,0.5454545454545454,0.5454545454545454,True,906,0.3508771929824561,0.5008771929824561,0.2703349282296651,True,True,True
MIN,SAS,0.6539265318434804,1.7,2.2,MIN,2026-01-11,1.0,,0.7090909090909091,,0.6777272727272727,0.6777272727272727,0.6777272727272727,0.6777272727272727,MIN,2026-01-11,0.6539265318434804,1.7,2.2,1.0,0.64,0.6868686868686869,0.6868686868686869,True,906,0.5882352941176471,0.7090909090909091,0.12085561497326203,False,False,False
PHO,WAS,0.7361129763061817,1.12,6.5,PHO,2026-01-11,1.0,,0.8055555555555556,,0.7597222222222222,0.7597222222222222,0.7597222222222222,0.7597222222222222,PHO,2026-01-11,0.7361129763061817,1.12,6.5,1.0,0.86,0.7532467532467533,0.7532467532467533,True,906,0.8928571428571428,0.8055555555555556,-0.08730158730158721,False,False,False
POR,NYK,0.6174432143720677,2.6,1.52,NYK,2026-01-11,0.0,,0.6625,,0.5259615384615385,0.5259615384615385,0.5259615384615385,0.5259615384615385,NYK,2026-01-11,0.6174432143720677,2.6,1.52,0.0,0.5,0.6428571428571429,0.6428571428571429,True,906,0.3846153846153846,0.5346153846153846,0.2778846153846154,True,True,True
MEM,BRK,0.5475173366887672,1.36,3.25,MEM,2026-01-11,1.0,,0.46835443037974683,,0.4762658227848101,0.4762658227848101,0.4762658227848101,0.4762658227848101,MEM,2026-01-11,0.5475173366887672,1.36,3.25,1.0,0.25,0.5172413793103449,0.5172413793103449,True,906,0.7352941176470588,0.46835443037974683,-0.26693968726731193,True,False,True
SAC,HOU,0.3217759941788336,5.7,1.15,SAC,2026-01-11,0.0,,0.2857142857142857,,0.31785714285714284,0.31785714285714284,0.31785714285714284,0.35,SAC,2026-01-11,0.3217759941788336,5.7,1.15,1.0,0.29,0.2857142857142857,0.2857142857142857,True,906,0.17543859649122806,0.2857142857142857,0.11027568922305764,False,False,False
OKC,MIA,0.7282701017450532,1.12,6.5,OKC,2026-01-11,1.0,,0.8,,0.755,0.755,0.755,0.755,OKC,2026-01-11,0.7282701017450532,1.12,6.5,1.0,0.73,0.7532467532467533,0.7532467532467533,True,906,0.8928571428571428,0.8,-0.09285714285714275,False,False,False
DEN,MIL,0.5031058615687718,2.14,1.74,DEN,2026-01-11,1.0,,0.46835443037974683,,0.47310126582278483,0.47310126582278483,0.47310126582278483,0.47310126582278483,DEN,2026-01-11,0.5031058615687718,2.14,1.74,1.0,0.55,0.5,0.5,True,906,0.4672897196261682,0.46835443037974683,0.0010647107535786127,False,False,False
GSW,ATL,0.6423893361901992,1.46,2.8,ATL,2026-01-11,0.0,,0.6625,,0.6381249999999999,0.6381249999999999,0.6381249999999999,0.6381249999999999,ATL,2026-01-11,0.6423893361901992,1.46,2.8,0.0,0.3,0.6428571428571429,0.6428571428571429,True,906,0.684931506849315,0.6625,-0.022431506849315053,False,False,False
ORL,NOP,0.5366703668603217,1.39,3.1,ORL,2026-01-11,1.0,,0.46835443037974683,,0.4762658227848101,0.4762658227848101,0.4762658227848101,0.4762658227848101,ORL,2026-01-11,0.5366703668603217,1.39,3.1,1.0,0.67,0.5,0.5,True,906,0.7194244604316548,0.46835443037974683,-0.2510700300519079,True,False,True
TOR,PHI,0.6428520307844056,2.54,1.54,TOR,2026-01-11,1.0,,0.6625,,0.5327755905511811,0.5327755905511811,0.5327755905511811,0.5327755905511811,TOR,2026-01-11,0.6428520307844056,2.54,1.54,1.0,0.4,0.6428571428571429,0.6428571428571429,True,906,0.39370078740157477,0.5437007874015748,0.2687992125984252,True,True,True
UTA,CHO,0.4178226412268801,2.54,1.54,CHO,2026-01-10,1.0,,0.375,,0.39375,0.39375,0.39375,0.39375,CHO,2026-01-10,0.4178226412268801,2.54,1.54,0.0,0.2,0.45652173913043476,0.45652173913043476,True,906,0.39370078740157477,0.375,-0.01870078740157477,False,False,False
CHI,DAL,0.3811653539700926,1.68,2.24,CHI,2026-01-10,0.0,,0.375,,0.40625,0.40625,0.40625,0.40625,CHI,2026-01-10,0.3811653539700926,1.68,2.24,1.0,0.2,0.4318181818181818,0.4318181818181818,True,906,0.5952380952380952,0.375,-0.22023809523809523,True,False,True
DET,LAC,0.637491090465814,1.51,2.64,LAC,2026-01-10,0.0,,0.6625,,0.6381249999999999,0.6381249999999999,0.6381249999999999,0.6381249999999999,LAC,2026-01-10,0.637491090465814,1.51,2.64,0.0,0.7,0.6428571428571429,0.6428571428571429,True,906,0.6622516556291391,0.6625,0.0002483443708608535,False,False,False
CLE,MIN,0.621974270115102,1.7,2.2,CLE,2026-01-10,1.0,,0.6538461538461539,,0.6307692307692307,0.6307692307692307,0.6307692307692307,0.6307692307692307,CLE,2026-01-10,0.621974270115102,1.7,2.2,1.0,0.88,0.6428571428571429,0.6428571428571429,True,906,0.5882352941176471,0.6538461538461539,0.06561085972850678,False,False,False
IND,MIA,0.470258158783129,3.3,1.35,IND,2026-01-10,0.0,,0.477124183006536,,0.48055555555555557,0.48055555555555557,0.48055555555555557,0.48055555555555557,IND,2026-01-10,0.470258158783129,3.3,1.35,1.0,0.25,0.45652173913043476,0.45652173913043476,True,906,0.30303030303030304,0.477124183006536,0.17409387997623293,False,False,False
BOS,SAS,0.6608771232919017,1.98,1.85,SAS,2026-01-10,0.0,,0.72,,0.6162878787878788,0.6162878787878788,0.6162878787878788,0.6162878787878788,SAS,2026-01-10,0.6608771232919017,1.98,1.85,0.0,0.73,0.6868686868686869,0.6868686868686869,True,906,0.5050505050505051,0.6550505050505051,0.2149494949494949,True,False,True
WAS,NOP,0.5131237498621448,2.2,1.7,NOP,2026-01-09,0.0,,0.477124183006536,,0.48055555555555557,0.48055555555555557,0.48055555555555557,0.48055555555555557,NOP,2026-01-09,0.5131237498621448,2.2,1.7,0.0,0.36,0.5,0.5,True,906,0.45454545454545453,0.477124183006536,0.022578728461081443,False,False,False
MEM,OKC,0.3664680800512817,2.8,1.46,OKC,2026-01-09,1.0,,0.29411764705882354,,0.325,0.325,0.325,0.35,OKC,2026-01-09,0.3664680800512817,2.8,1.46,0.0,0.25,0.2857142857142857,0.2857142857142857,True,906,0.35714285714285715,0.29411764705882354,-0.06302521008403361,False,False,False
GSW,SAC,0.6239644410416928,1.13,6.25,GSW,2026-01-09,1.0,,0.6538461538461539,,0.6153846153846154,0.6153846153846154,0.6153846153846154,0.6153846153846154,GSW,2026-01-09,0.6239644410416928,1.13,6.25,1.0,0.3,0.6428571428571429,0.6428571428571429,True,906,0.8849557522123894,0.6538461538461539,-0.23110959836623557,True,False,True
LAL,MIL,0.5296896031105625,1.65,2.3,MIL,2026-01-09,0.0,,0.477124183006536,,0.48055555555555557,0.48055555555555557,0.48055555555555557,0.48055555555555557,MIL,2026-01-09,0.5296896031105625,1.65,2.3,0.0,0.71,0.5,0.5,True,906,0.6060606060606061,0.477124183006536,-0.1289364230540701,False,False,False
DEN,ATL,0.5474878245923759,2.02,1.82,ATL,2026-01-09,0.0,,0.477124183006536,,0.48055555555555557,0.48055555555555557,0.48055555555555557,0.48055555555555557,ATL,2026-01-09,0.5474878245923759,2.02,1.82,0.0,0.55,0.5172413793103449,0.5172413793103449,True,906,0.49504950495049505,0.477124183006536,-0.01792532194395907,False,False,False
ORL,PHI,0.4577676328173523,2.3,1.65,PHI,2026-01-09,1.0,,0.477124183006536,,0.48055555555555557,0.48055555555555557,0.48055555555555557,0.48055555555555557,PHI,2026-01-09,0.4577676328173523,2.3,1.65,0.0,0.67,0.45652173913043476,0.45652173913043476,True,906,0.4347826086956522,0.477124183006536,0.042341574310883756,False,False,False
BOS,TOR,0.7189119091481779,1.23,4.4,BOS,2026-01-09,1.0,,0.7096774193548387,,0.6782258064516129,0.6782258064516129,0.6782258064516129,0.6782258064516129,BOS,2026-01-09,0.7189119091481779,1.23,4.4,1.0,0.73,0.7532467532467533,0.7532467532467533,True,906,0.8130081300813008,0.7096774193548387,-0.10333071072646205,False,False,False
PHO,NYK,0.6591690742870373,1.98,1.85,PHO,2026-01-09,1.0,,0.7096774193548387,,0.6162878787878788,0.6162878787878788,0.6162878787878788,0.6162878787878788,PHO,2026-01-09,0.6591690742870373,1.98,1.85,1.0,0.86,0.6868686868686869,0.6868686868686869,True,906,0.5050505050505051,0.6550505050505051,0.20462691430433366,True,False,True
BRK,LAC,0.4596808834503605,2.64,1.51,LAC,2026-01-09,1.0,,0.47651006711409394,,0.48003355704697986,0.48003355704697986,0.48003355704697986,0.48003355704697986,LAC,2026-01-09,0.4596808834503605,2.64,1.51,0.0,0.33,0.45652173913043476,0.45652173913043476,True,906,0.3787878787878788,0.47651006711409394,0.09772218832621515,False,False,False
POR,HOU,0.5049763251584368,3.0,1.41,POR,2026-01-09,1.0,,0.47651006711409394,,0.48003355704697986,0.48003355704697986,0.48003355704697986,0.48003355704697986,POR,2026-01-09,0.5049763251584368,3.0,1.41,1.0,0.5,0.5,0.5,True,906,0.3333333333333333,0.47651006711409394,0.14317673378076062,False,False,False
UTA,DAL,0.5193399852388226,2.9,1.43,UTA,2026-01-08,1.0,,0.47651006711409394,,0.48003355704697986,0.48003355704697986,0.48003355704697986,0.48003355704697986,UTA,2026-01-08,0.5193399852388226,2.9,1.43,1.0,0.2,0.5,0.5,True,906,0.3448275862068966,0.47651006711409394,0.13168248090719736,False,False,False
CHO,IND,0.600928022277749,1.56,2.5,IND,2026-01-08,0.0,,0.6582278481012658,,0.6344936708860759,0.6344936708860759,0.6344936708860759,0.6344936708860759,IND,2026-01-08,0.600928022277749,1.56,2.5,0.0,0.7,0.6428571428571429,0.6428571428571429,True,906,0.641025641025641,0.6582278481012658,0.01720220707562481,False,False,False
MIN,CLE,0.705668728118653,1.8,2.05,MIN,2026-01-08,1.0,,0.7096774193548387,,0.6782258064516129,0.6782258064516129,0.6782258064516129,0.6782258064516129,MIN,2026-01-08,0.705668728118653,1.8,2.05,1.0,0.64,0.7037037037037037,0.7037037037037037,True,906,0.5555555555555556,0.7096774193548387,0.15412186379928317,False,False,False
PHI,WAS,0.6769804219202518,1.14,6.0,PHI,2026-01-07,1.0,,0.7096774193548387,,0.6782258064516129,0.6782258064516129,0.6782258064516129,0.6782258064516129,PHI,2026-01-07,0.6769804219202518,1.14,6.0,1.0,0.75,0.6868686868686869,0.6868686868686869,True,906,0.8771929824561404,0.7096774193548387,-0.16751556310130167,False,False,False
OKC,UTA,0.7916319983820829,1.08,8.5,OKC,2026-01-07,1.0,,1.0,,0.925,0.925,0.925,0.8,OKC,2026-01-07,0.7916319983820829,1.08,8.5,1.0,0.73,0.7532467532467533,0.7532467532467533,True,906,0.9259259259259258,1.0,0.07407407407407418,False,False,False
MEM,PHO,0.5021746104323312,2.8,1.46,PHO,2026-01-07,0.0,,0.47651006711409394,,0.48003355704697986,0.48003355704697986,0.48003355704697986,0.48003355704697986,PHO,2026-01-07,0.5021746104323312,2.8,1.46,0.0,0.25,0.45652173913043476,0.45652173913043476,True,906,0.35714285714285715,0.47651006711409394,0.11936720997123679,False,False,False
ATL,NOP,0.4105546075906678,1.23,4.4,ATL,2026-01-07,0.0,,0.36363636363636365,,0.3977272727272727,0.3977272727272727,0.3977272727272727,0.3977272727272727,ATL,2026-01-07,0.4105546075906678,1.23,4.4,1.0,0.69,0.45652173913043476,0.45652173913043476,True,906,0.8130081300813008,0.36363636363636365,-0.44937176644493715,True,False,True
DET,CHI,0.6778283321160116,1.24,4.2,DET,2026-01-07,1.0,,0.7,,0.6699999999999999,0.6699999999999999,0.6699999999999999,0.6699999999999999,DET,2026-01-07,0.6778283321160116,1.24,4.2,1.0,0.7,0.6868686868686869,0.6868686868686869,True,906,0.8064516129032259,0.7,-0.10645161290322591,False,False,False
POR,HOU,0.6010729858965135,3.15,1.38,POR,2026-01-07,1.0,,0.6578947368421053,,0.47559523809523807,0.47559523809523807,0.47559523809523807,0.47559523809523807,POR,2026-01-07,0.6010729858965135,3.15,1.38,1.0,0.5,0.6428571428571429,0.6428571428571429,True,906,0.31746031746031744,0.46746031746031746,0.34043441938178787,True,True,True
SAS,LAL,0.6684943010764368,1.41,3.0,SAS,2026-01-07,1.0,,0.7,,0.6699999999999999,0.6699999999999999,0.6699999999999999,0.6699999999999999,SAS,2026-01-07,0.6684943010764368,1.41,3.0,1.0,0.8,0.6868686868686869,0.6868686868686869,True,906,0.7092198581560284,0.7,-0.009219858156028438,False,False,False
NYK,LAC,0.573384360750434,1.54,2.54,NYK,2026-01-07,1.0,,0.6190476190476191,,0.6011904761904762,0.6011904761904762,0.6011904761904762,0.6011904761904762,NYK,2026-01-07,0.573384360750434,1.54,2.54,1.0,0.71,0.5454545454545454,0.5454545454545454,True,906,0.6493506493506493,0.6190476190476191,-0.030303030303030276,False,False,False
CHO,TOR,0.5304659414926364,2.1,1.77,TOR,2026-01-07,0.0,,0.47619047619047616,,0.4797619047619047,0.4797619047619047,0.4797619047619047,0.4797619047619047,TOR,2026-01-07,0.5304659414926364,2.1,1.77,0.0,0.7,0.5,0.5,True,906,0.47619047619047616,0.47619047619047616,0.0,False,False,False
BRK,ORL,0.6153606353418279,2.1,1.77,ORL,2026-01-07,0.0,,0.6578947368421053,,0.6342105263157896,0.6342105263157896,0.6342105263157896,0.6342105263157896,ORL,2026-01-07,0.6153606353418279,2.1,1.77,0.0,0.33,0.6428571428571429,0.6428571428571429,True,906,0.47619047619047616,0.6578947368421053,0.18170426065162915,False,False,False
GSW,MIL,0.6231598799776962,1.43,2.9,GSW,2026-01-07,1.0,,0.6578947368421053,,0.6342105263157896,0.6342105263157896,0.6342105263157896,0.6342105263157896,GSW,2026-01-07,0.6231598799776962,1.43,2.9,1.0,0.3,0.6428571428571429,0.6428571428571429,True,906,0.6993006993006994,0.6578947368421053,-0.04140596245859407,False,False,False
BOS,DEN,0.7561656647836603,1.26,4.0,DEN,2026-01-07,0.0,,0.8421052631578947,,0.7907894736842105,0.7907894736842105,0.7907894736842105,0.7907894736842105,DEN,2026-01-07,0.7561656647836603,1.26,4.0,0.0,0.73,0.7532467532467533,0.7532467532467533,True,906,0.7936507936507936,0.8421052631578947,0.04845446950710108,False,False,False
SAC,DAL,0.3500187786650042,2.8,1.46,DAL,2026-01-06,1.0,,0.3125,,0.340625,0.340625,0.340625,0.35,DAL,2026-01-06,0.3500187786650042,2.8,1.46,0.0,0.29,0.2857142857142857,0.2857142857142857,True,906,0.35714285714285715,0.3125,-0.04464285714285715,False,False,False
MIN,MIA,0.6742348557999109,1.46,2.8,MIN,2026-01-06,1.0,,0.6808510638297872,,0.6537234042553192,0.6537234042553192,0.6537234042553192,0.6537234042553192,MIN,2026-01-06,0.6742348557999109,1.46,2.8,1.0,0.64,0.6868686868686869,0.6868686868686869,True,906,0.684931506849315,0.6808510638297872,-0.004080443019527813,False,False,False
IND,CLE,0.4187051293893458,2.8,1.46,CLE,2026-01-06,1.0,,0.3584905660377358,,0.37971698113207547,0.37971698113207547,0.37971698113207547,0.37971698113207547,CLE,2026-01-06,0.4187051293893458,2.8,1.46,0.0,0.25,0.45652173913043476,0.45652173913043476,True,906,0.35714285714285715,0.3584905660377358,0.0013477088948786742,False,False,False
WAS,ORL,0.3851722477806105,3.25,1.36,WAS,2026-01-06,0.0,,0.3584905660377358,,0.37971698113207547,0.37971698113207547,0.37971698113207547,0.37971698113207547,WAS,2026-01-06,0.3851722477806105,3.25,1.36,1.0,0.36,0.4318181818181818,0.4318181818181818,True,906,0.3076923076923077,0.3584905660377358,0.050798258345428116,False,False,False
NOP,LAL,0.3524277031630957,2.85,1.44,LAL,2026-01-06,1.0,,0.3125,,0.340625,0.340625,0.340625,0.35,LAL,2026-01-06,0.3524277031630957,2.85,1.44,0.0,0.75,0.2857142857142857,0.2857142857142857,True,906,0.3508771929824561,0.3125,-0.03837719298245612,False,False,False
MEM,SAS,0.5078559421468926,2.9,1.43,MEM,2026-01-06,1.0,,0.47619047619047616,,0.4797619047619047,0.4797619047619047,0.4797619047619047,0.4797619047619047,MEM,2026-01-06,0.5078559421468926,2.9,1.43,1.0,0.25,0.5,0.5,True,906,0.3448275862068966,0.47619047619047616,0.1313628899835796,False,False,False
POR,UTA,0.4748364818479348,1.42,2.95,POR,2026-01-05,0.0,,0.4726027397260274,,0.4794520547945206,0.4794520547945206,0.4794520547945206,0.4794520547945206,POR,2026-01-05,0.4748364818479348,1.42,2.95,1.0,0.5,0.45652173913043476,0.45652173913043476,True,906,0.7042253521126761,0.4726027397260274,-0.23162261238664872,True,False,True
BOS,CHI,0.6815712799740434,1.19,4.9,BOS,2026-01-05,1.0,,0.6808510638297872,,0.6537234042553192,0.6537234042553192,0.6537234042553192,0.6537234042553192,BOS,2026-01-05,0.6815712799740434,1.19,4.9,1.0,0.73,0.6868686868686869,0.6868686868686869,True,906,0.8403361344537815,0.6808510638297872,-0.1594850706239943,False,False,False
LAC,GSW,0.5835816562958499,1.83,2.0,LAC,2026-01-05,1.0,,0.6129032258064516,,0.5959677419354839,0.5959677419354839,0.5959677419354839,0.5959677419354839,LAC,2026-01-05,0.5835816562958499,1.83,2.0,1.0,0.6,0.5454545454545454,0.5454545454545454,True,906,0.5464480874316939,0.6129032258064516,0.0664551383747577,False,False,False
HOU,PHO,0.6086552337953691,1.31,3.6,HOU,2026-01-05,1.0,,0.6533333333333333,,0.6303333333333333,0.6303333333333333,0.6303333333333333,0.6303333333333333,HOU,2026-01-05,0.6086552337953691,1.31,3.6,1.0,0.55,0.6428571428571429,0.6428571428571429,True,906,0.7633587786259541,0.6533333333333333,-0.11002544529262082,False,False,False
TOR,ATL,0.671663023525516,1.62,2.36,TOR,2026-01-05,1.0,,0.6808510638297872,,0.6537234042553192,0.6537234042553192,0.6537234042553192,0.6537234042553192,TOR,2026-01-05,0.671663023525516,1.62,2.36,1.0,0.4,0.6868686868686869,0.6868686868686869,True,906,0.6172839506172839,0.6808510638297872,0.0635671132125033,False,False,False
OKC,CHO,0.6399256028217224,1.09,8.0,CHO,2026-01-05,0.0,,0.6696428571428571,,0.6272321428571428,0.6272321428571428,0.6272321428571428,0.6272321428571428,CHO,2026-01-05,0.6399256028217224,1.09,8.0,0.0,0.73,0.6428571428571429,0.6428571428571429,True,906,0.9174311926605504,0.6696428571428571,-0.2477883355176933,True,False,True
PHI,DEN,0.5928963086528374,1.17,5.4,DEN,2026-01-05,0.0,,0.6470588235294118,,0.6102941176470589,0.6102941176470589,0.6102941176470589,0.6102941176470589,DEN,2026-01-05,0.5928963086528374,1.17,5.4,0.0,0.75,0.5925925925925926,0.5925925925925926,True,906,0.8547008547008548,0.6470588235294118,-0.20764203117144298,True,False,True
DET,NYK,0.6648670356899954,2.3,1.65,DET,2026-01-05,1.0,,0.6696428571428571,,0.5635869565217392,0.5635869565217392,0.5635869565217392,0.5635869565217392,DET,2026-01-05,0.6648670356899954,2.3,1.65,1.0,0.7,0.6868686868686869,0.6868686868686869,True,906,0.4347826086956522,0.5847826086956522,0.23486024844720488,True,True,True
MIA,NOP,0.4632010953016801,1.33,3.45,MIA,2026-01-04,0.0,,0.46099290780141844,,0.4707446808510638,0.4707446808510638,0.4707446808510638,0.4707446808510638,MIA,2026-01-04,0.4632010953016801,1.33,3.45,1.0,0.67,0.45652173913043476,0.45652173913043476,True,906,0.7518796992481203,0.46099290780141844,-0.2908867914467018,True,False,True
CLE,DET,0.6167316425530743,1.51,2.64,DET,2026-01-04,0.0,,0.6696428571428571,,0.6441964285714286,0.6441964285714286,0.6441964285714286,0.6441964285714286,DET,2026-01-04,0.6167316425530743,1.51,2.64,0.0,0.88,0.6428571428571429,0.6428571428571429,True,906,0.6622516556291391,0.6696428571428571,0.007391201513717971,False,False,False
WAS,MIN,0.4098726657555061,4.5,1.22,MIN,2026-01-04,1.0,,0.36538461538461536,,0.38557692307692304,0.38557692307692304,0.38557692307692304,0.38557692307692304,MIN,2026-01-04,0.4098726657555061,4.5,1.22,0.0,0.36,0.45652173913043476,0.45652173913043476,True,906,0.2222222222222222,0.36538461538461536,0.14316239316239315,False,False,False
BRK,DEN,0.5630168191575472,2.24,1.68,BRK,2026-01-04,1.0,,0.5952380952380952,,0.5809523809523809,0.5809523809523809,0.5809523809523809,0.5809523809523809,BRK,2026-01-04,0.5630168191575472,2.24,1.68,1.0,0.33,0.5172413793103449,0.5172413793103449,True,906,0.4464285714285714,0.5952380952380952,0.14880952380952384,False,False,False
SAC,MIL,0.2722856766465579,3.05,1.4,MIL,2026-01-04,1.0,,0.2631578947368421,,0.2986842105263158,0.2986842105263158,0.2986842105263158,0.35,MIL,2026-01-04,0.2722856766465579,3.05,1.4,0.0,0.29,0.2857142857142857,0.2857142857142857,True,906,0.3278688524590164,0.2631578947368421,-0.06471095772217433,False,False,False
PHO,OKC,0.574039585475278,4.1,1.25,PHO,2026-01-04,1.0,,0.5952380952380952,,0.42042682926829267,0.42042682926829267,0.42042682926829267,0.42042682926829267,PHO,2026-01-04,0.574039585475278,4.1,1.25,1.0,0.86,0.5454545454545454,0.5454545454545454,True,906,0.24390243902439027,0.39390243902439026,0.351335656213705,True,False,True
ORL,IND,0.6554445735235361,1.41,3.0,ORL,2026-01-04,1.0,,0.6696428571428571,,0.6441964285714286,0.6441964285714286,0.6441964285714286,0.6441964285714286,ORL,2026-01-04,0.6554445735235361,1.41,3.0,1.0,0.67,0.6868686868686869,0.6868686868686869,True,906,0.7092198581560284,0.6696428571428571,-0.0395770010131713,False,False,False
LAL,MEM,0.5497868988224193,1.43,2.9,LAL,2026-01-04,1.0,,0.4689655172413793,,0.47672413793103446,0.47672413793103446,0.47672413793103446,0.47672413793103446,LAL,2026-01-04,0.5497868988224193,1.43,2.9,1.0,0.71,0.5172413793103449,0.5172413793103449,True,906,0.6993006993006994,0.4689655172413793,-0.23033518205932008,True,False,True
CHI,CHO,0.497521874581029,1.8,2.05,CHO,2026-01-03,1.0,,0.46099290780141844,,0.46684397163120567,0.46684397163120567,0.46684397163120567,0.46684397163120567,CHO,2026-01-03,0.497521874581029,1.8,2.05,0.0,0.2,0.45652173913043476,0.45652173913043476,True,906,0.5555555555555556,0.46099290780141844,-0.09456264775413714,False,False,False
GSW,UTA,0.6526015238568514,1.16,5.55,GSW,2026-01-03,1.0,,0.6875,,0.659375,0.659375,0.659375,0.659375,GSW,2026-01-03,0.6526015238568514,1.16,5.55,1.0,0.3,0.6868686868686869,0.6868686868686869,True,906,0.8620689655172414,0.6875,-0.17456896551724144,False,False,False
MIA,MIN,0.5748099870603376,2.24,1.68,MIN,2026-01-03,0.0,,0.6097560975609756,,0.5932926829268292,0.5932926829268292,0.5932926829268292,0.5932926829268292,MIN,2026-01-03,0.5748099870603376,2.24,1.68,0.0,0.67,0.5454545454545454,0.5454545454545454,True,906,0.4464285714285714,0.6097560975609756,0.1633275261324042,False,False,False
SAS,POR,0.6470023116326212,1.28,3.85,POR,2026-01-03,0.0,,0.6875,,0.659375,0.659375,0.659375,0.659375,POR,2026-01-03,0.6470023116326212,1.28,3.85,0.0,0.8,0.6428571428571429,0.6428571428571429,True,906,0.78125,0.6875,-0.09375,False,False,False
TOR,ATL,0.534588325892931,1.62,2.36,TOR,2026-01-03,1.0,,0.46099290780141844,,0.46684397163120567,0.46684397163120567,0.46684397163120567,0.46684397163120567,TOR,2026-01-03,0.534588325892931,1.62,2.36,1.0,0.4,0.5,0.5,True,906,0.6172839506172839,0.46099290780141844,-0.15629104281586548,False,False,False
NYK,PHI,0.6327208062713386,1.65,2.3,PHI,2026-01-03,0.0,,0.6875,,0.659375,0.659375,0.659375,0.659375,PHI,2026-01-03,0.6327208062713386,1.65,2.3,0.0,0.71,0.6428571428571429,0.6428571428571429,True,906,0.6060606060606061,0.6875,0.08143939393939392,False,False,False
DAL,HOU,0.3334610324179232,3.7,1.29,DAL,2026-01-03,0.0,,0.2857142857142857,,0.31785714285714284,0.31785714285714284,0.31785714285714284,0.35,DAL,2026-01-03,0.3334610324179232,3.7,1.29,1.0,0.0,0.2857142857142857,0.2857142857142857,True,906,0.27027027027027023,0.2857142857142857,0.015444015444015469,False,False,False
LAC,BOS,0.6600072712201475,1.85,1.98,BOS,2026-01-03,0.0,,0.6875,,0.659375,0.659375,0.659375,0.659375,BOS,2026-01-03,0.6600072712201475,1.85,1.98,0.0,0.6,0.6868686868686869,0.6868686868686869,True,906,0.5405405405405405,0.6875,0.14695945945945954,False,False,False
NOP,POR,0.5745498138169773,1.93,1.89,POR,2026-01-02,0.0,,0.631578947368421,,0.6118421052631579,0.6118421052631579,0.6118421052631579,0.6118421052631579,POR,2026-01-02,0.5745498138169773,1.93,1.89,0.0,0.75,0.5454545454545454,0.5454545454545454,True,906,0.5181347150259068,0.631578947368421,0.11344423234251422,False,False,False
MIL,CHO,0.5312622189147572,1.41,3.0,MIL,2026-01-02,1.0,,0.45925925925925926,,0.46944444444444444,0.46944444444444444,0.46944444444444444,0.46944444444444444,MIL,2026-01-02,0.5312622189147572,1.41,3.0,1.0,0.55,0.5,0.5,True,906,0.7092198581560284,0.45925925925925926,-0.24996059889676914,True,False,True
NYK,ATL,0.5547926338016184,1.32,3.5,ATL,2026-01-02,0.0,,0.5777711143809836,,0.566105447223836,0.566105447223836,0.566105447223836,0.566105447223836,ATL,2026-01-02,0.5547926338016184,1.32,3.5,0.0,0.71,0.5172413793103449,0.5172413793103449,True,906,0.7575757575757576,0.5777711143809836,-0.17980464319477396,False,False,False
WAS,BRK,0.471617524805523,1.98,1.85,WAS,2026-01-02,0.0,,0.45925925925925926,,0.4653703703703704,0.4653703703703704,0.4653703703703704,0.4653703703703704,WAS,2026-01-02,0.471617524805523,1.98,1.85,1.0,0.36,0.45652173913043476,0.45652173913043476,True,906,0.5050505050505051,0.45925925925925926,-0.04579124579124583,False,False,False
GSW,OKC,0.4728933142533146,4.0,1.26,OKC,2026-01-02,1.0,,0.45925925925925926,,0.42500000000000004,0.42500000000000004,0.42500000000000004,0.42500000000000004,OKC,2026-01-02,0.4728933142533146,4.0,1.26,0.0,0.3,0.45652173913043476,0.45652173913043476,True,906,0.25,0.4,0.20925925925925926,True,False,True
CHI,ORL,0.524876782829098,2.6,1.52,CHI,2026-01-02,1.0,,0.46099290780141844,,0.46684397163120567,0.46684397163120567,0.46684397163120567,0.46684397163120567,CHI,2026-01-02,0.524876782829098,2.6,1.52,1.0,0.2,0.5,0.5,True,906,0.3846153846153846,0.46099290780141844,0.07637752318603386,False,False,False
PHO,SAC,0.6045375634437675,1.13,6.25,PHO,2026-01-02,1.0,,0.6363636363636364,,0.6022727272727273,0.6022727272727273,0.6022727272727273,0.6022727272727273,PHO,2026-01-02,0.6045375634437675,1.13,6.25,1.0,0.86,0.6428571428571429,0.6428571428571429,True,906,0.8849557522123894,0.6363636363636364,-0.24859211584875307,True,False,True
IND,SAS,0.4020721728994454,2.95,1.42,SAS,2026-01-02,1.0,,0.37254901960784315,,0.39166666666666666,0.39166666666666666,0.39166666666666666,0.39166666666666666,SAS,2026-01-02,0.4020721728994454,2.95,1.42,0.0,0.25,0.45652173913043476,0.45652173913043476,True,906,0.3389830508474576,0.37254901960784315,0.033565968760385534,False,False,False
LAL,MEM,0.559111901413608,1.57,2.45,LAL,2026-01-02,1.0,,0.6,,0.585,0.585,0.585,0.585,LAL,2026-01-02,0.559111901413608,1.57,2.45,1.0,0.71,0.5172413793103449,0.5172413793103449,True,906,0.6369426751592356,0.6,-0.03694267515923566,False,False,False
CLE,DEN,0.6169363751627692,1.12,6.5,CLE,2026-01-02,1.0,,0.6666666666666666,,0.625,0.625,0.625,0.625,CLE,2026-01-02,0.6169363751627692,1.12,6.5,1.0,0.88,0.6428571428571429,0.6428571428571429,True,906,0.8928571428571428,0.6666666666666666,-0.22619047619047616,True,False,True
LAC,UTA,0.7704206845014344,1.15,5.9,LAC,2026-01-01,1.0,,0.8333333333333334,,0.7833333333333334,0.7833333333333334,0.7833333333333334,0.7833333333333334,LAC,2026-01-01,0.7704206845014344,1.15,5.9,1.0,0.6,0.7532467532467533,0.7532467532467533,True,906,0.8695652173913044,0.8333333333333334,-0.036231884057971064,False,False,False
DAL,PHI,0.4803724870421181,2.14,1.74,PHI,2026-01-01,1.0,,0.46564885496183206,,0.47080152671755726,0.47080152671755726,0.47080152671755726,0.47080152671755726,PHI,2026-01-01,0.4803724870421181,2.14,1.74,0.0,0.0,0.45652173913043476,0.45652173913043476,True,906,0.4672897196261682,0.46564885496183206,-0.0016408646643361613,False,False,False
SAC,BOS,0.3415741149364661,4.2,1.24,BOS,2026-01-01,1.0,,0.3,,0.32999999999999996,0.32999999999999996,0.32999999999999996,0.35,BOS,2026-01-01,0.3415741149364661,4.2,1.24,0.0,0.29,0.2857142857142857,0.2857142857142857,True,906,0.23809523809523808,0.3,0.06190476190476191,False,False,False
DET,MIA,0.4422385072029466,1.51,2.64,MIA,2026-01-01,1.0,,0.46564885496183206,,0.47080152671755726,0.47080152671755726,0.47080152671755726,0.47080152671755726,MIA,2026-01-01,0.4422385072029466,1.51,2.64,0.0,0.7,0.45652173913043476,0.45652173913043476,True,906,0.6622516556291391,0.46564885496183206,-0.19660280066730706,False,False,False
BRK,HOU,0.7042342510126421,5.0,1.19,HOU,2026-01-01,0.0,,0.717948717948718,,0.38749999999999996,0.38749999999999996,0.38749999999999996,0.38749999999999996,HOU,2026-01-01,0.7042342510126421,5.0,1.19,0.0,0.33,0.7037037037037037,0.7037037037037037,True,906,0.2,0.35,0.5179487179487179,True,True,True
ATL,MIN,0.2921247752644692,2.7,1.49,ATL,2025-12-31,0.0,,0.22727272727272727,,0.2681818181818182,0.2681818181818182,0.2681818181818182,0.35,ATL,2025-12-31,0.2921247752644692,2.7,1.49,1.0,0.69,0.2857142857142857,0.2857142857142857,True,906,0.37037037037037035,0.22727272727272727,-0.14309764309764308,False,False,False
MIL,WAS,0.563859305990741,1.18,5.1,WAS,2025-12-31,0.0,,0.631578947368421,,0.5986842105263157,0.5986842105263157,0.5986842105263157,0.5986842105263157,WAS,2025-12-31,0.563859305990741,1.18,5.1,0.0,0.55,0.5172413793103449,0.5172413793103449,True,906,0.8474576271186441,0.631578947368421,-0.21587867975022312,True,False,True
CLE,PHO,0.4035159584925781,1.42,2.95,CLE,2025-12-31,0.0,,0.391304347826087,,0.41847826086956524,0.41847826086956524,0.41847826086956524,0.41847826086956524,CLE,2025-12-31,0.4035159584925781,1.42,2.95,1.0,0.88,0.45652173913043476,0.45652173913043476,True,906,0.7042253521126761,0.391304347826087,-0.31292100428658914,True,False,True
SAS,NYK,0.6066725907181034,1.82,2.02,SAS,2025-12-31,1.0,,0.6595744680851063,,0.6356382978723404,0.6356382978723404,0.6356382978723404,0.6356382978723404,SAS,2025-12-31,0.6066725907181034,1.82,2.02,1.0,0.8,0.6428571428571429,0.6428571428571429,True,906,0.5494505494505494,0.6595744680851063,0.11012391863455695,False,False,False
OKC,POR,0.709291445411883,1.08,8.5,OKC,2025-12-31,1.0,,0.717948717948718,,0.6634615384615384,0.6634615384615384,0.6634615384615384,0.6634615384615384,OKC,2025-12-31,0.709291445411883,1.08,8.5,1.0,0.73,0.7037037037037037,0.7037037037037037,True,906,0.9259259259259258,0.717948717948718,-0.20797720797720787,True,False,True
IND,ORL,0.5247141102217976,2.4,1.6,ORL,2025-12-31,0.0,,0.46564885496183206,,0.47080152671755726,0.47080152671755726,0.47080152671755726,0.47080152671755726,ORL,2025-12-31,0.5247141102217976,2.4,1.6,0.0,0.25,0.5,0.5,True,906,0.4166666666666667,0.46564885496183206,0.048982188295165374,False,False,False
CHO,GSW,0.4309506041046256,3.0,1.41,GSW,2025-12-31,1.0,,0.3877551020408163,,0.4045918367346939,0.4045918367346939,0.4045918367346939,0.4045918367346939,GSW,2025-12-31,0.4309506041046256,3.0,1.41,0.0,0.7,0.45652173913043476,0.45652173913043476,True,906,0.3333333333333333,0.3877551020408163,0.054421768707483,False,False,False
CHI,NOP,0.5189050204049604,1.85,1.98,CHI,2025-12-31,1.0,,0.46564885496183206,,0.47080152671755726,0.47080152671755726,0.47080152671755726,0.47080152671755726,CHI,2025-12-31,0.5189050204049604,1.85,1.98,1.0,0.2,0.5,0.5,True,906,0.5405405405405405,0.46564885496183206,-0.0748916855787084,False,False,False
TOR,DEN,0.420570149069463,1.39,3.1,DEN,2025-12-31,1.0,,0.3877551020408163,,0.41581632653061223,0.41581632653061223,0.41581632653061223,0.41581632653061223,DEN,2025-12-31,0.420570149069463,1.39,3.1,0.0,0.4,0.45652173913043476,0.45652173913043476,True,906,0.7194244604316548,0.3877551020408163,-0.33166935839083844,True,False,True
MEM,PHI,0.6851252838799331,1.95,1.87,PHI,2025-12-30,0.0,,0.6962025316455697,,0.6667721518987342,0.6667721518987342,0.6667721518987342,0.6667721518987342,PHI,2025-12-30,0.6851252838799331,1.95,1.87,0.0,0.25,0.6868686868686869,0.6868686868686869,True,906,0.5128205128205129,0.6962025316455697,0.18338201882505678,False,False,False
UTA,BOS,0.4905974079203489,3.4,1.34,BOS,2025-12-30,1.0,,0.46923076923076923,,0.47384615384615386,0.47384615384615386,0.47384615384615386,0.47384615384615386,BOS,2025-12-30,0.4905974079203489,3.4,1.34,0.0,0.2,0.45652173913043476,0.45652173913043476,True,906,0.29411764705882354,0.46923076923076923,0.1751131221719457,False,False,False
LAC,SAC,0.6992452868250728,1.24,4.3,LAC,2025-12-30,1.0,,0.7105263157894737,,0.6789473684210526,0.6789473684210526,0.6789473684210526,0.6789473684210526,LAC,2025-12-30,0.6992452868250728,1.24,4.3,1.0,0.6,0.7037037037037037,0.7037037037037037,True,906,0.8064516129032259,0.7105263157894737,-0.0959252971137522,False,False,False
LAL,DET,0.5986010569837851,2.24,1.68,DET,2025-12-30,0.0,,0.6595744680851063,,0.5723214285714285,0.5723214285714285,0.5723214285714285,0.5723214285714285,DET,2025-12-30,0.5986010569837851,2.24,1.68,0.0,0.71,0.6428571428571429,0.6428571428571429,True,906,0.4464285714285714,0.5964285714285714,0.21314589665653494,True,False,True
NOP,NYK,0.4006360355062581,3.85,1.28,NYK,2025-12-29,1.0,,0.391304347826087,,0.40760869565217395,0.40760869565217395,0.40760869565217395,0.40760869565217395,NYK,2025-12-29,0.4006360355062581,3.85,1.28,0.0,0.75,0.4318181818181818,0.4318181818181818,True,906,0.2597402597402597,0.391304347826087,0.13156408808582726,False,False,False
OKC,ATL,0.7556120600138033,1.1,7.75,OKC,2025-12-29,1.0,,0.8235294117647058,,0.7749999999999999,0.7749999999999999,0.7749999999999999,0.7749999999999999,OKC,2025-12-29,0.7556120600138033,1.1,7.75,1.0,0.73,0.7532467532467533,0.7532467532467533,True,906,0.9090909090909091,0.8235294117647058,-0.08556149732620322,False,False,False
SAS,CLE,0.7165933640697243,1.74,2.14,CLE,2025-12-29,0.0,,0.7647058823529411,,0.725,0.725,0.725,0.725,CLE,2025-12-29,0.7165933640697243,1.74,2.14,0.0,0.8,0.7532467532467533,0.7532467532467533,True,906,0.5747126436781609,0.7647058823529411,0.18999323867478024,False,False,False
CHI,MIN,0.3762986649716293,2.95,1.42,MIN,2025-12-29,1.0,,0.391304347826087,,0.40760869565217395,0.40760869565217395,0.40760869565217395,0.40760869565217395,MIN,2025-12-29,0.3762986649716293,2.95,1.42,0.0,0.2,0.4318181818181818,0.4318181818181818,True,906,0.3389830508474576,0.391304347826087,0.05232129697862936,False,False,False
WAS,PHO,0.500091152787734,4.8,1.2,PHO,2025-12-29,0.0,,0.4596774193548387,,0.39375,0.39375,0.39375,0.39375,PHO,2025-12-29,0.500091152787734,4.8,1.2,0.0,0.36,0.45652173913043476,0.45652173913043476,True,906,0.20833333333333334,0.35833333333333334,0.2513440860215054,True,False,True
HOU,IND,0.6730168001823373,1.1,7.5,HOU,2025-12-29,1.0,,0.6923076923076923,,0.6442307692307692,0.6442307692307692,0.6442307692307692,0.6442307692307692,HOU,2025-12-29,0.6730168001823373,1.1,7.5,1.0,0.55,0.6868686868686869,0.6868686868686869,True,906,0.9090909090909091,0.6923076923076923,-0.21678321678321677,True,False,True
POR,DAL,0.440095981734379,1.74,2.14,POR,2025-12-29,0.0,,0.4422906859517188,,0.450947083058961,0.450947083058961,0.450947083058961,0.450947083058961,POR,2025-12-29,0.440095981734379,1.74,2.14,1.0,0.5,0.45652173913043476,0.45652173913043476,True,906,0.5747126436781609,0.4422906859517188,-0.1324219577264421,False,False,False
TOR,ORL,0.4755779788406973,2.02,1.82,TOR,2025-12-29,0.0,,0.4596774193548387,,0.4657258064516129,0.4657258064516129,0.4657258064516129,0.4657258064516129,TOR,2025-12-29,0.4755779788406973,2.02,1.82,1.0,0.4,0.45652173913043476,0.45652173913043476,True,906,0.49504950495049505,0.4596774193548387,-0.035372085595656355,False,False,False
CHO,MIL,0.4747708261691403,2.36,1.62,MIL,2025-12-29,1.0,,0.4596774193548387,,0.4657258064516129,0.4657258064516129,0.4657258064516129,0.4657258064516129,MIL,2025-12-29,0.4747708261691403,2.36,1.62,0.0,0.7,0.45652173913043476,0.45652173913043476,True,906,0.42372881355932207,0.4596774193548387,0.03594860579551662,False,False,False
MIA,DEN,0.4711590057182661,2.14,1.74,MIA,2025-12-29,0.0,,0.4596774193548387,,0.4657258064516129,0.4657258064516129,0.4657258064516129,0.4657258064516129,MIA,2025-12-29,0.4711590057182661,2.14,1.74,1.0,0.67,0.45652173913043476,0.45652173913043476,True,906,0.4672897196261682,0.4596774193548387,-0.007612300271329531,False,False,False
BRK,GSW,0.7126272264624147,2.5,1.56,GSW,2025-12-29,0.0,,0.7647058823529411,,0.5375000000000001,0.5375000000000001,0.5375000000000001,0.5375000000000001,GSW,2025-12-29,0.7126272264624147,2.5,1.56,0.0,0.33,0.7037037037037037,0.7037037037037037,True,906,0.4,0.55,0.3647058823529411,True,True,True
LAC,DET,0.6640133555330131,2.36,1.62,LAC,2025-12-28,1.0,,0.6933333333333334,,0.5552966101694915,0.5552966101694915,0.5552966101694915,0.5552966101694915,LAC,2025-12-28,0.6640133555330131,2.36,1.62,1.0,0.6,0.6868686868686869,0.6868686868686869,True,906,0.42372881355932207,0.573728813559322,0.2696045197740113,True,True,True
WAS,MEM,0.2974250363677465,3.2,1.37,WAS,2025-12-28,0.0,,0.19047619047619047,,0.2369047619047619,0.2369047619047619,0.2369047619047619,0.35,WAS,2025-12-28,0.2974250363677465,3.2,1.37,1.0,0.36,0.2857142857142857,0.2857142857142857,True,906,0.3125,0.19047619047619047,-0.12202380952380953,False,False,False
POR,BOS,0.3692644023784283,3.15,1.38,POR,2025-12-28,0.0,,0.28205128205128205,,0.31474358974358974,0.31474358974358974,0.31474358974358974,0.35,POR,2025-12-28,0.3692644023784283,3.15,1.38,1.0,0.5,0.4,0.4,True,906,0.31746031746031744,0.28205128205128205,-0.035409035409035394,False,False,False
LAL,SAC,0.5591892701935385,1.15,5.7,LAL,2025-12-28,1.0,,0.6111111111111112,,0.5833333333333334,0.5833333333333334,0.5833333333333334,0.5833333333333334,LAL,2025-12-28,0.5591892701935385,1.15,5.7,1.0,0.71,0.5172413793103449,0.5172413793103449,True,906,0.8695652173913044,0.6111111111111112,-0.2584541062801933,True,False,True
TOR,GSW,0.4532713200446184,2.54,1.54,TOR,2025-12-28,0.0,,0.4596774193548387,,0.4657258064516129,0.4657258064516129,0.4657258064516129,0.4657258064516129,TOR,2025-12-28,0.4532713200446184,2.54,1.54,1.0,0.4,0.45652173913043476,0.45652173913043476,True,906,0.39370078740157477,0.4596774193548387,0.06597663195326392,False,False,False
OKC,PHI,0.7250377772394169,1.1,7.75,OKC,2025-12-28,1.0,,0.7857142857142857,,0.7428571428571429,0.7428571428571429,0.7428571428571429,0.7428571428571429,OKC,2025-12-28,0.7250377772394169,1.1,7.75,1.0,0.73,0.7532467532467533,0.7532467532467533,True,906,0.9090909090909091,0.7857142857142857,-0.12337662337662336,False,False,False
CHI,MIL,0.5816222336173813,1.68,2.24,MIL,2025-12-27,0.0,,0.6615384615384615,,0.6373076923076924,0.6373076923076924,0.6373076923076924,0.6373076923076924,MIL,2025-12-27,0.5816222336173813,1.68,2.24,0.0,0.2,0.5454545454545454,0.5454545454545454,True,906,0.5952380952380952,0.6615384615384615,0.06630036630036629,False,False,False
MIN,BRK,0.6823484754956093,1.19,5.0,BRK,2025-12-27,0.0,,0.6933333333333334,,0.6643333333333333,0.6643333333333333,0.6643333333333333,0.6643333333333333,BRK,2025-12-27,0.6823484754956093,1.19,5.0,0.0,0.64,0.6868686868686869,0.6868686868686869,True,906,0.8403361344537815,0.6933333333333334,-0.14700280112044817,False,False,False
NOP,PHO,0.4849774003014638,2.7,1.49,PHO,2025-12-27,1.0,,0.4628099173553719,,0.4683884297520661,0.4683884297520661,0.4683884297520661,0.4683884297520661,PHO,2025-12-27,0.4849774003014638,2.7,1.49,0.0,0.75,0.45652173913043476,0.45652173913043476,True,906,0.37037037037037035,0.4628099173553719,0.09243954698500156,False,False,False
HOU,CLE,0.6275119716935952,1.57,2.45,HOU,2025-12-27,1.0,,0.6933333333333334,,0.6643333333333333,0.6643333333333333,0.6643333333333333,0.6643333333333333,HOU,2025-12-27,0.6275119716935952,1.57,2.45,1.0,0.55,0.6428571428571429,0.6428571428571429,True,906,0.6369426751592356,0.6933333333333334,0.05639065817409772,False,False,False
ORL,DEN,0.5163093292772963,2.6,1.52,ORL,2025-12-27,1.0,,0.4628099173553719,,0.4683884297520661,0.4683884297520661,0.4683884297520661,0.4683884297520661,ORL,2025-12-27,0.5163093292772963,2.6,1.52,1.0,0.67,0.5,0.5,True,906,0.3846153846153846,0.4628099173553719,0.07819453273998733,False,False,False
ATL,NYK,0.473211430717079,3.05,1.4,NYK,2025-12-27,1.0,,0.4628099173553719,,0.4683884297520661,0.4683884297520661,0.4683884297520661,0.4683884297520661,NYK,2025-12-27,0.473211430717079,3.05,1.4,0.0,0.69,0.45652173913043476,0.45652173913043476,True,906,0.3278688524590164,0.4628099173553719,0.1349410648963555,False,False,False
SAS,UTA,0.6059371721923307,1.08,8.5,UTA,2025-12-27,0.0,,0.6744186046511629,,0.6308139534883721,0.6308139534883721,0.6308139534883721,0.6308139534883721,UTA,2025-12-27,0.6059371721923307,1.08,8.5,0.0,0.8,0.6428571428571429,0.6428571428571429,True,906,0.9259259259259258,0.6744186046511629,-0.25150732127476294,True,False,True
MIA,IND,0.4508210615218815,1.28,3.85,MIA,2025-12-27,0.0,,0.4444444444444444,,0.4583333333333333,0.4583333333333333,0.4583333333333333,0.4583333333333333,MIA,2025-12-27,0.4508210615218815,1.28,3.85,1.0,0.67,0.45652173913043476,0.45652173913043476,True,906,0.78125,0.4444444444444444,-0.3368055555555556,True,False,True
SAC,DAL,0.498736963832273,2.3,1.65,SAC,2025-12-27,0.0,,0.4444444444444444,,0.4527777777777778,0.4527777777777778,0.4527777777777778,0.4527777777777778,SAC,2025-12-27,0.498736963832273,2.3,1.65,1.0,0.29,0.45652173913043476,0.45652173913043476,True,906,0.4347826086956522,0.4444444444444444,0.009661835748792202,False,False,False
POR,LAC,0.3430423689677759,2.14,1.74,LAC,2025-12-26,1.0,,0.2903225806451613,,0.3217741935483871,0.3217741935483871,0.3217741935483871,0.35,LAC,2025-12-26,0.3430423689677759,2.14,1.74,0.0,0.5,0.2857142857142857,0.2857142857142857,True,906,0.4672897196261682,0.2903225806451613,-0.1769671389810069,False,False,False
UTA,DET,0.3958008508792635,4.4,1.23,UTA,2025-12-26,0.0,,0.40476190476190477,,0.41904761904761906,0.41904761904761906,0.41904761904761906,0.41904761904761906,UTA,2025-12-26,0.3958008508792635,4.4,1.23,1.0,0.2,0.4318181818181818,0.4318181818181818,True,906,0.22727272727272727,0.40476190476190477,0.1774891774891775,False,False,False
CHI,PHI,0.5402678604713175,1.89,1.93,CHI,2025-12-26,1.0,,0.4444444444444444,,0.4527777777777778,0.4527777777777778,0.4527777777777778,0.4527777777777778,CHI,2025-12-26,0.5402678604713175,1.89,1.93,1.0,0.2,0.5,0.5,True,906,0.5291005291005292,0.4444444444444444,-0.08465608465608476,False,False,False
IND,BOS,0.3771093039451137,3.75,1.29,BOS,2025-12-26,1.0,,0.4186046511627907,,0.43081395348837215,0.43081395348837215,0.43081395348837215,0.43081395348837215,BOS,2025-12-26,0.3771093039451137,3.75,1.29,0.0,0.25,0.4318181818181818,0.4318181818181818,True,906,0.26666666666666666,0.4186046511627907,0.15193798449612406,False,False,False
NOP,PHO,0.3984133080982148,2.45,1.57,PHO,2025-12-26,1.0,,0.4186046511627907,,0.43081395348837215,0.43081395348837215,0.43081395348837215,0.43081395348837215,PHO,2025-12-26,0.3984133080982148,2.45,1.57,0.0,0.75,0.4318181818181818,0.4318181818181818,True,906,0.4081632653061224,0.4186046511627907,0.010441385856668317,False,False,False
MEM,MIL,0.546004602227101,1.46,2.8,MEM,2025-12-26,1.0,,0.4444444444444444,,0.4583333333333333,0.4583333333333333,0.4583333333333333,0.4583333333333333,MEM,2025-12-26,0.546004602227101,1.46,2.8,1.0,0.25,0.5172413793103449,0.5172413793103449,True,906,0.684931506849315,0.4444444444444444,-0.2404870624048706,True,False,True
WAS,TOR,0.2792349919815317,3.6,1.31,WAS,2025-12-26,0.0,,0.15,,0.2025,0.2025,0.2025,0.35,WAS,2025-12-26,0.2792349919815317,3.6,1.31,1.0,0.36,0.2857142857142857,0.2857142857142857,True,906,0.2777777777777778,0.15,-0.1277777777777778,False,False,False
ATL,MIA,0.6768547741071064,1.57,2.45,MIA,2025-12-26,0.0,,0.7105263157894737,,0.6789473684210526,0.6789473684210526,0.6789473684210526,0.6789473684210526,MIA,2025-12-26,0.6768547741071064,1.57,2.45,0.0,0.69,0.6868686868686869,0.6868686868686869,True,906,0.6369426751592356,0.7105263157894737,0.07358364063023803,False,False,False
ORL,CHO,0.3988813914571564,1.39,3.1,CHO,2025-12-26,1.0,,0.4186046511627907,,0.438953488372093,0.438953488372093,0.438953488372093,0.438953488372093,CHO,2025-12-26,0.3988813914571564,1.39,3.1,0.0,0.67,0.4318181818181818,0.4318181818181818,True,906,0.7194244604316548,0.4186046511627907,-0.30081980926886404,True,False,True
OKC,SAS,0.6744451387365771,1.28,3.8,SAS,2025-12-25,0.0,,0.7222222222222222,,0.6888888888888889,0.6888888888888889,0.6888888888888889,0.6888888888888889,SAS,2025-12-25,0.6744451387365771,1.28,3.8,0.0,0.73,0.6868686868686869,0.6868686868686869,True,906,0.78125,0.7222222222222222,-0.05902777777777779,False,False,False
NYK,CLE,0.6038493205795767,1.45,2.8,NYK,2025-12-25,1.0,,0.6666666666666666,,0.6416666666666666,0.6416666666666666,0.6416666666666666,0.6416666666666666,NYK,2025-12-25,0.6038493205795767,1.45,2.8,1.0,0.71,0.6428571428571429,0.6428571428571429,True,906,0.6896551724137931,0.6666666666666666,-0.02298850574712652,False,False,False
DEN,MIN,0.664976715829645,1.8,2.05,DEN,2025-12-25,1.0,,0.7222222222222222,,0.6888888888888889,0.6888888888888889,0.6888888888888889,0.6888888888888889,DEN,2025-12-25,0.664976715829645,1.8,2.05,1.0,0.55,0.6868686868686869,0.6868686868686869,True,906,0.5555555555555556,0.7222222222222222,0.16666666666666663,False,False,False
LAL,HOU,0.5348190367984185,2.1,1.68,HOU,2025-12-25,0.0,,0.45714285714285713,,0.4635714285714286,0.4635714285714286,0.4635714285714286,0.4635714285714286,HOU,2025-12-25,0.5348190367984185,2.1,1.68,0.0,0.71,0.5,0.5,True,906,0.47619047619047616,0.45714285714285713,-0.019047619047619035,False,False,False
GSW,DAL,0.5883386782456852,1.28,3.8,GSW,2025-12-25,1.0,,0.6666666666666666,,0.6416666666666666,0.6416666666666666,0.6416666666666666,0.6416666666666666,GSW,2025-12-25,0.5883386782456852,1.28,3.8,1.0,0.3,0.5925925925925926,0.5925925925925926,True,906,0.78125,0.6666666666666666,-0.11458333333333337,False,False,False
IND,MIL,0.5283468968882382,2.0,1.83,MIL,2025-12-23,0.0,,0.45,,0.4575,0.4575,0.4575,0.4575,MIL,2025-12-23,0.5283468968882382,2.0,1.83,0.0,0.25,0.5,0.5,True,906,0.5,0.45,-0.04999999999999999,False,False,False
SAS,OKC,0.5943021987690378,3.1,1.39,SAS,2025-12-23,1.0,,0.65625,,0.4794354838709677,0.4794354838709677,0.4794354838709677,0.4794354838709677,SAS,2025-12-23,0.5943021987690378,3.1,1.39,1.0,0.8,0.5925925925925926,0.5925925925925926,True,906,0.3225806451612903,0.4725806451612903,0.3336693548387097,True,True,True
CLE,NOP,0.5666149715143373,1.26,4.0,CLE,2025-12-23,1.0,,0.65625,,0.6328125,0.6328125,0.6328125,0.6328125,CLE,2025-12-23,0.5666149715143373,1.26,4.0,1.0,0.88,0.5454545454545454,0.5454545454545454,True,906,0.7936507936507936,0.65625,-0.1374007936507936,False,False,False
MIN,NYK,0.6283609616454537,1.36,3.25,MIN,2025-12-23,1.0,,0.6764705882352942,,0.65,0.65,0.65,0.65,MIN,2025-12-23,0.6283609616454537,1.36,3.25,1.0,0.64,0.6428571428571429,0.6428571428571429,True,906,0.7352941176470588,0.6764705882352942,-0.05882352941176461,False,False,False
CHO,WAS,0.4905691278219317,1.4,3.05,CHO,2025-12-23,0.0,,0.44554455445544555,,0.4591584158415842,0.4591584158415842,0.4591584158415842,0.4591584158415842,CHO,2025-12-23,0.4905691278219317,1.4,3.05,1.0,0.7,0.45652173913043476,0.45652173913043476,True,906,0.7142857142857143,0.44554455445544555,-0.26874115983026875,True,False,True
SAC,DET,0.4359737654172695,4.0,1.26,DET,2025-12-23,1.0,,0.4146341463414634,,0.4274390243902439,0.4274390243902439,0.4274390243902439,0.4274390243902439,DET,2025-12-23,0.4359737654172695,4.0,1.26,0.0,0.29,0.45652173913043476,0.45652173913043476,True,906,0.25,0.4146341463414634,0.1646341463414634,False,False,False
ATL,CHI,0.3344492696095467,1.68,2.24,CHI,2025-12-23,1.0,,0.3,,0.35,0.35,0.35,0.35,CHI,2025-12-23,0.3344492696095467,1.68,2.24,0.0,0.69,0.2857142857142857,0.2857142857142857,True,906,0.5952380952380952,0.3,-0.29523809523809524,True,False,True
LAC,HOU,0.6432243457026275,3.5,1.32,LAC,2025-12-23,1.0,,0.6764705882352942,,0.4517857142857143,0.4517857142857143,0.4517857142857143,0.4517857142857143,LAC,2025-12-23,0.6432243457026275,3.5,1.32,1.0,0.6,0.6428571428571429,0.6428571428571429,True,906,0.2857142857142857,0.4357142857142857,0.39075630252100846,True,True,True
DAL,DEN,0.5032886872808779,2.95,1.42,DAL,2025-12-23,1.0,,0.44554455445544555,,0.4537128712871287,0.4537128712871287,0.4537128712871287,0.4537128712871287,DAL,2025-12-23,0.5032886872808779,2.95,1.42,1.0,0.0,0.5,0.5,True,906,0.3389830508474576,0.44554455445544555,0.10656150360798794,False,False,False
PHO,LAL,0.4760526624922572,1.57,2.45,PHO,2025-12-23,0.0,,0.44554455445544555,,0.4537128712871287,0.4537128712871287,0.4537128712871287,0.4537128712871287,PHO,2025-12-23,0.4760526624922572,1.57,2.45,1.0,0.86,0.45652173913043476,0.45652173913043476,True,906,0.6369426751592356,0.44554455445544555,-0.1913981207037901,False,False,False
MIA,TOR,0.4542246469534439,1.44,2.85,TOR,2025-12-23,1.0,,0.44554455445544555,,0.4591584158415842,0.4591584158415842,0.4591584158415842,0.4591584158415842,TOR,2025-12-23,0.4542246469534439,1.44,2.85,0.0,0.67,0.45652173913043476,0.45652173913043476,True,906,0.6944444444444444,0.44554455445544555,-0.24889988998899887,True,False,True
PHI,BRK,0.5649729711703267,1.26,4.0,BRK,2025-12-23,0.0,,0.6666666666666666,,0.6416666666666666,0.6416666666666666,0.6416666666666666,0.6416666666666666,BRK,2025-12-23,0.5649729711703267,1.26,4.0,0.0,0.75,0.5172413793103449,0.5172413793103449,True,906,0.7936507936507936,0.6666666666666666,-0.12698412698412698,False,False,False
UTA,MEM,0.5209443897460855,2.42,1.59,MEM,2025-12-23,0.0,,0.45714285714285713,,0.4635714285714286,0.4635714285714286,0.4635714285714286,0.4635714285714286,MEM,2025-12-23,0.5209443897460855,2.42,1.59,0.0,0.2,0.5,0.5,True,906,0.4132231404958678,0.45714285714285713,0.04391971664698935,False,False,False
POR,ORL,0.471353406277926,2.0,1.83,ORL,2025-12-23,1.0,,0.45714285714285713,,0.4635714285714286,0.4635714285714286,0.4635714285714286,0.4635714285714286,ORL,2025-12-23,0.471353406277926,2.0,1.83,0.0,0.5,0.45652173913043476,0.45652173913043476,True,906,0.5,0.45714285714285713,-0.04285714285714287,False,False,False
CLE,CHO,0.6275176307840361,1.25,4.1,CLE,2025-12-22,1.0,,0.65625,,0.6328125,0.6328125,0.6328125,0.6328125,CLE,2025-12-22,0.6275176307840361,1.25,4.1,1.0,0.88,0.6428571428571429,0.6428571428571429,True,906,0.8,0.65625,-0.14375000000000004,False,False,False
GSW,ORL,0.5986332312339849,1.43,2.9,GSW,2025-12-22,1.0,,0.6470588235294118,,0.625,0.625,0.625,0.625,GSW,2025-12-22,0.5986332312339849,1.43,2.9,1.0,0.3,0.6428571428571429,0.6428571428571429,True,906,0.6993006993006994,0.6470588235294118,-0.05224187577128758,False,False,False
OKC,MEM,0.7163144110860689,1.07,9.0,OKC,2025-12-22,1.0,,0.75,,0.7125,0.7125,0.7125,0.7125,OKC,2025-12-22,0.7163144110860689,1.07,9.0,1.0,0.73,0.7532467532467533,0.7532467532467533,True,906,0.9345794392523364,0.75,-0.18457943925233644,False,False,False
DEN,UTA,0.672845119945678,1.12,6.75,DEN,2025-12-22,1.0,,0.7058823529411765,,0.675,0.675,0.675,0.675,DEN,2025-12-22,0.672845119945678,1.12,6.75,1.0,0.55,0.6868686868686869,0.6868686868686869,True,906,0.8928571428571428,0.7058823529411765,-0.18697478991596628,False,False,False
POR,DET,0.4038722180633613,2.95,1.42,DET,2025-12-22,1.0,,0.41025641025641024,,0.4237179487179487,0.4237179487179487,0.4237179487179487,0.4237179487179487,DET,2025-12-22,0.4038722180633613,2.95,1.42,0.0,0.5,0.45652173913043476,0.45652173913043476,True,906,0.3389830508474576,0.41025641025641024,0.07127335940895263,False,False,False
BOS,IND,0.6854287910848196,1.17,5.4,BOS,2025-12-22,1.0,,0.7058823529411765,,0.675,0.675,0.675,0.675,BOS,2025-12-22,0.6854287910848196,1.17,5.4,1.0,0.73,0.6868686868686869,0.6868686868686869,True,906,0.8547008547008548,0.7058823529411765,-0.14881850175967826,False,False,False
NOP,DAL,0.4352119701924436,1.8,2.05,NOP,2025-12-22,0.0,,0.41025641025641024,,0.4237179487179487,0.4237179487179487,0.4237179487179487,0.4237179487179487,NOP,2025-12-22,0.4352119701924436,1.8,2.05,1.0,0.75,0.45652173913043476,0.45652173913043476,True,906,0.5555555555555556,0.41025641025641024,-0.14529914529914534,False,False,False
BRK,TOR,0.6928688236271174,2.4,1.6,BRK,2025-12-21,1.0,,0.7003241647364981,,0.55,0.55,0.55,0.55,BRK,2025-12-21,0.6928688236271174,2.4,1.6,1.0,0.33,0.7037037037037037,0.7037037037037037,True,906,0.4166666666666667,0.5666666666666667,0.28365749806983137,True,True,True
SAC,HOU,0.4773501589369956,5.7,1.15,SAC,2025-12-21,0.0,,0.4479166666666667,,0.36907894736842106,0.36907894736842106,0.36907894736842106,0.36907894736842106,SAC,2025-12-21,0.4773501589369956,5.7,1.15,1.0,0.29,0.45652173913043476,0.45652173913043476,True,906,0.17543859649122806,0.3254385964912281,0.2724780701754386,True,False,True
WAS,SAS,0.3092029788135025,9.0,1.07,SAS,2025-12-21,1.0,,0.15789473684210525,,0.20921052631578946,0.20921052631578946,0.20921052631578946,0.35,SAS,2025-12-21,0.3092029788135025,9.0,1.07,0.0,0.36,0.2857142857142857,0.2857142857142857,True,906,0.1111111111111111,0.15789473684210525,0.04678362573099415,False,False,False
MIN,MIL,0.6906837823775704,1.15,5.7,MIN,2025-12-21,1.0,,0.6944444444444444,,0.6652777777777777,0.6652777777777777,0.6652777777777777,0.6652777777777777,MIN,2025-12-21,0.6906837823775704,1.15,5.7,1.0,0.64,0.7037037037037037,0.7037037037037037,True,906,0.8695652173913044,0.6944444444444444,-0.17512077294686001,False,False,False
ATL,CHI,0.4634122811017669,1.52,2.6,CHI,2025-12-21,1.0,,0.4479166666666667,,0.4609375,0.4609375,0.4609375,0.4609375,CHI,2025-12-21,0.4634122811017669,1.52,2.6,0.0,0.69,0.45652173913043476,0.45652173913043476,True,906,0.6578947368421053,0.4479166666666667,-0.20997807017543862,True,False,True
NYK,MIA,0.6274021903974386,1.32,3.5,NYK,2025-12-21,1.0,,0.65625,,0.6328125,0.6328125,0.6328125,0.6328125,NYK,2025-12-21,0.6274021903974386,1.32,3.5,1.0,0.71,0.6428571428571429,0.6428571428571429,True,906,0.7575757575757576,0.65625,-0.10132575757575757,False,False,False
TOR,BOS,0.3805520495956651,2.0,1.83,BOS,2025-12-20,1.0,,0.42105263157894735,,0.4328947368421052,0.4328947368421052,0.4328947368421052,0.4328947368421052,BOS,2025-12-20,0.3805520495956651,2.0,1.83,0.0,0.4,0.4318181818181818,0.4318181818181818,True,906,0.5,0.42105263157894735,-0.07894736842105265,False,False,False
LAC,LAL,0.5046330895154568,1.98,1.85,LAC,2025-12-20,1.0,,0.4479166666666667,,0.4557291666666667,0.4557291666666667,0.4557291666666667,0.4557291666666667,LAC,2025-12-20,0.5046330895154568,1.98,1.85,1.0,0.6,0.5,0.5,True,906,0.5050505050505051,0.4479166666666667,-0.0571338383838384,False,False,False
UTA,ORL,0.4893360070159722,3.35,1.34,ORL,2025-12-20,1.0,,0.4479166666666667,,0.4557291666666667,0.4557291666666667,0.4557291666666667,0.4557291666666667,ORL,2025-12-20,0.4893360070159722,3.35,1.34,0.0,0.2,0.45652173913043476,0.45652173913043476,True,906,0.29850746268656714,0.4479166666666667,0.14940920398009955,False,False,False
SAC,POR,0.3438549143732438,2.54,1.54,POR,2025-12-20,1.0,,0.3103448275862069,,0.33879310344827585,0.33879310344827585,0.33879310344827585,0.35,POR,2025-12-20,0.3438549143732438,2.54,1.54,0.0,0.29,0.2857142857142857,0.2857142857142857,True,906,0.39370078740157477,0.3103448275862069,-0.08335595981536786,False,False,False
PHI,DAL,0.6827665437596036,1.65,2.3,PHI,2025-12-20,1.0,,0.6944444444444444,,0.6652777777777777,0.6652777777777777,0.6652777777777777,0.6652777777777777,PHI,2025-12-20,0.6827665437596036,1.65,2.3,1.0,0.75,0.6868686868686869,0.6868686868686869,True,906,0.6060606060606061,0.6944444444444444,0.08838383838383834,False,False,False
DEN,HOU,0.6175347693173632,2.0,1.83,HOU,2025-12-20,0.0,,0.6666666666666666,,0.6416666666666666,0.6416666666666666,0.6416666666666666,0.6416666666666666,HOU,2025-12-20,0.6175347693173632,2.0,1.83,0.0,0.55,0.6428571428571429,0.6428571428571429,True,906,0.5,0.6666666666666666,0.16666666666666663,False,False,False
GSW,PHO,0.5355295787625414,1.41,3.0,GSW,2025-12-20,1.0,,0.4411764705882353,,0.45588235294117646,0.45588235294117646,0.45588235294117646,0.45588235294117646,GSW,2025-12-20,0.5355295787625414,1.41,3.0,1.0,0.3,0.5,0.5,True,906,0.7092198581560284,0.4411764705882353,-0.2680433875677931,True,False,True
NOP,IND,0.397491822010583,1.74,2.14,NOP,2025-12-20,0.0,,0.40540540540540543,,0.4195945945945946,0.4195945945945946,0.4195945945945946,0.4195945945945946,NOP,2025-12-20,0.397491822010583,1.74,2.14,1.0,0.75,0.4318181818181818,0.4318181818181818,True,906,0.5747126436781609,0.40540540540540543,-0.16930723827275546,False,False,False
DET,CHO,0.5620660535677824,1.19,4.9,DET,2025-12-20,1.0,,0.6363636363636364,,0.6022727272727273,0.6022727272727273,0.6022727272727273,0.6022727272727273,DET,2025-12-20,0.5620660535677824,1.19,4.9,1.0,0.7,0.5172413793103449,0.5172413793103449,True,906,0.8403361344537815,0.6363636363636364,-0.20397249809014517,True,False,True
MEM,WAS,0.6281547672482698,1.13,6.25,WAS,2025-12-20,0.0,,0.6666666666666666,,0.625,0.625,0.625,0.625,WAS,2025-12-20,0.6281547672482698,1.13,6.25,0.0,0.25,0.6428571428571429,0.6428571428571429,True,906,0.8849557522123894,0.6666666666666666,-0.2182890855457228,True,False,True
NYK,PHI,0.6927230779114832,1.54,2.54,PHI,2025-12-19,0.0,,0.75,,0.7125,0.7125,0.7125,0.7125,PHI,2025-12-19,0.6927230779114832,1.54,2.54,0.0,0.71,0.7037037037037037,0.7037037037037037,True,906,0.6493506493506493,0.75,0.10064935064935066,False,False,False
ATL,SAS,0.3620571752900073,2.24,1.68,SAS,2025-12-19,1.0,,0.32142857142857145,,0.3482142857142857,0.3482142857142857,0.3482142857142857,0.35,SAS,2025-12-19,0.3620571752900073,2.24,1.68,0.0,0.69,0.2857142857142857,0.2857142857142857,True,906,0.4464285714285714,0.32142857142857145,-0.12499999999999994,False,False,False
MIN,OKC,0.6119303796786107,3.7,1.29,MIN,2025-12-19,1.0,,0.6666666666666666,,0.4402027027027027,0.4402027027027027,0.4402027027027027,0.4402027027027027,MIN,2025-12-19,0.6119303796786107,3.7,1.29,1.0,0.64,0.6428571428571429,0.6428571428571429,True,906,0.27027027027027023,0.4202702702702702,0.3963963963963964,True,True,True
CLE,CHI,0.5112553884299316,1.34,3.35,CHI,2025-12-19,0.0,,0.4411764705882353,,0.45588235294117646,0.45588235294117646,0.45588235294117646,0.45588235294117646,CHI,2025-12-19,0.5112553884299316,1.34,3.35,0.0,0.88,0.5,0.5,True,906,0.7462686567164178,0.4411764705882353,-0.30509218612818256,True,False,True
BOS,MIA,0.6381881857534353,1.37,3.2,BOS,2025-12-19,1.0,,0.6666666666666666,,0.6416666666666666,0.6416666666666666,0.6416666666666666,0.6416666666666666,BOS,2025-12-19,0.6381881857534353,1.37,3.2,1.0,0.73,0.6428571428571429,0.6428571428571429,True,906,0.7299270072992701,0.6666666666666666,-0.06326034063260344,False,False,False
BRK,MIA,0.7200505770408979,3.1,1.39,MIA,2025-12-18,0.0,,0.7931034482758621,,0.4794354838709677,0.4794354838709677,0.4794354838709677,0.4794354838709677,MIA,2025-12-18,0.7200505770408979,3.1,1.39,0.0,0.33,0.7532467532467533,0.7532467532467533,True,906,0.3225806451612903,0.4725806451612903,0.4705228031145718,True,True,True
NOP,HOU,0.418783910942663,4.2,1.24,NOP,2025-12-18,0.0,,0.3888888888888889,,0.40555555555555556,0.40555555555555556,0.40555555555555556,0.40555555555555556,NOP,2025-12-18,0.418783910942663,4.2,1.24,1.0,0.75,0.45652173913043476,0.45652173913043476,True,906,0.23809523809523808,0.3888888888888889,0.1507936507936508,False,False,False
DEN,ORL,0.665924122481555,1.35,3.3,DEN,2025-12-18,1.0,,0.6875,,0.659375,0.659375,0.659375,0.659375,DEN,2025-12-18,0.665924122481555,1.35,3.3,1.0,0.55,0.6868686868686869,0.6868686868686869,True,906,0.7407407407407407,0.6875,-0.0532407407407407,False,False,False
MIL,TOR,0.6223926990371704,2.64,1.51,TOR,2025-12-18,0.0,,0.6730769230769231,,0.5215909090909091,0.5215909090909091,0.5215909090909091,0.5215909090909091,TOR,2025-12-18,0.6223926990371704,2.64,1.51,0.0,0.55,0.6428571428571429,0.6428571428571429,True,906,0.3787878787878788,0.5287878787878788,0.29428904428904434,True,True,True
UTA,LAL,0.4421639068358375,3.6,1.31,LAL,2025-12-18,1.0,,0.43434343434343436,,0.4441919191919192,0.4441919191919192,0.4441919191919192,0.4441919191919192,LAL,2025-12-18,0.4421639068358375,3.6,1.31,0.0,0.2,0.45652173913043476,0.45652173913043476,True,906,0.2777777777777778,0.43434343434343436,0.15656565656565657,False,False,False
CHO,ATL,0.542080771856923,2.8,1.46,CHO,2025-12-18,1.0,,0.4411764705882353,,0.45,0.45,0.45,0.45,CHO,2025-12-18,0.542080771856923,2.8,1.46,1.0,0.7,0.5,0.5,True,906,0.35714285714285715,0.4411764705882353,0.08403361344537813,False,False,False
PHO,GSW,0.4679468519218731,2.05,1.8,PHO,2025-12-18,0.0,,0.43434343434343436,,0.4441919191919192,0.4441919191919192,0.4441919191919192,0.4441919191919192,PHO,2025-12-18,0.4679468519218731,2.05,1.8,1.0,0.86,0.45652173913043476,0.45652173913043476,True,906,0.48780487804878053,0.43434343434343436,-0.05346144370534617,False,False,False
SAS,WAS,0.6068812243539208,1.09,8.0,SAS,2025-12-18,1.0,,0.6727256521739333,,0.62954423913045,0.62954423913045,0.62954423913045,0.62954423913045,SAS,2025-12-18,0.6068812243539208,1.09,8.0,1.0,0.8,0.6428571428571429,0.6428571428571429,True,906,0.9174311926605504,0.6727256521739333,-0.24470554048661708,True,False,True
IND,NYK,0.5585884387850045,2.54,1.54,NYK,2025-12-18,0.0,,0.6363636363636364,,0.5327755905511811,0.5327755905511811,0.5327755905511811,0.5327755905511811,NYK,2025-12-18,0.5585884387850045,2.54,1.54,0.0,0.25,0.5172413793103449,0.5172413793103449,True,906,0.39370078740157477,0.5437007874015748,0.24266284896206158,True,True,True
POR,SAC,0.4957509247624992,1.28,3.8,POR,2025-12-18,0.0,,0.43434343434343436,,0.4507575757575758,0.4507575757575758,0.4507575757575758,0.4507575757575758,POR,2025-12-18,0.4957509247624992,1.28,3.8,1.0,0.5,0.45652173913043476,0.45652173913043476,True,906,0.78125,0.43434343434343436,-0.34690656565656564,True,False,True
DAL,DET,0.5888138548279976,2.9,1.43,DAL,2025-12-18,1.0,,0.6363636363636364,,0.4961206896551724,0.4961206896551724,0.4961206896551724,0.4961206896551724,DAL,2025-12-18,0.5888138548279976,2.9,1.43,1.0,0.0,0.5925925925925926,0.5925925925925926,True,906,0.3448275862068966,0.4948275862068966,0.2915360501567398,True,True,True
OKC,LAC,0.8244689693355142,1.06,10.5,OKC,2025-12-18,1.0,,1.0,,0.925,0.925,0.925,0.8,OKC,2025-12-18,0.8244689693355142,1.06,10.5,1.0,0.73,0.8571428571428571,0.8571428571428571,True,906,0.9433962264150942,1.0,0.05660377358490576,False,False,False
CHI,CLE,0.372166928275114,2.54,1.54,CHI,2025-12-17,0.0,,0.35294117647058826,,0.375,0.375,0.375,0.375,CHI,2025-12-17,0.372166928275114,2.54,1.54,1.0,0.2,0.4318181818181818,0.4318181818181818,True,906,0.39370078740157477,0.35294117647058826,-0.04075961093098651,False,False,False
MIN,MEM,0.5784776449927593,1.34,3.4,MEM,2025-12-17,0.0,,0.6590909090909091,,0.6352272727272728,0.6352272727272728,0.6352272727272728,0.6352272727272728,MEM,2025-12-17,0.5784776449927593,1.34,3.4,0.0,0.64,0.5454545454545454,0.5454545454545454,True,906,0.7462686567164178,0.6590909090909091,-0.08717774762550878,False,False,False
MIA,TOR,0.5404633788130144,1.44,2.85,TOR,2025-12-15,0.0,,0.4387755102040816,,0.45408163265306123,0.45408163265306123,0.45408163265306123,0.45408163265306123,TOR,2025-12-15,0.5404633788130144,1.44,2.85,0.0,0.67,0.5,0.5,True,906,0.6944444444444444,0.4387755102040816,-0.2556689342403628,True,False,True
LAC,MEM,0.5600309656558601,1.56,2.5,MEM,2025-12-15,0.0,,0.6590909090909091,,0.6352272727272728,0.6352272727272728,0.6352272727272728,0.6352272727272728,MEM,2025-12-15,0.5600309656558601,1.56,2.5,0.0,0.6,0.5172413793103449,0.5172413793103449,True,906,0.641025641025641,0.6590909090909091,0.018065268065268092,False,False,False
BOS,DET,0.6222335524421478,1.82,2.02,DET,2025-12-15,0.0,,0.6862745098039216,,0.6583333333333333,0.6583333333333333,0.6583333333333333,0.6583333333333333,DET,2025-12-15,0.6222335524421478,1.82,2.02,0.0,0.73,0.6428571428571429,0.6428571428571429,True,906,0.5494505494505494,0.6862745098039216,0.1368239603533722,False,False,False
UTA,DAL,0.4228723374649041,2.14,1.74,UTA,2025-12-15,0.0,,0.35294117647058826,,0.375,0.375,0.375,0.375,UTA,2025-12-15,0.4228723374649041,2.14,1.74,1.0,0.2,0.45652173913043476,0.45652173913043476,True,906,0.4672897196261682,0.35294117647058826,-0.11434854315557996,False,False,False
DEN,HOU,0.6054177606840577,1.85,1.98,DEN,2025-12-15,1.0,,0.6590909090909091,,0.6352272727272728,0.6352272727272728,0.6352272727272728,0.6352272727272728,DEN,2025-12-15,0.6054177606840577,1.85,1.98,1.0,0.55,0.6428571428571429,0.6428571428571429,True,906,0.5405405405405405,0.6590909090909091,0.1185503685503686,False,False,False
BRK,MIL,0.4843380836083482,2.05,1.8,BRK,2025-12-14,0.0,,0.42857142857142855,,0.4392857142857143,0.4392857142857143,0.4392857142857143,0.4392857142857143,BRK,2025-12-14,0.4843380836083482,2.05,1.8,1.0,0.33,0.45652173913043476,0.45652173913043476,True,906,0.48780487804878053,0.42857142857142855,-0.059233449477351985,False,False,False
POR,GSW,0.3776094867388249,2.54,1.54,POR,2025-12-14,0.0,,0.3230769230769231,,0.34961538461538466,0.34961538461538466,0.34961538461538466,0.35,POR,2025-12-14,0.3776094867388249,2.54,1.54,1.0,0.5,0.4318181818181818,0.4318181818181818,True,906,0.39370078740157477,0.3230769230769231,-0.07062386432465168,False,False,False
CHI,NOP,0.2924423756268633,1.57,2.45,NOP,2025-12-14,1.0,,0.16666666666666666,,0.25,0.25,0.25,0.35,NOP,2025-12-14,0.2924423756268633,1.57,2.45,0.0,0.2,0.2857142857142857,0.2857142857142857,True,906,0.6369426751592356,0.16666666666666666,-0.470276008492569,True,False,True
IND,WAS,0.6866961236334618,1.25,4.1,WAS,2025-12-14,0.0,,0.7096774193548387,,0.6782258064516129,0.6782258064516129,0.6782258064516129,0.6782258064516129,WAS,2025-12-14,0.6866961236334618,1.25,4.1,0.0,0.25,0.6868686868686869,0.6868686868686869,True,906,0.8,0.7096774193548387,-0.0903225806451613,False,False,False
ATL,PHI,0.4241059764263076,1.54,2.54,ATL,2025-12-14,0.0,,0.3230769230769231,,0.36730769230769234,0.36730769230769234,0.36730769230769234,0.36730769230769234,ATL,2025-12-14,0.4241059764263076,1.54,2.54,1.0,0.69,0.45652173913043476,0.45652173913043476,True,906,0.6493506493506493,0.3230769230769231,-0.32627372627372625,True,False,True
PHO,LAL,0.4047123041743233,2.02,1.82,LAL,2025-12-14,1.0,,0.3230769230769231,,0.34961538461538466,0.34961538461538466,0.34961538461538466,0.35,LAL,2025-12-14,0.4047123041743233,2.02,1.82,0.0,0.86,0.45652173913043476,0.45652173913043476,True,906,0.49504950495049505,0.3230769230769231,-0.17197258187357195,False,False,False
CLE,CHO,0.637258631230552,1.17,5.4,CHO,2025-12-14,0.0,,0.7,,0.6699999999999999,0.6699999999999999,0.6699999999999999,0.6699999999999999,CHO,2025-12-14,0.637258631230552,1.17,5.4,0.0,0.88,0.6428571428571429,0.6428571428571429,True,906,0.8547008547008548,0.7,-0.15470085470085482,False,False,False
MIN,SAC,0.7492702570862274,1.17,5.4,MIN,2025-12-14,1.0,,0.8125,,0.765625,0.765625,0.765625,0.765625,MIN,2025-12-14,0.7492702570862274,1.17,5.4,1.0,0.64,0.7532467532467533,0.7532467532467533,True,906,0.8547008547008548,0.8125,-0.04220085470085477,False,False,False
OKC,SAS,0.784729037613859,1.19,4.9,SAS,2025-12-13,0.0,,1.0,,0.925,0.925,0.925,0.8,SAS,2025-12-13,0.784729037613859,1.19,4.9,0.0,0.73,0.7532467532467533,0.7532467532467533,True,906,0.8403361344537815,1.0,0.15966386554621848,False,False,False
ORL,NYK,0.5491172932866707,2.64,1.51,NYK,2025-12-13,0.0,,0.5,,0.5,0.5,0.5,0.5,NYK,2025-12-13,0.5491172932866707,2.64,1.51,0.0,0.67,0.5172413793103449,0.5172413793103449,True,906,0.3787878787878788,0.5,0.12121212121212122,False,False,False
PHI,IND,0.4982087344074586,1.34,3.35,PHI,2025-12-12,0.0,,0.42857142857142855,,0.4464285714285714,0.4464285714285714,0.4464285714285714,0.4464285714285714,PHI,2025-12-12,0.4982087344074586,1.34,3.35,1.0,0.75,0.45652173913043476,0.45652173913043476,True,906,0.7462686567164178,0.42857142857142855,-0.3176972281449893,True,False,True
WAS,CLE,0.3225161912844935,8.5,1.08,CLE,2025-12-12,1.0,,0.3230769230769231,,0.32573529411764707,0.32573529411764707,0.32573529411764707,0.35,CLE,2025-12-12,0.3225161912844935,8.5,1.08,0.0,0.36,0.2857142857142857,0.2857142857142857,True,906,0.11764705882352941,0.2676470588235294,0.20542986425339368,True,False,True
DAL,BRK,0.4740722832361979,1.32,3.5,DAL,2025-12-12,0.0,,0.4117647058823529,,0.4338235294117647,0.4338235294117647,0.4338235294117647,0.4338235294117647,DAL,2025-12-12,0.4740722832361979,1.32,3.5,1.0,0.0,0.45652173913043476,0.45652173913043476,True,906,0.7575757575757576,0.4117647058823529,-0.34581105169340465,True,False,True
GSW,MIN,0.5426715356665905,1.57,2.45,MIN,2025-12-12,0.0,,0.4117647058823529,,0.4338235294117647,0.4338235294117647,0.4338235294117647,0.4338235294117647,MIN,2025-12-12,0.5426715356665905,1.57,2.45,0.0,0.3,0.5,0.5,True,906,0.6369426751592356,0.4117647058823529,-0.22517796927688272,True,False,True
CHO,CHI,0.4746380976637648,2.24,1.68,CHI,2025-12-12,1.0,,0.4117647058823529,,0.425,0.425,0.425,0.425,CHI,2025-12-12,0.4746380976637648,2.24,1.68,0.0,0.7,0.45652173913043476,0.45652173913043476,True,906,0.4464285714285714,0.4117647058823529,-0.034663865546218475,False,False,False
DET,ATL,0.5243991127021357,1.35,3.3,DET,2025-12-12,1.0,,0.4117647058823529,,0.4338235294117647,0.4338235294117647,0.4338235294117647,0.4338235294117647,DET,2025-12-12,0.5243991127021357,1.35,3.3,1.0,0.7,0.5,0.5,True,906,0.7407407407407407,0.4117647058823529,-0.3289760348583878,True,False,True
MEM,UTA,0.704155830247829,1.41,3.0,UTA,2025-12-12,0.0,,0.7954545454545454,,0.7511363636363636,0.7511363636363636,0.7511363636363636,0.7511363636363636,UTA,2025-12-12,0.704155830247829,1.41,3.0,0.0,0.25,0.7037037037037037,0.7037037037037037,True,906,0.7092198581560284,0.7954545454545454,0.08623468729851702,False,False,False
SAC,DEN,0.3729629239579561,4.7,1.21,DEN,2025-12-11,1.0,,0.3333333333333333,,0.3583333333333333,0.3583333333333333,0.3583333333333333,0.3583333333333333,DEN,2025-12-11,0.3729629239579561,4.7,1.21,0.0,0.29,0.4318181818181818,0.4318181818181818,True,906,0.2127659574468085,0.3333333333333333,0.1205673758865248,False,False,False
HOU,LAC,0.6640738322904403,1.24,4.2,HOU,2025-12-11,1.0,,0.7241379310344828,,0.6905172413793104,0.6905172413793104,0.6905172413793104,0.6905172413793104,HOU,2025-12-11,0.6640738322904403,1.24,4.2,1.0,0.55,0.6868686868686869,0.6868686868686869,True,906,0.8064516129032259,0.7241379310344828,-0.0823136818687431,False,False,False
NOP,POR,0.5368536502500362,2.45,1.57,NOP,2025-12-11,1.0,,0.4117647058823529,,0.425,0.425,0.425,0.425,NOP,2025-12-11,0.5368536502500362,2.45,1.57,1.0,0.75,0.5,0.5,True,906,0.4081632653061224,0.4117647058823529,0.003601440576230519,False,False,False
MIL,BOS,0.5094551028232459,4.2,1.24,MIL,2025-12-11,1.0,,0.4117647058823529,,0.425,0.425,0.425,0.425,MIL,2025-12-11,0.5094551028232459,4.2,1.24,1.0,0.55,0.5,0.5,True,906,0.23809523809523808,0.4117647058823529,0.17366946778711484,False,False,False
LAL,SAS,0.6828062439136431,1.36,3.25,SAS,2025-12-10,0.0,,0.7241379310344828,,0.6905172413793104,0.6905172413793104,0.6905172413793104,0.6905172413793104,SAS,2025-12-10,0.6828062439136431,1.36,3.25,0.0,0.71,0.6868686868686869,0.6868686868686869,True,906,0.7352941176470588,0.7241379310344828,-0.011156186612576002,False,False,False
OKC,PHO,0.7839672881752769,1.1,7.75,OKC,2025-12-10,1.0,,1.0,,0.925,0.925,0.925,0.8,OKC,2025-12-10,0.7839672881752769,1.1,7.75,1.0,0.73,0.7532467532467533,0.7532467532467533,True,906,0.9090909090909091,1.0,0.09090909090909094,False,False,False
ORL,MIA,0.6960493023746125,1.89,1.93,ORL,2025-12-09,1.0,,0.7857142857142857,,0.6343253968253969,0.6343253968253969,0.6343253968253969,0.6343253968253969,ORL,2025-12-09,0.6960493023746125,1.89,1.93,1.0,0.67,0.7037037037037037,0.7037037037037037,True,906,0.5291005291005292,0.6791005291005292,0.2566137566137565,True,False,True
TOR,NYK,0.4367227194394134,2.8,1.46,NYK,2025-12-09,1.0,,0.37037037037037035,,0.3898148148148148,0.3898148148148148,0.3898148148148148,0.3898148148148148,NYK,2025-12-09,0.4367227194394134,2.8,1.46,0.0,0.4,0.45652173913043476,0.45652173913043476,True,906,0.35714285714285715,0.37037037037037035,0.013227513227513199,False,False,False
IND,SAC,0.5742137729435185,1.56,2.5,IND,2025-12-08,1.0,,0.6511627906976745,,0.6284883720930233,0.6284883720930233,0.6284883720930233,0.6284883720930233,IND,2025-12-08,0.5742137729435185,1.56,2.5,1.0,0.25,0.5454545454545454,0.5454545454545454,True,906,0.641025641025641,0.6511627906976745,0.010137149672033496,False,False,False
NOP,SAS,0.4311120312219246,4.4,1.23,SAS,2025-12-08,1.0,,0.37037037037037035,,0.3898148148148148,0.3898148148148148,0.3898148148148148,0.3898148148148148,SAS,2025-12-08,0.4311120312219246,4.4,1.23,0.0,0.75,0.45652173913043476,0.45652173913043476,True,906,0.22727272727272727,0.37037037037037035,0.14309764309764308,False,False,False
MIN,PHO,0.7210080117451217,1.29,3.75,PHO,2025-12-08,0.0,,0.8260869565217391,,0.7771739130434783,0.7771739130434783,0.7771739130434783,0.7771739130434783,PHO,2025-12-08,0.7210080117451217,1.29,3.75,0.0,0.64,0.7532467532467533,0.7532467532467533,True,906,0.7751937984496123,0.8260869565217391,0.0508931580721268,False,False,False
UTA,OKC,0.373669804871983,4.8,1.2,OKC,2025-12-07,1.0,,0.37037037037037035,,0.3898148148148148,0.3898148148148148,0.3898148148148148,0.3898148148148148,OKC,2025-12-07,0.373669804871983,4.8,1.2,0.0,0.2,0.4318181818181818,0.4318181818181818,True,906,0.20833333333333334,0.37037037037037035,0.162037037037037,False,False,False
NYK,ORL,0.7524579369686818,1.62,2.24,NYK,2025-12-07,1.0,,0.8333333333333334,,0.700462962962963,0.700462962962963,0.700462962962963,0.700462962962963,NYK,2025-12-07,0.7524579369686818,1.62,2.24,1.0,0.71,0.7532467532467533,0.7532467532467533,True,906,0.6172839506172839,0.7672839506172839,0.21604938271604945,True,False,True
PHI,LAL,0.624214118191619,2.4,1.6,LAL,2025-12-07,0.0,,0.7142857142857143,,0.55,0.55,0.55,0.55,LAL,2025-12-07,0.624214118191619,2.4,1.6,0.0,0.75,0.6428571428571429,0.6428571428571429,True,906,0.4166666666666667,0.5666666666666667,0.2976190476190476,True,True,True
CHO,DEN,0.3637560695963289,4.8,1.2,DEN,2025-12-07,1.0,,0.3333333333333333,,0.3583333333333333,0.3583333333333333,0.3583333333333333,0.3583333333333333,DEN,2025-12-07,0.3637560695963289,4.8,1.2,0.0,0.7,0.2857142857142857,0.2857142857142857,True,906,0.20833333333333334,0.3333333333333333,0.12499999999999997,False,False,False
TOR,BOS,0.4175628880046949,2.3,1.65,BOS,2025-12-07,1.0,,0.36,,0.381,0.381,0.381,0.381,BOS,2025-12-07,0.4175628880046949,2.3,1.65,0.0,0.4,0.45652173913043476,0.45652173913043476,True,906,0.4347826086956522,0.36,-0.07478260869565223,False,False,False
MEM,POR,0.5609849272385484,1.85,1.98,MEM,2025-12-07,1.0,,0.6428571428571429,,0.6214285714285714,0.6214285714285714,0.6214285714285714,0.6214285714285714,MEM,2025-12-07,0.5609849272385484,1.85,1.98,1.0,0.25,0.5172413793103449,0.5172413793103449,True,906,0.5405405405405405,0.6428571428571429,0.10231660231660245,False,False,False
CHI,GSW,0.3363838418950795,1.93,1.89,GSW,2025-12-07,1.0,,0.34615384615384615,,0.36923076923076925,0.36923076923076925,0.36923076923076925,0.36923076923076925,GSW,2025-12-07,0.3363838418950795,1.93,1.89,0.0,0.2,0.2857142857142857,0.2857142857142857,True,906,0.5181347150259068,0.34615384615384615,-0.17198086887206065,False,False,False
WAS,ATL,0.3142286123979808,4.3,1.24,ATL,2025-12-06,1.0,,0.25785685946504633,,0.2941783305452894,0.2941783305452894,0.2941783305452894,0.35,ATL,2025-12-06,0.3142286123979808,4.3,1.24,0.0,0.36,0.2857142857142857,0.2857142857142857,True,906,0.23255813953488372,0.25785685946504633,0.02529871993016261,False,False,False
CLE,GSW,0.6458256248268818,1.32,3.5,GSW,2025-12-06,0.0,,0.7321428571428571,,0.6973214285714285,0.6973214285714285,0.6973214285714285,0.6973214285714285,GSW,2025-12-06,0.6458256248268818,1.32,3.5,0.0,0.88,0.6428571428571429,0.6428571428571429,True,906,0.7575757575757576,0.7321428571428571,-0.025432900432900474,False,False,False
BRK,NOP,0.6119847469737508,1.59,2.42,BRK,2025-12-06,1.0,,0.7222222222222222,,0.6888888888888889,0.6888888888888889,0.6888888888888889,0.6888888888888889,BRK,2025-12-06,0.6119847469737508,1.59,2.42,1.0,0.33,0.6428571428571429,0.6428571428571429,True,906,0.6289308176100629,0.7222222222222222,0.09329140461215935,False,False,False
MIN,LAC,0.7622944863964465,1.27,3.95,MIN,2025-12-06,1.0,,0.8235294117647058,,0.7749999999999999,0.7749999999999999,0.7749999999999999,0.7749999999999999,MIN,2025-12-06,0.7622944863964465,1.27,3.95,1.0,0.64,0.7532467532467533,0.7532467532467533,True,906,0.7874015748031495,0.8235294117647058,0.0361278369615563,False,False,False
MIA,SAC,0.650067277573942,1.25,4.1,SAC,2025-12-06,0.0,,0.7321428571428571,,0.6973214285714285,0.6973214285714285,0.6973214285714285,0.6973214285714285,SAC,2025-12-06,0.650067277573942,1.25,4.1,0.0,0.67,0.6428571428571429,0.6428571428571429,True,906,0.8,0.7321428571428571,-0.06785714285714295,False,False,False
DAL,HOU,0.3736331396429546,3.35,1.34,DAL,2025-12-06,0.0,,0.36,,0.381,0.381,0.381,0.381,DAL,2025-12-06,0.3736331396429546,3.35,1.34,1.0,0.0,0.4318181818181818,0.4318181818181818,True,906,0.29850746268656714,0.36,0.06149253731343285,False,False,False
DET,MIL,0.6209386954223907,1.15,5.9,DET,2025-12-06,1.0,,0.7222222222222222,,0.6888888888888889,0.6888888888888889,0.6888888888888889,0.6888888888888889,DET,2025-12-06,0.6209386954223907,1.15,5.9,1.0,0.7,0.6428571428571429,0.6428571428571429,True,906,0.8695652173913044,0.7222222222222222,-0.14734299516908222,False,False,False
ORL,MIA,0.6489855242522913,1.46,2.8,ORL,2025-12-05,1.0,,0.7424242424242424,,0.706060606060606,0.706060606060606,0.706060606060606,0.706060606060606,ORL,2025-12-05,0.6489855242522913,1.46,2.8,1.0,0.67,0.6428571428571429,0.6428571428571429,True,906,0.684931506849315,0.7424242424242424,0.0574927355749274,False,False,False
OKC,DAL,0.8301101308549798,1.1,7.75,OKC,2025-12-05,1.0,,1.0,,0.925,0.925,0.925,0.8,OKC,2025-12-05,0.8301101308549798,1.1,7.75,1.0,0.73,0.8571428571428571,0.8571428571428571,True,906,0.9090909090909091,1.0,0.09090909090909094,False,False,False
HOU,PHO,0.6283484395263004,1.18,5.1,HOU,2025-12-05,1.0,,0.7358490566037735,,0.7004716981132075,0.7004716981132075,0.7004716981132075,0.7004716981132075,HOU,2025-12-05,0.6283484395263004,1.18,5.1,1.0,0.55,0.6428571428571429,0.6428571428571429,True,906,0.8474576271186441,0.7358490566037735,-0.11160857051487061,False,False,False
TOR,CHO,0.6413079181299723,1.34,3.35,CHO,2025-12-05,0.0,,0.7358490566037735,,0.7004716981132075,0.7004716981132075,0.7004716981132075,0.7004716981132075,CHO,2025-12-05,0.6413079181299723,1.34,3.35,0.0,0.4,0.6428571428571429,0.6428571428571429,True,906,0.7462686567164178,0.7358490566037735,-0.010419600112644312,False,False,False
BOS,LAL,0.5231033760699162,1.32,3.5,BOS,2025-12-05,1.0,,0.3950617283950617,,0.4212962962962963,0.4212962962962963,0.4212962962962963,0.4212962962962963,BOS,2025-12-05,0.5231033760699162,1.32,3.5,1.0,0.73,0.5,0.5,True,906,0.7575757575757576,0.3950617283950617,-0.36251402918069586,True,False,True
NYK,UTA,0.6182657629469036,1.08,8.5,NYK,2025-12-05,1.0,,0.7058823529411765,,0.6544117647058824,0.6544117647058824,0.6544117647058824,0.6544117647058824,NYK,2025-12-05,0.6182657629469036,1.08,8.5,1.0,0.71,0.6428571428571429,0.6428571428571429,True,906,0.9259259259259258,0.7058823529411765,-0.2200435729847493,True,False,True
DET,POR,0.4589620704278608,1.33,3.45,DET,2025-12-05,0.0,,0.3950617283950617,,0.4212962962962963,0.4212962962962963,0.4212962962962963,0.4212962962962963,DET,2025-12-05,0.4589620704278608,1.33,3.45,1.0,0.7,0.45652173913043476,0.45652173913043476,True,906,0.7518796992481203,0.3950617283950617,-0.35681797085305855,True,False,True
MIL,PHI,0.4952853815097947,1.93,1.89,PHI,2025-12-05,1.0,,0.3950617283950617,,0.41080246913580243,0.41080246913580243,0.41080246913580243,0.41080246913580243,PHI,2025-12-05,0.4952853815097947,1.93,1.89,0.0,0.55,0.45652173913043476,0.45652173913043476,True,906,0.5181347150259068,0.3950617283950617,-0.1230729866308451,False,False,False
ATL,DEN,0.4531806521558069,2.7,1.49,DEN,2025-12-05,1.0,,0.3924050632911392,,0.4085443037974683,0.4085443037974683,0.4085443037974683,0.4085443037974683,DEN,2025-12-05,0.4531806521558069,2.7,1.49,0.0,0.69,0.45652173913043476,0.45652173913043476,True,906,0.37037037037037035,0.3924050632911392,0.022034692920768872,False,False,False
CLE,SAS,0.6306544590124109,1.6,2.4,CLE,2025-12-05,1.0,,0.7358490566037735,,0.7004716981132075,0.7004716981132075,0.7004716981132075,0.7004716981132075,CLE,2025-12-05,0.6306544590124109,1.6,2.4,1.0,0.88,0.6428571428571429,0.6428571428571429,True,906,0.625,0.7358490566037735,0.11084905660377353,False,False,False
MEM,LAC,0.4776589192369966,2.1,1.77,MEM,2025-12-05,0.0,,0.3950617283950617,,0.41080246913580243,0.41080246913580243,0.41080246913580243,0.41080246913580243,MEM,2025-12-05,0.4776589192369966,2.1,1.77,1.0,0.25,0.45652173913043476,0.45652173913043476,True,906,0.47619047619047616,0.3950617283950617,-0.08112874779541446,False,False,False
CHI,IND,0.3279963860965866,1.51,2.64,IND,2025-12-05,1.0,,0.36,,0.395,0.395,0.395,0.395,IND,2025-12-05,0.3279963860965866,1.51,2.64,0.0,0.2,0.2857142857142857,0.2857142857142857,True,906,0.6622516556291391,0.36,-0.30225165562913914,True,False,True
NOP,MIN,0.3716049054781383,5.25,1.17,MIN,2025-12-04,1.0,,0.3572979450327837,,0.37870325327786614,0.37870325327786614,0.37870325327786614,0.37870325327786614,MIN,2025-12-04,0.3716049054781383,5.25,1.17,0.0,0.75,0.4,0.4,True,906,0.19047619047619047,0.3572979450327837,0.16682175455659326,False,False,False
WAS,BOS,0.2475722423137321,4.5,1.22,BOS,2025-12-04,1.0,,0.1875,,0.234375,0.234375,0.234375,0.35,BOS,2025-12-04,0.2475722423137321,4.5,1.22,0.0,0.36,0.2857142857142857,0.2857142857142857,True,906,0.2222222222222222,0.1875,-0.03472222222222221,False,False,False
BRK,UTA,0.7221489191876569,2.7,1.49,UTA,2025-12-04,0.0,,0.8484848484848485,,0.5152777777777777,0.5152777777777777,0.5152777777777777,0.5152777777777777,UTA,2025-12-04,0.7221489191876569,2.7,1.49,0.0,0.33,0.7532467532467533,0.7532467532467533,True,906,0.37037037037037035,0.5203703703703704,0.47811447811447816,True,True,True
PHI,GSW,0.6746544074842185,1.62,2.36,PHI,2025-12-04,1.0,,0.7424242424242424,,0.706060606060606,0.706060606060606,0.706060606060606,0.706060606060606,PHI,2025-12-04,0.6746544074842185,1.62,2.36,1.0,0.75,0.6868686868686869,0.6868686868686869,True,906,0.6172839506172839,0.7424242424242424,0.12514029180695851,False,False,False
TOR,LAL,0.6207314332501827,1.7,2.2,LAL,2025-12-04,0.0,,0.7424242424242424,,0.706060606060606,0.706060606060606,0.706060606060606,0.706060606060606,LAL,2025-12-04,0.6207314332501827,1.7,2.2,0.0,0.4,0.6428571428571429,0.6428571428571429,True,906,0.5882352941176471,0.7424242424242424,0.15418894830659535,False,False,False
HOU,SAC,0.7271163152424641,1.07,9.0,HOU,2025-12-03,1.0,,0.8387096774193549,,0.7879032258064516,0.7879032258064516,0.7879032258064516,0.7879032258064516,HOU,2025-12-03,0.7271163152424641,1.07,9.0,1.0,0.55,0.7532467532467533,0.7532467532467533,True,906,0.9345794392523364,0.8387096774193549,-0.09586976183298157,False,False,False
CLE,POR,0.5871290893995311,1.17,5.4,POR,2025-12-03,0.0,,0.675,,0.64875,0.64875,0.64875,0.64875,POR,2025-12-03,0.5871290893995311,1.17,5.4,0.0,0.88,0.5925925925925926,0.5925925925925926,True,906,0.8547008547008548,0.675,-0.17970085470085473,False,False,False
ATL,LAC,0.5586667484272824,1.62,2.36,LAC,2025-12-03,0.0,,0.675,,0.64875,0.64875,0.64875,0.64875,LAC,2025-12-03,0.5586667484272824,1.62,2.36,0.0,0.69,0.5172413793103449,0.5172413793103449,True,906,0.6172839506172839,0.675,0.05771604938271613,False,False,False
NYK,CHO,0.7252513670692756,1.25,4.1,NYK,2025-12-03,1.0,,0.8387096774193549,,0.7879032258064516,0.7879032258064516,0.7879032258064516,0.7879032258064516,NYK,2025-12-03,0.7252513670692756,1.25,4.1,1.0,0.71,0.7532467532467533,0.7532467532467533,True,906,0.8,0.8387096774193549,0.03870967741935483,False,False,False
ORL,SAS,0.6794109921989704,1.29,3.7,SAS,2025-12-03,0.0,,0.7424242424242424,,0.706060606060606,0.706060606060606,0.706060606060606,0.706060606060606,SAS,2025-12-03,0.6794109921989704,1.29,3.7,0.0,0.67,0.6868686868686869,0.6868686868686869,True,906,0.7751937984496123,0.7424242424242424,-0.032769556025369906,False,False,False
CHI,BRK,0.2925958877182121,1.29,3.7,BRK,2025-12-03,1.0,,0.21428571428571427,,0.2857142857142857,0.2857142857142857,0.2857142857142857,0.35,BRK,2025-12-03,0.2925958877182121,1.29,3.7,0.0,0.2,0.2857142857142857,0.2857142857142857,True,906,0.7751937984496123,0.21428571428571427,-0.560908084163898,True,False,True
MIL,DET,0.4951982487009827,2.54,1.54,MIL,2025-12-03,0.0,,0.3924050632911392,,0.4085443037974683,0.4085443037974683,0.4085443037974683,0.4085443037974683,MIL,2025-12-03,0.4951982487009827,2.54,1.54,1.0,0.55,0.45652173913043476,0.45652173913043476,True,906,0.39370078740157477,0.3924050632911392,-0.0012957241104355477,False,False,False
DAL,MIA,0.3471792253556039,2.6,1.52,DAL,2025-12-03,0.0,,0.34782608695652173,,0.3706521739130435,0.3706521739130435,0.3706521739130435,0.3706521739130435,DAL,2025-12-03,0.3471792253556039,2.6,1.52,1.0,0.0,0.2857142857142857,0.2857142857142857,True,906,0.3846153846153846,0.34782608695652173,-0.03678929765886285,False,False,False
IND,DEN,0.3578316569330641,3.7,1.29,DEN,2025-12-03,1.0,,0.3617021276595745,,0.38244680851063834,0.38244680851063834,0.38244680851063834,0.38244680851063834,DEN,2025-12-03,0.3578316569330641,3.7,1.29,0.0,0.25,0.2857142857142857,0.2857142857142857,True,906,0.27027027027027023,0.3617021276595745,0.09143185738930426,False,False,False
BOS,NYK,0.6454243572825947,1.89,1.93,BOS,2025-12-02,1.0,,0.7297297297297297,,0.6343253968253969,0.6343253968253969,0.6343253968253969,0.6343253968253969,BOS,2025-12-02,0.6454243572825947,1.89,1.93,1.0,0.73,0.6428571428571429,0.6428571428571429,True,906,0.5291005291005292,0.6791005291005292,0.20062920062920053,True,False,True
NOP,MIN,0.2929085874950088,5.55,1.16,MIN,2025-12-02,1.0,,0.21428571428571427,,0.2571428571428572,0.2571428571428572,0.2571428571428572,0.35,MIN,2025-12-02,0.2929085874950088,5.55,1.16,0.0,0.75,0.2857142857142857,0.2857142857142857,True,906,0.1801801801801802,0.21428571428571427,0.034105534105534074,False,False,False
PHI,WAS,0.4616272743617612,1.12,6.75,PHI,2025-12-02,0.0,,0.38461538461538464,,0.4134615384615385,0.4134615384615385,0.4134615384615385,0.4134615384615385,PHI,2025-12-02,0.4616272743617612,1.12,6.75,1.0,0.75,0.45652173913043476,0.45652173913043476,True,906,0.8928571428571428,0.38461538461538464,-0.5082417582417582,True,False,True
TOR,POR,0.619290150542852,1.46,2.8,TOR,2025-12-02,1.0,,0.7297297297297297,,0.6952702702702702,0.6952702702702702,0.6952702702702702,0.6952702702702702,TOR,2025-12-02,0.619290150542852,1.46,2.8,1.0,0.4,0.6428571428571429,0.6428571428571429,True,906,0.684931506849315,0.7297297297297297,0.044798222880414684,False,False,False
GSW,OKC,0.6058517372438283,5.4,1.17,OKC,2025-12-02,0.0,,0.7368421052631579,,0.3763888888888889,0.3763888888888889,0.3763888888888889,0.3763888888888889,OKC,2025-12-02,0.6058517372438283,5.4,1.17,0.0,0.3,0.6428571428571429,0.6428571428571429,True,906,0.18518518518518517,0.33518518518518514,0.5516569200779726,True,True,True
SAS,MEM,0.5879329700181527,1.49,2.7,SAS,2025-12-02,1.0,,0.6571428571428571,,0.6335714285714286,0.6335714285714286,0.6335714285714286,0.6335714285714286,SAS,2025-12-02,0.5879329700181527,1.49,2.7,1.0,0.8,0.5925925925925926,0.5925925925925926,True,906,0.6711409395973155,0.6571428571428571,-0.013998082454458327,False,False,False
DEN,DAL,0.5833413332944934,1.19,4.9,DAL,2025-12-01,0.0,,0.6666666666666666,,0.6416666666666666,0.6416666666666666,0.6416666666666666,0.6416666666666666,DAL,2025-12-01,0.5833413332944934,1.19,4.9,0.0,0.55,0.5454545454545454,0.5454545454545454,True,906,0.8403361344537815,0.6666666666666666,-0.1736694677871149,False,False,False
DET,ATL,0.5794287750816302,1.24,4.3,DET,2025-12-01,1.0,,0.6571428571428571,,0.6335714285714286,0.6335714285714286,0.6335714285714286,0.6335714285714286,DET,2025-12-01,0.5794287750816302,1.24,4.3,1.0,0.7,0.5454545454545454,0.5454545454545454,True,906,0.8064516129032259,0.6571428571428571,-0.14930875576036873,False,False,False
LAL,PHO,0.68772582393989,1.51,2.64,PHO,2025-12-01,0.0,,0.7894736842105263,,0.7460526315789474,0.7460526315789474,0.7460526315789474,0.7460526315789474,PHO,2025-12-01,0.68772582393989,1.51,2.64,0.0,0.71,0.6868686868686869,0.6868686868686869,True,906,0.6622516556291391,0.7894736842105263,0.1272220285813872,False,False,False
ORL,CHI,0.7225119265376123,1.28,3.85,ORL,2025-12-01,1.0,,0.8333333333333334,,0.7833333333333334,0.7833333333333334,0.7833333333333334,0.7833333333333334,ORL,2025-12-01,0.7225119265376123,1.28,3.85,1.0,0.67,0.7532467532467533,0.7532467532467533,True,906,0.78125,0.8333333333333334,0.05208333333333337,False,False,False
MIA,LAC,0.5615011532708953,1.41,3.0,MIA,2025-12-01,1.0,,0.6571428571428571,,0.6335714285714286,0.6335714285714286,0.6335714285714286,0.6335714285714286,MIA,2025-12-01,0.5615011532708953,1.41,3.0,1.0,0.67,0.5172413793103449,0.5172413793103449,True,906,0.7092198581560284,0.6571428571428571,-0.052077001013171254,False,False,False
UTA,HOU,0.3606706997190304,5.7,1.15,UTA,2025-12-01,0.0,,0.3333333333333333,,0.3583333333333333,0.3583333333333333,0.3583333333333333,0.3583333333333333,UTA,2025-12-01,0.3606706997190304,5.7,1.15,1.0,0.2,0.2857142857142857,0.2857142857142857,True,906,0.17543859649122806,0.3333333333333333,0.15789473684210525,False,False,False
WAS,MIL,0.2367886358286087,4.2,1.24,WAS,2025-12-01,0.0,,0.15384615384615385,,0.20576923076923076,0.20576923076923076,0.20576923076923076,0.35,WAS,2025-12-01,0.2367886358286087,4.2,1.24,1.0,0.36,0.2857142857142857,0.2857142857142857,True,906,0.23809523809523808,0.15384615384615385,-0.08424908424908423,False,False,False
BRK,CHO,0.4511071280813796,2.6,1.52,BRK,2025-12-01,0.0,,0.3815789473684211,,0.39934210526315794,0.39934210526315794,0.39934210526315794,0.39934210526315794,BRK,2025-12-01,0.4511071280813796,2.6,1.52,1.0,0.33,0.45652173913043476,0.45652173913043476,True,906,0.3846153846153846,0.3815789473684211,-0.003036437246963508,False,False,False
IND,CLE,0.4833037885877908,2.6,1.52,CLE,2025-12-01,1.0,,0.3815789473684211,,0.39934210526315794,0.39934210526315794,0.39934210526315794,0.39934210526315794,CLE,2025-12-01,0.4833037885877908,2.6,1.52,0.0,0.25,0.45652173913043476,0.45652173913043476,True,906,0.3846153846153846,0.3815789473684211,-0.003036437246963508,False,False,False
POR,OKC,0.4644389576593696,5.7,1.15,OKC,2025-11-30,1.0,,0.3972602739726027,,0.36907894736842106,0.36907894736842106,0.36907894736842106,0.36907894736842106,OKC,2025-11-30,0.4644389576593696,5.7,1.15,0.0,0.5,0.45652173913043476,0.45652173913043476,True,906,0.17543859649122806,0.3254385964912281,0.22182167748137466,True,False,True
NYK,TOR,0.6945936319704816,1.31,3.6,NYK,2025-11-30,1.0,,0.7777777777777778,,0.7361111111111112,0.7361111111111112,0.7361111111111112,0.7361111111111112,NYK,2025-11-30,0.6945936319704816,1.31,3.6,1.0,0.71,0.7037037037037037,0.7037037037037037,True,906,0.7633587786259541,0.7777777777777778,0.014418999151823653,False,False,False
CLE,BOS,0.5430492233509335,1.35,3.3,BOS,2025-11-30,0.0,,0.3972602739726027,,0.422945205479452,0.422945205479452,0.422945205479452,0.422945205479452,BOS,2025-11-30,0.5430492233509335,1.35,3.3,0.0,0.88,0.5,0.5,True,906,0.7407407407407407,0.3972602739726027,-0.343480466768138,True,False,True
SAC,MEM,0.3978553681461099,2.2,1.7,MEM,2025-11-30,1.0,,0.391304347826087,,0.40760869565217395,0.40760869565217395,0.40760869565217395,0.40760869565217395,MEM,2025-11-30,0.3978553681461099,2.2,1.7,0.0,0.29,0.4318181818181818,0.4318181818181818,True,906,0.45454545454545453,0.391304347826087,-0.06324110671936756,False,False,False
MIN,SAS,0.5867727799673934,1.6,2.4,MIN,2025-11-30,1.0,,0.6666666666666666,,0.6416666666666666,0.6416666666666666,0.6416666666666666,0.6416666666666666,MIN,2025-11-30,0.5867727799673934,1.6,2.4,1.0,0.64,0.5925925925925926,0.5925925925925926,True,906,0.625,0.6666666666666666,0.04166666666666663,False,False,False
UTA,HOU,0.431107122576301,5.4,1.17,HOU,2025-11-30,1.0,,0.391304347826087,,0.3763888888888889,0.3763888888888889,0.3763888888888889,0.3763888888888889,HOU,2025-11-30,0.431107122576301,5.4,1.17,0.0,0.2,0.45652173913043476,0.45652173913043476,True,906,0.18518518518518517,0.33518518518518514,0.2061191626409018,True,False,True
LAL,NOP,0.7430172245363171,1.1,7.75,LAL,2025-11-30,1.0,,0.8484848484848485,,0.7962121212121211,0.7962121212121211,0.7962121212121211,0.7962121212121211,LAL,2025-11-30,0.7430172245363171,1.1,7.75,1.0,0.71,0.7532467532467533,0.7532467532467533,True,906,0.9090909090909091,0.8484848484848485,-0.06060606060606055,False,False,False
PHI,ATL,0.4699258419334549,1.77,2.1,ATL,2025-11-30,1.0,,0.3972602739726027,,0.4126712328767123,0.4126712328767123,0.4126712328767123,0.4126712328767123,ATL,2025-11-30,0.4699258419334549,1.77,2.1,0.0,0.75,0.45652173913043476,0.45652173913043476,True,906,0.5649717514124294,0.3972602739726027,-0.16771147743982667,False,False,False
MIA,DET,0.5457599890210781,1.59,2.42,DET,2025-11-29,0.0,,0.3870967741935484,,0.41532258064516125,0.41532258064516125,0.41532258064516125,0.41532258064516125,DET,2025-11-29,0.5457599890210781,1.59,2.42,0.0,0.67,0.5,0.5,True,906,0.6289308176100629,0.3870967741935484,-0.2418340434165145,True,False,True
PHO,DEN,0.7102849395345799,2.36,1.62,DEN,2025-11-29,0.0,,0.8484848484848485,,0.5552966101694915,0.5552966101694915,0.5552966101694915,0.5552966101694915,DEN,2025-11-29,0.7102849395345799,2.36,1.62,0.0,0.86,0.7037037037037037,0.7037037037037037,True,906,0.42372881355932207,0.573728813559322,0.42475603492552644,True,True,True
LAC,DAL,0.5850873936231079,1.36,3.25,DAL,2025-11-29,0.0,,0.6774193548387096,,0.6508064516129032,0.6508064516129032,0.6508064516129032,0.6508064516129032,DAL,2025-11-29,0.5850873936231079,1.36,3.25,0.0,0.6,0.5454545454545454,0.5454545454545454,True,906,0.7352941176470588,0.6774193548387096,-0.057874762808349134,False,False,False
GSW,NOP,0.7421205170553727,1.27,3.95,GSW,2025-11-29,1.0,,0.8333333333333334,,0.7833333333333334,0.7833333333333334,0.7833333333333334,0.7833333333333334,GSW,2025-11-29,0.7421205170553727,1.27,3.95,1.0,0.3,0.7532467532467533,0.7532467532467533,True,906,0.7874015748031495,0.8333333333333334,0.04593175853018383,False,False,False
MIL,BRK,0.5559347651232434,1.18,5.1,MIL,2025-11-29,1.0,,0.6774193548387096,,0.6508064516129032,0.6508064516129032,0.6508064516129032,0.6508064516129032,MIL,2025-11-29,0.5559347651232434,1.18,5.1,1.0,0.55,0.5172413793103449,0.5172413793103449,True,906,0.8474576271186441,0.6774193548387096,-0.1700382722799345,False,False,False
IND,CHI,0.4541692306207022,2.45,1.57,IND,2025-11-29,0.0,,0.3870967741935484,,0.40403225806451615,0.40403225806451615,0.40403225806451615,0.40403225806451615,IND,2025-11-29,0.4541692306207022,2.45,1.57,1.0,0.25,0.45652173913043476,0.45652173913043476,True,906,0.4081632653061224,0.3870967741935484,-0.021066491112574026,False,False,False
CHO,TOR,0.4429800097547309,3.75,1.29,CHO,2025-11-29,0.0,,0.3870967741935484,,0.40403225806451615,0.40403225806451615,0.40403225806451615,0.40403225806451615,CHO,2025-11-29,0.4429800097547309,3.75,1.29,1.0,0.7,0.45652173913043476,0.45652173913043476,True,906,0.26666666666666666,0.3870967741935484,0.12043010752688171,False,False,False
MIN,BOS,0.735731818834182,1.34,3.4,MIN,2025-11-29,1.0,,0.8333333333333334,,0.7833333333333334,0.7833333333333334,0.7833333333333334,0.7833333333333334,MIN,2025-11-29,0.735731818834182,1.34,3.4,1.0,0.64,0.7532467532467533,0.7532467532467533,True,906,0.7462686567164178,0.8333333333333334,0.08706467661691553,False,False,False
CHO,CHI,0.4068744118123351,2.3,1.65,CHO,2025-11-28,0.0,,0.36363636363636365,,0.3840909090909091,0.3840909090909091,0.3840909090909091,0.3840909090909091,CHO,2025-11-28,0.4068744118123351,2.3,1.65,1.0,0.7,0.45652173913043476,0.45652173913043476,True,906,0.4347826086956522,0.36363636363636365,-0.07114624505928857,False,False,False
OKC,PHO,0.7727780846528022,1.1,7.75,OKC,2025-11-28,1.0,,0.8214285714285714,,0.7732142857142856,0.7732142857142856,0.7732142857142856,0.7732142857142856,OKC,2025-11-28,0.7727780846528022,1.1,7.75,1.0,0.73,0.7532467532467533,0.7532467532467533,True,906,0.9090909090909091,0.8214285714285714,-0.08766233766233766,False,False,False
LAC,MEM,0.5268618316960656,1.4,3.05,MEM,2025-11-28,0.0,,0.38235294117647056,,0.4117647058823529,0.4117647058823529,0.4117647058823529,0.4117647058823529,MEM,2025-11-28,0.5268618316960656,1.4,3.05,0.0,0.6,0.5,0.5,True,906,0.7142857142857143,0.38235294117647056,-0.33193277310924374,True,False,True
NYK,MIL,0.7258049728378868,1.29,3.7,NYK,2025-11-28,1.0,,0.8333333333333334,,0.7833333333333334,0.7833333333333334,0.7833333333333334,0.7833333333333334,NYK,2025-11-28,0.7258049728378868,1.29,3.7,1.0,0.71,0.7532467532467533,0.7532467532467533,True,906,0.7751937984496123,0.8333333333333334,0.058139534883721034,False,False,False
DET,ORL,0.562638911989562,1.62,2.36,ORL,2025-11-28,0.0,,0.7241379310344828,,0.6905172413793104,0.6905172413793104,0.6905172413793104,0.6905172413793104,ORL,2025-11-28,0.562638911989562,1.62,2.36,0.0,0.7,0.5172413793103449,0.5172413793103449,True,906,0.6172839506172839,0.7241379310344828,0.10685398041719885,False,False,False
DEN,SAS,0.6995937500182207,1.32,3.5,SAS,2025-11-28,0.0,,0.8,,0.755,0.755,0.755,0.755,SAS,2025-11-28,0.6995937500182207,1.32,3.5,0.0,0.55,0.7037037037037037,0.7037037037037037,True,906,0.7575757575757576,0.8,0.042424242424242475,False,False,False
BRK,PHI,0.625579600067617,3.1,1.39,PHI,2025-11-28,0.0,,0.7560975609756098,,0.4794354838709677,0.4794354838709677,0.4794354838709677,0.4794354838709677,PHI,2025-11-28,0.625579600067617,3.1,1.39,0.0,0.33,0.6428571428571429,0.6428571428571429,True,906,0.3225806451612903,0.4725806451612903,0.43351691581431945,True,True,True
UTA,SAC,0.4577463489933706,1.85,1.98,UTA,2025-11-28,0.0,,0.38235294117647056,,0.39999999999999997,0.39999999999999997,0.39999999999999997,0.39999999999999997,UTA,2025-11-28,0.4577463489933706,1.85,1.98,1.0,0.2,0.45652173913043476,0.45652173913043476,True,906,0.5405405405405405,0.38235294117647056,-0.1581875993640699,False,False,False
LAL,DAL,0.7393090579730536,1.24,4.2,LAL,2025-11-28,1.0,,0.8214285714285714,,0.7732142857142856,0.7732142857142856,0.7732142857142856,0.7732142857142856,LAL,2025-11-28,0.7393090579730536,1.24,4.2,1.0,0.71,0.7532467532467533,0.7532467532467533,True,906,0.8064516129032259,0.8214285714285714,0.01497695852534553,False,False,False
ATL,CLE,0.6938959287762491,2.5,1.56,ATL,2025-11-28,1.0,,0.8,,0.5375000000000001,0.5375000000000001,0.5375000000000001,0.5375000000000001,ATL,2025-11-28,0.6938959287762491,2.5,1.56,1.0,0.69,0.7037037037037037,0.7037037037037037,True,906,0.4,0.55,0.4,True,True,True
IND,WAS,0.3561882266562023,1.36,3.25,IND,2025-11-28,0.0,,0.3076923076923077,,0.3557692307692308,0.3557692307692308,0.3557692307692308,0.3557692307692308,IND,2025-11-28,0.3561882266562023,1.36,3.25,1.0,0.25,0.2857142857142857,0.2857142857142857,True,906,0.7352941176470588,0.3076923076923077,-0.42760180995475106,True,False,True
SAC,PHO,0.3212320157133465,2.54,1.54,PHO,2025-11-26,1.0,,0.34782608695652173,,0.3706521739130435,0.3706521739130435,0.3706521739130435,0.3706521739130435,PHO,2025-11-26,0.3212320157133465,2.54,1.54,0.0,0.29,0.2857142857142857,0.2857142857142857,True,906,0.39370078740157477,0.34782608695652173,-0.04587470044505304,False,False,False
OKC,MIN,0.8073251773858775,1.22,4.5,OKC,2025-11-26,1.0,,1.0,,0.925,0.925,0.925,0.8,OKC,2025-11-26,0.8073251773858775,1.22,4.5,1.0,0.73,0.8571428571428571,0.8571428571428571,True,906,0.819672131147541,1.0,0.180327868852459,False,False,False
MIA,MIL,0.5867514777006497,1.31,3.6,MIA,2025-11-26,1.0,,0.7407407407407407,,0.7046296296296296,0.7046296296296296,0.7046296296296296,0.7046296296296296,MIA,2025-11-26,0.5867514777006497,1.31,3.6,1.0,0.67,0.5925925925925926,0.5925925925925926,True,906,0.7633587786259541,0.7407407407407407,-0.022618037885213438,False,False,False
GSW,HOU,0.5809261480059171,1.68,2.24,HOU,2025-11-26,0.0,,0.7407407407407407,,0.7046296296296296,0.7046296296296296,0.7046296296296296,0.7046296296296296,HOU,2025-11-26,0.5809261480059171,1.68,2.24,0.0,0.3,0.5454545454545454,0.5454545454545454,True,906,0.5952380952380952,0.7407407407407407,0.14550264550264547,False,False,False
BOS,DET,0.6979409304193159,2.24,1.68,BOS,2025-11-26,1.0,,0.8,,0.5723214285714285,0.5723214285714285,0.5723214285714285,0.5723214285714285,BOS,2025-11-26,0.6979409304193159,2.24,1.68,1.0,0.73,0.7037037037037037,0.7037037037037037,True,906,0.4464285714285714,0.5964285714285714,0.35357142857142865,True,False,True
CHO,NYK,0.3208448447630296,3.15,1.38,NYK,2025-11-26,1.0,,0.34782608695652173,,0.3706521739130435,0.3706521739130435,0.3706521739130435,0.3706521739130435,NYK,2025-11-26,0.3208448447630296,3.15,1.38,0.0,0.7,0.2857142857142857,0.2857142857142857,True,906,0.31746031746031744,0.34782608695652173,0.030365769496204287,False,False,False
TOR,IND,0.7248393107039552,1.21,4.7,TOR,2025-11-26,1.0,,0.8148148148148148,,0.7675925925925926,0.7675925925925926,0.7675925925925926,0.7675925925925926,TOR,2025-11-26,0.7248393107039552,1.21,4.7,1.0,0.4,0.7532467532467533,0.7532467532467533,True,906,0.8264462809917356,0.8148148148148148,-0.01163146617692079,False,False,False
POR,SAS,0.5565155599051146,1.83,2.0,SAS,2025-11-26,0.0,,0.7241379310344828,,0.6905172413793104,0.6905172413793104,0.6905172413793104,0.6905172413793104,SAS,2025-11-26,0.5565155599051146,1.83,2.0,0.0,0.5,0.5172413793103449,0.5172413793103449,True,906,0.5464480874316939,0.7241379310344828,0.17768984360278883,False,False,False
NOP,MEM,0.3665741191569344,2.3,1.65,MEM,2025-11-26,1.0,,0.34782608695652173,,0.3706521739130435,0.3706521739130435,0.3706521739130435,0.3706521739130435,MEM,2025-11-26,0.3665741191569344,2.3,1.65,0.0,0.75,0.2857142857142857,0.2857142857142857,True,906,0.4347826086956522,0.34782608695652173,-0.08695652173913049,False,False,False
WAS,ATL,0.2578109292415598,5.0,1.19,WAS,2025-11-25,0.0,,0.08333333333333333,,0.14583333333333331,0.14583333333333331,0.14583333333333331,0.35,WAS,2025-11-25,0.2578109292415598,5.0,1.19,1.0,0.36,0.2857142857142857,0.2857142857142857,True,906,0.2,0.08333333333333333,-0.11666666666666668,False,False,False
PHI,ORL,0.5436046425122454,2.45,1.57,ORL,2025-11-25,0.0,,0.3880597014925373,,0.40485074626865675,0.40485074626865675,0.40485074626865675,0.40485074626865675,ORL,2025-11-25,0.5436046425122454,2.45,1.57,0.0,0.75,0.5,0.5,True,906,0.4081632653061224,0.3880597014925373,-0.02010356381358508,False,False,False
LAL,LAC,0.6183566580062562,1.39,3.1,LAL,2025-11-25,1.0,,0.75,,0.7125,0.7125,0.7125,0.7125,LAL,2025-11-25,0.6183566580062562,1.39,3.1,1.0,0.71,0.6428571428571429,0.6428571428571429,True,906,0.7194244604316548,0.75,0.030575539568345245,False,False,False
MIL,POR,0.640018442511149,1.77,2.1,POR,2025-11-24,0.0,,0.76,,0.721,0.721,0.721,0.721,POR,2025-11-24,0.640018442511149,1.77,2.1,0.0,0.55,0.6428571428571429,0.6428571428571429,True,906,0.5649717514124294,0.76,0.19502824858757062,False,False,False
BRK,NYK,0.5228836699195674,6.75,1.12,NYK,2025-11-24,0.0,,0.4,,0.3486111111111111,0.3486111111111111,0.3486111111111111,0.35,NYK,2025-11-24,0.5228836699195674,6.75,1.12,0.0,0.33,0.5,0.5,True,906,0.14814814814814814,0.29814814814814816,0.2518518518518519,True,False,True
SAC,MIN,0.2164996819537854,4.1,1.25,SAC,2025-11-24,0.0,,0.0,,0.125,0.125,0.125,0.35,SAC,2025-11-24,0.2164996819537854,4.1,1.25,1.0,0.29,0.2857142857142857,0.2857142857142857,True,906,0.24390243902439027,0.0,-0.24390243902439027,True,False,True
MIA,DAL,0.5733875828751145,1.34,3.35,MIA,2025-11-24,1.0,,0.7307692307692307,,0.6961538461538461,0.6961538461538461,0.6961538461538461,0.6961538461538461,MIA,2025-11-24,0.5733875828751145,1.34,3.35,1.0,0.67,0.5454545454545454,0.5454545454545454,True,906,0.7462686567164178,0.7307692307692307,-0.015499425947187118,False,False,False
NOP,CHI,0.3175450772637698,2.8,1.46,NOP,2025-11-24,0.0,,0.0,,0.125,0.125,0.125,0.35,NOP,2025-11-24,0.3175450772637698,2.8,1.46,1.0,0.75,0.2857142857142857,0.2857142857142857,True,906,0.35714285714285715,0.0,-0.35714285714285715,True,False,True
IND,DET,0.3438515137498653,4.5,1.22,DET,2025-11-24,1.0,,0.35,,0.3725,0.3725,0.3725,0.3725,DET,2025-11-24,0.3438515137498653,4.5,1.22,0.0,0.25,0.2857142857142857,0.2857142857142857,True,906,0.2222222222222222,0.35,0.12777777777777777,False,False,False
PHO,HOU,0.7666323397776689,2.9,1.43,HOU,2025-11-24,0.0,,0.8461538461538461,,0.4961206896551724,0.4961206896551724,0.4961206896551724,0.4961206896551724,HOU,2025-11-24,0.7666323397776689,2.9,1.43,0.0,0.86,0.7532467532467533,0.7532467532467533,True,906,0.3448275862068966,0.4948275862068966,0.5013262599469496,True,True,True
TOR,CLE,0.6308937513462158,1.87,1.95,TOR,2025-11-24,1.0,,0.76,,0.6385695187165775,0.6385695187165775,0.6385695187165775,0.6385695187165775,TOR,2025-11-24,0.6308937513462158,1.87,1.95,1.0,0.4,0.6428571428571429,0.6428571428571429,True,906,0.53475935828877,0.68475935828877,0.22524064171123004,True,False,True
MEM,DEN,0.4940226262844469,3.7,1.29,DEN,2025-11-24,1.0,,0.4,,0.41500000000000004,0.41500000000000004,0.41500000000000004,0.41500000000000004,DEN,2025-11-24,0.4940226262844469,3.7,1.29,0.0,0.25,0.45652173913043476,0.45652173913043476,True,906,0.27027027027027023,0.4,0.1297297297297298,False,False,False
GSW,UTA,0.6069409090761148,1.1,7.5,GSW,2025-11-24,1.0,,0.75,,0.7125,0.7125,0.7125,0.7125,GSW,2025-11-24,0.6069409090761148,1.1,7.5,1.0,0.3,0.6428571428571429,0.6428571428571429,True,906,0.9090909090909091,0.75,-0.15909090909090906,False,False,False
PHO,SAS,0.6367809127968677,1.68,2.24,PHO,2025-11-23,1.0,,0.7419354838709677,,0.7056451612903226,0.7056451612903226,0.7056451612903226,0.7056451612903226,PHO,2025-11-23,0.6367809127968677,1.68,2.24,1.0,0.86,0.6428571428571429,0.6428571428571429,True,906,0.5952380952380952,0.7419354838709677,0.14669738863287252,False,False,False
OKC,POR,0.7286067682101035,1.09,8.0,OKC,2025-11-23,1.0,,0.8235294117647058,,0.7749999999999999,0.7749999999999999,0.7749999999999999,0.7749999999999999,OKC,2025-11-23,0.7286067682101035,1.09,8.0,1.0,0.73,0.7532467532467533,0.7532467532467533,True,906,0.9174311926605504,0.8235294117647058,-0.09390178089584456,False,False,False
CLE,LAC,0.5877184540682966,1.26,4.0,CLE,2025-11-23,1.0,,0.72,,0.6869999999999999,0.6869999999999999,0.6869999999999999,0.6869999999999999,CLE,2025-11-23,0.5877184540682966,1.26,4.0,1.0,0.88,0.5925925925925926,0.5925925925925926,True,906,0.7936507936507936,0.72,-0.07365079365079363,False,False,False
ATL,CHO,0.7279782344473199,1.34,3.35,ATL,2025-11-23,1.0,,0.8235294117647058,,0.7749999999999999,0.7749999999999999,0.7749999999999999,0.7749999999999999,ATL,2025-11-23,0.7279782344473199,1.34,3.35,1.0,0.69,0.7532467532467533,0.7532467532467533,True,906,0.7462686567164178,0.8235294117647058,0.077260755048288,False,False,False
UTA,LAL,0.345531925384462,4.3,1.24,LAL,2025-11-23,1.0,,0.36585365853658536,,0.38597560975609757,0.38597560975609757,0.38597560975609757,0.38597560975609757,LAL,2025-11-23,0.345531925384462,4.3,1.24,0.0,0.2,0.2857142857142857,0.2857142857142857,True,906,0.23255813953488372,0.36585365853658536,0.13329551900170164,False,False,False
PHI,MIA,0.5424938069718963,2.02,1.82,MIA,2025-11-23,0.0,,0.4074074074074074,,0.4212962962962963,0.4212962962962963,0.4212962962962963,0.4212962962962963,MIA,2025-11-23,0.5424938069718963,2.02,1.82,0.0,0.75,0.5,0.5,True,906,0.49504950495049505,0.4074074074074074,-0.08764209754308766,False,False,False
BOS,ORL,0.7213422905784349,1.52,2.6,BOS,2025-11-23,1.0,,0.8235294117647058,,0.7749999999999999,0.7749999999999999,0.7749999999999999,0.7749999999999999,BOS,2025-11-23,0.7213422905784349,1.52,2.6,1.0,0.73,0.7532467532467533,0.7532467532467533,True,906,0.6578947368421053,0.8235294117647058,0.16563467492260053,False,False,False
TOR,BRK,0.6319331535147021,1.14,6.0,TOR,2025-11-23,1.0,,0.7419354838709677,,0.7056451612903226,0.7056451612903226,0.7056451612903226,0.7056451612903226,TOR,2025-11-23,0.6319331535147021,1.14,6.0,1.0,0.4,0.6428571428571429,0.6428571428571429,True,906,0.8771929824561404,0.7419354838709677,-0.13525749858517266,False,False,False
CHI,WAS,0.4412408425463915,1.14,6.0,CHI,2025-11-22,0.0,,0.36363636363636365,,0.3977272727272727,0.3977272727272727,0.3977272727272727,0.3977272727272727,CHI,2025-11-22,0.4412408425463915,1.14,6.0,1.0,0.2,0.45652173913043476,0.45652173913043476,True,906,0.8771929824561404,0.36363636363636365,-0.5135566188197768,True,False,True
MIL,DET,0.5608269939310925,3.8,1.28,DET,2025-11-22,0.0,,0.7407407407407407,,0.43486842105263157,0.43486842105263157,0.43486842105263157,0.43486842105263157,DET,2025-11-22,0.5608269939310925,3.8,1.28,0.0,0.55,0.5172413793103449,0.5172413793103449,True,906,0.2631578947368421,0.41315789473684206,0.4775828460038986,True,True,True
CHO,LAC,0.4719422296194962,1.95,1.87,LAC,2025-11-22,1.0,,0.41935483870967744,,0.4314516129032258,0.4314516129032258,0.4314516129032258,0.4314516129032258,LAC,2025-11-22,0.4719422296194962,1.95,1.87,0.0,0.7,0.45652173913043476,0.45652173913043476,True,906,0.5128205128205129,0.41935483870967744,-0.09346567411083545,False,False,False
NOP,ATL,0.4220500278491884,4.1,1.25,ATL,2025-11-22,1.0,,0.36363636363636365,,0.3840909090909091,0.3840909090909091,0.3840909090909091,0.3840909090909091,ATL,2025-11-22,0.4220500278491884,4.1,1.25,0.0,0.75,0.45652173913043476,0.45652173913043476,True,906,0.24390243902439027,0.36363636363636365,0.11973392461197338,False,False,False
ORL,NYK,0.6667776830140433,1.87,1.95,ORL,2025-11-22,1.0,,0.75,,0.6385695187165775,0.6385695187165775,0.6385695187165775,0.6385695187165775,ORL,2025-11-22,0.6667776830140433,1.87,1.95,1.0,0.67,0.6868686868686869,0.6868686868686869,True,906,0.53475935828877,0.68475935828877,0.21524064171123003,True,False,True
DEN,SAC,0.7816392019063639,1.18,5.1,SAC,2025-11-22,0.0,,1.0,,0.925,0.925,0.925,0.8,SAC,2025-11-22,0.7816392019063639,1.18,5.1,0.0,0.55,0.7532467532467533,0.7532467532467533,True,906,0.8474576271186441,1.0,0.15254237288135586,False,False,False
DAL,MEM,0.2981127075279954,1.87,1.95,MEM,2025-11-22,1.0,,0.0,,0.125,0.125,0.125,0.35,MEM,2025-11-22,0.2981127075279954,1.87,1.95,0.0,0.0,0.2857142857142857,0.2857142857142857,True,906,0.53475935828877,0.0,-0.53475935828877,True,False,True
HOU,DEN,0.6997622437963672,1.74,2.14,DEN,2025-11-21,0.0,,0.8461538461538461,,0.6685344827586207,0.6685344827586207,0.6685344827586207,0.6685344827586207,DEN,2025-11-21,0.6997622437963672,1.74,2.14,0.0,0.55,0.7037037037037037,0.7037037037037037,True,906,0.5747126436781609,0.7247126436781609,0.27144120247568526,True,False,True
GSW,POR,0.5252079282850365,1.24,4.3,POR,2025-11-21,0.0,,0.4230769230769231,,0.4423076923076923,0.4423076923076923,0.4423076923076923,0.4423076923076923,POR,2025-11-21,0.5252079282850365,1.24,4.3,0.0,0.3,0.5,0.5,True,906,0.8064516129032259,0.4230769230769231,-0.3833746898263028,True,False,True
CLE,IND,0.6609249908764857,1.1,7.75,CLE,2025-11-21,1.0,,0.7692307692307693,,0.7288461538461539,0.7288461538461539,0.7288461538461539,0.7288461538461539,CLE,2025-11-21,0.6609249908764857,1.1,7.75,1.0,0.88,0.6868686868686869,0.6868686868686869,True,906,0.9090909090909091,0.7692307692307693,-0.1398601398601398,False,False,False
BOS,BRK,0.6753812887902401,1.1,7.75,BRK,2025-11-21,0.0,,0.8333333333333334,,0.7833333333333334,0.7833333333333334,0.7833333333333334,0.7833333333333334,BRK,2025-11-21,0.6753812887902401,1.1,7.75,0.0,0.73,0.6868686868686869,0.6868686868686869,True,906,0.9090909090909091,0.8333333333333334,-0.07575757575757569,False,False,False
PHO,MIN,0.6082955521794886,2.54,1.54,PHO,2025-11-21,1.0,,0.7407407407407407,,0.5327755905511811,0.5327755905511811,0.5327755905511811,0.5327755905511811,PHO,2025-11-21,0.6082955521794886,2.54,1.54,1.0,0.86,0.6428571428571429,0.6428571428571429,True,906,0.39370078740157477,0.5437007874015748,0.34703995333916593,True,True,True
DAL,NOP,0.3294824413367516,1.56,2.5,DAL,2025-11-21,0.0,,0.3333333333333333,,0.375,0.375,0.375,0.375,DAL,2025-11-21,0.3294824413367516,1.56,2.5,1.0,0.0,0.2857142857142857,0.2857142857142857,True,906,0.641025641025641,0.3333333333333333,-0.30769230769230765,True,False,True
UTA,OKC,0.3874301055932168,9.5,1.07,OKC,2025-11-21,1.0,,0.35,,0.31644736842105264,0.31644736842105264,0.31644736842105264,0.35,OKC,2025-11-21,0.3874301055932168,9.5,1.07,0.0,0.2,0.4318181818181818,0.4318181818181818,True,906,0.10526315789473684,0.25526315789473686,0.24473684210526314,True,False,True
TOR,WAS,0.785704218264216,1.11,7.25,TOR,2025-11-21,1.0,,1.0,,0.925,0.925,0.925,0.8,TOR,2025-11-21,0.785704218264216,1.11,7.25,1.0,0.4,0.7532467532467533,0.7532467532467533,True,906,0.9009009009009008,1.0,0.0990990990990992,False,False,False
CHI,MIA,0.4004434296409951,1.7,2.2,MIA,2025-11-21,1.0,,0.35,,0.38749999999999996,0.38749999999999996,0.38749999999999996,0.38749999999999996,MIA,2025-11-21,0.4004434296409951,1.7,2.2,0.0,0.2,0.4318181818181818,0.4318181818181818,True,906,0.5882352941176471,0.35,-0.2382352941176471,True,False,True
MIL,PHI,0.4218667547160461,2.14,1.74,PHI,2025-11-20,1.0,,0.35,,0.3725,0.3725,0.3725,0.3725,PHI,2025-11-20,0.4218667547160461,2.14,1.74,0.0,0.55,0.45652173913043476,0.45652173913043476,True,906,0.4672897196261682,0.35,-0.11728971962616824,False,False,False
SAS,ATL,0.6519022225297415,1.91,1.91,SAS,2025-11-20,1.0,,0.7321428571428571,,0.6301701570680629,0.6301701570680629,0.6301701570680629,0.6301701570680629,SAS,2025-11-20,0.6519022225297415,1.91,1.91,1.0,0.8,0.6868686868686869,0.6868686868686869,True,906,0.5235602094240838,0.6735602094240838,0.20858264771877333,True,False,True
MEM,SAC,0.3924271463672985,1.68,2.24,MEM,2025-11-20,0.0,,0.35,,0.38749999999999996,0.38749999999999996,0.38749999999999996,0.38749999999999996,MEM,2025-11-20,0.3924271463672985,1.68,2.24,1.0,0.25,0.4318181818181818,0.4318181818181818,True,906,0.5952380952380952,0.35,-0.24523809523809526,True,False,True
ORL,LAC,0.5762548034592,1.46,2.8,ORL,2025-11-20,1.0,,0.7321428571428571,,0.6973214285714285,0.6973214285714285,0.6973214285714285,0.6973214285714285,ORL,2025-11-20,0.5762548034592,1.46,2.8,1.0,0.67,0.5454545454545454,0.5454545454545454,True,906,0.684931506849315,0.7321428571428571,0.047211350293542065,False,False,False
OKC,SAC,0.8317322482012603,1.05,12.0,OKC,2025-11-19,1.0,,1.0,,0.925,0.925,0.925,0.8,OKC,2025-11-19,0.8317322482012603,1.05,12.0,1.0,0.73,0.8571428571428571,0.8571428571428571,True,906,0.9523809523809523,1.0,0.04761904761904767,False,False,False
IND,CHO,0.3733119347155008,2.05,1.8,IND,2025-11-19,0.0,,0.35,,0.3725,0.3725,0.3725,0.3725,IND,2025-11-19,0.3733119347155008,2.05,1.8,1.0,0.25,0.4318181818181818,0.4318181818181818,True,906,0.48780487804878053,0.35,-0.13780487804878055,False,False,False
POR,CHI,0.4924207455272665,2.2,1.7,CHI,2025-11-19,1.0,,0.4375,,0.446875,0.446875,0.446875,0.446875,CHI,2025-11-19,0.4924207455272665,2.2,1.7,0.0,0.5,0.45652173913043476,0.45652173913043476,True,906,0.45454545454545453,0.4375,-0.01704545454545453,False,False,False
DAL,NYK,0.4361568985903687,3.4,1.34,NYK,2025-11-19,1.0,,0.35294117647058826,,0.375,0.375,0.375,0.375,NYK,2025-11-19,0.4361568985903687,3.4,1.34,0.0,0.0,0.45652173913043476,0.45652173913043476,True,906,0.29411764705882354,0.35294117647058826,0.05882352941176472,False,False,False
MIN,WAS,0.7167042232727754,1.07,9.0,MIN,2025-11-19,1.0,,0.8571428571428571,,0.8035714285714286,0.8035714285714286,0.8035714285714286,0.8,MIN,2025-11-19,0.7167042232727754,1.07,9.0,1.0,0.64,0.7532467532467533,0.7532467532467533,True,906,0.9345794392523364,0.8571428571428571,-0.07743658210947935,False,False,False
NOP,DEN,0.3861486268694939,7.25,1.11,DEN,2025-11-19,1.0,,0.35294117647058826,,0.34094827586206894,0.34094827586206894,0.34094827586206894,0.35,DEN,2025-11-19,0.3861486268694939,7.25,1.11,0.0,0.75,0.4318181818181818,0.4318181818181818,True,906,0.13793103448275862,0.2879310344827586,0.21501014198782964,True,False,True
MIA,GSW,0.4166274930485827,1.22,4.5,MIA,2025-11-19,0.0,,0.35294117647058826,,0.3897058823529412,0.3897058823529412,0.3897058823529412,0.3897058823529412,MIA,2025-11-19,0.4166274930485827,1.22,4.5,1.0,0.67,0.45652173913043476,0.45652173913043476,True,906,0.819672131147541,0.35294117647058826,-0.46673095467695275,True,False,True
PHI,TOR,0.6635558086581727,2.14,1.74,TOR,2025-11-19,0.0,,0.8571428571428571,,0.5879672897196262,0.5879672897196262,0.5879672897196262,0.5879672897196262,TOR,2025-11-19,0.6635558086581727,2.14,1.74,0.0,0.75,0.6868686868686869,0.6868686868686869,True,906,0.4672897196261682,0.6172897196261682,0.3898531375166889,True,False,True
CLE,HOU,0.6649952849665081,2.0,1.83,HOU,2025-11-19,0.0,,0.8571428571428571,,0.6125,0.6125,0.6125,0.6125,HOU,2025-11-19,0.6649952849665081,2.0,1.83,0.0,0.88,0.6868686868686869,0.6868686868686869,True,906,0.5,0.65,0.3571428571428571,True,False,True
ORL,GSW,0.6550214093420926,2.36,1.62,ORL,2025-11-18,1.0,,0.8666666666666667,,0.5552966101694915,0.5552966101694915,0.5552966101694915,0.5552966101694915,ORL,2025-11-18,0.6550214093420926,2.36,1.62,1.0,0.67,0.6868686868686869,0.6868686868686869,True,906,0.42372881355932207,0.573728813559322,0.4429378531073446,True,True,True
LAL,UTA,0.6425109409900865,1.15,5.9,LAL,2025-11-18,1.0,,0.7241379310344828,,0.6905172413793104,0.6905172413793104,0.6905172413793104,0.6905172413793104,LAL,2025-11-18,0.6425109409900865,1.15,5.9,1.0,0.71,0.6428571428571429,0.6428571428571429,True,906,0.8695652173913044,0.7241379310344828,-0.14542728635682167,False,False,False
BRK,BOS,0.4531476458733325,5.1,1.18,BOS,2025-11-18,1.0,,0.4,,0.38455882352941173,0.38455882352941173,0.38455882352941173,0.38455882352941173,BOS,2025-11-18,0.4531476458733325,5.1,1.18,0.0,0.33,0.45652173913043476,0.45652173913043476,True,906,0.19607843137254904,0.346078431372549,0.20392156862745098,True,False,True
POR,PHO,0.5039676226789848,1.7,2.2,PHO,2025-11-18,0.0,,0.4375,,0.446875,0.446875,0.446875,0.446875,PHO,2025-11-18,0.5039676226789848,1.7,2.2,0.0,0.5,0.5,0.5,True,906,0.5882352941176471,0.4375,-0.15073529411764708,False,False,False
ATL,DET,0.6240297878509508,1.87,1.95,DET,2025-11-18,0.0,,0.7419354838709677,,0.6385695187165775,0.6385695187165775,0.6385695187165775,0.6385695187165775,DET,2025-11-18,0.6240297878509508,1.87,1.95,0.0,0.69,0.6428571428571429,0.6428571428571429,True,906,0.53475935828877,0.68475935828877,0.20717612558219778,True,False,True
SAS,MEM,0.6381276961826782,1.43,2.9,SAS,2025-11-18,1.0,,0.7419354838709677,,0.7056451612903226,0.7056451612903226,0.7056451612903226,0.7056451612903226,SAS,2025-11-18,0.6381276961826782,1.43,2.9,1.0,0.8,0.6428571428571429,0.6428571428571429,True,906,0.6993006993006994,0.7419354838709677,0.04263478457026837,False,False,False
PHI,LAC,0.5561960209156651,1.49,2.7,PHI,2025-11-17,1.0,,0.7142857142857143,,0.6821428571428572,0.6821428571428572,0.6821428571428572,0.6821428571428572,PHI,2025-11-17,0.5561960209156651,1.49,2.7,1.0,0.75,0.5172413793103449,0.5172413793103449,True,906,0.6711409395973155,0.7142857142857143,0.043144774688398835,False,False,False
CLE,MIL,0.6293195660979071,1.34,3.4,CLE,2025-11-17,1.0,,0.7241379310344828,,0.6905172413793104,0.6905172413793104,0.6905172413793104,0.6905172413793104,CLE,2025-11-17,0.6293195660979071,1.34,3.4,1.0,0.88,0.6428571428571429,0.6428571428571429,True,906,0.7462686567164178,0.7241379310344828,-0.02213072568193508,False,False,False
DET,IND,0.6935460609945833,1.18,5.1,DET,2025-11-17,1.0,,0.8695652173913043,,0.8141304347826086,0.8141304347826086,0.8141304347826086,0.8,DET,2025-11-17,0.6935460609945833,1.18,5.1,1.0,0.7,0.7037037037037037,0.7037037037037037,True,906,0.8474576271186441,0.8695652173913043,0.022107590272660183,False,False,False
MIN,DAL,0.6661300361616589,1.11,7.0,MIN,2025-11-17,1.0,,0.8666666666666667,,0.8116666666666668,0.8116666666666668,0.8116666666666668,0.8,MIN,2025-11-17,0.6661300361616589,1.11,7.0,1.0,0.64,0.6868686868686869,0.6868686868686869,True,906,0.9009009009009008,0.8666666666666667,-0.03423423423423411,False,False,False
NOP,OKC,0.4102266023794135,11.0,1.06,OKC,2025-11-17,1.0,,0.4,,0.30568181818181817,0.30568181818181817,0.30568181818181817,0.35,OKC,2025-11-17,0.4102266023794135,11.0,1.06,0.0,0.75,0.45652173913043476,0.45652173913043476,True,906,0.09090909090909091,0.2409090909090909,0.3090909090909091,True,False,True
TOR,CHO,0.5880827684802333,1.28,3.8,TOR,2025-11-17,1.0,,0.7142857142857143,,0.6821428571428572,0.6821428571428572,0.6821428571428572,0.6821428571428572,TOR,2025-11-17,0.5880827684802333,1.28,3.8,1.0,0.4,0.5925925925925926,0.5925925925925926,True,906,0.78125,0.7142857142857143,-0.0669642857142857,False,False,False
DEN,CHI,0.7364155786763281,1.12,6.75,CHI,2025-11-17,0.0,,0.8832932320659722,,0.8257992472560765,0.8257992472560765,0.8257992472560765,0.8,CHI,2025-11-17,0.7364155786763281,1.12,6.75,0.0,0.55,0.7532467532467533,0.7532467532467533,True,906,0.8928571428571428,0.8832932320659722,-0.009563910791170582,False,False,False
MIA,NYK,0.4417334268849293,1.8,2.05,MIA,2025-11-17,0.0,,0.3,,0.35,0.35,0.35,0.35,MIA,2025-11-17,0.4417334268849293,1.8,2.05,1.0,0.67,0.45652173913043476,0.45652173913043476,True,906,0.5555555555555556,0.3,-0.2555555555555556,True,False,True
DAL,POR,0.4105428388487596,2.5,1.56,DAL,2025-11-16,0.0,,0.3,,0.32999999999999996,0.32999999999999996,0.32999999999999996,0.35,DAL,2025-11-16,0.4105428388487596,2.5,1.56,1.0,0.0,0.45652173913043476,0.45652173913043476,True,906,0.4,0.3,-0.10000000000000003,False,False,False
BOS,LAC,0.652537883108183,1.46,2.8,BOS,2025-11-16,1.0,,0.7307692307692307,,0.6961538461538461,0.6961538461538461,0.6961538461538461,0.6961538461538461,BOS,2025-11-16,0.652537883108183,1.46,2.8,1.0,0.73,0.6868686868686869,0.6868686868686869,True,906,0.684931506849315,0.7307692307692307,0.045837723919915696,False,False,False
HOU,ORL,0.7829589481097589,1.32,3.5,HOU,2025-11-16,1.0,,1.0,,0.8056818181818182,0.8056818181818182,0.8056818181818182,0.8,HOU,2025-11-16,0.7829589481097589,1.32,3.5,1.0,0.55,0.7532467532467533,0.7532467532467533,True,906,0.7575757575757576,0.9075757575757576,0.24242424242424243,True,False,True
PHO,ATL,0.6347441961964095,1.95,1.87,ATL,2025-11-16,0.0,,0.7307692307692307,,0.6221153846153846,0.6221153846153846,0.6221153846153846,0.6221153846153846,ATL,2025-11-16,0.6347441961964095,1.95,1.87,0.0,0.86,0.6428571428571429,0.6428571428571429,True,906,0.5128205128205129,0.6628205128205129,0.21794871794871784,True,False,True
NOP,GSW,0.2617468788427212,4.8,1.2,GSW,2025-11-16,1.0,,0.0,,0.125,0.125,0.125,0.35,GSW,2025-11-16,0.2617468788427212,4.8,1.2,0.0,0.75,0.2857142857142857,0.2857142857142857,True,906,0.20833333333333334,0.0,-0.20833333333333334,True,False,True
WAS,BRK,0.2487969350647437,1.68,2.24,BRK,2025-11-16,1.0,,0.0,,0.125,0.125,0.125,0.35,BRK,2025-11-16,0.2487969350647437,1.68,2.24,0.0,0.36,0.2857142857142857,0.2857142857142857,True,906,0.5952380952380952,0.0,-0.5952380952380952,True,False,True
UTA,CHI,0.3720581233611365,2.6,1.52,UTA,2025-11-16,0.0,,0.3,,0.32999999999999996,0.32999999999999996,0.32999999999999996,0.35,UTA,2025-11-16,0.3720581233611365,2.6,1.52,1.0,0.2,0.4318181818181818,0.4318181818181818,True,906,0.3846153846153846,0.3,-0.08461538461538459,False,False,False
SAS,SAC,0.6395957115238391,1.29,3.75,SAS,2025-11-16,1.0,,0.7307692307692307,,0.6961538461538461,0.6961538461538461,0.6961538461538461,0.6961538461538461,SAS,2025-11-16,0.6395957115238391,1.29,3.75,1.0,0.8,0.6428571428571429,0.6428571428571429,True,906,0.7751937984496123,0.7307692307692307,-0.04442456768038161,False,False,False
IND,TOR,0.3017992814967251,3.4,1.34,TOR,2025-11-15,1.0,,0.0,,0.125,0.125,0.125,0.35,TOR,2025-11-15,0.3017992814967251,3.4,1.34,0.0,0.25,0.2857142857142857,0.2857142857142857,True,906,0.29411764705882354,0.0,-0.29411764705882354,True,False,True
MIN,DEN,0.5010352666728234,1.82,2.02,DEN,2025-11-15,0.0,,0.4444444444444444,,0.4527777777777778,0.4527777777777778,0.4527777777777778,0.4527777777777778,DEN,2025-11-15,0.5010352666728234,1.82,2.02,0.0,0.64,0.45652173913043476,0.45652173913043476,True,906,0.5494505494505494,0.4444444444444444,-0.10500610500610497,False,False,False
CLE,MEM,0.7155037791337401,1.18,5.1,CLE,2025-11-15,1.0,,0.8571428571428571,,0.8035714285714286,0.8035714285714286,0.8035714285714286,0.8,CLE,2025-11-15,0.7155037791337401,1.18,5.1,1.0,0.88,0.7532467532467533,0.7532467532467533,True,906,0.8474576271186441,0.8571428571428571,0.009685230024212954,False,False,False
CHO,OKC,0.3700161829993335,9.5,1.07,OKC,2025-11-15,1.0,,0.32142857142857145,,0.31644736842105264,0.31644736842105264,0.31644736842105264,0.35,OKC,2025-11-15,0.3700161829993335,9.5,1.07,0.0,0.7,0.4,0.4,True,906,0.10526315789473684,0.25526315789473686,0.21616541353383462,True,False,True
MIL,LAL,0.4367386943639073,2.0,1.83,LAL,2025-11-15,1.0,,0.32142857142857145,,0.3482142857142857,0.3482142857142857,0.3482142857142857,0.35,LAL,2025-11-15,0.4367386943639073,2.0,1.83,0.0,0.55,0.45652173913043476,0.45652173913043476,True,906,0.5,0.32142857142857145,-0.17857142857142855,False,False,False
DET,PHI,0.7199655027381294,1.62,2.36,DET,2025-11-14,1.0,,0.8888888888888888,,0.700462962962963,0.700462962962963,0.700462962962963,0.700462962962963,DET,2025-11-14,0.7199655027381294,1.62,2.36,1.0,0.7,0.7532467532467533,0.7532467532467533,True,906,0.6172839506172839,0.7672839506172839,0.2716049382716049,True,False,True
HOU,POR,0.4708917171979225,1.32,3.5,HOU,2025-11-14,0.0,,0.4418604651162791,,0.45639534883720934,0.45639534883720934,0.45639534883720934,0.45639534883720934,HOU,2025-11-14,0.4708917171979225,1.32,3.5,1.0,0.55,0.45652173913043476,0.45652173913043476,True,906,0.7575757575757576,0.4418604651162791,-0.3157152924594785,True,False,True
NOP,LAL,0.3416893981065324,4.6,1.21,LAL,2025-11-14,1.0,,0.36,,0.381,0.381,0.381,0.381,LAL,2025-11-14,0.3416893981065324,4.6,1.21,0.0,0.75,0.2857142857142857,0.2857142857142857,True,906,0.2173913043478261,0.36,0.14260869565217388,False,False,False
NYK,MIA,0.7155599340355069,1.4,3.05,NYK,2025-11-14,1.0,,0.8571428571428571,,0.8035714285714286,0.8035714285714286,0.8035714285714286,0.8,NYK,2025-11-14,0.7155599340355069,1.4,3.05,1.0,0.71,0.7532467532467533,0.7532467532467533,True,906,0.7142857142857143,0.8571428571428571,0.1428571428571428,False,False,False
DAL,LAC,0.6185515436190341,2.14,1.74,LAC,2025-11-14,0.0,,0.76,,0.5879672897196262,0.5879672897196262,0.5879672897196262,0.5879672897196262,LAC,2025-11-14,0.6185515436190341,2.14,1.74,0.0,0.0,0.6428571428571429,0.6428571428571429,True,906,0.4672897196261682,0.6172897196261682,0.2927102803738318,True,False,True
MIN,SAC,0.7054447551716919,1.16,5.55,MIN,2025-11-14,1.0,,0.8571428571428571,,0.8035714285714286,0.8035714285714286,0.8035714285714286,0.8,MIN,2025-11-14,0.7054447551716919,1.16,5.55,1.0,0.64,0.7037037037037037,0.7037037037037037,True,906,0.8620689655172414,0.8571428571428571,-0.0049261083743843415,False,False,False
MIL,CHO,0.590337852427655,1.26,4.0,MIL,2025-11-14,1.0,,0.7,,0.6699999999999999,0.6699999999999999,0.6699999999999999,0.6699999999999999,MIL,2025-11-14,0.590337852427655,1.26,4.0,1.0,0.55,0.5925925925925926,0.5925925925925926,True,906,0.7936507936507936,0.7,-0.09365079365079365,False,False,False
ORL,BRK,0.5164012596954913,1.11,7.25,ORL,2025-11-14,1.0,,0.4444444444444444,,0.4583333333333333,0.4583333333333333,0.4583333333333333,0.4583333333333333,ORL,2025-11-14,0.5164012596954913,1.11,7.25,1.0,0.67,0.5,0.5,True,906,0.9009009009009008,0.4444444444444444,-0.4564564564564564,True,False,True
SAS,GSW,0.4992273676726272,1.68,2.24,GSW,2025-11-14,1.0,,0.4444444444444444,,0.4527777777777778,0.4527777777777778,0.4527777777777778,0.4527777777777778,GSW,2025-11-14,0.4992273676726272,1.68,2.24,0.0,0.8,0.45652173913043476,0.45652173913043476,True,906,0.5952380952380952,0.4444444444444444,-0.1507936507936508,False,False,False
PHO,IND,0.6633117436802723,1.54,2.54,PHO,2025-11-13,1.0,,0.8571428571428571,,0.724512987012987,0.724512987012987,0.724512987012987,0.724512987012987,PHO,2025-11-13,0.6633117436802723,1.54,2.54,1.0,0.86,0.6868686868686869,0.6868686868686869,True,906,0.6493506493506493,0.7993506493506494,0.20779220779220775,True,False,True
CLE,TOR,0.5462887408745011,1.35,3.3,TOR,2025-11-13,0.0,,0.4418604651162791,,0.45639534883720934,0.45639534883720934,0.45639534883720934,0.45639534883720934,TOR,2025-11-13,0.5462887408745011,1.35,3.3,0.0,0.88,0.5172413793103449,0.5172413793103449,True,906,0.7407407407407407,0.4418604651162791,-0.2988802756244616,True,False,True
UTA,ATL,0.3587003616855442,2.14,1.74,ATL,2025-11-13,1.0,,0.36,,0.381,0.381,0.381,0.381,ATL,2025-11-13,0.3587003616855442,2.14,1.74,0.0,0.2,0.2857142857142857,0.2857142857142857,True,906,0.4672897196261682,0.36,-0.10728971962616823,False,False,False
HOU,WAS,0.6646212039618211,1.06,10.0,HOU,2025-11-12,1.0,,0.8461538461538461,,0.7942307692307693,0.7942307692307693,0.7942307692307693,0.7942307692307693,HOU,2025-11-12,0.6646212039618211,1.06,10.0,1.0,0.55,0.6868686868686869,0.6868686868686869,True,906,0.9433962264150942,0.8461538461538461,-0.0972423802612481,False,False,False
LAC,DEN,0.5389823609701524,2.36,1.62,DEN,2025-11-12,0.0,,0.43902439024390244,,0.4481707317073171,0.4481707317073171,0.4481707317073171,0.4481707317073171,DEN,2025-11-12,0.5389823609701524,2.36,1.62,0.0,0.6,0.5,0.5,True,906,0.42372881355932207,0.43902439024390244,0.01529557668458037,False,False,False
NOP,POR,0.3474817057488915,3.75,1.29,POR,2025-11-12,1.0,,0.391304347826087,,0.40760869565217395,0.40760869565217395,0.40760869565217395,0.40760869565217395,POR,2025-11-12,0.3474817057488915,3.75,1.29,0.0,0.75,0.2857142857142857,0.2857142857142857,True,906,0.26666666666666666,0.391304347826087,0.12463768115942031,False,False,False
DET,CHI,0.6884772230872925,2.02,1.82,DET,2025-11-12,1.0,,0.8934828598241337,,0.6087871287128713,0.6087871287128713,0.6087871287128713,0.6087871287128713,DET,2025-11-12,0.6884772230872925,2.02,1.82,1.0,0.7,0.7037037037037037,0.7037037037037037,True,906,0.49504950495049505,0.6450495049504951,0.3984333548736386,True,False,True
NYK,ORL,0.703071543837119,1.57,2.45,ORL,2025-11-12,0.0,,0.9333333333333333,,0.7152070063694267,0.7152070063694267,0.7152070063694267,0.7152070063694267,ORL,2025-11-12,0.703071543837119,1.57,2.45,0.0,0.71,0.7037037037037037,0.7037037037037037,True,906,0.6369426751592356,0.7869426751592357,0.2963906581740977,True,False,True
SAS,GSW,0.7352251782418444,1.62,2.36,GSW,2025-11-12,0.0,,1.0,,0.700462962962963,0.700462962962963,0.700462962962963,0.700462962962963,GSW,2025-11-12,0.7352251782418444,1.62,2.36,0.0,0.8,0.7532467532467533,0.7532467532467533,True,906,0.6172839506172839,0.7672839506172839,0.3827160493827161,True,False,True
DAL,PHO,0.3664953839103627,2.14,1.74,PHO,2025-11-12,1.0,,0.391304347826087,,0.40760869565217395,0.40760869565217395,0.40760869565217395,0.40760869565217395,PHO,2025-11-12,0.3664953839103627,2.14,1.74,0.0,0.0,0.2857142857142857,0.2857142857142857,True,906,0.4672897196261682,0.391304347826087,-0.07598537180008125,False,False,False
MIA,CLE,0.6460983895391259,1.46,2.8,CLE,2025-11-12,0.0,,0.7727272727272727,,0.7318181818181818,0.7318181818181818,0.7318181818181818,0.7318181818181818,CLE,2025-11-12,0.6460983895391259,1.46,2.8,0.0,0.67,0.6428571428571429,0.6428571428571429,True,906,0.684931506849315,0.7727272727272727,0.08779576587795768,False,False,False
BOS,MEM,0.6328511537229082,1.34,3.4,BOS,2025-11-12,1.0,,0.7727272727272727,,0.7318181818181818,0.7318181818181818,0.7318181818181818,0.7318181818181818,BOS,2025-11-12,0.6328511537229082,1.34,3.4,1.0,0.73,0.6428571428571429,0.6428571428571429,True,906,0.7462686567164178,0.7727272727272727,0.026458616010854863,False,False,False
CHO,MIL,0.627190734671952,2.14,1.74,CHO,2025-11-12,1.0,,0.75,,0.5879672897196262,0.5879672897196262,0.5879672897196262,0.5879672897196262,CHO,2025-11-12,0.627190734671952,2.14,1.74,1.0,0.7,0.6428571428571429,0.6428571428571429,True,906,0.4672897196261682,0.6172897196261682,0.2827102803738318,True,False,True
OKC,LAL,0.7465355989813921,1.33,3.45,OKC,2025-11-12,1.0,,1.0,,0.8014097744360902,0.8014097744360902,0.8014097744360902,0.8,OKC,2025-11-12,0.7465355989813921,1.33,3.45,1.0,0.73,0.7532467532467533,0.7532467532467533,True,906,0.7518796992481203,0.9018796992481203,0.24812030075187974,True,False,True
SAC,ATL,0.4514234957350022,2.4,1.6,ATL,2025-11-12,1.0,,0.36,,0.381,0.381,0.381,0.381,ATL,2025-11-12,0.4514234957350022,2.4,1.6,0.0,0.29,0.45652173913043476,0.45652173913043476,True,906,0.4166666666666667,0.36,-0.0566666666666667,False,False,False
BRK,TOR,0.5778994078145944,4.5,1.22,TOR,2025-11-11,0.0,,0.7368421052631579,,0.4041666666666667,0.4041666666666667,0.4041666666666667,0.4041666666666667,TOR,2025-11-11,0.5778994078145944,4.5,1.22,0.0,0.33,0.5454545454545454,0.5454545454545454,True,906,0.2222222222222222,0.37222222222222223,0.5146198830409356,True,True,True
UTA,IND,0.5164903670434183,2.2,1.7,UTA,2025-11-11,1.0,,0.43902439024390244,,0.4481707317073171,0.4481707317073171,0.4481707317073171,0.4481707317073171,UTA,2025-11-11,0.5164903670434183,2.2,1.7,1.0,0.2,0.5,0.5,True,906,0.45454545454545453,0.43902439024390244,-0.01552106430155209,False,False,False
PHI,BOS,0.5935056827013689,2.02,1.82,PHI,2025-11-11,1.0,,0.7058823529411765,,0.6087871287128713,0.6087871287128713,0.6087871287128713,0.6087871287128713,PHI,2025-11-11,0.5935056827013689,2.02,1.82,1.0,0.75,0.5925925925925926,0.5925925925925926,True,906,0.49504950495049505,0.6450495049504951,0.21083284799068147,True,False,True
NYK,MEM,0.6932149006391758,1.24,4.3,NYK,2025-11-11,1.0,,0.9166666666666666,,0.8541666666666666,0.8541666666666666,0.8541666666666666,0.8,NYK,2025-11-11,0.6932149006391758,1.24,4.3,1.0,0.71,0.7037037037037037,0.7037037037037037,True,906,0.8064516129032259,0.9166666666666666,0.11021505376344076,False,False,False
SAC,DEN,0.5092156401051425,3.95,1.27,DEN,2025-11-11,0.0,,0.48148148148148145,,0.42737341772151893,0.42737341772151893,0.42737341772151893,0.42737341772151893,DEN,2025-11-11,0.5092156401051425,3.95,1.27,0.0,0.29,0.5,0.5,True,906,0.2531645569620253,0.40316455696202524,0.22831692451945618,True,False,True
OKC,GSW,0.7236070734174316,1.33,3.45,OKC,2025-11-11,1.0,,0.9166666666666666,,0.8541666666666666,0.8541666666666666,0.8541666666666666,0.8,OKC,2025-11-11,0.7236070734174316,1.33,3.45,1.0,0.73,0.7532467532467533,0.7532467532467533,True,906,0.7518796992481203,0.9166666666666666,0.16478696741854637,False,False,False
ORL,POR,0.469559661970318,1.77,2.1,ORL,2025-11-10,0.0,,0.45714285714285713,,0.4635714285714286,0.4635714285714286,0.4635714285714286,0.4635714285714286,ORL,2025-11-10,0.469559661970318,1.77,2.1,1.0,0.67,0.45652173913043476,0.45652173913043476,True,906,0.5649717514124294,0.45714285714285713,-0.10782889426957226,False,False,False
DAL,MIL,0.3605978240699241,2.24,1.68,MIL,2025-11-10,1.0,,0.45714285714285713,,0.4635714285714286,0.4635714285714286,0.4635714285714286,0.4635714285714286,MIL,2025-11-10,0.3605978240699241,2.24,1.68,0.0,0.0,0.2857142857142857,0.2857142857142857,True,906,0.4464285714285714,0.45714285714285713,0.010714285714285732,False,False,False
UTA,MIN,0.416881741710885,3.45,1.33,MIN,2025-11-10,1.0,,0.45714285714285713,,0.4635714285714286,0.4635714285714286,0.4635714285714286,0.4635714285714286,MIN,2025-11-10,0.416881741710885,3.45,1.33,0.0,0.2,0.45652173913043476,0.45652173913043476,True,906,0.2898550724637681,0.45714285714285713,0.167287784679089,False,False,False
CHO,LAL,0.5407293330532569,3.8,1.28,LAL,2025-11-10,0.0,,0.48148148148148145,,0.43486842105263157,0.43486842105263157,0.43486842105263157,0.43486842105263157,LAL,2025-11-10,0.5407293330532569,3.8,1.28,0.0,0.7,0.5,0.5,True,906,0.2631578947368421,0.41315789473684206,0.21832358674463936,True,False,True
CHI,SAS,0.4651731109225595,2.5,1.56,SAS,2025-11-10,1.0,,0.47058823529411764,,0.475,0.475,0.475,0.475,SAS,2025-11-10,0.4651731109225595,2.5,1.56,0.0,0.2,0.45652173913043476,0.45652173913043476,True,906,0.4,0.47058823529411764,0.07058823529411762,False,False,False
PHO,NOP,0.6311135023315002,1.28,3.85,PHO,2025-11-10,1.0,,0.7619047619047619,,0.7226190476190476,0.7226190476190476,0.7226190476190476,0.7226190476190476,PHO,2025-11-10,0.6311135023315002,1.28,3.85,1.0,0.86,0.6428571428571429,0.6428571428571429,True,906,0.78125,0.7619047619047619,-0.019345238095238138,False,False,False
DET,WAS,0.7058761298143654,1.15,5.7,DET,2025-11-10,1.0,,0.9166666666666666,,0.8541666666666666,0.8541666666666666,0.8541666666666666,0.8,DET,2025-11-10,0.7058761298143654,1.15,5.7,1.0,0.7,0.7037037037037037,0.7037037037037037,True,906,0.8695652173913044,0.9166666666666666,0.047101449275362195,False,False,False
MIA,CLE,0.5673203422888953,3.4,1.34,MIA,2025-11-10,1.0,,0.7058823529411765,,0.45808823529411763,0.45808823529411763,0.45808823529411763,0.45808823529411763,MIA,2025-11-10,0.5673203422888953,3.4,1.34,1.0,0.67,0.5454545454545454,0.5454545454545454,True,906,0.29411764705882354,0.4441176470588235,0.411764705882353,True,True,True
LAC,ATL,0.5486662615757796,1.54,2.54,ATL,2025-11-10,0.0,,0.4983959749447074,,0.49863657870300127,0.49863657870300127,0.49863657870300127,0.49863657870300127,ATL,2025-11-10,0.5486662615757796,1.54,2.54,0.0,0.6,0.5172413793103449,0.5172413793103449,True,906,0.6493506493506493,0.4983959749447074,-0.15095467440594196,False,False,False
PHI,DET,0.538949161299764,2.36,1.62,DET,2025-11-09,0.0,,0.5,,0.5,0.5,0.5,0.5,DET,2025-11-09,0.538949161299764,2.36,1.62,0.0,0.75,0.5,0.5,True,906,0.42372881355932207,0.5,0.07627118644067793,False,False,False
SAC,MIN,0.3733640223820654,2.8,1.46,MIN,2025-11-09,1.0,,0.45714285714285713,,0.4635714285714286,0.4635714285714286,0.4635714285714286,0.4635714285714286,MIN,2025-11-09,0.3733640223820654,2.8,1.46,0.0,0.29,0.4318181818181818,0.4318181818181818,True,906,0.35714285714285715,0.45714285714285713,0.09999999999999998,False,False,False
MIL,HOU,0.6503297938132581,2.45,1.57,HOU,2025-11-09,0.0,,0.7894736842105263,,0.5436224489795918,0.5436224489795918,0.5436224489795918,0.5436224489795918,HOU,2025-11-09,0.6503297938132581,2.45,1.57,0.0,0.55,0.6428571428571429,0.6428571428571429,True,906,0.4081632653061224,0.5581632653061224,0.3813104189044039,True,True,True
MEM,OKC,0.4066614141868198,4.8,1.2,OKC,2025-11-09,1.0,,0.45714285714285713,,0.39375,0.39375,0.39375,0.39375,OKC,2025-11-09,0.4066614141868198,4.8,1.2,0.0,0.25,0.45652173913043476,0.45652173913043476,True,906,0.20833333333333334,0.35833333333333334,0.24880952380952379,True,False,True
NYK,BRK,0.6976841158110793,1.08,8.5,NYK,2025-11-09,1.0,,0.9090909090909091,,0.8477272727272727,0.8477272727272727,0.8477272727272727,0.8,NYK,2025-11-09,0.6976841158110793,1.08,8.5,1.0,0.71,0.7037037037037037,0.7037037037037037,True,906,0.9259259259259258,0.9090909090909091,-0.01683501683501676,False,False,False
ORL,BOS,0.5534013386289546,1.65,2.3,BOS,2025-11-09,0.0,,0.6,,0.585,0.585,0.585,0.585,BOS,2025-11-09,0.5534013386289546,1.65,2.3,0.0,0.67,0.5172413793103449,0.5172413793103449,True,906,0.6060606060606061,0.6,-0.0060606060606061,False,False,False
GSW,IND,0.622717900862762,1.14,6.0,GSW,2025-11-09,1.0,,0.7894736842105263,,0.7460526315789474,0.7460526315789474,0.7460526315789474,0.7460526315789474,GSW,2025-11-09,0.622717900862762,1.14,6.0,1.0,0.3,0.6428571428571429,0.6428571428571429,True,906,0.8771929824561404,0.7894736842105263,-0.08771929824561409,False,False,False
MIA,POR,0.5550670678251212,2.3,1.65,MIA,2025-11-08,1.0,,0.6574945729007131,,0.5635869565217392,0.5635869565217392,0.5635869565217392,0.5635869565217392,MIA,2025-11-08,0.5550670678251212,2.3,1.65,1.0,0.67,0.5172413793103449,0.5172413793103449,True,906,0.4347826086956522,0.5847826086956522,0.2227119642050609,True,True,True
ATL,LAL,0.610435958286012,2.3,1.65,ATL,2025-11-08,1.0,,0.7647058823529411,,0.5635869565217392,0.5635869565217392,0.5635869565217392,0.5635869565217392,ATL,2025-11-08,0.610435958286012,2.3,1.65,1.0,0.69,0.6428571428571429,0.6428571428571429,True,906,0.4347826086956522,0.5847826086956522,0.3299232736572889,True,True,True
LAC,PHO,0.5419451883641284,1.54,2.54,PHO,2025-11-08,0.0,,0.5454545454545454,,0.5386363636363636,0.5386363636363636,0.5386363636363636,0.5386363636363636,PHO,2025-11-08,0.5419451883641284,1.54,2.54,0.0,0.6,0.5,0.5,True,906,0.6493506493506493,0.5454545454545454,-0.10389610389610393,False,False,False
CLE,CHI,0.6546367596810898,1.29,3.75,CLE,2025-11-08,1.0,,0.8333333333333334,,0.7833333333333334,0.7833333333333334,0.7833333333333334,0.7833333333333334,CLE,2025-11-08,0.6546367596810898,1.29,3.75,1.0,0.88,0.6868686868686869,0.6868686868686869,True,906,0.7751937984496123,0.8333333333333334,0.058139534883721034,False,False,False
SAS,NOP,0.7080034964934491,1.17,5.25,SAS,2025-11-08,1.0,,0.8888888888888888,,0.8305555555555555,0.8305555555555555,0.8305555555555555,0.8,SAS,2025-11-08,0.7080034964934491,1.17,5.25,1.0,0.8,0.7037037037037037,0.7037037037037037,True,906,0.8547008547008548,0.8888888888888888,0.03418803418803407,False,False,False
PHI,TOR,0.5705954453899591,1.52,2.6,PHI,2025-11-08,1.0,,0.6666666666666666,,0.6416666666666666,0.6416666666666666,0.6416666666666666,0.6416666666666666,PHI,2025-11-08,0.5705954453899591,1.52,2.6,1.0,0.75,0.5454545454545454,0.5454545454545454,True,906,0.6578947368421053,0.6666666666666666,0.00877192982456132,False,False,False
DEN,IND,0.7128766497631749,1.17,5.4,DEN,2025-11-08,1.0,,0.8888888888888888,,0.8305555555555555,0.8305555555555555,0.8305555555555555,0.8,DEN,2025-11-08,0.7128766497631749,1.17,5.4,1.0,0.55,0.7532467532467533,0.7532467532467533,True,906,0.8547008547008548,0.8888888888888888,0.03418803418803407,False,False,False
WAS,DAL,0.2831689899957275,2.5,1.56,DAL,2025-11-08,1.0,,0.0,,0.125,0.125,0.125,0.35,DAL,2025-11-08,0.2831689899957275,2.5,1.56,0.0,0.36,0.2857142857142857,0.2857142857142857,True,906,0.4,0.0,-0.4,True,False,True
DEN,GSW,0.747001205201082,1.23,4.4,DEN,2025-11-07,1.0,,1.0,,0.925,0.925,0.925,0.8,DEN,2025-11-07,0.747001205201082,1.23,4.4,1.0,0.55,0.7532467532467533,0.7532467532467533,True,906,0.8130081300813008,1.0,0.1869918699186992,False,False,False
MIL,CHI,0.6314874787116254,1.57,2.45,MIL,2025-11-07,1.0,,0.8,,0.755,0.755,0.755,0.755,MIL,2025-11-07,0.6314874787116254,1.57,2.45,1.0,0.55,0.6428571428571429,0.6428571428571429,True,906,0.6369426751592356,0.8,0.1630573248407644,False,False,False
BRK,DET,0.4568638201369034,4.7,1.21,DET,2025-11-07,1.0,,0.4375,,0.3970744680851064,0.3970744680851064,0.3970744680851064,0.3970744680851064,DET,2025-11-07,0.4568638201369034,4.7,1.21,0.0,0.33,0.45652173913043476,0.45652173913043476,True,906,0.2127659574468085,0.3627659574468085,0.2247340425531915,True,False,True
ATL,TOR,0.5027526959136438,1.74,2.14,TOR,2025-11-07,0.0,,0.5384615384615384,,0.5326923076923077,0.5326923076923077,0.5326923076923077,0.5326923076923077,TOR,2025-11-07,0.5027526959136438,1.74,2.14,0.0,0.69,0.45652173913043476,0.45652173913043476,True,906,0.5747126436781609,0.5384615384615384,-0.03625110521662245,False,False,False
SAS,HOU,0.5557058375026426,2.45,1.57,SAS,2025-11-07,1.0,,0.6153846153846154,,0.5436224489795918,0.5436224489795918,0.5436224489795918,0.5436224489795918,SAS,2025-11-07,0.5557058375026426,2.45,1.57,1.0,0.8,0.5172413793103449,0.5172413793103449,True,906,0.4081632653061224,0.5581632653061224,0.20722135007849302,True,True,True
SAC,OKC,0.62188098132539,5.25,1.17,OKC,2025-11-07,0.0,,0.8,,0.38035714285714284,0.38035714285714284,0.38035714285714284,0.38035714285714284,OKC,2025-11-07,0.62188098132539,5.25,1.17,0.0,0.29,0.6428571428571429,0.6428571428571429,True,906,0.19047619047619047,0.3404761904761905,0.6095238095238096,True,True,True
MIN,UTA,0.579499043203572,1.15,5.9,MIN,2025-11-07,1.0,,0.6153846153846154,,0.5865384615384616,0.5865384615384616,0.5865384615384616,0.5865384615384616,MIN,2025-11-07,0.579499043203572,1.15,5.9,1.0,0.64,0.5454545454545454,0.5454545454545454,True,906,0.8695652173913044,0.6153846153846154,-0.254180602006689,True,False,True
ORL,BOS,0.4552407515770399,1.62,2.36,ORL,2025-11-07,0.0,,0.4375,,0.446875,0.446875,0.446875,0.446875,ORL,2025-11-07,0.4552407515770399,1.62,2.36,1.0,0.67,0.45652173913043476,0.45652173913043476,True,906,0.6172839506172839,0.4375,-0.17978395061728392,False,False,False
MEM,DAL,0.4772347100151228,1.56,2.5,MEM,2025-11-07,0.0,,0.4375,,0.453125,0.453125,0.453125,0.453125,MEM,2025-11-07,0.4772347100151228,1.56,2.5,1.0,0.25,0.45652173913043476,0.45652173913043476,True,906,0.641025641025641,0.4375,-0.20352564102564097,True,False,True
WAS,CLE,0.2274323176982816,6.75,1.12,CLE,2025-11-07,1.0,,0.0,,0.07500000000000001,0.07500000000000001,0.07500000000000001,0.35,CLE,2025-11-07,0.2274323176982816,6.75,1.12,0.0,0.36,0.2857142857142857,0.2857142857142857,True,906,0.14814814814814814,0.0,-0.14814814814814814,False,False,False
MIA,CHO,0.5999896218330998,1.4,3.05,MIA,2025-11-07,1.0,,0.6702712117869182,,0.6447305300188805,0.6447305300188805,0.6447305300188805,0.6447305300188805,MIA,2025-11-07,0.5999896218330998,1.4,3.05,1.0,0.67,0.6428571428571429,0.6428571428571429,True,906,0.7142857142857143,0.6702712117869182,-0.044014502498796126,False,False,False
PHO,LAC,0.6835258342045505,1.74,2.14,PHO,2025-11-06,1.0,,0.8181818181818182,,0.6685344827586207,0.6685344827586207,0.6685344827586207,0.6685344827586207,PHO,2025-11-06,0.6835258342045505,1.74,2.14,1.0,0.86,0.6868686868686869,0.6868686868686869,True,906,0.5747126436781609,0.7247126436781609,0.24346917450365735,True,False,True
DEN,MIA,0.7524935187800198,1.25,4.1,DEN,2025-11-05,1.0,,1.0,,0.925,0.925,0.925,0.8,DEN,2025-11-05,0.7524935187800198,1.25,4.1,1.0,0.55,0.7532467532467533,0.7532467532467533,True,906,0.8,1.0,0.19999999999999996,False,False,False
NYK,MIN,0.6920965492994933,1.65,2.3,NYK,2025-11-05,1.0,,0.8415752814941339,,0.6920454545454546,0.6920454545454546,0.6920454545454546,0.6920454545454546,NYK,2025-11-05,0.6920965492994933,1.65,2.3,1.0,0.71,0.7037037037037037,0.7037037037037037,True,906,0.6060606060606061,0.7560606060606061,0.23551467543352778,True,False,True
POR,OKC,0.5263048426930239,2.6,1.52,POR,2025-11-05,1.0,,0.5217391304347826,,0.5184782608695652,0.5184782608695652,0.5184782608695652,0.5184782608695652,POR,2025-11-05,0.5263048426930239,2.6,1.52,1.0,0.5,0.5,0.5,True,906,0.3846153846153846,0.5217391304347826,0.137123745819398,False,False,False
SAC,GSW,0.5553876015483552,1.7,2.2,SAC,2025-11-05,1.0,,0.5625,,0.553125,0.553125,0.553125,0.553125,SAC,2025-11-05,0.5553876015483552,1.7,2.2,1.0,0.29,0.5172413793103449,0.5172413793103449,True,906,0.5882352941176471,0.5625,-0.02573529411764708,False,False,False
DET,UTA,0.5571330538748205,1.22,4.5,DET,2025-11-05,1.0,,0.5625,,0.546875,0.546875,0.546875,0.546875,DET,2025-11-05,0.5571330538748205,1.22,4.5,1.0,0.7,0.5172413793103449,0.5172413793103449,True,906,0.819672131147541,0.5625,-0.257172131147541,True,False,True
BOS,WAS,0.6532282128986501,1.15,5.9,BOS,2025-11-05,1.0,,0.8,,0.755,0.755,0.755,0.755,BOS,2025-11-05,0.6532282128986501,1.15,5.9,1.0,0.73,0.6868686868686869,0.6868686868686869,True,906,0.8695652173913044,0.8,-0.06956521739130439,False,False,False
IND,BRK,0.471733248743537,1.37,3.2,BRK,2025-11-05,1.0,,0.4827586206896552,,0.4870689655172414,0.4870689655172414,0.4870689655172414,0.4870689655172414,BRK,2025-11-05,0.471733248743537,1.37,3.2,0.0,0.25,0.45652173913043476,0.45652173913043476,True,906,0.7299270072992701,0.4827586206896552,-0.24716838660961488,True,False,True
MEM,HOU,0.4844785965564552,3.6,1.31,HOU,2025-11-05,1.0,,0.4827586206896552,,0.44583333333333336,0.44583333333333336,0.44583333333333336,0.44583333333333336,HOU,2025-11-05,0.4844785965564552,3.6,1.31,0.0,0.25,0.45652173913043476,0.45652173913043476,True,906,0.2777777777777778,0.4277777777777778,0.2049808429118774,True,False,True
LAL,SAS,0.7065662934327936,1.74,2.14,LAL,2025-11-05,1.0,,0.8571428571428571,,0.6685344827586207,0.6685344827586207,0.6685344827586207,0.6685344827586207,LAL,2025-11-05,0.7065662934327936,1.74,2.14,1.0,0.71,0.7037037037037037,0.7037037037037037,True,906,0.5747126436781609,0.7247126436781609,0.2824302134646962,True,False,True
DAL,NOP,0.4533253510804735,1.32,3.5,NOP,2025-11-05,1.0,,0.4827586206896552,,0.4870689655172414,0.4870689655172414,0.4870689655172414,0.4870689655172414,NOP,2025-11-05,0.4533253510804735,1.32,3.5,0.0,0.0,0.45652173913043476,0.45652173913043476,True,906,0.7575757575757576,0.4827586206896552,-0.2748171368861024,True,False,True
CLE,PHI,0.6177731617101003,1.24,4.2,CLE,2025-11-05,1.0,,0.7692307692307693,,0.7288461538461539,0.7288461538461539,0.7288461538461539,0.7288461538461539,CLE,2025-11-05,0.6177731617101003,1.24,4.2,1.0,0.88,0.6428571428571429,0.6428571428571429,True,906,0.8064516129032259,0.7692307692307693,-0.037220843672456594,False,False,False
CHI,PHI,0.5072738274955686,1.87,1.95,CHI,2025-11-04,1.0,,0.5,,0.5,0.5,0.5,0.5,CHI,2025-11-04,0.5072738274955686,1.87,1.95,1.0,0.2,0.5,0.5,True,906,0.53475935828877,0.5,-0.03475935828876997,False,False,False
LAC,OKC,0.4779194882186819,3.4,1.34,OKC,2025-11-04,1.0,,0.4666666666666667,,0.4716666666666667,0.4716666666666667,0.4716666666666667,0.4716666666666667,OKC,2025-11-04,0.4779194882186819,3.4,1.34,0.0,0.6,0.45652173913043476,0.45652173913043476,True,906,0.29411764705882354,0.4666666666666667,0.17254901960784313,False,False,False
ATL,ORL,0.4853208569147099,2.36,1.62,ATL,2025-11-04,0.0,,0.4666666666666667,,0.4716666666666667,0.4716666666666667,0.4716666666666667,0.4716666666666667,ATL,2025-11-04,0.4853208569147099,2.36,1.62,1.0,0.69,0.45652173913043476,0.45652173913043476,True,906,0.42372881355932207,0.4666666666666667,0.042937853107344603,False,False,False
NOP,CHO,0.3454983672038794,1.56,2.5,NOP,2025-11-04,0.0,,0.45454545454545453,,0.46136363636363636,0.46136363636363636,0.46136363636363636,0.46136363636363636,NOP,2025-11-04,0.3454983672038794,1.56,2.5,1.0,0.75,0.2857142857142857,0.2857142857142857,True,906,0.641025641025641,0.45454545454545453,-0.18648018648018644,False,False,False
TOR,MIL,0.6147809401462493,1.65,2.3,TOR,2025-11-04,1.0,,0.7692307692307693,,0.7288461538461539,0.7288461538461539,0.7288461538461539,0.7288461538461539,TOR,2025-11-04,0.6147809401462493,1.65,2.3,1.0,0.4,0.6428571428571429,0.6428571428571429,True,906,0.6060606060606061,0.7692307692307693,0.1631701631701632,False,False,False
GSW,PHO,0.6734516215887786,1.27,3.95,GSW,2025-11-04,1.0,,0.7777777777777778,,0.7361111111111112,0.7361111111111112,0.7361111111111112,0.7361111111111112,GSW,2025-11-04,0.6734516215887786,1.27,3.95,1.0,0.3,0.6868686868686869,0.6868686868686869,True,906,0.7874015748031495,0.7777777777777778,-0.00962379702537175,False,False,False
DEN,SAC,0.7155677281852099,1.17,5.4,DEN,2025-11-03,1.0,,0.8333333333333334,,0.7833333333333334,0.7833333333333334,0.7833333333333334,0.7833333333333334,DEN,2025-11-03,0.7155677281852099,1.17,5.4,1.0,0.55,0.7532467532467533,0.7532467532467533,True,906,0.8547008547008548,0.8333333333333334,-0.021367521367521403,False,False,False
LAC,MIA,0.5799624496213974,1.31,3.6,MIA,2025-11-03,0.0,,0.6,,0.585,0.585,0.585,0.585,MIA,2025-11-03,0.5799624496213974,1.31,3.6,0.0,0.6,0.5454545454545454,0.5454545454545454,True,906,0.7633587786259541,0.6,-0.16335877862595416,False,False,False
HOU,DAL,0.7753343552205606,1.14,6.0,HOU,2025-11-03,1.0,,1.0,,0.925,0.925,0.925,0.8,HOU,2025-11-03,0.7753343552205606,1.14,6.0,1.0,0.55,0.7532467532467533,0.7532467532467533,True,906,0.8771929824561404,1.0,0.12280701754385959,False,False,False
POR,LAL,0.5538324849125705,1.31,3.6,LAL,2025-11-03,0.0,,0.6666666666666666,,0.6416666666666666,0.6416666666666666,0.6416666666666666,0.6416666666666666,LAL,2025-11-03,0.5538324849125705,1.31,3.6,0.0,0.5,0.5172413793103449,0.5172413793103449,True,906,0.7633587786259541,0.6666666666666666,-0.09669211195928751,False,False,False
IND,MIL,0.5456080787604752,2.85,1.44,MIL,2025-11-03,0.0,,0.5797116578764694,,0.5006578947368421,0.5006578947368421,0.5006578947368421,0.5006578947368421,MIL,2025-11-03,0.5456080787604752,2.85,1.44,0.0,0.25,0.5,0.5,True,906,0.3508771929824561,0.5008771929824561,0.22883446489401327,True,False,True
NYK,WAS,0.7241969928644688,1.15,5.9,NYK,2025-11-03,1.0,,0.8,,0.755,0.755,0.755,0.755,NYK,2025-11-03,0.7241969928644688,1.15,5.9,1.0,0.71,0.7532467532467533,0.7532467532467533,True,906,0.8695652173913044,0.8,-0.06956521739130439,False,False,False
BOS,UTA,0.5919683367907562,1.21,4.6,UTA,2025-11-03,0.0,,0.6666666666666666,,0.6416666666666666,0.6416666666666666,0.6416666666666666,0.6416666666666666,UTA,2025-11-03,0.5919683367907562,1.21,4.6,0.0,0.73,0.5925925925925926,0.5925925925925926,True,906,0.8264462809917356,0.6666666666666666,-0.15977961432506893,False,False,False
BRK,MIN,0.2987019065839347,3.95,1.27,MIN,2025-11-03,1.0,,0.0,,0.125,0.125,0.125,0.35,MIN,2025-11-03,0.2987019065839347,3.95,1.27,0.0,0.33,0.2857142857142857,0.2857142857142857,True,906,0.2531645569620253,0.0,-0.2531645569620253,True,False,True
MEM,DET,0.5116766961476504,2.6,1.52,DET,2025-11-03,0.0,,0.5263157894736842,,0.5223684210526316,0.5223684210526316,0.5223684210526316,0.5223684210526316,DET,2025-11-03,0.5116766961476504,2.6,1.52,0.0,0.25,0.5,0.5,True,906,0.3846153846153846,0.5263157894736842,0.1417004048582996,False,False,False
TOR,MEM,0.5141737851662117,1.54,2.54,TOR,2025-11-02,1.0,,0.5263157894736842,,0.5223684210526316,0.5223684210526316,0.5223684210526316,0.5223684210526316,TOR,2025-11-02,0.5141737851662117,1.54,2.54,1.0,0.4,0.5,0.5,True,906,0.6493506493506493,0.5263157894736842,-0.12303485987696516,False,False,False
BRK,PHI,0.4653185378976165,2.7,1.49,PHI,2025-11-02,1.0,,0.46153846153846156,,0.4673076923076923,0.4673076923076923,0.4673076923076923,0.4673076923076923,PHI,2025-11-02,0.4653185378976165,2.7,1.49,0.0,0.33,0.45652173913043476,0.45652173913043476,True,906,0.37037037037037035,0.46153846153846156,0.09116809116809121,False,False,False
NYK,CHI,0.5505220794678681,1.37,3.2,NYK,2025-11-02,1.0,,0.5263157894736842,,0.5197368421052632,0.5197368421052632,0.5197368421052632,0.5197368421052632,NYK,2025-11-02,0.5505220794678681,1.37,3.2,1.0,0.71,0.5172413793103449,0.5172413793103449,True,906,0.7299270072992701,0.5263157894736842,-0.2036112178255859,True,False,True
PHO,SAS,0.4600147860823708,2.9,1.43,PHO,2025-11-02,0.0,,0.46153846153846156,,0.4673076923076923,0.4673076923076923,0.4673076923076923,0.4673076923076923,PHO,2025-11-02,0.4600147860823708,2.9,1.43,1.0,0.86,0.45652173913043476,0.45652173913043476,True,906,0.3448275862068966,0.46153846153846156,0.11671087533156499,False,False,False
CHO,UTA,0.5839043500989103,1.83,2.0,CHO,2025-11-02,1.0,,0.6666666666666666,,0.6416666666666666,0.6416666666666666,0.6416666666666666,0.6416666666666666,CHO,2025-11-02,0.5839043500989103,1.83,2.0,1.0,0.7,0.5454545454545454,0.5454545454545454,True,906,0.5464480874316939,0.6666666666666666,0.1202185792349727,False,False,False
CLE,ATL,0.5206512580703963,1.41,3.0,CLE,2025-11-02,1.0,,0.5263157894736842,,0.5223684210526316,0.5223684210526316,0.5223684210526316,0.5223684210526316,CLE,2025-11-02,0.5206512580703963,1.41,3.0,1.0,0.88,0.5,0.5,True,906,0.7092198581560284,0.5263157894736842,-0.1829040686823442,False,False,False
LAL,MIA,0.644215535665562,1.51,2.64,LAL,2025-11-02,1.0,,0.75,,0.7125,0.7125,0.7125,0.7125,LAL,2025-11-02,0.644215535665562,1.51,2.64,1.0,0.71,0.6428571428571429,0.6428571428571429,True,906,0.6622516556291391,0.75,0.08774834437086088,False,False,False
OKC,NOP,0.7995394676642023,1.14,6.0,OKC,2025-11-02,1.0,,1.0,,0.925,0.925,0.925,0.8,OKC,2025-11-02,0.7995394676642023,1.14,6.0,1.0,0.73,0.8571428571428571,0.8571428571428571,True,906,0.8771929824561404,1.0,0.12280701754385959,False,False,False
BOS,HOU,0.5435520757893509,2.8,1.46,HOU,2025-11-01,0.0,,0.5263157894736842,,0.5223684210526316,0.5223684210526316,0.5223684210526316,0.5223684210526316,HOU,2025-11-01,0.5435520757893509,2.8,1.46,0.0,0.73,0.5,0.5,True,906,0.35714285714285715,0.5263157894736842,0.16917293233082703,False,False,False
DET,DAL,0.661284652318056,1.33,3.45,DET,2025-11-01,1.0,,0.8260869565217391,,0.7771739130434783,0.7771739130434783,0.7771739130434783,0.7771739130434783,DET,2025-11-01,0.661284652318056,1.33,3.45,1.0,0.7,0.6868686868686869,0.6868686868686869,True,906,0.7518796992481203,0.8260869565217391,0.07420725727361888,False,False,False
MIL,SAC,0.652997097583327,1.44,2.85,SAC,2025-11-01,0.0,,0.8260869565217391,,0.7771739130434783,0.7771739130434783,0.7771739130434783,0.7771739130434783,SAC,2025-11-01,0.652997097583327,1.44,2.85,0.0,0.55,0.6868686868686869,0.6868686868686869,True,906,0.6944444444444444,0.8260869565217391,0.13164251207729472,False,False,False
IND,GSW,0.579071211353252,4.7,1.21,IND,2025-11-01,1.0,,0.625,,0.3970744680851064,0.3970744680851064,0.3970744680851064,0.3970744680851064,IND,2025-11-01,0.579071211353252,4.7,1.21,1.0,0.25,0.5454545454545454,0.5454545454545454,True,906,0.2127659574468085,0.3627659574468085,0.4122340425531915,True,True,True
CHO,MIN,0.6487068804796248,2.8,1.46,MIN,2025-11-01,0.0,,0.8260869565217391,,0.5053571428571428,0.5053571428571428,0.5053571428571428,0.5053571428571428,MIN,2025-11-01,0.6487068804796248,2.8,1.46,0.0,0.7,0.6428571428571429,0.6428571428571429,True,906,0.35714285714285715,0.5071428571428571,0.468944099378882,True,True,True
WAS,ORL,0.236669385025153,3.95,1.27,ORL,2025-11-01,1.0,,0.0,,0.125,0.125,0.125,0.35,ORL,2025-11-01,0.236669385025153,3.95,1.27,0.0,0.36,0.2857142857142857,0.2857142857142857,True,906,0.2531645569620253,0.0,-0.2531645569620253,True,False,True
CLE,TOR,0.6685391732946139,1.35,3.3,TOR,2025-10-31,0.0,,0.8421052631578947,,0.7907894736842105,0.7907894736842105,0.7907894736842105,0.7907894736842105,TOR,2025-10-31,0.6685391732946139,1.35,3.3,0.0,0.88,0.6868686868686869,0.6868686868686869,True,906,0.7407407407407407,0.8421052631578947,0.10136452241715399,False,False,False
PHI,BOS,0.5007377252378408,1.7,2.2,BOS,2025-10-31,0.0,,0.5625,,0.553125,0.553125,0.553125,0.553125,BOS,2025-10-31,0.5007377252378408,1.7,2.2,0.0,0.75,0.45652173913043476,0.45652173913043476,True,906,0.5882352941176471,0.5625,-0.02573529411764708,False,False,False
CHI,NYK,0.6968210291210132,2.6,1.52,CHI,2025-10-31,1.0,,0.8421052631578947,,0.5259615384615385,0.5259615384615385,0.5259615384615385,0.5259615384615385,CHI,2025-10-31,0.6968210291210132,2.6,1.52,1.0,0.2,0.7037037037037037,0.7037037037037037,True,906,0.3846153846153846,0.5346153846153846,0.4574898785425101,True,True,True
POR,DEN,0.5552640205054257,2.7,1.49,POR,2025-10-31,1.0,,0.6666666666666666,,0.5152777777777777,0.5152777777777777,0.5152777777777777,0.5152777777777777,POR,2025-10-31,0.5552640205054257,2.7,1.49,1.0,0.5,0.5172413793103449,0.5172413793103449,True,906,0.37037037037037035,0.5203703703703704,0.2962962962962963,True,True,True
IND,ATL,0.5884088246940468,2.24,1.68,ATL,2025-10-31,0.0,,0.6666666666666666,,0.5723214285714285,0.5723214285714285,0.5723214285714285,0.5723214285714285,ATL,2025-10-31,0.5884088246940468,2.24,1.68,0.0,0.25,0.5925925925925926,0.5925925925925926,True,906,0.4464285714285714,0.5964285714285714,0.22023809523809523,True,False,True
PHO,UTA,0.5554960444064578,1.65,2.3,PHO,2025-10-31,1.0,,0.6666666666666666,,0.6416666666666666,0.6416666666666666,0.6416666666666666,0.6416666666666666,PHO,2025-10-31,0.5554960444064578,1.65,2.3,1.0,0.86,0.5172413793103449,0.5172413793103449,True,906,0.6060606060606061,0.6666666666666666,0.06060606060606055,False,False,False
LAC,NOP,0.6401064419763015,1.19,5.0,LAC,2025-10-31,1.0,,0.8421052631578947,,0.7907894736842105,0.7907894736842105,0.7907894736842105,0.7907894736842105,LAC,2025-10-31,0.6401064419763015,1.19,5.0,1.0,0.6,0.6428571428571429,0.6428571428571429,True,906,0.8403361344537815,0.8421052631578947,0.0017691287041131654,False,False,False
MEM,LAL,0.551317823857397,1.8,2.05,LAL,2025-10-31,0.0,,0.6666666666666666,,0.6416666666666666,0.6416666666666666,0.6416666666666666,0.6416666666666666,LAL,2025-10-31,0.551317823857397,1.8,2.05,0.0,0.25,0.5172413793103449,0.5172413793103449,True,906,0.5555555555555556,0.6666666666666666,0.11111111111111105,False,False,False
MIL,GSW,0.6367808565490992,2.3,1.65,MIL,2025-10-30,1.0,,0.8421052631578947,,0.5635869565217392,0.5635869565217392,0.5635869565217392,0.5635869565217392,MIL,2025-10-30,0.6367808565490992,2.3,1.65,1.0,0.55,0.6428571428571429,0.6428571428571429,True,906,0.4347826086956522,0.5847826086956522,0.4073226544622425,True,True,True
OKC,WAS,0.7303121018259949,1.09,8.0,OKC,2025-10-30,1.0,,0.8677603613214591,,0.8125963071232403,0.8125963071232403,0.8125963071232403,0.8,OKC,2025-10-30,0.7303121018259949,1.09,8.0,1.0,0.73,0.7532467532467533,0.7532467532467533,True,906,0.9174311926605504,0.8677603613214591,-0.04967083133909134,False,False,False
CHO,ORL,0.6841786759261168,2.24,1.68,ORL,2025-10-30,0.0,,0.8888888888888888,,0.5723214285714285,0.5723214285714285,0.5723214285714285,0.5723214285714285,ORL,2025-10-30,0.6841786759261168,2.24,1.68,0.0,0.7,0.6868686868686869,0.6868686868686869,True,906,0.4464285714285714,0.5964285714285714,0.44246031746031744,True,False,True
SAS,MIA,0.7164390958770491,1.42,2.95,SAS,2025-10-30,1.0,,0.8888888888888888,,0.8305555555555555,0.8305555555555555,0.8305555555555555,0.8,SAS,2025-10-30,0.7164390958770491,1.42,2.95,1.0,0.8,0.7532467532467533,0.7532467532467533,True,906,0.7042253521126761,0.8888888888888888,0.18466353677621272,False,False,False
TOR,HOU,0.4134066798759074,2.7,1.49,HOU,2025-10-29,1.0,,0.5,,0.5,0.5,0.5,0.5,HOU,2025-10-29,0.4134066798759074,2.7,1.49,0.0,0.4,0.45652173913043476,0.45652173913043476,True,906,0.37037037037037035,0.5,0.12962962962962965,False,False,False
UTA,POR,0.5420583033237949,2.24,1.68,POR,2025-10-29,0.0,,0.7142857142857143,,0.5723214285714285,0.5723214285714285,0.5723214285714285,0.5723214285714285,POR,2025-10-29,0.5420583033237949,2.24,1.68,0.0,0.2,0.5,0.5,True,906,0.4464285714285714,0.5964285714285714,0.2678571428571429,True,False,True
DAL,IND,0.3279269420237086,1.4,3.05,DAL,2025-10-29,0.0,,0.4444444444444444,,0.4583333333333333,0.4583333333333333,0.4583333333333333,0.4583333333333333,DAL,2025-10-29,0.3279269420237086,1.4,3.05,1.0,0.0,0.2857142857142857,0.2857142857142857,True,906,0.7142857142857143,0.4444444444444444,-0.2698412698412699,True,False,True
BOS,CLE,0.6568043780336956,2.45,1.57,BOS,2025-10-29,1.0,,0.8333333333333334,,0.5436224489795918,0.5436224489795918,0.5436224489795918,0.5436224489795918,BOS,2025-10-29,0.6568043780336956,2.45,1.57,1.0,0.73,0.6868686868686869,0.6868686868686869,True,906,0.4081632653061224,0.5581632653061224,0.42517006802721097,True,True,True
BRK,ATL,0.354995792983917,3.6,1.31,ATL,2025-10-29,1.0,,0.4444444444444444,,0.4527777777777778,0.4527777777777778,0.4527777777777778,0.4527777777777778,ATL,2025-10-29,0.354995792983917,3.6,1.31,0.0,0.33,0.2857142857142857,0.2857142857142857,True,906,0.2777777777777778,0.4444444444444444,0.16666666666666663,False,False,False
PHO,MEM,0.5067430714098696,2.02,1.82,MEM,2025-10-29,0.0,,0.6363636363636364,,0.6159090909090909,0.6159090909090909,0.6159090909090909,0.6159090909090909,MEM,2025-10-29,0.5067430714098696,2.02,1.82,0.0,0.86,0.5,0.5,True,906,0.49504950495049505,0.6363636363636364,0.1413141314131413,False,False,False
DEN,NOP,0.6124042184991795,1.14,6.0,DEN,2025-10-29,1.0,,0.8333333333333334,,0.7833333333333334,0.7833333333333334,0.7833333333333334,0.7833333333333334,DEN,2025-10-29,0.6124042184991795,1.14,6.0,1.0,0.55,0.6428571428571429,0.6428571428571429,True,906,0.8771929824561404,0.8333333333333334,-0.04385964912280704,False,False,False
DET,ORL,0.5129327492872349,1.98,1.85,DET,2025-10-29,1.0,,0.6363636363636364,,0.6159090909090909,0.6159090909090909,0.6159090909090909,0.6159090909090909,DET,2025-10-29,0.5129327492872349,1.98,1.85,1.0,0.7,0.5,0.5,True,906,0.5050505050505051,0.6363636363636364,0.13131313131313127,False,False,False
CHI,SAC,0.695061342039007,1.51,2.64,CHI,2025-10-29,1.0,,0.8888888888888888,,0.7341887417218543,0.7341887417218543,0.7341887417218543,0.7341887417218543,CHI,2025-10-29,0.695061342039007,1.51,2.64,1.0,0.2,0.7037037037037037,0.7037037037037037,True,906,0.6622516556291391,0.8122516556291391,0.22663723325974972,True,False,True
MIN,LAL,0.4978313353935233,1.37,3.2,LAL,2025-10-29,1.0,,0.6363636363636364,,0.6159090909090909,0.6159090909090909,0.6159090909090909,0.6159090909090909,LAL,2025-10-29,0.4978313353935233,1.37,3.2,0.0,0.64,0.45652173913043476,0.45652173913043476,True,906,0.7299270072992701,0.6363636363636364,-0.09356337093563372,False,False,False
WAS,PHI,0.3342717835225763,2.5,1.56,PHI,2025-10-28,1.0,,0.5,,0.5,0.5,0.5,0.5,PHI,2025-10-28,0.3342717835225763,2.5,1.56,0.0,0.36,0.2857142857142857,0.2857142857142857,True,906,0.4,0.5,0.09999999999999998,False,False,False
MIA,CHO,0.6335698262948327,1.44,2.85,MIA,2025-10-28,1.0,,0.75,,0.7125,0.7125,0.7125,0.7125,MIA,2025-10-28,0.6335698262948327,1.44,2.85,1.0,0.67,0.6428571428571429,0.6428571428571429,True,906,0.6944444444444444,0.75,0.05555555555555558,False,False,False
MIL,NYK,0.6100791721032666,2.05,1.8,MIL,2025-10-28,1.0,,0.710288212665866,,0.6033536585365854,0.6033536585365854,0.6033536585365854,0.6033536585365854,MIL,2025-10-28,0.6100791721032666,2.05,1.8,1.0,0.55,0.6428571428571429,0.6428571428571429,True,906,0.48780487804878053,0.6378048780487805,0.22248333461708542,True,False,True
OKC,SAC,0.6956613608047013,1.22,4.5,OKC,2025-10-28,1.0,,0.8333333333333334,,0.7833333333333334,0.7833333333333334,0.7833333333333334,0.7833333333333334,OKC,2025-10-28,0.6956613608047013,1.22,4.5,1.0,0.73,0.7037037037037037,0.7037037037037037,True,906,0.819672131147541,0.8333333333333334,0.013661202185792365,False,False,False
GSW,LAC,0.5489562733263578,2.05,1.8,GSW,2025-10-28,1.0,,0.6666666666666666,,0.6416666666666666,0.6416666666666666,0.6416666666666666,0.6416666666666666,GSW,2025-10-28,0.5489562733263578,2.05,1.8,1.0,0.3,0.5172413793103449,0.5172413793103449,True,906,0.48780487804878053,0.6666666666666666,0.1788617886178861,False,False,False
DAL,OKC,0.3106524687964385,3.7,1.29,OKC,2025-10-27,1.0,,,,0.3390545984769727,0.3390545984769727,0.3390545984769727,0.35,OKC,2025-10-27,0.3106524687964385,3.7,1.29,0.0,0.0,0.2857142857142857,0.2857142857142857,True,906,0.27027027027027023,0.3106524687964385,0.040382198526168256,False,False,False
LAL,POR,0.7267535356091751,2.2,1.7,POR,2025-10-27,0.0,,,,0.5784090909090909,0.5784090909090909,0.5784090909090909,0.5784090909090909,POR,2025-10-27,0.7267535356091751,2.2,1.7,0.0,0.71,0.7532467532467533,0.7532467532467533,True,906,0.45454545454545453,0.6045454545454545,0.2722080810637206,True,False,True
MIN,DEN,0.6417247580306555,3.05,1.4,DEN,2025-10-27,0.0,,,,0.48340163934426233,0.48340163934426233,0.48340163934426233,0.48340163934426233,DEN,2025-10-27,0.6417247580306555,3.05,1.4,0.0,0.64,0.6428571428571429,0.6428571428571429,True,906,0.3278688524590164,0.47786885245901645,0.3138559055716391,True,True,True
GSW,MEM,0.6635216003488732,1.29,3.7,GSW,2025-10-27,1.0,,,,0.6389933602965422,0.6389933602965422,0.6389933602965422,0.6389933602965422,GSW,2025-10-27,0.6635216003488732,1.29,3.7,1.0,0.3,0.6868686868686869,0.6868686868686869,True,906,0.7751937984496123,0.6635216003488732,-0.11167219810073914,False,False,False
UTA,PHO,0.5011426492879132,1.85,1.98,UTA,2025-10-27,1.0,,0.6,,0.585,0.585,0.585,0.585,UTA,2025-10-27,0.5011426492879132,1.85,1.98,1.0,0.2,0.45652173913043476,0.45652173913043476,True,906,0.5405405405405405,0.6,0.05945945945945952,False,False,False
CHI,ATL,0.6255320227537459,2.14,1.74,CHI,2025-10-27,1.0,,,,0.606702219340684,0.606702219340684,0.606702219340684,0.606702219340684,CHI,2025-10-27,0.6255320227537459,2.14,1.74,1.0,0.2,0.6428571428571429,0.6428571428571429,True,906,0.4672897196261682,0.6255320227537459,0.15824230312757764,False,False,False
PHI,ORL,0.659285394953311,2.9,1.43,PHI,2025-10-27,1.0,,0.8333333333333334,,0.4961206896551724,0.4961206896551724,0.4961206896551724,0.4961206896551724,PHI,2025-10-27,0.659285394953311,2.9,1.43,1.0,0.75,0.6868686868686869,0.6868686868686869,True,906,0.3448275862068966,0.4948275862068966,0.4885057471264368,True,True,True
HOU,BRK,0.4805730839885264,1.07,9.0,HOU,2025-10-27,0.0,,,,0.48542981299139476,0.48542981299139476,0.48542981299139476,0.48542981299139476,HOU,2025-10-27,0.4805730839885264,1.07,9.0,1.0,0.55,0.45652173913043476,0.45652173913043476,True,906,0.9345794392523364,0.4805730839885264,-0.45400635526381006,True,False,True
DET,CLE,0.513076019664289,2.2,1.7,CLE,2025-10-27,0.0,,,,0.5111146167146456,0.5111146167146456,0.5111146167146456,0.5111146167146456,CLE,2025-10-27,0.513076019664289,2.2,1.7,0.0,0.7,0.5,0.5,True,906,0.45454545454545453,0.513076019664289,0.05853056511883442,False,False,False
NOP,BOS,0.3443896899698273,1.74,2.14,BOS,2025-10-27,1.0,,,,0.38329226747737044,0.38329226747737044,0.38329226747737044,0.38329226747737044,BOS,2025-10-27,0.3443896899698273,1.74,2.14,0.0,0.75,0.2857142857142857,0.2857142857142857,True,906,0.5747126436781609,0.3443896899698273,-0.2303229537083336,True,False,True
SAS,TOR,0.748654791755525,1.49,2.7,SAS,2025-10-27,1.0,,0.8333333333333334,,0.7833333333333334,0.7833333333333334,0.7833333333333334,0.7833333333333334,SAS,2025-10-27,0.748654791755525,1.49,2.7,1.0,0.8,0.7532467532467533,0.7532467532467533,True,906,0.6711409395973155,0.8333333333333334,0.1621923937360179,False,False,False
SAS,BRK,0.6782102457876245,1.16,5.55,SAS,2025-10-26,1.0,,,,0.6514787089194808,0.6514787089194808,0.6514787089194808,0.6514787089194808,SAS,2025-10-26,0.6782102457876245,1.16,5.55,1.0,0.8,0.6868686868686869,0.6868686868686869,True,906,0.8620689655172414,0.6782102457876245,-0.18385871972961698,False,False,False
CLE,MIL,0.6196150031502539,1.39,3.1,CLE,2025-10-26,1.0,,,,0.6016727526777158,0.6016727526777158,0.6016727526777158,0.6016727526777158,CLE,2025-10-26,0.6196150031502539,1.39,3.1,1.0,0.88,0.6428571428571429,0.6428571428571429,True,906,0.7194244604316548,0.6196150031502539,-0.09980945728140089,False,False,False
SAC,LAL,0.459462502237683,2.24,1.68,LAL,2025-10-26,1.0,,,,0.46554312690203054,0.46554312690203054,0.46554312690203054,0.46554312690203054,LAL,2025-10-26,0.459462502237683,2.24,1.68,0.0,0.29,0.45652173913043476,0.45652173913043476,True,906,0.4464285714285714,0.459462502237683,0.013033930809111582,False,False,False
LAC,POR,0.4940595446935642,1.32,3.5,LAC,2025-10-26,0.0,,,,0.49554465852017315,0.49554465852017315,0.49554465852017315,0.49554465852017315,LAC,2025-10-26,0.4940595446935642,1.32,3.5,1.0,0.6,0.45652173913043476,0.45652173913043476,True,906,0.7575757575757576,0.4940595446935642,-0.26351621288219335,True,False,True
WAS,CHO,0.5290155118953928,1.77,2.1,CHO,2025-10-26,0.0,,,,0.5246631851110839,0.5246631851110839,0.5246631851110839,0.5246631851110839,CHO,2025-10-26,0.5290155118953928,1.77,2.1,0.0,0.36,0.5,0.5,True,906,0.5649717514124294,0.5290155118953928,-0.03595623951703664,False,False,False
DET,BOS,0.5182374162309578,1.51,2.64,DET,2025-10-26,1.0,,,,0.515501803796314,0.515501803796314,0.515501803796314,0.515501803796314,DET,2025-10-26,0.5182374162309578,1.51,2.64,1.0,0.7,0.5,0.5,True,906,0.6622516556291391,0.5182374162309578,-0.14401423939818137,False,False,False
MIA,NYK,0.5535571090181824,2.2,1.7,MIA,2025-10-26,1.0,,,,0.5455235426654551,0.5455235426654551,0.5455235426654551,0.5455235426654551,MIA,2025-10-26,0.5535571090181824,2.2,1.7,1.0,0.67,0.5172413793103449,0.5172413793103449,True,906,0.45454545454545453,0.5535571090181824,0.09901165447272792,False,False,False
DAL,TOR,0.3187522368890158,1.87,1.95,DAL,2025-10-26,0.0,,,,0.36406417766676186,0.36406417766676186,0.36406417766676186,0.36406417766676186,DAL,2025-10-26,0.3187522368890158,1.87,1.95,1.0,0.0,0.2857142857142857,0.2857142857142857,True,906,0.53475935828877,0.3187522368890158,-0.21600712139975414,True,False,True
MIN,IND,0.6837240315306252,1.17,5.4,MIN,2025-10-26,1.0,,,,0.6561654268010314,0.6561654268010314,0.6561654268010314,0.6561654268010314,MIN,2025-10-26,0.6837240315306252,1.17,5.4,1.0,0.64,0.6868686868686869,0.6868686868686869,True,906,0.8547008547008548,0.6837240315306252,-0.17097682317022955,False,False,False
DEN,PHO,0.682780981492606,1.12,6.75,DEN,2025-10-25,1.0,,,,0.6370857361194545,0.6370857361194545,0.6370857361194545,0.6370857361194545,DEN,2025-10-25,0.682780981492606,1.12,6.75,1.0,0.55,0.6868686868686869,0.6868686868686869,True,906,0.8928571428571428,0.682780981492606,-0.21007616136453677,True,False,True
ORL,CHI,0.4893812844699602,1.41,3.0,CHI,2025-10-25,1.0,,,,0.49203596335247013,0.49203596335247013,0.49203596335247013,0.49203596335247013,CHI,2025-10-25,0.4893812844699602,1.41,3.0,0.0,0.67,0.45652173913043476,0.45652173913043476,True,906,0.7092198581560284,0.4893812844699602,-0.21983857368606818,True,False,True
ATL,OKC,0.5140803937138909,3.5,1.32,OKC,2025-10-25,0.0,,,,0.4517857142857143,0.4517857142857143,0.4517857142857143,0.4517857142857143,OKC,2025-10-25,0.5140803937138909,3.5,1.32,0.0,0.69,0.5,0.5,True,906,0.2857142857142857,0.4357142857142857,0.22836610799960522,True,False,True
PHI,CHO,0.6268269368540074,1.51,2.64,PHI,2025-10-25,1.0,,,,0.6078028963259062,0.6078028963259062,0.6078028963259062,0.6078028963259062,PHI,2025-10-25,0.6268269368540074,1.51,2.64,1.0,0.75,0.6428571428571429,0.6428571428571429,True,906,0.6622516556291391,0.6268269368540074,-0.03542471877513176,False,False,False
MEM,IND,0.5286262464380135,1.74,2.14,MEM,2025-10-25,1.0,,,,0.5243323094723115,0.5243323094723115,0.5243323094723115,0.5243323094723115,MEM,2025-10-25,0.5286262464380135,1.74,2.14,1.0,0.25,0.5,0.5,True,906,0.5747126436781609,0.5286262464380135,-0.0460863972401474,False,False,False
MEM,MIA,0.5985323798415145,1.71,2.15,MIA,2025-10-24,0.0,,,,0.5837525228652873,0.5837525228652873,0.5837525228652873,0.5837525228652873,MIA,2025-10-24,0.5985323798415145,1.71,2.15,0.0,0.25,0.6428571428571429,0.6428571428571429,True,906,0.5847953216374269,0.5985323798415145,0.01373705820408766,False,False,False
BRK,CLE,0.3944473868173287,2.1,1.77,CLE,2025-10-24,1.0,,,,0.4102802787947294,0.4102802787947294,0.4102802787947294,0.4102802787947294,CLE,2025-10-24,0.3944473868173287,2.1,1.77,0.0,0.33,0.4318181818181818,0.4318181818181818,True,906,0.47619047619047616,0.3944473868173287,-0.08174308937314745,False,False,False
TOR,MIL,0.4861625495813919,1.75,2.2,MIL,2025-10-24,1.0,,,,0.4882381671441831,0.4882381671441831,0.4882381671441831,0.4882381671441831,MIL,2025-10-24,0.4861625495813919,1.75,2.2,0.0,0.4,0.45652173913043476,0.45652173913043476,True,906,0.5714285714285714,0.4861625495813919,-0.08526602184717952,False,False,False
DAL,WAS,0.3183073897438852,1.24,4.43,WAS,2025-10-24,1.0,,,,0.3637305423079139,0.3637305423079139,0.3637305423079139,0.3637305423079139,WAS,2025-10-24,0.3183073897438852,1.24,4.43,0.0,0.0,0.2857142857142857,0.2857142857142857,True,906,0.8064516129032259,0.3183073897438852,-0.48814422315934064,True,False,True
NYK,BOS,0.6512124624794146,1.67,2.25,NYK,2025-10-24,1.0,,,,0.6285305931075024,0.6285305931075024,0.6285305931075024,0.6285305931075024,NYK,2025-10-24,0.6512124624794146,1.67,2.25,1.0,0.71,0.6868686868686869,0.6868686868686869,True,906,0.5988023952095809,0.6512124624794146,0.05241006726983366,False,False,False
POR,GSW,0.4031212023317619,1.68,2.25,POR,2025-10-24,0.0,,,,0.4176530219819976,0.4176530219819976,0.4176530219819976,0.4176530219819976,POR,2025-10-24,0.4031212023317619,1.68,2.25,1.0,0.5,0.45652173913043476,0.45652173913043476,True,906,0.5952380952380952,0.4031212023317619,-0.19211689290633333,False,False,False
NOP,SAS,0.3606290989589318,1.56,2.5,SAS,2025-10-24,1.0,,,,0.39547182421919885,0.39547182421919885,0.39547182421919885,0.39547182421919885,SAS,2025-10-24,0.3606290989589318,1.56,2.5,0.0,0.75,0.2857142857142857,0.2857142857142857,True,906,0.641025641025641,0.3606290989589318,-0.28039654206670916,True,False,True
HOU,DET,0.5202169222878452,1.95,2.25,DET,2025-10-24,0.0,,,,0.5171843839446685,0.5171843839446685,0.5171843839446685,0.5171843839446685,DET,2025-10-24,0.5202169222878452,1.95,2.25,0.0,0.55,0.5,0.5,True,906,0.5128205128205129,0.5202169222878452,0.007396409467332332,False,False,False
SAC,UTA,0.3782020573579452,1.83,2.05,SAC,2025-10-24,0.0,,,,0.39647174875425345,0.39647174875425345,0.39647174875425345,0.39647174875425345,SAC,2025-10-24,0.3782020573579452,1.83,2.05,1.0,0.29,0.4318181818181818,0.4318181818181818,True,906,0.5464480874316939,0.3782020573579452,-0.16824603007374872,False,False,False
ORL,ATL,0.5996045065044405,1.42,2.94,ATL,2025-10-24,0.0,,,,0.5846638305287745,0.5846638305287745,0.5846638305287745,0.5846638305287745,ATL,2025-10-24,0.5996045065044405,1.42,2.94,0.0,0.67,0.6428571428571429,0.6428571428571429,True,906,0.7042253521126761,0.5996045065044405,-0.10462084560823559,False,False,False
LAC,PHO,0.3248311083559236,1.23,4.4,LAC,2025-10-24,0.0,,,,0.3686233312669427,0.3686233312669427,0.3686233312669427,0.3686233312669427,LAC,2025-10-24,0.3248311083559236,1.23,4.4,1.0,0.6,0.2857142857142857,0.2857142857142857,True,906,0.8130081300813008,0.3248311083559236,-0.4881770217253772,True,False,True
LAL,MIN,0.5743413818589066,2.05,1.81,LAL,2025-10-24,1.0,,,,0.5631901745800706,0.5631901745800706,0.5631901745800706,0.5631901745800706,LAL,2025-10-24,0.5743413818589066,2.05,1.81,1.0,0.71,0.5454545454545454,0.5454545454545454,True,906,0.48780487804878053,0.5743413818589066,0.08653650381012606,False,False,False
IND,OKC,0.3213069213176888,3.45,1.33,OKC,2025-10-23,1.0,,,,0.34811088312003546,0.34811088312003546,0.34811088312003546,0.35,OKC,2025-10-23,0.3213069213176888,3.45,1.33,0.0,0.25,0.2857142857142857,0.2857142857142857,True,906,0.2898550724637681,0.3213069213176888,0.03145184885392066,False,False,False
GSW,DEN,0.3516259026276808,1.77,2.1,GSW,2025-10-23,0.0,,,,0.38871942697076056,0.38871942697076056,0.38871942697076056,0.38871942697076056,GSW,2025-10-23,0.3516259026276808,1.77,2.1,1.0,0.3,0.2857142857142857,0.2857142857142857,True,906,0.5649717514124294,0.3516259026276808,-0.2133458487847486,True,False,True
CHO,BRK,0.338739334693389,1.5,2.75,CHO,2025-10-22,0.0,,,,0.3790545010200418,0.3790545010200418,0.3790545010200418,0.3790545010200418,CHO,2025-10-22,0.338739334693389,1.5,2.75,1.0,0.7,0.2857142857142857,0.2857142857142857,True,906,0.6666666666666666,0.338739334693389,-0.3279273319732776,True,False,True
UTA,LAC,0.5069791398501519,1.21,4.6,UTA,2025-10-22,1.0,,,,0.5052343548876139,0.5052343548876139,0.5052343548876139,0.5052343548876139,UTA,2025-10-22,0.5069791398501519,1.21,4.6,1.0,0.2,0.5,0.5,True,906,0.8264462809917356,0.5069791398501519,-0.3194671411415837,True,False,True
MIL,WAS,0.5747770484434845,1.22,4.4,MIL,2025-10-22,1.0,,,,0.5560827863326134,0.5560827863326134,0.5560827863326134,0.5560827863326134,MIL,2025-10-22,0.5747770484434845,1.22,4.4,1.0,0.55,0.5454545454545454,0.5454545454545454,True,906,0.819672131147541,0.5747770484434845,-0.24489508270405647,True,False,True
MEM,NOP,0.5001195066058592,1.53,2.5,MEM,2025-10-22,1.0,,,,0.5001015806149803,0.5001015806149803,0.5001015806149803,0.5001015806149803,MEM,2025-10-22,0.5001195066058592,1.53,2.5,1.0,0.25,0.45652173913043476,0.45652173913043476,True,906,0.6535947712418301,0.5001195066058592,-0.15347526463597083,False,False,False
CHI,DET,0.4555581422788112,2.17,1.81,CHI,2025-10-22,0.0,,,,0.4622244209369895,0.4622244209369895,0.4622244209369895,0.4622244209369895,CHI,2025-10-22,0.4555581422788112,2.17,1.81,1.0,0.2,0.45652173913043476,0.45652173913043476,True,906,0.4608294930875576,0.4555581422788112,-0.005271350808746411,False,False,False
BOS,PHI,0.4871743630287672,1.6,2.42,PHI,2025-10-22,1.0,,,,0.48909820857445213,0.48909820857445213,0.48909820857445213,0.48909820857445213,PHI,2025-10-22,0.4871743630287672,1.6,2.42,0.0,0.73,0.45652173913043476,0.45652173913043476,True,906,0.625,0.4871743630287672,-0.1378256369712328,False,False,False
DAL,SAS,0.2982415129131054,1.95,2.2,SAS,2025-10-22,1.0,,,,0.3486811346848291,0.3486811346848291,0.3486811346848291,0.35,SAS,2025-10-22,0.2982415129131054,1.95,2.2,0.0,0.0,0.2857142857142857,0.2857142857142857,True,906,0.5128205128205129,0.2982415129131054,-0.21457899990740747,True,False,True
ORL,MIA,0.3839393472255353,1.33,4.1,ORL,2025-10-22,0.0,,,,0.4129545104191515,0.4129545104191515,0.4129545104191515,0.4129545104191515,ORL,2025-10-22,0.3839393472255353,1.33,4.1,1.0,0.67,0.4318181818181818,0.4318181818181818,True,906,0.7518796992481203,0.3839393472255353,-0.36794035202258496,True,False,True
NYK,CLE,0.489762379089478,1.62,2.5,NYK,2025-10-22,0.0,,,,0.4912980222260563,0.4912980222260563,0.4912980222260563,0.4912980222260563,NYK,2025-10-22,0.489762379089478,1.62,2.5,1.0,0.71,0.45652173913043476,0.45652173913043476,True,906,0.6172839506172839,0.489762379089478,-0.1275215715278059,False,False,False
PHO,SAC,0.471660898045118,1.55,2.5,PHO,2025-10-22,0.0,,,,0.47591176333835034,0.47591176333835034,0.47591176333835034,0.47591176333835034,PHO,2025-10-22,0.471660898045118,1.55,2.5,1.0,0.86,0.45652173913043476,0.45652173913043476,True,906,0.6451612903225806,0.471660898045118,-0.1735003922774626,False,False,False
POR,MIN,0.4301687006041267,2.75,1.6,MIN,2025-10-22,1.0,,,,0.44064339551350773,0.44064339551350773,0.44064339551350773,0.44064339551350773,MIN,2025-10-22,0.4301687006041267,2.75,1.6,0.0,0.5,0.45652173913043476,0.45652173913043476,True,906,0.36363636363636365,0.4301687006041267,0.06653233696776306,False,False,False
ATL,TOR,0.2309843114792933,1.44,2.85,TOR,2025-10-22,1.0,,,,0.29823823360947,0.29823823360947,0.29823823360947,0.35,TOR,2025-10-22,0.2309843114792933,1.44,2.85,0.0,0.69,0.2857142857142857,0.2857142857142857,True,906,0.6944444444444444,0.2309843114792933,-0.4634601329651511,True,False,True
LAL,GSW,0.3669372941889376,2.1,1.77,GSW,2025-10-21,1.0,,,,0.38689670006059695,0.38689670006059695,0.38689670006059695,0.38689670006059695,GSW,2025-10-21,0.3669372941889376,2.1,1.77,0.0,0.71,0.2857142857142857,0.2857142857142857,True,906,0.47619047619047616,0.3669372941889376,-0.10925318200153855,False,False,False
OKC,HOU,0.5314516298892457,1.31,3.6,OKC,2025-10-21,1.0,,,,0.5235887224169342,0.5235887224169342,0.5235887224169342,0.5235887224169342,OKC,2025-10-21,0.5314516298892457,1.31,3.6,1.0,0.73,0.5,0.5,True,906,0.7633587786259541,0.5314516298892457,-0.23190714873670848,True,False,True
DAL,CLE,0.3769998658634156,6.25,1.13,0,2026-03-13 00:00:00,,,,0.4074074074074074,0.3575,0.3575,0.3575,0.3575,0,2026-03-13,0.3769998658634156,6.25,1.13,,0.0,0.4318181818181818,0.4318181818181818,True,906,0.16,0.31,0.24740740740740738,True,False,True
DET,MEM,0.6830588766172063,1.07,9.5,0,2026-03-13 00:00:00,,,,0.6702127659574466,0.627659574468085,0.627659574468085,0.627659574468085,0.627659574468085,0,2026-03-13,0.6830588766172063,1.07,9.5,,0.7,0.6868686868686869,0.6868686868686869,True,906,0.9345794392523364,0.6702127659574466,-0.26436667329488983,True,False,True
IND,NYK,0.2127661348288982,7.0,1.11,0,2026-03-13 00:00:00,,,,0.27906976744186046,0.3122093023255814,0.3122093023255814,0.3122093023255814,0.35,0,2026-03-13,0.2127661348288982,7.0,1.11,,0.25,0.2857142857142857,0.2857142857142857,True,906,0.14285714285714285,0.27906976744186046,0.1362126245847176,False,False,False
TOR,PHX,,,,0,2026-03-13 00:00:00,,,,,,,,,0,2026-03-13,,,,,0.4,,,True,906,,,,False,False,False
HOU,NOP,0.5136720589703032,1.35,3.3,0,2026-03-13 00:00:00,,,,0.5,0.5,0.5,0.5,0.5,0,2026-03-13,0.5136720589703032,1.35,3.3,,0.55,0.5,0.5,True,906,0.7407407407407407,0.5,-0.2407407407407407,True,False,True
GSW,MIN,0.4577889286099847,2.95,1.42,0,2026-03-13 00:00:00,,,,0.4476744186046512,0.4555232558139535,0.4555232558139535,0.4555232558139535,0.4555232558139535,0,2026-03-13,0.4577889286099847,2.95,1.42,,0.3,0.45652173913043476,0.45652173913043476,True,906,0.3389830508474576,0.4476744186046512,0.10869136775719357,False,False,False
POR,UTA,0.6395075752513084,1.1,7.75,0,2026-03-13 00:00:00,,,,0.6486486486486487,0.6114864864864865,0.6114864864864865,0.6114864864864865,0.6114864864864865,0,2026-03-13,0.6395075752513084,1.1,7.75,,0.5,0.6428571428571429,0.6428571428571429,True,906,0.9090909090909091,0.6486486486486487,-0.2604422604422604,True,False,True
LAC,CHI,0.6441561874025515,1.12,6.5,0,2026-03-13 00:00:00,,,,0.6486486486486487,0.6114864864864865,0.6114864864864865,0.6114864864864865,0.6114864864864865,0,2026-03-13,0.6441561874025515,1.12,6.5,,0.6,0.6428571428571429,0.6428571428571429,True,906,0.8928571428571428,0.6486486486486487,-0.2442084942084941,True,False,True
