home_team,away_team,home_team_prob,odds_1,odds_2,result,date,accuracy,prob_iso,prob_iso_insample,prob_iso_oos_time,prob_live_oos_proxy,prob_live_safe_pre_clip,prob_base,prob_live_safe,prob_used,source_snapshot_date,result_raw,game_date,pred_home_win_proba,closing_home_odds,closing_away_odds,home_team_won,iso_proba_home_win,live_oos_proxy_ready,live_oos_proxy_train_rows,live_oos_proxy_bin_n,live_oos_proxy_bin_winrate,market_implied_p_raw,market_implied_p_devig,model_market_gap,model_market_gap_flag,live_underdog_upscale_guard_triggered,prob_blended,live_shrink_triggered,blocked_by,implied_prob_1,home_win_rate
BOS,PHI,0.4871743630287672,1.6,2.42,PHI,2025-10-22,1.0,0.42028985507246375,0.4540540540540541,0.42028985507246375,0.4540540540540541,0.4540540540540541,0.4540540540540541,0.4540540540540541,0.578710395465009,2026-06-08,PHI,2025-10-22,0.4871743630287672,1.6,2.42,0.0,0.42028985507246375,True,397,0,,0.625,0.6019900497512438,-0.14793599569718974,False,False,0.578710395465009,False,PASS,0.625,0.7
PHI,ORL,0.659285394953311,2.9,1.43,PHI,2025-10-27,1.0,0.6507936507936508,0.696078431372549,0.6507936507936508,0.696078431372549,0.696078431372549,0.696078431372549,0.696078431372549,0.38276665025264844,2026-06-08,PHI,2025-10-27,0.659285394953311,2.9,1.43,1.0,0.6507936507936508,True,397,0,,0.3448275862068966,0.3302540415704388,0.3658243898021102,True,True,0.33252378607521205,True,MODEL_MARKET_GAP,0.3448275862068966,0.5
DET,ORL,0.5129327492872349,1.98,1.85,DET,2025-10-29,1.0,0.5490196078431373,0.5094339622641508,0.5490196078431373,0.6363636363636364,0.6363636363636364,0.6363636363636364,0.6363636363636364,0.5039083092471772,2026-06-08,DET,2025-10-29,0.5129327492872349,1.98,1.85,1.0,0.5490196078431373,True,397,0,,0.5050505050505051,0.4830287206266319,0.15333491573700447,True,False,0.5055832989245389,True,PASS,0.5050505050505051,0.8
PHO,UTA,0.5554960444064578,1.65,2.3,PHO,2025-10-31,1.0,0.5490196078431373,0.5172413793103449,0.5490196078431373,0.6666666666666666,0.6666666666666666,0.6666666666666666,0.6666666666666666,0.5949162256655693,2026-06-08,PHO,2025-10-31,0.5554960444064578,1.65,2.3,1.0,0.5490196078431373,True,397,0,,0.6060606060606061,0.5822784810126582,0.08438818565400841,False,False,0.6116661478418463,True,PASS,0.6060606060606061,0.6
CLE,TOR,0.6685391732946139,1.35,3.3,TOR,2025-10-31,0.0,0.7169811320754716,0.696078431372549,0.7169811320754716,0.9090909090909092,0.8,0.9090909090909092,0.9090909090909092,0.703050436417504,2026-06-08,TOR,2025-10-31,0.6685391732946139,1.35,3.3,0.0,0.7169811320754716,True,397,0,,0.7407407407407407,0.7096774193548387,0.0903225806451613,False,False,0.7388828663735341,True,PASS,0.7407407407407407,0.65
TOR,MIL,0.6147809401462493,1.65,2.3,TOR,2025-11-04,1.0,0.59375,0.6455696202531646,0.59375,0.7692307692307693,0.7692307692307693,0.7692307692307693,0.7692307692307693,0.5702401012756831,2026-06-08,TOR,2025-11-04,0.6147809401462493,1.65,2.3,1.0,0.59375,True,397,0,,0.6060606060606061,0.5822784810126582,0.18695228821811105,True,False,0.6003430018224045,True,PASS,0.6060606060606061,0.6
PHO,LAC,0.6835258342045505,1.74,2.14,PHO,2025-11-06,1.0,0.7169811320754716,0.696078431372549,0.7169811320754716,0.8181818181818182,0.8,0.8181818181818182,0.8181818181818182,0.5438730213693546,2026-06-08,PHO,2025-11-06,0.6835258342045505,1.74,2.14,1.0,0.7169811320754716,True,397,0,,0.5747126436781609,0.5515463917525772,0.2484536082474228,True,False,0.5626757448133636,True,PASS,0.5747126436781609,0.6
MIA,CHO,0.5999896218330998,1.4,3.05,MIA,2025-11-07,1.0,0.59375,0.6455696202531646,0.59375,0.6473370775065984,0.6473370775065984,0.6473370775065984,0.6473370775065984,0.6374818071192219,2026-06-08,MIA,2025-11-07,0.5999896218330998,1.4,3.05,1.0,0.59375,True,397,0,,0.7142857142857143,0.6853932584269663,-0.03805618092036789,False,False,0.6617433024932022,True,PASS,0.7142857142857143,0.65
ATL,TOR,0.5027526959136438,1.74,2.14,TOR,2025-11-07,0.0,0.42028985507246375,0.4540540540540541,0.42028985507246375,0.5384615384615384,0.5384615384615384,0.5384615384615384,0.5384615384615384,0.5404358467477788,2026-06-08,TOR,2025-11-07,0.5027526959136438,1.74,2.14,0.0,0.42028985507246375,True,397,0,,0.5747126436781609,0.5515463917525772,-0.013084853291038812,False,False,0.5404358467477788,False,PASS,0.5747126436781609,0.45
LAC,PHO,0.5419451883641284,1.54,2.54,PHO,2025-11-08,0.0,0.5490196078431373,0.5094339622641508,0.5490196078431373,0.5454545454545454,0.5454545454545454,0.5454545454545454,0.5454545454545454,0.5931385511805961,2026-06-08,PHO,2025-11-08,0.5419451883641284,1.54,2.54,0.0,0.5490196078431373,True,397,0,,0.6493506493506493,0.6225490196078431,-0.07709447415329773,False,False,0.5931385511805961,False,PASS,0.6493506493506493,0.6
ORL,BOS,0.5534013386289546,1.65,2.3,BOS,2025-11-09,0.0,0.5490196078431373,0.5172413793103449,0.5490196078431373,0.6,0.6,0.6,0.6,0.5964787467140042,2026-06-08,BOS,2025-11-09,0.5534013386289546,1.65,2.3,0.0,0.5490196078431373,True,397,0,,0.6060606060606061,0.5822784810126582,0.017721518987341756,False,False,0.5964787467140042,False,PASS,0.6060606060606061,0.7
PHO,NOP,0.6311135023315002,1.28,3.85,PHO,2025-11-10,1.0,0.6507936507936508,0.6455696202531646,0.6507936507936508,0.7894736842105263,0.7894736842105263,0.7894736842105263,0.7894736842105263,0.7332699783077741,2026-06-08,PHO,2025-11-10,0.6311135023315002,1.28,3.85,1.0,0.6507936507936508,True,397,0,,0.78125,0.7504873294346978,0.03898635477582857,False,False,0.7744352685973812,True,PASS,0.78125,0.6
PHI,BOS,0.5935056827013689,2.02,1.82,PHI,2025-11-11,1.0,0.5490196078431373,0.5925925925925926,0.5490196078431373,0.7222222222222222,0.7222222222222222,0.7222222222222222,0.7222222222222222,0.4841608680236593,2026-06-08,PHI,2025-11-11,0.5935056827013689,2.02,1.82,1.0,0.5490196078431373,True,397,0,,0.49504950495049505,0.4739583333333334,0.24826388888888878,True,True,0.4773726686052276,True,MODEL_MARKET_GAP,0.49504950495049505,0.5
LAC,DEN,0.5389823609701524,2.36,1.62,DEN,2025-11-12,0.0,0.5490196078431373,0.5094339622641508,0.5490196078431373,0.4523809523809524,0.4523809523809524,0.4523809523809524,0.4523809523809524,0.43276098759485526,2026-06-08,DEN,2025-11-12,0.5389823609701524,2.36,1.62,0.0,0.5490196078431373,True,397,0,,0.42372881355932207,0.40703517587939697,0.04534577650155541,False,False,0.43276098759485526,False,PASS,0.42372881355932207,0.6
MIA,CLE,0.6460983895391259,1.46,2.8,CLE,2025-11-12,0.0,0.6507936507936508,0.6455696202531646,0.6507936507936508,0.7727272727272727,0.7727272727272727,0.7727272727272727,0.7727272727272727,0.6568631907879758,2026-06-08,CLE,2025-11-12,0.6460983895391259,1.46,2.8,0.0,0.6507936507936508,True,397,0,,0.684931506849315,0.6572769953051644,0.11545027742210834,False,False,0.684544930338795,True,PASS,0.684931506849315,0.65
CLE,TOR,0.5462887408745011,1.35,3.3,TOR,2025-11-13,0.0,0.5490196078431373,0.5172413793103449,0.5490196078431373,0.4418604651162791,0.4418604651162791,0.4418604651162791,0.4418604651162791,0.6702207541255216,2026-06-08,TOR,2025-11-13,0.5462887408745011,1.35,3.3,0.0,0.5490196078431373,True,397,0,,0.7407407407407407,0.7096774193548387,-0.26781695423855967,False,False,0.7002597107359079,True,PASS,0.7407407407407407,0.65
SAS,GSW,0.4992273676726272,1.68,2.24,GSW,2025-11-14,1.0,0.42028985507246375,0.4540540540540541,0.42028985507246375,0.4318181818181818,0.4318181818181818,0.4318181818181818,0.4318181818181818,0.5470494827964205,2026-06-08,GSW,2025-11-14,0.4992273676726272,1.68,2.24,0.0,0.42028985507246375,True,397,0,,0.5952380952380952,0.5714285714285715,-0.13961038961038968,False,False,0.5470494827964205,False,PASS,0.5952380952380952,0.85
MIN,DEN,0.5010352666728234,1.82,2.02,DEN,2025-11-15,0.0,0.42028985507246375,0.4540540540540541,0.42028985507246375,0.4318181818181818,0.4318181818181818,0.4318181818181818,0.4318181818181818,0.4970248398064242,2026-06-08,DEN,2025-11-15,0.5010352666728234,1.82,2.02,0.0,0.42028985507246375,True,397,0,,0.5494505494505494,0.5260416666666667,-0.09422348484848492,False,False,0.4970248398064242,False,PASS,0.5494505494505494,0.7
CLE,MIL,0.6293195660979071,1.34,3.4,CLE,2025-11-17,1.0,0.6507936507936508,0.6455696202531646,0.6507936507936508,0.7254901960784313,0.7254901960784313,0.7254901960784313,0.7254901960784313,0.690989150249916,2026-06-08,CLE,2025-11-17,0.6293195660979071,1.34,3.4,1.0,0.6507936507936508,True,397,0,,0.7462686567164178,0.7172995780590716,0.008190618019359719,False,False,0.7246931179410777,True,PASS,0.7462686567164178,0.65
MIA,NYK,0.4417334268849293,1.8,2.05,MIA,2025-11-17,0.0,0.42028985507246375,0.4540540540540541,0.42028985507246375,0.3571428571428571,0.3571428571428571,0.3571428571428571,0.3571428571428571,0.5128763204151936,2026-06-08,MIA,2025-11-17,0.4417334268849293,1.8,2.05,1.0,0.42028985507246375,True,397,0,,0.5555555555555556,0.5324675324675325,-0.17532467532467544,False,False,0.5128763204151936,False,PASS,0.5555555555555556,0.65
POR,PHO,0.5039676226789848,1.7,2.2,PHO,2025-11-18,0.0,0.5,0.5094339622641508,0.5,0.4375,0.4375,0.4375,0.4375,0.5380915332450481,2026-06-08,PHO,2025-11-18,0.5039676226789848,1.7,2.2,0.0,0.5,True,397,0,,0.5882352941176471,0.5641025641025641,-0.1266025641025641,False,False,0.5380915332450481,False,PASS,0.5882352941176471,0.5
PHI,TOR,0.6635558086581727,2.14,1.74,TOR,2025-11-19,0.0,0.6507936507936508,0.696078431372549,0.6507936507936508,0.8571428571428571,0.8,0.8571428571428571,0.8571428571428571,0.46479519184565676,2026-06-08,TOR,2025-11-19,0.6635558086581727,2.14,1.74,0.0,0.6507936507936508,True,397,0,,0.4672897196261682,0.4484536082474227,0.35154639175257735,True,True,0.44970741692236677,True,MODEL_MARKET_GAP,0.4672897196261682,0.5
OKC,SAC,0.8317322482012603,1.05,12.0,OKC,2025-11-19,1.0,0.8,0.8571428571428571,0.8,1.0,0.8,1.0,1.0,0.8,2026-06-08,OKC,2025-11-19,0.8317322482012603,1.05,12.0,1.0,0.8,True,397,0,,0.9523809523809523,0.9195402298850576,-0.11954022988505753,False,False,0.8927134646240841,True,PASS,0.9523809523809523,0.85
CHI,MIA,0.4004434296409951,1.7,2.2,MIA,2025-11-21,1.0,0.34,0.4222222222222222,0.34,0.375,0.375,0.375,0.375,0.5463148591826181,2026-06-08,MIA,2025-11-21,0.4004434296409951,1.7,2.2,0.0,0.34,True,397,0,,0.5882352941176471,0.5641025641025641,-0.1891025641025641,False,False,0.5463148591826181,False,PASS,0.5882352941176471,0.6
DAL,NOP,0.3294824413367516,1.56,2.5,DAL,2025-11-21,0.0,0.34,0.2828282828282828,0.34,0.3333333333333333,0.35,0.3333333333333333,0.3333333333333333,0.5902488045062763,2026-06-08,DAL,2025-11-21,0.3294824413367516,1.56,2.5,1.0,0.34,True,397,0,,0.641025641025641,0.6157635467980296,-0.2657635467980296,False,False,0.6061750641250309,True,PASS,0.641025641025641,0.5
DEN,SAC,0.7816392019063639,1.18,5.1,SAC,2025-11-22,0.0,0.7169811320754716,0.7468354430379747,0.7169811320754716,1.0,0.8,1.0,1.0,0.756444116220273,2026-06-08,SAC,2025-11-22,0.7816392019063639,1.18,5.1,0.0,0.7169811320754716,True,397,0,,0.8474576271186441,0.8121019108280254,-0.012101910828025364,False,False,0.8016989602591447,True,PASS,0.8474576271186441,0.65
PHO,SAS,0.6367809127968677,1.68,2.24,PHO,2025-11-23,1.0,0.6507936507936508,0.6455696202531646,0.6507936507936508,0.7419354838709677,0.7419354838709677,0.7419354838709677,0.7419354838709677,0.5641648633839755,2026-06-08,PHO,2025-11-23,0.6367809127968677,1.68,2.24,1.0,0.6507936507936508,True,397,0,,0.5952380952380952,0.5714285714285715,0.17050691244239624,True,False,0.5916640905485364,True,PASS,0.5952380952380952,0.6
SAC,MIN,0.2164996819537854,4.1,1.25,SAC,2025-11-24,0.0,0.2222222222222222,0.2828282828282828,0.2222222222222222,0.0,0.35,0.0,0.0,0.35,2026-06-08,SAC,2025-11-24,0.2164996819537854,4.1,1.25,1.0,0.2222222222222222,True,397,0,,0.24390243902439027,0.23364485981308414,0.11635514018691584,False,False,0.26081742455542745,False,PASS,0.24390243902439027,0.3
PHO,HOU,0.7666323397776689,2.9,1.43,HOU,2025-11-24,0.0,0.7169811320754716,0.7468354430379747,0.7169811320754716,0.8461538461538461,0.8,0.8461538461538461,0.8461538461538461,0.3816112580991985,2026-06-08,HOU,2025-11-24,0.7666323397776689,2.9,1.43,0.0,0.7169811320754716,True,397,0,,0.3448275862068966,0.3302540415704388,0.46974595842956124,True,True,0.3308732258559978,True,MODEL_MARKET_GAP,0.3448275862068966,0.6
PHI,ORL,0.5436046425122454,2.45,1.57,ORL,2025-11-25,0.0,0.5490196078431373,0.5094339622641508,0.5490196078431373,0.3880597014925373,0.3880597014925373,0.3880597014925373,0.3880597014925373,0.3881358608571204,2026-06-08,ORL,2025-11-25,0.5436046425122454,2.45,1.57,0.0,0.5490196078431373,True,397,0,,0.4081632653061224,0.39054726368159204,-0.002487562189054715,False,False,0.3881358608571204,False,PASS,0.4081632653061224,0.5
SAC,PHO,0.3212320157133465,2.54,1.54,PHO,2025-11-26,1.0,0.34,0.2828282828282828,0.34,0.3478260869565217,0.35,0.3478260869565217,0.3478260869565217,0.35797338933941936,2026-06-08,PHO,2025-11-26,0.3212320157133465,2.54,1.54,0.0,0.34,True,397,0,,0.39370078740157477,0.37745098039215685,-0.027450980392156876,False,False,0.35797338933941936,False,PASS,0.39370078740157477,0.3
DET,ORL,0.562638911989562,1.62,2.36,ORL,2025-11-28,0.0,0.5490196078431373,0.5172413793103449,0.5490196078431373,0.7,0.7,0.7,0.7,0.6028919256398323,2026-06-08,ORL,2025-11-28,0.562638911989562,1.62,2.36,0.0,0.5490196078431373,True,397,0,,0.6172839506172839,0.5929648241206029,0.10703517587939704,False,False,0.6210493242821556,True,PASS,0.6172839506172839,0.8
OKC,PHO,0.7727780846528022,1.1,7.75,OKC,2025-11-28,1.0,0.7169811320754716,0.7468354430379747,0.7169811320754716,0.8214285714285714,0.8,0.8214285714285714,0.8214285714285714,0.7943718278119323,2026-06-08,OKC,2025-11-28,0.7727780846528022,1.1,7.75,1.0,0.7169811320754716,True,397,0,,0.9090909090909091,0.8757062146892656,-0.07570621468926553,False,False,0.8463197974258028,True,PASS,0.9090909090909091,0.85
BRK,PHI,0.625579600067617,3.1,1.39,PHI,2025-11-28,0.0,0.59375,0.6455696202531646,0.59375,0.7560975609756098,0.7560975609756098,0.7560975609756098,0.7560975609756098,0.3673377373020793,2026-06-08,PHI,2025-11-28,0.625579600067617,3.1,1.39,0.0,0.59375,True,397,0,,0.3225806451612903,0.309576837416481,0.44652072355912875,True,True,0.31048248186011324,True,MODEL_MARKET_GAP,0.3225806451612903,0.25
PHO,DEN,0.7102849395345799,2.36,1.62,DEN,2025-11-29,0.0,0.7169811320754716,0.7037037037037037,0.7169811320754716,0.8484848484848485,0.8,0.8484848484848485,0.8484848484848485,0.43566090912894945,2026-06-08,DEN,2025-11-29,0.7102849395345799,2.36,1.62,0.0,0.7169811320754716,True,397,0,,0.42372881355932207,0.40703517587939697,0.3929648241206031,True,True,0.40808701304135636,True,MODEL_MARKET_GAP,0.42372881355932207,0.6
PHI,ATL,0.4699258419334549,1.77,2.1,ATL,2025-11-30,1.0,0.42028985507246375,0.4540540540540541,0.42028985507246375,0.3972602739726027,0.3972602739726027,0.3972602739726027,0.3972602739726027,0.519014876224369,2026-06-08,ATL,2025-11-30,0.4699258419334549,1.77,2.1,0.0,0.42028985507246375,True,397,0,,0.5649717514124294,0.5426356589147286,-0.14537538494212593,False,False,0.519014876224369,False,PASS,0.5649717514124294,0.5
POR,OKC,0.4644389576593696,5.7,1.15,OKC,2025-11-30,1.0,0.42028985507246375,0.4540540540540541,0.42028985507246375,0.3972602739726027,0.3972602739726027,0.3972602739726027,0.3972602739726027,0.35,2026-06-08,OKC,2025-11-30,0.4644389576593696,5.7,1.15,0.0,0.42028985507246375,True,397,0,,0.17543859649122806,0.1678832116788321,0.2293770622937706,True,False,0.18092493795688402,True,PASS,0.17543859649122806,0.5
ORL,CHI,0.7225119265376123,1.28,3.85,ORL,2025-12-01,1.0,0.7169811320754716,0.7468354430379747,0.7169811320754716,0.8333333333333334,0.8,0.8333333333333334,0.8333333333333334,0.735578763394534,2026-06-08,ORL,2025-12-01,0.7225119265376123,1.28,3.85,1.0,0.7169811320754716,True,397,0,,0.78125,0.7504873294346978,0.049512670565302286,False,False,0.7771514863465105,True,PASS,0.78125,0.7
LAL,PHO,0.68772582393989,1.51,2.64,PHO,2025-12-01,0.0,0.7169811320754716,0.696078431372549,0.7169811320754716,0.7894736842105263,0.7894736842105263,0.7894736842105263,0.7894736842105263,0.6110899579997491,2026-06-08,PHO,2025-12-01,0.68772582393989,1.51,2.64,0.0,0.7169811320754716,True,397,0,,0.6622516556291391,0.6361445783132531,0.15332910589727322,True,False,0.6586999399996415,True,PASS,0.6622516556291391,0.7
UTA,HOU,0.3606706997190304,5.7,1.15,UTA,2025-12-01,0.0,0.34,0.2828282828282828,0.34,0.3333333333333333,0.35,0.3333333333333333,0.3333333333333333,0.35,2026-06-08,UTA,2025-12-01,0.3606706997190304,5.7,1.15,1.0,0.34,True,397,0,,0.17543859649122806,0.1678832116788321,0.18211678832116787,True,False,0.18657694444209627,True,PASS,0.17543859649122806,0.35
SAS,MEM,0.5879329700181527,1.49,2.7,SAS,2025-12-02,1.0,0.5490196078431373,0.5925925925925926,0.5490196078431373,0.6756756756756757,0.6756756756756757,0.6756756756756757,0.6756756756756757,0.6407177865742961,2026-06-08,SAS,2025-12-02,0.5879329700181527,1.49,2.7,1.0,0.5490196078431373,True,397,0,,0.6711409395973155,0.6443914081145585,0.03128426756111713,False,False,0.6655503371462308,True,PASS,0.6711409395973155,0.85
MIL,DET,0.4951982487009827,2.54,1.54,MIL,2025-12-03,0.0,0.42028985507246375,0.4540540540540541,0.42028985507246375,0.3846153846153846,0.3846153846153846,0.3846153846153846,0.3846153846153846,0.3840016668969854,2026-06-08,MIL,2025-12-03,0.4951982487009827,2.54,1.54,1.0,0.42028985507246375,True,397,0,,0.39370078740157477,0.37745098039215685,0.007164404223227727,False,False,0.3840016668969854,False,PASS,0.39370078740157477,0.5
NOP,MIN,0.3716049054781383,5.25,1.17,MIN,2025-12-04,1.0,0.34,0.4,0.34,0.375,0.375,0.375,0.375,0.35,2026-06-08,MIN,2025-12-04,0.3716049054781383,5.25,1.17,0.0,0.34,True,397,0,,0.19047619047619047,0.1822429906542056,0.1927570093457944,True,False,0.19956482419075336,True,PASS,0.19047619047619047,0.35
TOR,CHO,0.6413079181299723,1.34,3.35,CHO,2025-12-05,0.0,0.6507936507936508,0.6455696202531646,0.6507936507936508,0.7307692307692307,0.7307692307692307,0.7307692307692307,0.7307692307692307,0.6935449622289888,2026-06-08,CHO,2025-12-05,0.6413079181299723,1.34,3.35,0.0,0.6507936507936508,True,397,0,,0.7462686567164178,0.7142857142857143,0.016483516483516425,False,False,0.7276999555635162,True,PASS,0.7462686567164178,0.6
ORL,MIA,0.6489855242522913,1.46,2.8,ORL,2025-12-05,1.0,0.6507936507936508,0.6455696202531646,0.6507936507936508,0.7307692307692307,0.7307692307692307,0.7307692307692307,0.7307692307692307,0.6586138503001293,2026-06-08,ORL,2025-12-05,0.6489855242522913,1.46,2.8,1.0,0.6507936507936508,True,397,0,,0.684931506849315,0.6572769953051644,0.07349223546406636,False,False,0.686604529764858,True,PASS,0.684931506849315,0.7
MIL,PHI,0.4952853815097947,1.93,1.89,PHI,2025-12-05,1.0,0.42028985507246375,0.4540540540540541,0.42028985507246375,0.4074074074074074,0.4074074074074074,0.4074074074074074,0.4074074074074074,0.4654511171703004,2026-06-08,PHI,2025-12-05,0.4952853815097947,1.93,1.89,0.0,0.42028985507246375,True,397,0,,0.5181347150259068,0.4947643979057591,-0.08735699049835172,False,False,0.4654511171703004,False,PASS,0.5181347150259068,0.5
WAS,ATL,0.3142286123979808,4.3,1.24,ATL,2025-12-06,1.0,0.34,0.2828282828282828,0.34,0.2578568594650463,0.35,0.2578568594650463,0.2578568594650463,0.35,2026-06-08,ATL,2025-12-06,0.3142286123979808,4.3,1.24,0.0,0.34,True,397,0,,0.23255813953488372,0.223826714801444,0.12617328519855597,True,False,0.24988902394472606,True,PASS,0.23255813953488372,0.3
UTA,OKC,0.373669804871983,4.8,1.2,OKC,2025-12-07,1.0,0.34,0.4222222222222222,0.34,0.3703703703703703,0.3703703703703703,0.3703703703703703,0.3703703703703703,0.35,2026-06-08,OKC,2025-12-07,0.373669804871983,4.8,1.2,0.0,0.34,True,397,0,,0.20833333333333334,0.19999999999999998,0.1703703703703703,True,False,0.22025385380580131,True,PASS,0.20833333333333334,0.35
NYK,ORL,0.7524579369686818,1.62,2.24,NYK,2025-12-07,1.0,0.7169811320754716,0.7468354430379747,0.7169811320754716,0.8333333333333334,0.8,0.8333333333333334,0.8333333333333334,0.566086873054767,2026-06-08,NYK,2025-12-07,0.7524579369686818,1.62,2.24,1.0,0.7169811320754716,True,397,0,,0.6172839506172839,0.5803108808290156,0.21968911917098444,True,False,0.5944098186496672,True,PASS,0.6172839506172839,0.8
NOP,SAS,0.4311120312219246,4.4,1.23,SAS,2025-12-08,1.0,0.42028985507246375,0.4540540540540541,0.42028985507246375,0.3703703703703703,0.3703703703703703,0.3703703703703703,0.3703703703703703,0.35,2026-06-08,SAS,2025-12-08,0.4311120312219246,4.4,1.23,0.0,0.42028985507246375,True,397,0,,0.22727272727272727,0.21847246891651864,0.15189790145385165,True,False,0.24122064172406113,True,PASS,0.22727272727272727,0.35
MIN,PHO,0.7210080117451217,1.29,3.75,PHO,2025-12-08,0.0,0.7169811320754716,0.7468354430379747,0.5985529456110992,0.8260869565217391,0.8,0.8260869565217391,0.8260869565217391,0.7310718989070737,2026-06-08,PHO,2025-12-08,0.7210080117451217,1.29,3.75,0.0,0.7169811320754716,True,397,0,,0.7751937984496123,0.744047619047619,0.05595238095238109,False,False,0.7718492928318514,True,PASS,0.7751937984496123,0.7
ORL,MIA,0.6960493023746125,1.89,1.93,ORL,2025-12-09,1.0,0.7169811320754716,0.7037037037037037,0.5882352941176471,0.7857142857142857,0.7857142857142857,0.7857142857142857,0.7857142857142857,0.5095583577574413,2026-06-08,ORL,2025-12-09,0.6960493023746125,1.89,1.93,1.0,0.7169811320754716,True,397,0,,0.5291005291005292,0.5052356020942408,0.2804786836200449,True,False,0.5136547967963447,True,PASS,0.5291005291005292,0.7
LAL,SAS,0.6828062439136431,1.36,3.25,SAS,2025-12-10,0.0,0.7169811320754716,0.696078431372549,0.5882352941176471,0.7241379310344828,0.7241379310344828,0.7241379310344828,0.7241379310344828,0.6870524987486466,2026-06-08,SAS,2025-12-10,0.6828062439136431,1.36,3.25,0.0,0.7169811320754716,True,397,0,,0.7352941176470588,0.7049891540130152,0.019148777021467556,False,False,0.7200617632337019,True,PASS,0.7352941176470588,0.7
OKC,PHO,0.7839672881752769,1.1,7.75,OKC,2025-12-10,1.0,0.7169811320754716,0.7468354430379747,0.6185900953614011,1.0,0.8,1.0,1.0,0.7943718278119323,2026-06-08,OKC,2025-12-10,0.7839672881752769,1.1,7.75,1.0,0.7169811320754716,True,397,0,,0.9090909090909091,0.8757062146892656,-0.07570621468926553,False,False,0.8463197974258028,True,PASS,0.9090909090909091,0.85
NOP,POR,0.5368536502500362,2.45,1.57,NOP,2025-12-11,1.0,0.5490196078431373,0.5094339622641508,0.24,0.4117647058823529,0.4117647058823529,0.4117647058823529,0.4117647058823529,0.4068218628841095,2026-06-08,NOP,2025-12-11,0.5368536502500362,2.45,1.57,1.0,0.5490196078431373,True,397,0,,0.4081632653061224,0.39054726368159204,0.021217442200760883,False,False,0.4068218628841095,False,PASS,0.4081632653061224,0.35
SAC,DEN,0.3729629239579561,4.7,1.21,DEN,2025-12-11,1.0,0.34,0.4222222222222222,0.24,0.3333333333333333,0.35,0.3333333333333333,0.3333333333333333,0.35,2026-06-08,DEN,2025-12-11,0.3729629239579561,4.7,1.21,0.0,0.34,True,397,0,,0.2127659574468085,0.20473773265651438,0.1452622673434856,True,False,0.2283735325465362,True,PASS,0.2127659574468085,0.3
WAS,CLE,0.3225161912844935,8.5,1.08,CLE,2025-12-12,1.0,0.34,0.2828282828282828,0.24,0.3235294117647059,0.35,0.3235294117647059,0.3235294117647059,0.35,2026-06-08,CLE,2025-12-12,0.3225161912844935,8.5,1.08,0.0,0.34,True,397,0,,0.11764705882352941,0.1127348643006263,0.23726513569937369,True,False,0.1249584096154416,True,PASS,0.11764705882352941,0.3
CHO,CHI,0.4746380976637648,2.24,1.68,CHI,2025-12-12,1.0,0.42028985507246375,0.4540540540540541,0.24,0.4117647058823529,0.4117647058823529,0.4117647058823529,0.4117647058823529,0.4149493086973286,2026-06-08,CHI,2025-12-12,0.4746380976637648,2.24,1.68,0.0,0.42028985507246375,True,397,0,,0.4464285714285714,0.4285714285714286,-0.01680672268907568,False,False,0.4149493086973286,False,PASS,0.4464285714285714,0.5
DET,ATL,0.5243991127021357,1.35,3.3,DET,2025-12-12,1.0,0.5490196078431373,0.5094339622641508,0.24,0.4117647058823529,0.4117647058823529,0.4117647058823529,0.4117647058823529,0.6721130813052391,2026-06-08,DET,2025-12-12,0.5243991127021357,1.35,3.3,1.0,0.5490196078431373,True,397,0,,0.7407407407407407,0.7096774193548387,-0.2979127134724858,False,False,0.7024859780061636,True,PASS,0.7407407407407407,0.8
ORL,NYK,0.5491172932866707,2.64,1.51,NYK,2025-12-13,0.0,0.5490196078431373,0.5172413793103449,0.24,0.5,0.5,0.5,0.5,0.4220773197545604,2026-06-08,NYK,2025-12-13,0.5491172932866707,2.64,1.51,0.0,0.5490196078431373,True,397,0,,0.3787878787878788,0.363855421686747,0.136144578313253,True,False,0.3886818853636578,True,PASS,0.3787878787878788,0.7
OKC,SAS,0.784729037613859,1.19,4.9,SAS,2025-12-13,0.0,0.7169811320754716,0.7468354430379747,1.0,1.0,0.8,1.0,1.0,0.7552182681949046,2026-06-08,SAS,2025-12-13,0.784729037613859,1.19,4.9,0.0,0.7169811320754716,True,397,0,,0.8403361344537815,0.8045977011494254,-0.0045977011494253706,False,False,0.8002567861116524,True,PASS,0.8403361344537815,0.85
POR,GSW,0.3776094867388249,2.54,1.54,POR,2025-12-14,0.0,0.34,0.4222222222222222,0.22727272727272727,0.34375,0.35,0.34375,0.34375,0.35797338933941936,2026-06-08,POR,2025-12-14,0.3776094867388249,2.54,1.54,1.0,0.34,True,397,0,,0.39370078740157477,0.37745098039215685,-0.027450980392156876,False,False,0.35797338933941936,False,PASS,0.39370078740157477,0.5
MIN,SAC,0.7492702570862274,1.17,5.4,MIN,2025-12-14,1.0,0.7169811320754716,0.7468354430379747,0.6,0.8461538461538461,0.8,0.8461538461538461,0.8461538461538461,0.7594646581791189,2026-06-08,MIN,2025-12-14,0.7492702570862274,1.17,5.4,1.0,0.7169811320754716,True,397,0,,0.8547008547008548,0.8219178082191781,-0.021917808219178103,False,False,0.8052525390342575,True,PASS,0.8547008547008548,0.7
PHO,LAL,0.4047123041743233,2.02,1.82,LAL,2025-12-14,1.0,0.42028985507246375,0.4540540540540541,0.22727272727272727,0.34375,0.35,0.34375,0.34375,0.4476347215996974,2026-06-08,LAL,2025-12-14,0.4047123041743233,2.02,1.82,0.0,0.42028985507246375,True,397,0,,0.49504950495049505,0.4739583333333334,-0.12395833333333345,False,False,0.4476347215996974,False,PASS,0.49504950495049505,0.6
IND,WAS,0.6866961236334618,1.25,4.1,WAS,2025-12-14,0.0,0.7169811320754716,0.696078431372549,0.55,0.7096774193548387,0.7096774193548387,0.7096774193548387,0.7096774193548387,0.7026801567778637,2026-06-08,WAS,2025-12-14,0.6866961236334618,1.25,4.1,0.0,0.7169811320754716,True,397,0,,0.8,0.7663551401869159,-0.056677720832077116,False,False,0.7384472432680749,True,PASS,0.8,0.35
BOS,DET,0.6222335524421478,1.82,2.02,DET,2025-12-15,0.0,0.59375,0.6455696202531646,0.55,0.6862745098039216,0.6862745098039216,0.6862745098039216,0.6862745098039216,0.5333646600959145,2026-06-08,DET,2025-12-15,0.6222335524421478,1.82,2.02,0.0,0.59375,True,397,0,,0.5494505494505494,0.5260416666666667,0.16023284313725483,True,False,0.5476638001370208,True,PASS,0.5494505494505494,0.7
LAC,MEM,0.5600309656558601,1.56,2.5,MEM,2025-12-15,0.0,0.5490196078431373,0.5172413793103449,0.5,0.6590909090909091,0.6590909090909091,0.6590909090909091,0.6590909090909091,0.619826477432415,2026-06-08,MEM,2025-12-15,0.5600309656558601,1.56,2.5,0.0,0.5490196078431373,True,397,0,,0.641025641025641,0.6157635467980296,0.04332736229287948,False,False,0.6409723263910765,True,PASS,0.641025641025641,0.6
UTA,LAL,0.4421639068358375,3.6,1.31,LAL,2025-12-18,1.0,0.42028985507246375,0.4540540540540541,0.22727272727272727,0.4509803921568627,0.4509803921568627,0.4509803921568627,0.4509803921568627,0.35,2026-06-08,LAL,2025-12-18,0.4421639068358375,3.6,1.31,0.0,0.42028985507246375,True,397,0,,0.2777777777777778,0.26680244399185343,0.18417794816500926,True,False,0.2852268840593463,True,PASS,0.2777777777777778,0.35
PHO,GSW,0.4679468519218731,2.05,1.8,PHO,2025-12-18,0.0,0.42028985507246375,0.4540540540540541,0.22727272727272727,0.4343434343434343,0.4343434343434343,0.4343434343434343,0.4343434343434343,0.4456134074686865,2026-06-08,PHO,2025-12-18,0.4679468519218731,2.05,1.8,1.0,0.42028985507246375,True,397,0,,0.48780487804878053,0.4675324675324676,-0.03318903318903327,False,False,0.4456134074686865,False,PASS,0.48780487804878053,0.6
CLE,CHI,0.5112553884299316,1.34,3.35,CHI,2025-12-19,0.0,0.5490196078431373,0.5094339622641508,0.31348956348135903,0.4509803921568627,0.4509803921568627,0.4509803921568627,0.4509803921568627,0.6738160605181022,2026-06-08,CHI,2025-12-19,0.5112553884299316,1.34,3.35,0.0,0.5490196078431373,True,397,0,,0.7462686567164178,0.7142857142857143,-0.2633053221288516,False,False,0.7044894829624732,True,PASS,0.7462686567164178,0.65
TOR,BOS,0.3805520495956651,2.0,1.83,BOS,2025-12-20,1.0,0.34,0.4222222222222222,0.2608695652173913,0.4054054054054054,0.4054054054054054,0.4054054054054054,0.4054054054054054,0.44851790288076443,2026-06-08,BOS,2025-12-20,0.3805520495956651,2.0,1.83,0.0,0.34,True,397,0,,0.5,0.47780678851174935,-0.07240138310634398,False,False,0.44851790288076443,False,PASS,0.5,0.6
GSW,PHO,0.5355295787625414,1.41,3.0,GSW,2025-12-20,1.0,0.5490196078431373,0.5094339622641508,0.3333333333333333,0.4509803921568627,0.4509803921568627,0.4509803921568627,0.4509803921568627,0.6421381217054094,2026-06-08,GSW,2025-12-20,0.5355295787625414,1.41,3.0,1.0,0.5490196078431373,True,397,0,,0.7092198581560284,0.6802721088435374,-0.2292917166866747,False,False,0.6672213196534228,True,PASS,0.7092198581560284,0.7
DEN,HOU,0.6175347693173632,2.0,1.83,HOU,2025-12-20,0.0,0.59375,0.6455696202531646,0.5,0.6785714285714286,0.6785714285714286,0.6785714285714286,0.6785714285714286,0.4885734782388442,2026-06-08,HOU,2025-12-20,0.6175347693173632,2.0,1.83,0.0,0.59375,True,397,0,,0.5,0.47780678851174935,0.20076464005967926,True,True,0.48367639748406316,True,MODEL_MARKET_GAP,0.5,0.65
NYK,MIA,0.6274021903974386,1.32,3.5,NYK,2025-12-21,1.0,0.6507936507936508,0.6455696202531646,0.5,0.6785714285714286,0.6785714285714286,0.6785714285714286,0.6785714285714286,0.6699094620585021,2026-06-08,NYK,2025-12-21,0.6274021903974386,1.32,3.5,1.0,0.6507936507936508,True,397,0,,0.7575757575757576,0.7261410788381742,-0.047569650266745644,False,False,0.6998934847747084,True,PASS,0.7575757575757576,0.8
BRK,TOR,0.6928688236271174,2.4,1.6,BRK,2025-12-21,1.0,0.7169811320754716,0.7037037037037037,0.5,0.7003241647364981,0.7003241647364981,0.7003241647364981,0.7003241647364981,0.4324593775536384,2026-06-08,BRK,2025-12-21,0.6928688236271174,2.4,1.6,1.0,0.7169811320754716,True,397,0,,0.4166666666666667,0.39999999999999997,0.3003241647364981,True,True,0.40351339650519774,True,MODEL_MARKET_GAP,0.4166666666666667,0.25
CLE,CHO,0.6275176307840361,1.25,4.1,CLE,2025-12-22,1.0,0.6507936507936508,0.6455696202531646,0.5,0.6666666666666666,0.6666666666666666,0.6666666666666666,0.6666666666666666,0.7020301061080452,2026-06-08,CLE,2025-12-22,0.6275176307840361,1.25,4.1,1.0,0.6507936507936508,True,397,0,,0.8,0.7663551401869159,-0.09968847352024923,False,False,0.7376824777741707,True,PASS,0.8,0.65
MIA,TOR,0.4542246469534439,1.44,2.85,TOR,2025-12-23,1.0,0.42028985507246375,0.4540540540540541,0.2692307692307692,0.4554455445544554,0.4554455445544554,0.4554455445544554,0.4554455445544554,0.626643470858337,2026-06-08,TOR,2025-12-23,0.4542246469534439,1.44,2.85,0.0,0.42028985507246375,True,397,0,,0.6944444444444444,0.6643356643356644,-0.20889011978120897,False,False,0.6489923186568671,True,PASS,0.6944444444444444,0.65
PHO,LAL,0.4760526624922572,1.57,2.45,PHO,2025-12-23,0.0,0.42028985507246375,0.4540540540540541,0.2608695652173913,0.4545454545454545,0.4545454545454545,0.4545454545454545,0.4545454545454545,0.5871103471505253,2026-06-08,PHO,2025-12-23,0.4760526624922572,1.57,2.45,1.0,0.42028985507246375,True,397,0,,0.6369426751592356,0.609452736318408,-0.15490728177295354,False,False,0.5871103471505253,False,PASS,0.6369426751592356,0.6
SAS,OKC,0.5943021987690378,3.1,1.39,SAS,2025-12-23,1.0,0.5490196078431373,0.5925925925925926,0.5,0.65625,0.65625,0.65625,0.65625,0.36891228071427257,2026-06-08,SAS,2025-12-23,0.5943021987690378,3.1,1.39,1.0,0.5490196078431373,True,397,0,,0.3225806451612903,0.309576837416481,0.346673162583519,True,True,0.31273182959181794,True,MODEL_MARKET_GAP,0.3225806451612903,0.85
ATL,CHI,0.3344492696095467,1.68,2.24,CHI,2025-12-23,1.0,0.34,0.2828282828282828,0.2608695652173913,0.3,0.35,0.3,0.3,0.5575236488748271,2026-06-08,CHI,2025-12-23,0.3344492696095467,1.68,2.24,0.0,0.34,True,397,0,,0.5952380952380952,0.5714285714285715,-0.22142857142857153,False,False,0.5575236488748271,False,PASS,0.5952380952380952,0.45
IND,MIL,0.5283468968882382,2.0,1.83,MIL,2025-12-23,0.0,0.5490196078431373,0.5094339622641508,0.3333333333333333,0.4554455445544554,0.4554455445544554,0.4554455445544554,0.4554455445544554,0.4608983345643823,2026-06-08,MIL,2025-12-23,0.5283468968882382,2.0,1.83,0.0,0.5490196078431373,True,397,0,,0.5,0.47780678851174935,-0.02236124395729394,False,False,0.4608983345643823,False,PASS,0.5,0.35
NYK,CLE,0.6038493205795767,1.45,2.8,NYK,2025-12-25,1.0,0.59375,0.6455696202531646,0.5555555555555555,0.6612903225806451,0.6612903225806451,0.6612903225806451,0.6612903225806451,0.6370331069714538,2026-06-08,NYK,2025-12-25,0.6038493205795767,1.45,2.8,1.0,0.59375,True,397,0,,0.6896551724137931,0.6588235294117647,0.0024667931688804323,False,False,0.6612154199664162,True,PASS,0.6896551724137931,0.8
DEN,MIN,0.664976715829645,1.8,2.05,DEN,2025-12-25,1.0,0.7169811320754716,0.696078431372549,0.5555555555555555,0.7222222222222222,0.7222222222222222,0.7222222222222222,0.7222222222222222,0.535120170714155,2026-06-08,DEN,2025-12-25,0.664976715829645,1.8,2.05,1.0,0.7169811320754716,True,397,0,,0.5555555555555556,0.5324675324675325,0.18975468975468968,True,False,0.5501716724487928,True,PASS,0.5555555555555556,0.65
LAL,HOU,0.5348190367984185,2.1,1.68,HOU,2025-12-25,0.0,0.5490196078431373,0.5094339622641508,0.35714285714285715,0.4385964912280701,0.4385964912280701,0.4385964912280701,0.4385964912280701,0.4390087227008031,2026-06-08,HOU,2025-12-25,0.5348190367984185,2.1,1.68,0.0,0.5490196078431373,True,397,0,,0.47619047619047616,0.4444444444444444,-0.005847953216374324,False,False,0.4390087227008031,False,PASS,0.47619047619047616,0.7
OKC,SAS,0.6744451387365771,1.28,3.8,SAS,2025-12-25,0.0,0.7169811320754716,0.696078431372549,0.5555555555555555,0.7222222222222222,0.7222222222222222,0.7222222222222222,0.7222222222222222,0.6949382168551876,2026-06-08,SAS,2025-12-25,0.6744451387365771,1.28,3.8,0.0,0.7169811320754716,True,397,0,,0.78125,0.7480314960629921,-0.02580927384076992,False,False,0.7293390786531619,True,PASS,0.78125,0.85
CHI,PHI,0.5402678604713175,1.89,1.93,CHI,2025-12-26,1.0,0.5490196078431373,0.5094339622641508,0.35714285714285715,0.4385964912280701,0.4385964912280701,0.4385964912280701,0.4385964912280701,0.4762643865507873,2026-06-08,CHI,2025-12-26,0.5402678604713175,1.89,1.93,1.0,0.5490196078431373,True,397,0,,0.5291005291005292,0.5052356020942408,-0.06663911086617069,False,False,0.4762643865507873,False,PASS,0.5291005291005292,0.6
NOP,PHO,0.4849774003014638,2.7,1.49,PHO,2025-12-27,1.0,0.42028985507246375,0.4540540540540541,0.2692307692307692,0.4594594594594595,0.4594594594594595,0.4594594594594595,0.4594594594594595,0.38396406480125095,2026-06-08,PHO,2025-12-27,0.4849774003014638,2.7,1.49,0.0,0.42028985507246375,True,397,0,,0.37037037037037035,0.3556085918854415,0.10385086757401796,False,False,0.38396406480125095,False,PASS,0.37037037037037035,0.35
CHO,MIL,0.4747708261691403,2.36,1.62,MIL,2025-12-29,1.0,0.42028985507246375,0.4540540540540541,0.2692307692307692,0.464,0.464,0.464,0.464,0.43498395883816465,2026-06-08,MIL,2025-12-29,0.4747708261691403,2.36,1.62,0.0,0.42028985507246375,True,397,0,,0.42372881355932207,0.40703517587939697,0.05696482412060305,False,False,0.43498395883816465,False,PASS,0.42372881355932207,0.5
MIL,WAS,0.563859305990741,1.18,5.1,WAS,2025-12-31,0.0,0.5490196078431373,0.5172413793103449,0.3667159223515673,0.631578947368421,0.631578947368421,0.631578947368421,0.631578947368421,0.7492190692519506,2026-06-08,WAS,2025-12-31,0.563859305990741,1.18,5.1,0.0,0.5490196078431373,True,397,0,,0.8474576271186441,0.8121019108280254,-0.1805229634596044,False,False,0.7931989050022948,True,PASS,0.8474576271186441,0.5
CHI,NOP,0.5189050204049604,1.85,1.98,CHI,2025-12-31,1.0,0.5490196078431373,0.5094339622641508,0.35714285714285715,0.4621212121212121,0.4621212121212121,0.4621212121212121,0.4621212121212121,0.48933919507423507,2026-06-08,CHI,2025-12-31,0.5189050204049604,1.85,1.98,1.0,0.5490196078431373,True,397,0,,0.5405405405405405,0.5169712793733681,-0.054850067252155965,False,False,0.48933919507423507,False,PASS,0.5405405405405405,0.6
OKC,POR,0.709291445411883,1.08,8.5,OKC,2025-12-31,1.0,0.7169811320754716,0.7037037037037037,0.5666666666666667,0.717948717948718,0.717948717948718,0.717948717948718,0.717948717948718,0.8,2026-06-08,OKC,2025-12-31,0.709291445411883,1.08,8.5,1.0,0.7169811320754716,True,397,0,,0.9259259259259258,0.8872651356993737,-0.16931641775065576,False,False,0.8668696408271626,True,PASS,0.9259259259259258,0.85
MIL,CHO,0.5312622189147572,1.41,3.0,MIL,2026-01-02,1.0,0.5490196078431373,0.5094339622641508,0.3888888888888889,0.4626865671641791,0.4626865671641791,0.4626865671641791,0.4626865671641791,0.6410457054208014,2026-06-08,MIL,2026-01-02,0.5312622189147572,1.41,3.0,1.0,0.5490196078431373,True,397,0,,0.7092198581560284,0.6802721088435374,-0.21758554167935829,False,False,0.6659361240244723,True,PASS,0.7092198581560284,0.5
WAS,BRK,0.471617524805523,1.98,1.85,WAS,2026-01-02,0.0,0.42028985507246375,0.4540540540540541,0.24242424242424243,0.4609929078014184,0.4609929078014184,0.4609929078014184,0.4609929078014184,0.4662984226590815,2026-06-08,WAS,2026-01-02,0.471617524805523,1.98,1.85,1.0,0.42028985507246375,True,397,0,,0.5050505050505051,0.4830287206266319,-0.022035812825213497,False,False,0.4662984226590815,False,PASS,0.5050505050505051,0.3
NYK,ATL,0.5547926338016184,1.32,3.5,ATL,2026-01-02,0.0,0.5490196078431373,0.5172413793103449,0.3888888888888889,0.5777711143809836,0.5777711143809836,0.5777711143809836,0.5777711143809836,0.6724815278256824,2026-06-08,ATL,2026-01-02,0.5547926338016184,1.32,3.5,0.0,0.5490196078431373,True,397,0,,0.7575757575757576,0.7261410788381742,-0.14836996445719064,False,False,0.7029194445008028,True,PASS,0.7575757575757576,0.8
NOP,POR,0.5745498138169773,1.93,1.89,POR,2026-01-02,0.0,0.5490196078431373,0.5454545454545454,0.4678355221267782,0.631578947368421,0.631578947368421,0.631578947368421,0.631578947368421,0.5136534789309356,2026-06-08,POR,2026-01-02,0.5745498138169773,1.93,1.89,0.0,0.5490196078431373,True,397,0,,0.5181347150259068,0.4947643979057591,0.13681454946266192,True,False,0.5195049699013365,True,PASS,0.5181347150259068,0.35
PHO,SAC,0.6045375634437675,1.13,6.25,PHO,2026-01-02,1.0,0.59375,0.6455696202531646,0.5666666666666667,0.6363636363636364,0.6363636363636364,0.6363636363636364,0.6363636363636364,0.781972399892463,2026-06-08,PHO,2026-01-02,0.6045375634437675,1.13,6.25,1.0,0.59375,True,397,0,,0.8849557522123894,0.8468834688346885,-0.2105198324710521,False,False,0.8317322351676036,True,PASS,0.8849557522123894,0.6
GSW,OKC,0.4728933142533146,4.0,1.26,OKC,2026-01-02,1.0,0.42028985507246375,0.4540540540540541,0.24242424242424243,0.4626865671641791,0.4626865671641791,0.4626865671641791,0.4626865671641791,0.35,2026-06-08,OKC,2026-01-02,0.4728933142533146,4.0,1.26,0.0,0.42028985507246375,True,397,0,,0.25,0.2395437262357415,0.2231428409284376,True,False,0.25325922646774446,True,PASS,0.25,0.7
DAL,HOU,0.3334610324179232,3.7,1.29,DAL,2026-01-03,0.0,0.34,0.2828282828282828,0.24242424242424243,0.2857142857142857,0.35,0.2857142857142857,0.2857142857142857,0.35,2026-06-08,DAL,2026-01-03,0.3334610324179232,3.7,1.29,1.0,0.34,True,397,0,,0.27027027027027023,0.25851703406813625,0.09148296593186372,False,False,0.28767172186200873,False,PASS,0.27027027027027023,0.5
GSW,UTA,0.6526015238568514,1.16,5.55,GSW,2026-01-03,1.0,0.6507936507936508,0.696078431372549,0.5666666666666667,0.6875,0.6875,0.6875,0.6875,0.7573343879530579,2026-06-08,GSW,2026-01-03,0.6526015238568514,1.16,5.55,1.0,0.6507936507936508,True,397,0,,0.8620689655172414,0.827123695976155,-0.13962369597615498,False,False,0.8027463387683034,True,PASS,0.8620689655172414,0.7
NYK,PHI,0.6327208062713386,1.65,2.3,PHI,2026-01-03,0.0,0.6507936507936508,0.6455696202531646,0.5666666666666667,0.6875,0.6875,0.6875,0.6875,0.5939421355216108,2026-06-08,PHI,2026-01-03,0.6327208062713386,1.65,2.3,0.0,0.6507936507936508,True,397,0,,0.6060606060606061,0.5822784810126582,0.10522151898734178,False,False,0.6105201594371892,True,PASS,0.6060606060606061,0.8
SAS,POR,0.6470023116326212,1.28,3.85,POR,2026-01-03,0.0,0.6507936507936508,0.6455696202531646,0.5862068965517241,0.6875,0.6875,0.6875,0.6875,0.6885510484978968,2026-06-08,POR,2026-01-03,0.6470023116326212,1.28,3.85,0.0,0.6507936507936508,True,397,0,,0.78125,0.7504873294346978,-0.06298732943469776,False,False,0.7218247629387021,True,PASS,0.78125,0.85
PHO,OKC,0.574039585475278,4.1,1.25,PHO,2026-01-04,1.0,0.5490196078431373,0.5454545454545454,0.38095238095238093,0.5952380952380952,0.5952380952380952,0.5952380952380952,0.5952380952380952,0.35,2026-06-08,PHO,2026-01-04,0.574039585475278,4.1,1.25,1.0,0.5490196078431373,True,397,0,,0.24390243902439027,0.23364485981308414,0.3615932354250111,True,False,0.2375825900613338,True,PASS,0.24390243902439027,0.6
LAL,MEM,0.5497868988224193,1.43,2.9,LAL,2026-01-04,1.0,0.5490196078431373,0.5172413793103449,0.38095238095238093,0.4652777777777778,0.4652777777777778,0.4652777777777778,0.4652777777777778,0.630792816651858,2026-06-08,LAL,2026-01-04,0.5497868988224193,1.43,2.9,1.0,0.5490196078431373,True,397,0,,0.6993006993006994,0.6697459584295612,-0.2044681806517834,False,False,0.6538739019433624,True,PASS,0.6993006993006994,0.7
TOR,ATL,0.671663023525516,1.62,2.36,TOR,2026-01-05,1.0,0.7169811320754716,0.696078431372549,0.5862068965517241,0.6808510638297872,0.6808510638297872,0.6808510638297872,0.6808510638297872,0.6039220556842063,2026-06-08,TOR,2026-01-05,0.671663023525516,1.62,2.36,1.0,0.7169811320754716,True,397,0,,0.6172839506172839,0.5929648241206029,0.0878862397091843,False,False,0.6222612419814192,True,PASS,0.6172839506172839,0.6
HOU,PHO,0.6086552337953691,1.31,3.6,HOU,2026-01-05,1.0,0.59375,0.6455696202531646,0.5862068965517241,0.6571428571428571,0.6571428571428571,0.6571428571428571,0.6571428571428571,0.6732335598858863,2026-06-08,HOU,2026-01-05,0.6086552337953691,1.31,3.6,1.0,0.59375,True,397,0,,0.7633587786259541,0.7331975560081467,-0.0760546988652896,False,False,0.7038041881010427,True,PASS,0.7633587786259541,0.75
LAC,GSW,0.5835816562958499,1.83,2.0,LAC,2026-01-05,1.0,0.5490196078431373,0.5454545454545454,0.5194717574808974,0.5952380952380952,0.5952380952380952,0.5952380952380952,0.5952380952380952,0.5515056823228208,2026-06-08,LAC,2026-01-05,0.5835816562958499,1.83,2.0,1.0,0.5490196078431373,True,397,0,,0.5464480874316939,0.5221932114882506,0.07304488374984464,False,False,0.5515056823228208,False,PASS,0.5464480874316939,0.6
IND,CLE,0.4187051293893458,2.8,1.46,CLE,2026-01-06,1.0,0.42028985507246375,0.4540540540540541,0.28125,0.3584905660377358,0.3584905660377358,0.3584905660377358,0.3584905660377358,0.3556699546178774,2026-06-08,CLE,2026-01-06,0.4187051293893458,2.8,1.46,0.0,0.42028985507246375,True,397,0,,0.35714285714285715,0.34272300469483574,0.015767561342900083,False,False,0.3556699546178774,False,PASS,0.35714285714285715,0.35
WAS,ORL,0.3851722477806105,3.25,1.36,WAS,2026-01-06,0.0,0.34,0.4222222222222222,0.28125,0.3518518518518518,0.3518518518518518,0.3518518518518518,0.3518518518518518,0.35,2026-06-08,WAS,2026-01-06,0.3851722477806105,3.25,1.36,1.0,0.34,True,397,0,,0.3076923076923077,0.29501084598698485,0.056841005864866956,False,False,0.32294207622529975,False,PASS,0.3076923076923077,0.3
NOP,LAL,0.3524277031630957,2.85,1.44,LAL,2026-01-06,1.0,0.34,0.2828282828282828,0.28125,0.3125,0.35,0.3125,0.3125,0.35,2026-06-08,LAL,2026-01-06,0.3524277031630957,2.85,1.44,0.0,0.34,True,397,0,,0.3508771929824561,0.3356643356643357,0.0143356643356643,False,False,0.3476481224816799,False,PASS,0.3508771929824561,0.35
SAC,DAL,0.3500187786650042,2.8,1.46,DAL,2026-01-06,1.0,0.34,0.2828282828282828,0.28125,0.3125,0.35,0.3125,0.3125,0.35,2026-06-08,DAL,2026-01-06,0.3500187786650042,2.8,1.46,0.0,0.34,True,397,0,,0.35714285714285715,0.34272300469483574,0.0072769953051642355,False,False,0.34936727983613525,False,PASS,0.35714285714285715,0.3
PHI,WAS,0.6769804219202518,1.14,6.0,PHI,2026-01-07,1.0,0.7169811320754716,0.696078431372549,0.6052631578947368,0.7096774193548387,0.7096774193548387,0.7096774193548387,0.7096774193548387,0.7675960504268622,2026-06-08,PHI,2026-01-07,0.6769804219202518,1.14,6.0,1.0,0.7169811320754716,True,397,0,,0.8771929824561404,0.8403361344537814,-0.13065871509894267,False,False,0.8148188828551319,True,PASS,0.8771929824561404,0.5
MEM,PHO,0.5021746104323312,2.8,1.46,PHO,2026-01-07,0.0,0.42028985507246375,0.4540540540540541,0.2777777777777778,0.4797297297297297,0.4797297297297297,0.4797297297297297,0.4797297297297297,0.40720721924314496,2026-06-08,PHO,2026-01-07,0.5021746104323312,2.8,1.46,0.0,0.42028985507246375,True,397,0,,0.35714285714285715,0.34272300469483574,0.13700672503489397,True,False,0.3674388846330642,True,PASS,0.35714285714285715,0.5
CHO,TOR,0.5304659414926364,2.1,1.77,TOR,2026-01-07,0.0,0.5490196078431373,0.5094339622641508,0.42857142857142855,0.4797297297297297,0.4797297297297297,0.4797297297297297,0.4797297297297297,0.47427505289489047,2026-06-08,TOR,2026-01-07,0.5304659414926364,2.1,1.77,0.0,0.5490196078431373,True,397,0,,0.47619047619047616,0.4573643410852713,0.022365388644458417,False,False,0.47427505289489047,False,PASS,0.47619047619047616,0.5
DET,CHI,0.6778283321160116,1.24,4.2,DET,2026-01-07,1.0,0.7169811320754716,0.696078431372549,0.6052631578947368,0.7,0.7,0.7,0.7,0.7063659121928085,2026-06-08,DET,2026-01-07,0.6778283321160116,1.24,4.2,1.0,0.7169811320754716,True,397,0,,0.8064516129032259,0.7720588235294118,-0.07205882352941184,False,False,0.7427834261091866,True,PASS,0.8064516129032259,0.8
UTA,DAL,0.5193399852388226,2.9,1.43,UTA,2026-01-08,1.0,0.5490196078431373,0.5094339622641508,0.42857142857142855,0.4733333333333333,0.4733333333333333,0.4733333333333333,0.4733333333333333,0.39792505913288057,2026-06-08,UTA,2026-01-08,0.5193399852388226,2.9,1.43,1.0,0.5490196078431373,True,397,0,,0.3448275862068966,0.3302540415704388,0.14307929176289447,True,False,0.35417865590411507,True,PASS,0.3448275862068966,0.35
POR,HOU,0.5049763251584368,3.0,1.41,POR,2026-01-09,1.0,0.5490196078431373,0.5094339622641508,0.2777777777777778,0.4705882352941176,0.4705882352941176,0.4705882352941176,0.4705882352941176,0.3898309231903346,2026-06-08,POR,2026-01-09,0.5049763251584368,3.0,1.41,1.0,0.5490196078431373,True,397,0,,0.3333333333333333,0.31972789115646255,0.15086034413765503,True,False,0.3426156045576208,True,PASS,0.3333333333333333,0.5
MEM,OKC,0.3664680800512817,2.8,1.46,OKC,2026-01-09,1.0,0.34,0.2828282828282828,0.2777777777777778,0.2941176470588235,0.35,0.2941176470588235,0.2941176470588235,0.35,2026-06-08,OKC,2026-01-09,0.3664680800512817,2.8,1.46,0.0,0.34,True,397,0,,0.35714285714285715,0.34272300469483574,0.0072769953051642355,False,False,0.34936727983613525,False,PASS,0.35714285714285715,0.5
MIN,SAS,0.6539265318434804,1.7,2.2,MIN,2026-01-11,1.0,0.6507936507936508,0.696078431372549,0.6052631578947368,0.7090909090909091,0.7090909090909091,0.7090909090909091,0.7090909090909091,0.5614422964875496,2026-06-08,MIN,2026-01-11,0.6539265318434804,1.7,2.2,1.0,0.6507936507936508,True,397,0,,0.5882352941176471,0.5641025641025641,0.144988344988345,True,False,0.5877747092679281,True,PASS,0.5882352941176471,0.7
SAC,HOU,0.3217759941788336,5.7,1.15,SAC,2026-01-11,0.0,0.34,0.2828282828282828,0.25,0.2857142857142857,0.35,0.2857142857142857,0.2857142857142857,0.35,2026-06-08,SAC,2026-01-11,0.3217759941788336,5.7,1.15,1.0,0.34,True,397,0,,0.17543859649122806,0.1678832116788321,0.18211678832116787,True,False,0.18657694444209627,True,PASS,0.17543859649122806,0.3
IND,BOS,0.5853434208632223,2.85,1.44,IND,2026-01-12,1.0,0.5490196078431373,0.5454545454545454,0.5,0.6212121212121212,0.6212121212121212,0.6212121212121212,0.6212121212121212,0.3891921555471449,2026-06-08,IND,2026-01-12,0.5853434208632223,2.85,1.44,1.0,0.5490196078431373,True,397,0,,0.3508771929824561,0.3356643356643357,0.28554778554778554,True,True,0.34170307935306415,True,MODEL_MARKET_GAP,0.3508771929824561,0.35
SAC,LAL,0.3030865433753891,4.0,1.26,SAC,2026-01-12,0.0,0.34,0.2828282828282828,0.2857142857142857,0.25,0.35,0.25,0.25,0.35,2026-06-08,SAC,2026-01-12,0.3030865433753891,4.0,1.26,1.0,0.34,True,397,0,,0.25,0.2395437262357415,0.11045627376425848,False,False,0.26731261564485165,False,PASS,0.25,0.3
DAL,BRK,0.4482472186654126,1.62,2.36,DAL,2026-01-12,0.0,0.42028985507246375,0.4540540540540541,0.2857142857142857,0.4782608695652174,0.4782608695652174,0.4782608695652174,0.4782608695652174,0.5656192396921212,2026-06-08,DAL,2026-01-12,0.4482472186654126,1.62,2.36,1.0,0.42028985507246375,True,397,0,,0.6172839506172839,0.5929648241206029,-0.11470395455538551,False,False,0.5656192396921212,False,PASS,0.6172839506172839,0.5
TOR,PHI,0.5860632624198406,2.3,1.65,PHI,2026-01-12,0.0,0.5490196078431373,0.5454545454545454,0.6052631578947368,0.6212121212121212,0.6212121212121212,0.6212121212121212,0.6212121212121212,0.44968121370596104,2026-06-08,PHI,2026-01-12,0.5860632624198406,2.3,1.65,0.0,0.5490196078431373,True,397,0,,0.4347826086956522,0.4177215189873418,0.20349060222477944,True,True,0.42811601957994433,True,MODEL_MARKET_GAP,0.4347826086956522,0.6
NOP,DEN,0.4510095729330178,2.05,1.8,DEN,2026-01-13,1.0,0.42028985507246375,0.4540540540540541,0.2857142857142857,0.4878048780487805,0.4878048780487805,0.4878048780487805,0.4878048780487805,0.4832669673533035,2026-06-08,DEN,2026-01-13,0.4510095729330178,2.05,1.8,0.0,0.42028985507246375,True,397,0,,0.48780487804878053,0.4675324675324676,0.0202724105163129,False,False,0.4832669673533035,False,PASS,0.48780487804878053,0.35
GSW,POR,0.625130988298508,1.23,4.4,GSW,2026-01-13,1.0,0.59375,0.6455696202531646,0.625,0.6428571428571429,0.6428571428571429,0.6428571428571429,0.6428571428571429,0.7184724259754438,2026-06-08,GSW,2026-01-13,0.625130988298508,1.23,4.4,1.0,0.59375,True,397,0,,0.8130081300813008,0.7815275310834814,-0.13867038822633848,False,False,0.7570263835005222,True,PASS,0.8130081300813008,0.7
OKC,SAS,0.6996349255260431,1.29,3.7,OKC,2026-01-13,1.0,0.7169811320754716,0.7037037037037037,0.625,0.7272727272727273,0.7272727272727273,0.7272727272727273,0.7272727272727273,0.6951475807140204,2026-06-08,OKC,2026-01-13,0.6996349255260431,1.29,3.7,1.0,0.7169811320754716,True,397,0,,0.7751937984496123,0.7414829659318637,-0.014210238659136398,False,False,0.7295853890753181,True,PASS,0.7751937984496123,0.85
DAL,DEN,0.391469161201273,1.82,2.02,DEN,2026-01-14,1.0,0.34,0.4222222222222222,0.2857142857142857,0.3793103448275862,0.3793103448275862,0.3793103448275862,0.3793103448275862,0.502601252146981,2026-06-08,DEN,2026-01-14,0.391469161201273,1.82,2.02,0.0,0.34,True,397,0,,0.5494505494505494,0.5260416666666667,-0.14673132183908055,False,False,0.502601252146981,False,PASS,0.5494505494505494,0.5
IND,TOR,0.4957492551270722,2.14,1.74,TOR,2026-01-14,1.0,0.42028985507246375,0.4540540540540541,0.2857142857142857,0.4848484848484848,0.4848484848484848,0.4848484848484848,0.4848484848484848,0.47154574258104504,2026-06-08,TOR,2026-01-14,0.4957492551270722,2.14,1.74,0.0,0.42028985507246375,True,397,0,,0.4672897196261682,0.4484536082474227,0.03639487660106211,False,False,0.47154574258104504,False,PASS,0.4672897196261682,0.35
PHI,CLE,0.5704755763813759,1.7,2.2,CLE,2026-01-16,0.0,0.5490196078431373,0.5454545454545454,0.47899462917899943,0.6231884057971014,0.6231884057971014,0.6231884057971014,0.6231884057971014,0.5923334976002084,2026-06-08,CLE,2026-01-16,0.5704755763813759,1.7,2.2,0.0,0.5490196078431373,True,397,0,,0.5882352941176471,0.5641025641025641,0.059085841694537344,False,False,0.5923334976002084,False,PASS,0.5882352941176471,0.5
POR,LAL,0.5110063240666811,1.65,2.3,POR,2026-01-17,1.0,0.5490196078431373,0.5094339622641508,0.44,0.4825581395348837,0.4825581395348837,0.4825581395348837,0.4825581395348837,0.5536080757694359,2026-06-08,POR,2026-01-17,0.5110063240666811,1.65,2.3,1.0,0.5490196078431373,True,397,0,,0.6060606060606061,0.5822784810126582,-0.09972034147777453,False,False,0.5536080757694359,False,PASS,0.6060606060606061,0.5
DET,IND,0.648827810767519,1.14,6.0,DET,2026-01-17,1.0,0.6507936507936508,0.6455696202531646,0.6410256410256411,0.6486486486486487,0.6486486486486487,0.6486486486486487,0.6486486486486487,0.7744467882470171,2026-06-08,DET,2026-01-17,0.648827810767519,1.14,6.0,1.0,0.6507936507936508,True,397,0,,0.8771929824561404,0.8403361344537814,-0.19168748580513273,False,False,0.8228785744082554,True,PASS,0.8771929824561404,0.8
DAL,UTA,0.5304086692478349,1.62,2.36,DAL,2026-01-17,1.0,0.5490196078431373,0.5094339622641508,0.4444444444444444,0.4792899408284023,0.4792899408284023,0.4792899408284023,0.4792899408284023,0.5655137188536673,2026-06-08,DAL,2026-01-17,0.5304086692478349,1.62,2.36,1.0,0.5490196078431373,True,397,0,,0.6172839506172839,0.5929648241206029,-0.1136748832922006,False,False,0.5655137188536673,False,PASS,0.6172839506172839,0.5
SAC,POR,0.7864285961732846,,,POR,2026-01-18,0.0,0.7169811320754716,0.7468354430379747,0.6557708394367879,1.0,0.8,1.0,1.0,1.0,2026-06-08,POR,2026-01-18,0.7864285961732846,,,0.0,0.7169811320754716,True,397,0,,,,,False,False,,False,PASS,,0.3
CHI,BRK,0.0743464452469788,1.46,2.8,CHI,2026-01-18,0.0,0.2222222222222222,0.2828282828282828,0.2978723404255319,0.25,0.35,0.25,0.25,0.6280770305248482,2026-06-08,CHI,2026-01-18,0.0743464452469788,1.46,2.8,1.0,0.2222222222222222,True,397,0,,0.684931506849315,0.6572769953051644,-0.3072769953051644,False,False,0.6506788594409979,True,PASS,0.684931506849315,0.6
PHI,IND,0.6652624753751025,1.39,3.1,PHI,2026-01-19,1.0,0.7169811320754716,0.696078431372549,0.6410256410256411,0.6949152542372882,0.6949152542372882,0.6949152542372882,0.6949152542372882,0.665469473742842,2026-06-08,PHI,2026-01-19,0.6652624753751025,1.39,3.1,1.0,0.7169811320754716,True,397,0,,0.7194244604316548,0.6904231625835189,0.004492091653769292,False,False,0.694669969109226,True,PASS,0.7194244604316548,0.5
DET,BOS,0.657419548123684,1.65,2.3,DET,2026-01-19,1.0,0.6507936507936508,0.696078431372549,0.6410256410256411,0.6949152542372882,0.6949152542372882,0.6949152542372882,0.6949152542372882,0.5933590344001398,2026-06-08,DET,2026-01-19,0.657419548123684,1.65,2.3,1.0,0.6507936507936508,True,397,0,,0.6060606060606061,0.5822784810126582,0.11263677322462995,False,False,0.6098341581178115,True,PASS,0.6060606060606061,0.8
SAS,UTA,0.6413833563807121,1.1,7.75,SAS,2026-01-19,1.0,0.6507936507936508,0.6455696202531646,0.6410256410256411,0.6548672566371682,0.6548672566371682,0.6548672566371682,0.6548672566371682,0.8,2026-06-08,SAS,2026-01-19,0.6413833563807121,1.1,7.75,1.0,0.6507936507936508,True,397,0,,0.9090909090909091,0.8757062146892656,-0.2208389580520974,False,False,0.8617357314534054,True,PASS,0.9090909090909091,0.85
UTA,MIN,0.4325782563221859,5.4,1.17,UTA,2026-01-20,0.0,0.42028985507246375,0.4540540540540541,0.2978723404255319,0.4264705882352941,0.4264705882352941,0.4264705882352941,0.4264705882352941,0.35,2026-06-08,UTA,2026-01-20,0.4325782563221859,5.4,1.17,1.0,0.42028985507246375,True,397,0,,0.18518518518518517,0.1780821917808219,0.2483883964544722,True,False,0.18921769709225972,True,PASS,0.18518518518518517,0.35
BOS,IND,0.6644045797192523,1.2,4.8,BOS,2026-01-21,1.0,0.7169811320754716,0.696078431372549,0.6410256410256411,0.7049180327868853,0.7049180327868853,0.7049180327868853,0.7049180327868853,0.7303766344143398,2026-06-08,BOS,2026-01-21,0.6644045797192523,1.2,4.8,1.0,0.7169811320754716,True,397,0,,0.8333333333333334,0.7999999999999999,-0.09508196721311468,False,False,0.7710313346051056,True,PASS,0.8333333333333334,0.7
NYK,BRK,0.412675646828586,1.17,5.4,NYK,2026-01-21,0.0,0.42028985507246375,0.4540540540540541,0.2978723404255319,0.4347826086956521,0.4347826086956521,0.4347826086956521,0.4347826086956521,0.7710260944446504,2026-06-08,NYK,2026-01-21,0.412675646828586,1.17,5.4,1.0,0.42028985507246375,True,397,0,,0.8547008547008548,0.8219178082191781,-0.38713519952352604,False,False,0.8188542287584123,True,PASS,0.8547008547008548,0.8
LAC,LAL,0.5613547312011841,1.89,1.93,LAC,2026-01-22,1.0,0.5490196078431373,0.5172413793103449,0.4642857142857143,0.5882352941176471,0.5882352941176471,0.5882352941176471,0.5882352941176471,0.5346457783891868,2026-06-08,LAC,2026-01-22,0.5613547312011841,1.89,1.93,1.0,0.5490196078431373,True,397,0,,0.5291005291005292,0.5052356020942408,0.08299969202340629,False,False,0.5346457783891868,False,PASS,0.5291005291005292,0.6
ORL,CHO,0.5662454005056252,1.43,2.9,CHO,2026-01-22,0.0,0.5490196078431373,0.5172413793103449,0.4642857142857143,0.5882352941176471,0.5882352941176471,0.5882352941176471,0.5882352941176471,0.6192726669709009,2026-06-08,CHO,2026-01-22,0.5662454005056252,1.43,2.9,0.0,0.5490196078431373,True,397,0,,0.6993006993006994,0.6697459584295612,-0.08151066431191412,False,False,0.6403207846716481,True,PASS,0.6993006993006994,0.7
BRK,BOS,0.3857714660838151,3.85,1.28,BOS,2026-01-23,1.0,0.34,0.4222222222222222,0.34,0.4366197183098591,0.4366197183098591,0.4366197183098591,0.4366197183098591,0.35,2026-06-08,BOS,2026-01-23,0.3857714660838151,3.85,1.28,0.0,0.34,True,397,0,,0.2597402597402597,0.2495126705653021,0.18710704774455697,True,False,0.26755720439677505,True,PASS,0.2597402597402597,0.25
MEM,NOP,0.5687904919817149,1.44,2.85,NOP,2026-01-23,0.0,0.5490196078431373,0.5454545454545454,0.4642857142857143,0.5740740740740741,0.5740740740740741,0.5740740740740741,0.5740740740740741,0.6148585273396491,2026-06-08,NOP,2026-01-23,0.5687904919817149,1.44,2.85,0.0,0.5490196078431373,True,397,0,,0.6944444444444444,0.6643356643356644,-0.09026159026159031,False,False,0.6351276792231165,True,PASS,0.6944444444444444,0.5
CHO,WAS,0.7070555337925223,1.17,4.9,CHO,2026-01-24,1.0,0.7169811320754716,0.7037037037037037,0.6610169491525424,0.711340206185567,0.711340206185567,0.711340206185567,0.711340206185567,0.7365793306790666,2026-06-08,CHO,2026-01-24,0.7070555337925223,1.17,4.9,1.0,0.7169811320754716,True,397,0,,0.8547008547008548,0.8072487644151565,-0.09590855822958944,False,False,0.7783286243283136,True,PASS,0.8547008547008548,0.5
SAS,NOP,0.6074413113748086,1.17,5.25,NOP,2026-01-25,0.0,0.59375,0.6455696202531646,0.6610169491525424,0.6666666666666666,0.6666666666666666,0.6666666666666666,0.6666666666666666,0.7506651778615407,2026-06-08,NOP,2026-01-25,0.6074413113748086,1.17,5.25,0.0,0.59375,True,397,0,,0.8547008547008548,0.8177570093457944,-0.1510903426791278,False,False,0.7949002092488714,True,PASS,0.8547008547008548,0.85
MIN,GSW,0.6333258325028392,1.41,3.0,GSW,2026-01-25,0.0,0.6507936507936508,0.6455696202531646,0.6610169491525424,0.6666666666666666,0.6666666666666666,0.6666666666666666,0.6666666666666666,0.6434752882663068,2026-06-08,GSW,2026-01-25,0.6333258325028392,1.41,3.0,0.0,0.6507936507936508,True,397,0,,0.7092198581560284,0.6802721088435374,-0.013605442176870763,False,False,0.6687944567838904,True,PASS,0.7092198581560284,0.7
MIN,GSW,0.4542648618849,1.36,3.25,MIN,2026-01-26,0.0,0.42028985507246375,0.4540540540540541,0.34,0.4648648648648649,0.4648648648648649,0.4648648648648649,0.4648648648648649,0.6640947344651119,2026-06-08,MIN,2026-01-26,0.4542648618849,1.36,3.25,1.0,0.42028985507246375,True,397,0,,0.7352941176470588,0.7049891540130152,-0.24012428914815032,False,False,0.6930526287824846,True,PASS,0.7352941176470588,0.7
CLE,ORL,0.6663391870645287,1.4,3.05,CLE,2026-01-26,1.0,0.7169811320754716,0.696078431372549,0.6610169491525424,0.6923076923076923,0.6923076923076923,0.6923076923076923,0.6923076923076923,0.6629748968557728,2026-06-08,CLE,2026-01-26,0.6663391870645287,1.4,3.05,1.0,0.7169811320754716,True,397,0,,0.7142857142857143,0.6853932584269663,0.00691443388072599,False,False,0.6917351727714974,True,PASS,0.7142857142857143,0.65
OKC,NOP,0.6849573789585222,1.12,6.75,OKC,2026-01-27,1.0,0.7169811320754716,0.696078431372549,0.6666666666666666,0.6923076923076923,0.6923076923076923,0.6923076923076923,0.6923076923076923,0.7862471149173872,2026-06-08,OKC,2026-01-27,0.6849573789585222,1.12,6.75,1.0,0.7169811320754716,True,397,0,,0.8928571428571428,0.8576874205844981,-0.1653797282768058,False,False,0.8367613116675143,True,PASS,0.8928571428571428,0.85
UTA,LAC,0.5401784057252161,3.7,1.29,LAC,2026-01-27,0.0,0.5490196078431373,0.5094339622641508,0.4642857142857143,0.4627659574468085,0.4627659574468085,0.4627659574468085,0.4627659574468085,0.35,2026-06-08,LAC,2026-01-27,0.5401784057252161,3.7,1.29,0.0,0.5490196078431373,True,397,0,,0.27027027027027023,0.25851703406813625,0.20424892337867223,True,False,0.2744155842318571,True,PASS,0.27027027027027023,0.35
HOU,SAS,0.6734494701041026,1.68,2.24,SAS,2026-01-28,0.0,0.7169811320754716,0.696078431372549,0.6666666666666666,0.7101449275362319,0.7101449275362319,0.7101449275362319,0.7101449275362319,0.5671466333708693,2026-06-08,SAS,2026-01-28,0.6734494701041026,1.68,2.24,0.0,0.7169811320754716,True,397,0,,0.5952380952380952,0.5714285714285715,0.13871635610766042,True,False,0.5959237619583848,True,PASS,0.5952380952380952,0.75
TOR,NYK,0.5933636182163878,1.82,2.02,NYK,2026-01-28,0.0,0.5490196078431373,0.5925925925925926,0.6296296296296297,0.6504065040650406,0.6504065040650406,0.6504065040650406,0.6504065040650406,0.536622422587058,2026-06-08,NYK,2026-01-28,0.5933636182163878,1.82,2.02,0.0,0.5490196078431373,True,397,0,,0.5494505494505494,0.5260416666666667,0.1243648373983739,True,False,0.55231774655294,True,PASS,0.5494505494505494,0.6
IND,CHI,0.4281785132981737,2.14,1.74,IND,2026-01-28,0.0,0.42028985507246375,0.4540540540540541,0.34615384615384615,0.4285714285714285,0.4285714285714285,0.4285714285714285,0.4285714285714285,0.432946529843276,2026-06-08,IND,2026-01-28,0.4281785132981737,2.14,1.74,1.0,0.42028985507246375,True,397,0,,0.4672897196261682,0.4484536082474227,-0.019882179675994205,False,False,0.432946529843276,False,PASS,0.4672897196261682,0.35
MIN,OKC,0.5984147419559508,2.95,1.42,MIN,2026-01-29,1.0,0.59375,0.6455696202531646,0.6296296296296297,0.6377952755905512,0.6377952755905512,0.6377952755905512,0.6377952755905512,0.38061506510500126,2026-06-08,MIN,2026-01-29,0.5984147419559508,2.95,1.42,1.0,0.59375,True,397,0,,0.3389830508474576,0.32494279176201374,0.3128524838285374,True,True,0.3294500930071446,True,MODEL_MARKET_GAP,0.3389830508474576,0.7
WAS,MIL,0.4557775925462358,2.1,1.77,WAS,2026-01-29,0.0,0.42028985507246375,0.4540540540540541,0.34615384615384615,0.4615384615384615,0.4615384615384615,0.4615384615384615,0.4615384615384615,0.4613262547632373,2026-06-08,WAS,2026-01-29,0.4557775925462358,2.1,1.77,1.0,0.42028985507246375,True,397,0,,0.47619047619047616,0.4573643410852713,0.004174120453190211,False,False,0.4613262547632373,False,PASS,0.47619047619047616,0.3
CHI,MIA,0.6611252577573963,2.1,1.77,MIA,2026-01-29,0.0,0.6507936507936508,0.696078431372549,0.6666666666666666,0.7,0.7,0.7,0.7,0.4732788489532397,2026-06-08,MIA,2026-01-29,0.6611252577573963,2.1,1.77,0.0,0.6507936507936508,True,397,0,,0.47619047619047616,0.4573643410852713,0.24263565891472866,True,True,0.4618269270760567,True,MODEL_MARKET_GAP,0.47619047619047616,0.6
NOP,MEM,0.5474051528988585,1.74,2.14,NOP,2026-01-30,1.0,0.5490196078431373,0.5172413793103449,0.4375,0.4646464646464646,0.4646464646464646,0.4646464646464646,0.4646464646464646,0.5222194060872541,2026-06-08,NOP,2026-01-30,0.5474051528988585,1.74,2.14,1.0,0.5490196078431373,True,397,0,,0.5747126436781609,0.5515463917525772,-0.08689992710611266,False,False,0.5222194060872541,False,PASS,0.5747126436781609,0.35
HOU,DAL,0.6884734133034784,1.21,4.6,HOU,2026-01-31,1.0,0.7169811320754716,0.7037037037037037,0.6666666666666666,0.7104866480914084,0.7104866480914084,0.7104866480914084,0.7104866480914084,0.7229648531948696,2026-06-08,HOU,2026-01-31,0.6884734133034784,1.21,4.6,1.0,0.7169811320754716,True,397,0,,0.8264462809917356,0.7917383820998279,-0.08125173400841956,False,False,0.7623115919939643,True,PASS,0.8264462809917356,0.75
IND,ATL,0.4374145685328516,2.02,1.82,IND,2026-01-31,0.0,0.42028985507246375,0.4540540540540541,0.34615384615384615,0.4595959595959595,0.4595959595959595,0.4595959595959595,0.4595959595959595,0.46195622678246206,2026-06-08,IND,2026-01-31,0.4374145685328516,2.02,1.82,1.0,0.42028985507246375,True,397,0,,0.49504950495049505,0.4739583333333334,-0.014362373737373924,False,False,0.46195622678246206,False,PASS,0.49504950495049505,0.35
MIA,CHI,0.527601998739961,1.46,2.8,MIA,2026-02-01,1.0,0.5490196078431373,0.5094339622641508,0.45454545454545453,0.4595959595959595,0.4595959595959595,0.4595959595959595,0.4595959595959595,0.6194871362694178,2026-06-08,MIA,2026-02-01,0.527601998739961,1.46,2.8,1.0,0.5490196078431373,True,397,0,,0.684931506849315,0.6572769953051644,-0.19768103570920487,False,False,0.6405731014934326,True,PASS,0.684931506849315,0.65
MEM,MIN,0.3743483310397251,3.3,1.35,MEM,2026-02-02,0.0,0.34,0.4222222222222222,0.375,0.4354838709677419,0.4354838709677419,0.4354838709677419,0.4354838709677419,0.36978024735405635,2026-06-08,MEM,2026-02-02,0.3743483310397251,3.3,1.35,1.0,0.34,True,397,0,,0.30303030303030304,0.2903225806451613,0.14516129032258057,True,False,0.31397178193436615,True,PASS,0.30303030303030304,0.5
MIL,CHI,0.5631460018522648,2.2,1.7,MIL,2026-02-03,1.0,0.5490196078431373,0.5172413793103449,0.45454545454545453,0.5526315789473685,0.5526315789473685,0.5526315789473685,0.5526315789473685,0.4630296647952375,2026-06-08,MIL,2026-02-03,0.5631460018522648,2.2,1.7,1.0,0.5490196078431373,True,397,0,,0.45454545454545453,0.4358974358974359,0.11673414304993257,False,False,0.4630296647952375,False,PASS,0.45454545454545453,0.5
SAC,MEM,0.3274792042443493,1.89,1.93,MEM,2026-02-04,1.0,0.34,0.2828282828282828,0.375,0.32,0.35,0.32,0.32,0.4829375583487361,2026-06-08,MEM,2026-02-04,0.3274792042443493,1.89,1.93,0.0,0.34,True,397,0,,0.5291005291005292,0.5052356020942408,-0.1552356020942408,False,False,0.4829375583487361,False,PASS,0.5291005291005292,0.3
SAS,OKC,0.5730044544827765,2.1,1.77,SAS,2026-02-04,1.0,0.5490196078431373,0.5454545454545454,0.48679817937878644,0.5616438356164384,0.5616438356164384,0.5616438356164384,0.5616438356164384,0.48568470333894387,2026-06-08,SAS,2026-02-04,0.5730044544827765,2.1,1.77,1.0,0.5490196078431373,True,397,0,,0.47619047619047616,0.4573643410852713,0.10427949453116708,False,False,0.48568470333894387,False,PASS,0.47619047619047616,0.85
DET,WAS,0.7799379198071666,1.11,7.0,WAS,2026-02-05,0.0,0.7169811320754716,0.7468354430379747,0.65,0.7380952380952381,0.7380952380952381,0.7380952380952381,0.7380952380952381,0.7863946141388156,2026-06-08,WAS,2026-02-05,0.7799379198071666,1.11,7.0,0.0,0.7169811320754716,True,397,0,,0.9009009009009008,0.8631319358816276,-0.12503669778638948,False,False,0.8369348401633124,True,PASS,0.9009009009009008,0.8
ORL,BRK,0.4218312465783495,1.27,3.95,ORL,2026-02-05,0.0,0.42028985507246375,0.4540540540540541,0.3870967741935484,0.4375,0.4375,0.4375,0.4375,0.7131801254610417,2026-06-08,ORL,2026-02-05,0.4218312465783495,1.27,3.95,1.0,0.42028985507246375,True,397,0,,0.7874015748031495,0.7567049808429118,-0.3192049808429118,False,False,0.7508001476012255,True,PASS,0.7874015748031495,0.7
DAL,SAS,0.5609768501196303,3.2,1.37,SAS,2026-02-05,0.0,0.5490196078431373,0.5172413793103449,0.45454545454545453,0.5616438356164384,0.5616438356164384,0.5616438356164384,0.5616438356164384,0.3667907163682762,2026-06-08,SAS,2026-02-05,0.5609768501196303,3.2,1.37,0.0,0.5490196078431373,True,397,0,,0.3125,0.29978118161925604,0.26186265399718234,True,False,0.30970102338325173,True,PASS,0.3125,0.5
BOS,MIA,0.7217811768499975,1.42,2.95,BOS,2026-02-06,1.0,0.7169811320754716,0.7468354430379747,0.65,0.7216494845360825,0.7216494845360825,0.7216494845360825,0.7216494845360825,0.6709192955416177,2026-06-08,BOS,2026-02-06,0.7217811768499975,1.42,2.95,1.0,0.7169811320754716,True,397,0,,0.7042253521126761,0.6750572082379863,0.04659227629809615,False,False,0.7010815241666091,True,PASS,0.7042253521126761,0.7
DET,NYK,0.6510377900292282,2.0,1.83,DET,2026-02-06,1.0,0.6507936507936508,0.696078431372549,0.65,0.6878943074399833,0.6878943074399833,0.6878943074399833,0.6878943074399833,0.4881215104142607,2026-06-08,DET,2026-02-06,0.6510377900292282,2.0,1.83,1.0,0.6507936507936508,True,397,0,,0.5,0.47780678851174935,0.2100875189282339,True,True,0.4830307291632296,True,MODEL_MARKET_GAP,0.5,0.8
OKC,HOU,0.711430153009834,1.65,2.3,HOU,2026-02-07,0.0,0.7169811320754716,0.7037037037037037,0.6511627906976745,0.7272727272727273,0.7272727272727273,0.7272727272727273,0.7272727272727273,0.5741648904295807,2026-06-08,HOU,2026-02-07,0.711430153009834,1.65,2.3,0.0,0.7169811320754716,True,397,0,,0.6060606060606061,0.5822784810126582,0.14499424626006907,True,False,0.6059498434708297,True,PASS,0.6060606060606061,0.85
ATL,CHO,0.5660213170035407,2.2,1.7,CHO,2026-02-07,0.0,0.5490196078431373,0.5172413793103449,0.4722222222222222,0.55,0.55,0.55,0.55,0.4633049079193816,2026-06-08,CHO,2026-02-07,0.5660213170035407,2.2,1.7,0.0,0.5490196078431373,True,397,0,,0.45454545454545453,0.4358974358974359,0.11410256410256414,False,False,0.4633049079193816,False,PASS,0.45454545454545453,0.45
POR,MEM,0.5469753928989627,1.29,3.75,POR,2026-02-07,1.0,0.5490196078431373,0.5172413793103449,0.4722222222222222,0.4652173913043478,0.4652173913043478,0.4652173913043478,0.4652173913043478,0.7001781054950185,2026-06-08,POR,2026-02-07,0.5469753928989627,1.29,3.75,1.0,0.5490196078431373,True,397,0,,0.7751937984496123,0.744047619047619,-0.27883022774327115,False,False,0.7355036535235511,True,PASS,0.7751937984496123,0.5
LAL,GSW,0.5822084525582112,1.74,2.14,LAL,2026-02-07,1.0,0.5490196078431373,0.5454545454545454,0.625,0.5714285714285714,0.5714285714285714,0.5714285714285714,0.5714285714285714,0.5670534701567239,2026-06-08,LAL,2026-02-07,0.5822084525582112,1.74,2.14,1.0,0.5490196078431373,True,397,0,,0.5747126436781609,0.5515463917525772,0.01988217967599415,False,False,0.5670534701567239,False,PASS,0.5747126436781609,0.7
TOR,IND,0.6208807689036732,1.24,4.3,TOR,2026-02-08,1.0,0.59375,0.6455696202531646,0.625,0.6312056737588653,0.6312056737588653,0.6312056737588653,0.6312056737588653,0.7146236316468757,2026-06-08,TOR,2026-02-08,0.6208807689036732,1.24,4.3,1.0,0.59375,True,397,0,,0.8064516129032259,0.7761732851985559,-0.1449676114396906,False,False,0.752498390172795,True,PASS,0.8064516129032259,0.6
MIN,LAC,0.5875339547368009,1.27,3.95,LAC,2026-02-08,0.0,0.5490196078431373,0.5925925925925926,0.625,0.6312056737588653,0.6312056737588653,0.6312056737588653,0.6312056737588653,0.695978185239837,2026-06-08,LAC,2026-02-08,0.5875339547368009,1.27,3.95,0.0,0.5490196078431373,True,397,0,,0.7874015748031495,0.7567049808429118,-0.12549930708404655,False,False,0.7305625708703964,True,PASS,0.7874015748031495,0.7
BOS,NYK,0.7931941483086931,1.65,2.3,NYK,2026-02-08,0.0,0.7169811320754716,0.7468354430379747,0.7032574060467389,1.0,0.8,1.0,1.0,0.5676193443076251,2026-06-08,NYK,2026-02-08,0.7931941483086931,1.65,2.3,0.0,0.7169811320754716,True,397,0,,0.6060606060606061,0.5822784810126582,0.21772151898734182,True,False,0.5965990632966073,True,PASS,0.6060606060606061,0.7
GSW,MEM,0.4961315605251806,1.25,4.1,GSW,2026-02-09,0.0,0.42028985507246375,0.4540540540540541,0.40625,0.4694835680751174,0.4694835680751174,0.4694835680751174,0.4694835680751174,0.7202307139691296,2026-06-08,GSW,2026-02-09,0.4961315605251806,1.25,4.1,1.0,0.42028985507246375,True,397,0,,0.8,0.7663551401869159,-0.2968715721117985,False,False,0.7590949576107408,True,PASS,0.8,0.7
BRK,CHI,0.4285262607928319,2.45,1.57,BRK,2026-02-09,0.0,0.42028985507246375,0.4540540540540541,0.40625,0.4666666666666667,0.4666666666666667,0.4666666666666667,0.4666666666666667,0.4199418542166149,2026-06-08,BRK,2026-02-09,0.4285262607928319,2.45,1.57,1.0,0.42028985507246375,True,397,0,,0.4081632653061224,0.39054726368159204,0.07611940298507464,False,False,0.4199418542166149,False,PASS,0.4081632653061224,0.25
HOU,LAC,0.4866173277743253,1.34,3.35,HOU,2026-02-10,0.0,0.42028985507246375,0.4540540540540541,0.40625,0.4694835680751174,0.4694835680751174,0.4694835680751174,0.4694835680751174,0.6723866417249162,2026-06-08,HOU,2026-02-10,0.4866173277743253,1.34,3.35,1.0,0.42028985507246375,True,397,0,,0.7462686567164178,0.7142857142857143,-0.24480214621059693,False,False,0.7028078137940191,True,PASS,0.7462686567164178,0.75
LAL,SAS,0.5940082036537795,3.7,1.29,SAS,2026-02-10,0.0,0.5490196078431373,0.5925925925925926,0.6285714285714286,0.632,0.632,0.632,0.632,0.35,2026-06-08,SAS,2026-02-10,0.5940082036537795,3.7,1.29,0.0,0.5490196078431373,True,397,0,,0.27027027027027023,0.25851703406813625,0.37348296593186375,True,True,0.26125289041621175,True,MODEL_MARKET_GAP,0.27027027027027023,0.7
PHI,NYK,0.6502050659441615,1.74,2.14,NYK,2026-02-11,0.0,0.6507936507936508,0.6455696202531646,0.6285714285714286,0.626984126984127,0.626984126984127,0.626984126984127,0.626984126984127,0.5809270309491583,2026-06-08,NYK,2026-02-11,0.6502050659441615,1.74,2.14,0.0,0.6507936507936508,True,397,0,,0.5747126436781609,0.5515463917525772,0.07543773523154973,False,False,0.5809270309491583,False,PASS,0.5747126436781609,0.5
UTA,SAC,0.5147388291032408,1.46,2.8,UTA,2026-02-11,1.0,0.5490196078431373,0.5094339622641508,0.47368421052631576,0.4771573604060913,0.4771573604060913,0.4771573604060913,0.4771573604060913,0.6175727601596104,2026-06-08,UTA,2026-02-11,0.5147388291032408,1.46,2.8,1.0,0.5490196078431373,True,397,0,,0.684931506849315,0.6572769953051644,-0.18011963489907307,False,False,0.638320894305424,True,PASS,0.684931506849315,0.35
HOU,LAC,0.5789956494191703,1.27,3.95,LAC,2026-02-11,0.0,0.5490196078431373,0.5454545454545454,0.6,0.5675675675675675,0.5675675675675675,0.5675675675675675,0.5675675675675675,0.7030834842723209,2026-06-08,LAC,2026-02-11,0.5789956494191703,1.27,3.95,0.0,0.5490196078431373,True,397,0,,0.7874015748031495,0.7567049808429118,-0.18913741327534428,False,False,0.7389217462027305,True,PASS,0.7874015748031495,0.75
BOS,CHI,0.6944311847035524,1.14,6.0,BOS,2026-02-11,1.0,0.7169811320754716,0.7037037037037037,0.6285714285714286,0.6991869918699187,0.6991869918699187,0.6991869918699187,0.6991869918699187,0.768734215572185,2026-06-08,BOS,2026-02-11,0.6944311847035524,1.14,6.0,1.0,0.7169811320754716,True,397,0,,0.8771929824561404,0.8403361344537814,-0.14114914258386269,False,False,0.8161579006731589,True,PASS,0.8771929824561404,0.7
ORL,MIL,0.5947849038510592,1.19,5.0,MIL,2026-02-11,0.0,0.5490196078431373,0.5925925925925926,0.6285714285714286,0.626984126984127,0.626984126984127,0.626984126984127,0.626984126984127,0.7455513761254271,2026-06-08,MIL,2026-02-11,0.5947849038510592,1.19,5.0,0.0,0.5490196078431373,True,397,0,,0.8403361344537815,0.8077544426494345,-0.18077031566530755,False,False,0.7888839719122671,True,PASS,0.8403361344537815,0.7
CHO,ATL,0.6973698610287882,1.56,2.5,CHO,2026-02-11,1.0,0.7169811320754716,0.7037037037037037,0.6285714285714286,0.6991869918699187,0.6991869918699187,0.6991869918699187,0.6991869918699187,0.6233925548146994,2026-06-08,CHO,2026-02-11,0.6973698610287882,1.56,2.5,1.0,0.7169811320754716,True,397,0,,0.641025641025641,0.6157635467980296,0.08342344507188915,False,False,0.6451677115467052,True,PASS,0.641025641025641,0.5
LAL,DAL,0.5397226241663134,1.32,3.5,LAL,2026-02-12,1.0,0.5490196078431373,0.5094339622641508,0.47368421052631576,0.4797979797979798,0.4797979797979798,0.4797979797979798,0.4797979797979798,0.6825895859036577,2026-06-08,LAL,2026-02-12,0.5397226241663134,1.32,3.5,1.0,0.5490196078431373,True,397,0,,0.7575757575757576,0.7261410788381742,-0.24634309904019447,False,False,0.7148112775337149,True,PASS,0.7575757575757576,0.7
UTA,POR,0.6218630445180088,3.45,1.33,POR,2026-02-12,0.0,0.59375,0.6455696202531646,0.6285714285714286,0.6141732283464567,0.6141732283464567,0.6141732283464567,0.6141732283464567,0.35,2026-06-08,POR,2026-02-12,0.6218630445180088,3.45,1.33,0.0,0.59375,True,397,0,,0.2898550724637681,0.2782426778242678,0.3359305505221889,True,True,0.28232137488127185,True,MODEL_MARKET_GAP,0.2898550724637681,0.35
MIN,DAL,0.7041472533347187,1.14,6.0,MIN,2026-02-20,1.0,0.7169811320754716,0.7037037037037037,0.625,0.7111111111111111,0.7111111111111111,0.7111111111111111,0.7111111111111111,0.7674461427919179,2026-06-08,MIN,2026-02-20,0.7041472533347187,1.14,6.0,1.0,0.7169811320754716,True,397,0,,0.8771929824561404,0.8403361344537814,-0.12922502334267028,False,False,0.8146425209316681,True,PASS,0.8771929824561404,0.7
LAL,LAC,0.5167006246892566,1.34,3.4,LAL,2026-02-20,1.0,0.5490196078431373,0.5094339622641508,0.5,0.4797979797979798,0.4797979797979798,0.4797979797979798,0.4797979797979798,0.6743349687988465,2026-06-08,LAL,2026-02-20,0.5167006246892566,1.34,3.4,1.0,0.5490196078431373,True,397,0,,0.7462686567164178,0.7172995780590716,-0.23750159826109185,False,False,0.7050999632927605,True,PASS,0.7462686567164178,0.7
MEM,UTA,0.4027672444794524,1.77,2.1,MEM,2026-02-20,0.0,0.42028985507246375,0.4540540540540541,0.4074074074074074,0.4528301886792453,0.4528301886792453,0.4528301886792453,0.4528301886792453,0.5134091098342942,2026-06-08,MEM,2026-02-20,0.4027672444794524,1.77,2.1,1.0,0.42028985507246375,True,397,0,,0.5649717514124294,0.5426356589147286,-0.08980547023548335,False,False,0.5134091098342942,False,PASS,0.5649717514124294,0.5
ATL,MIA,0.499905986653631,2.4,1.6,MIA,2026-02-20,1.0,0.42028985507246375,0.4540540540540541,0.45714285714285713,0.4825870646766169,0.4825870646766169,0.4825870646766169,0.4825870646766169,0.42941529443125215,2026-06-08,MIA,2026-02-20,0.499905986653631,2.4,1.6,0.0,0.42028985507246375,True,397,0,,0.4166666666666667,0.39999999999999997,0.08258706467661692,False,False,0.42941529443125215,False,PASS,0.4166666666666667,0.45
POR,DEN,0.3918619073056736,2.02,1.82,DEN,2026-02-20,1.0,0.34,0.4222222222222222,0.4074074074074074,0.4528301886792453,0.4528301886792453,0.4528301886792453,0.4528301886792453,0.4577341291376763,2026-06-08,DEN,2026-02-20,0.3918619073056736,2.02,1.82,0.0,0.34,True,397,0,,0.49504950495049505,0.4739583333333334,-0.021128144654088132,False,False,0.4577341291376763,False,PASS,0.49504950495049505,0.5
WAS,IND,0.3245001124409135,1.89,1.93,WAS,2026-02-20,0.0,0.34,0.2828282828282828,0.38461538461538464,0.3205128205128205,0.35,0.3205128205128205,0.3205128205128205,0.4829375583487361,2026-06-08,WAS,2026-02-20,0.3245001124409135,1.89,1.93,1.0,0.34,True,397,0,,0.5291005291005292,0.5052356020942408,-0.1552356020942408,False,False,0.4829375583487361,False,PASS,0.5291005291005292,0.3
CHO,CLE,0.5922386099019221,2.85,1.44,CLE,2026-02-20,0.0,0.5490196078431373,0.5925925925925926,0.5454545454545454,0.5652173913043478,0.5652173913043478,0.5652173913043478,0.5652173913043478,0.3940811710790507,2026-06-08,CLE,2026-02-20,0.5922386099019221,2.85,1.44,0.0,0.5490196078431373,True,397,0,,0.3508771929824561,0.3356643356643357,0.2295530556400121,True,False,0.3486873872557867,True,PASS,0.3508771929824561,0.5
CHI,DET,0.2859347771660154,5.1,1.18,DET,2026-02-21,1.0,0.2222222222222222,0.2828282828282828,0.4074074074074074,0.325,0.35,0.325,0.325,0.35,2026-06-08,DET,2026-02-21,0.2859347771660154,5.1,1.18,0.0,0.2222222222222222,True,397,0,,0.19607843137254904,0.1878980891719745,0.16210191082802547,True,False,0.20926730409424554,True,PASS,0.19607843137254904,0.6
SAS,SAC,0.7456485033930075,1.06,11.0,SAS,2026-02-21,1.0,0.7169811320754716,0.7468354430379747,0.625,0.7142857142857143,0.7142857142857143,0.7142857142857143,0.7142857142857143,0.8,2026-06-08,SAS,2026-02-21,0.7456485033930075,1.06,11.0,1.0,0.7169811320754716,True,397,0,,0.9433962264150942,0.912106135986733,-0.19782042170101866,False,False,0.8954195629411438,True,PASS,0.9433962264150942,0.85
MIL,TOR,0.6195942210312163,2.3,1.65,TOR,2026-02-22,0.0,0.59375,0.6455696202531646,0.5833333333333334,0.6153846153846154,0.6153846153846154,0.6153846153846154,0.6153846153846154,0.45023101815272537,2026-06-08,TOR,2026-02-22,0.6195942210312163,2.3,1.65,0.0,0.59375,True,397,0,,0.4347826086956522,0.4177215189873418,0.19766309639727364,True,True,0.4289014545038934,True,MODEL_MARKET_GAP,0.4347826086956522,0.5
GSW,DEN,0.4879388065053645,3.0,1.41,GSW,2026-02-22,0.0,0.42028985507246375,0.4540540540540541,0.45714285714285713,0.4801980198019802,0.4801980198019802,0.4801980198019802,0.4801980198019802,0.3889225382922402,2026-06-08,GSW,2026-02-22,0.4879388065053645,3.0,1.41,1.0,0.42028985507246375,True,397,0,,0.3333333333333333,0.31972789115646255,0.16047012864551763,True,False,0.3413179118460574,True,PASS,0.3333333333333333,0.7
CHI,NYK,0.3346996384942836,4.6,1.21,NYK,2026-02-22,1.0,0.34,0.2828282828282828,0.39285714285714285,0.3209876543209876,0.35,0.3209876543209876,0.3209876543209876,0.35,2026-06-08,NYK,2026-02-22,0.3346996384942836,4.6,1.21,0.0,0.34,True,397,0,,0.2173913043478261,0.20826161790017214,0.14173838209982784,True,False,0.2323626147452147,True,PASS,0.2173913043478261,0.6
WAS,CHO,0.3552751316353956,5.4,1.17,CHO,2026-02-22,1.0,0.34,0.2828282828282828,0.39285714285714285,0.3209876543209876,0.35,0.3209876543209876,0.3209876543209876,0.35,2026-06-08,CHO,2026-02-22,0.3552751316353956,5.4,1.17,0.0,0.34,True,397,0,,0.18518518518518517,0.1780821917808219,0.17191780821917807,True,False,0.19812847780057632,True,PASS,0.18518518518518517,0.3
MEM,SAC,0.4694291551033966,1.65,2.3,SAC,2026-02-23,1.0,0.42028985507246375,0.4540540540540541,0.46153846153846156,0.4805825242718446,0.4805825242718446,0.4805825242718446,0.4805825242718446,0.5537532759020984,2026-06-08,SAC,2026-02-23,0.4694291551033966,1.65,2.3,0.0,0.42028985507246375,True,397,0,,0.6060606060606061,0.5822784810126582,-0.10169595674081361,False,False,0.5537532759020984,False,PASS,0.6060606060606061,0.5
CLE,NYK,0.6255830103103637,1.59,2.42,CLE,2026-02-24,1.0,0.59375,0.6455696202531646,0.56,0.6060606060606061,0.6060606060606061,0.6060606060606061,0.6060606060606061,0.590082488824452,2026-06-08,CLE,2026-02-24,0.6255830103103637,1.59,2.42,1.0,0.59375,True,397,0,,0.6289308176100629,0.6034912718204488,0.0025693342401572616,False,False,0.6059793986170023,True,PASS,0.6289308176100629,0.65
CHI,CHO,0.2458631967211901,3.7,1.29,CHO,2026-02-24,1.0,0.2222222222222222,0.2828282828282828,0.39285714285714285,0.3132530120481928,0.35,0.3132530120481928,0.3132530120481928,0.35,2026-06-08,CHO,2026-02-24,0.2458631967211901,3.7,1.29,0.0,0.2222222222222222,True,397,0,,0.27027027027027023,0.25851703406813625,0.09148296593186372,False,False,0.28767172186200873,False,PASS,0.27027027027027023,0.6
NOP,GSW,0.5096908040870157,2.05,1.8,NOP,2026-02-24,1.0,0.5490196078431373,0.5094339622641508,0.5087719298245613,0.4891304347826087,0.4891304347826087,0.4891304347826087,0.4891304347826087,0.4840203317915585,2026-06-08,NOP,2026-02-24,0.5096908040870157,2.05,1.8,1.0,0.5490196078431373,True,397,0,,0.48780487804878053,0.4675324675324676,0.021597967250141126,False,False,0.4840203317915585,False,PASS,0.48780487804878053,0.35
POR,MIN,0.8471980325251627,3.15,1.38,MIN,2026-02-24,0.0,0.8,0.8571428571428571,1.0,1.0,0.8,1.0,1.0,0.36359637899168673,2026-06-08,MIN,2026-02-24,0.8471980325251627,3.15,1.38,0.0,0.8,True,397,0,,0.31746031746031744,0.3046357615894039,0.4953642384105961,True,True,0.3051376842738382,True,MODEL_MARKET_GAP,0.31746031746031744,0.5
HOU,SAC,0.5625627291492247,1.11,7.25,HOU,2026-02-25,1.0,0.5490196078431373,0.5172413793103449,0.5087719298245613,0.5116279069767442,0.5116279069767442,0.5116279069767442,0.5116279069767442,0.8,2026-06-08,HOU,2026-02-25,0.5625627291492247,1.11,7.25,1.0,0.5490196078431373,True,397,0,,0.9009009009009008,0.867224880382775,-0.3555969734060308,False,False,0.8630510430982288,True,PASS,0.9009009009009008,0.75
IND,CHO,0.3345832966953802,6.5,1.12,CHO,2026-02-26,1.0,0.34,0.2828282828282828,0.39285714285714285,0.3023255813953488,0.35,0.3023255813953488,0.3023255813953488,0.35,2026-06-08,CHO,2026-02-26,0.3345832966953802,6.5,1.12,0.0,0.34,True,397,0,,0.15384615384615385,0.14698162729658795,0.20301837270341203,True,False,0.1630293479171777,True,PASS,0.15384615384615385,0.35
ATL,WAS,0.5838203275887801,1.18,5.1,ATL,2026-02-26,1.0,0.5490196078431373,0.5454545454545454,0.5087719298245613,0.5538461538461539,0.5538461538461539,0.5538461538461539,0.5538461538461539,0.7565873942711037,2026-06-08,ATL,2026-02-26,0.5838203275887801,1.18,5.1,1.0,0.5490196078431373,True,397,0,,0.8474576271186441,0.8121019108280254,-0.25825575698187153,False,False,0.8018675226718867,True,PASS,0.8474576271186441,0.45
PHI,MIA,0.586889061119219,1.68,2.24,PHI,2026-02-26,1.0,0.5490196078431373,0.5925925925925926,0.5384615384615384,0.5538461538461539,0.5538461538461539,0.5538461538461539,0.5538461538461539,0.5573152493168552,2026-06-08,PHI,2026-02-26,0.586889061119219,1.68,2.24,1.0,0.5490196078431373,True,397,0,,0.5952380952380952,0.5714285714285715,-0.01758241758241763,False,False,0.5573152493168552,False,PASS,0.5952380952380952,0.5
BOS,BRK,0.648923862295658,1.07,9.5,BOS,2026-02-27,1.0,0.6507936507936508,0.6455696202531646,0.6346153846153846,0.6090225563909775,0.6090225563909775,0.6090225563909775,0.6090225563909775,0.8,2026-06-08,BOS,2026-02-27,0.648923862295658,1.07,9.5,1.0,0.6507936507936508,True,397,0,,0.9345794392523364,0.8987701040681173,-0.28974754767713984,False,False,0.8910241885645463,True,PASS,0.9345794392523364,0.7
DAL,MEM,0.4424808040014081,1.51,2.64,MEM,2026-02-27,1.0,0.42028985507246375,0.4540540540540541,0.45,0.4651162790697674,0.4651162790697674,0.4651162790697674,0.4651162790697674,0.5985821810599529,2026-06-08,MEM,2026-02-27,0.4424808040014081,1.51,2.64,0.0,0.42028985507246375,True,397,0,,0.6622516556291391,0.6361445783132531,-0.17102829924348573,False,False,0.6159790365411211,True,PASS,0.6622516556291391,0.5
MIL,NYK,0.6562613011241536,3.6,1.31,NYK,2026-02-27,0.0,0.6507936507936508,0.696078431372549,0.6346153846153846,0.7022900763358778,0.7022900763358778,0.7022900763358778,0.7022900763358778,0.35,2026-06-08,NYK,2026-02-27,0.6562613011241536,3.6,1.31,0.0,0.6507936507936508,True,397,0,,0.2777777777777778,0.26680244399185343,0.4354876323440244,True,True,0.26802696447810226,True,MODEL_MARKET_GAP,0.2777777777777778,0.5
DET,CLE,0.6996142871747931,1.41,3.0,DET,2026-02-27,1.0,0.7169811320754716,0.7037037037037037,0.6346153846153846,0.7022900763358778,0.7022900763358778,0.7022900763358778,0.7022900763358778,0.6674436993118158,2026-06-08,DET,2026-02-27,0.6996142871747931,1.41,3.0,1.0,0.7169811320754716,True,397,0,,0.7092198581560284,0.6802721088435374,0.022017967492340418,False,False,0.6969925874256657,True,PASS,0.7092198581560284,0.8
WAS,TOR,0.3443741394320227,6.75,1.12,TOR,2026-02-28,1.0,0.34,0.2828282828282828,0.3333333333333333,0.2954545454545454,0.35,0.2954545454545454,0.2954545454545454,0.35,2026-06-08,TOR,2026-02-28,0.3443741394320227,6.75,1.12,0.0,0.34,True,397,0,,0.14814814814814814,0.1423125794155019,0.20768742058449807,True,False,0.1577986571006613,True,PASS,0.14814814814814814,0.3
UTA,NOP,0.4768216392823853,3.1,1.39,NOP,2026-02-28,1.0,0.42028985507246375,0.4540540540540541,0.45,0.4651162790697674,0.4651162790697674,0.4651162790697674,0.4651162790697674,0.38228368240543564,2026-06-08,NOP,2026-02-28,0.4768216392823853,3.1,1.39,0.0,0.42028985507246375,True,397,0,,0.3225806451612903,0.309576837416481,0.15553944165328637,True,False,0.3318338320077652,True,PASS,0.3225806451612903,0.35
LAC,NOP,0.5074920873060754,1.28,3.85,LAC,2026-03-01,1.0,0.5490196078431373,0.5094339622641508,0.5416666666666666,0.4895833333333333,0.4895833333333333,0.4895833333333333,0.4895833333333333,0.7044119562683226,2026-06-08,LAC,2026-03-01,0.5074920873060754,1.28,3.85,1.0,0.5490196078431373,True,397,0,,0.78125,0.7504873294346978,-0.26090399610136444,False,False,0.7404846544333208,True,PASS,0.78125,0.6
DAL,OKC,0.3360984996824493,7.75,1.1,OKC,2026-03-01,1.0,0.34,0.2828282828282828,0.3076923076923077,0.2954545454545454,0.35,0.2954545454545454,0.2954545454545454,0.35,2026-06-08,OKC,2026-03-01,0.3360984996824493,7.75,1.1,0.0,0.34,True,397,0,,0.12903225806451613,0.12429378531073447,0.2257062146892655,True,False,0.137729366963938,True,PASS,0.12903225806451613,0.5
BOS,PHI,0.7392681811050373,1.28,3.85,BOS,2026-03-01,1.0,0.7169811320754716,0.7468354430379747,0.6428571428571429,0.7272727272727273,0.7272727272727273,0.7272727272727273,0.7272727272727273,0.6981518799146731,2026-06-08,BOS,2026-03-01,0.7392681811050373,1.28,3.85,1.0,0.7169811320754716,True,397,0,,0.78125,0.7504873294346978,-0.023214602161970466,False,False,0.7331198587231449,True,PASS,0.78125,0.7
LAL,SAC,0.5319302629081952,1.14,6.0,LAL,2026-03-01,1.0,0.5490196078431373,0.5094339622641508,0.5319148936170212,0.4895833333333333,0.4895833333333333,0.4895833333333333,0.4895833333333333,0.7855678374526995,2026-06-08,LAL,2026-03-01,0.5319302629081952,1.14,6.0,1.0,0.5490196078431373,True,397,0,,0.8771929824561404,0.8403361344537814,-0.3507528011204481,False,False,0.8359621617090582,True,PASS,0.8771929824561404,0.7
CHI,MIL,0.404963949956704,2.3,1.65,CHI,2026-03-01,0.0,0.42028985507246375,0.4540540540540541,0.45,0.4597701149425287,0.4597701149425287,0.4597701149425287,0.4597701149425287,0.4425804863355908,2026-06-08,CHI,2026-03-01,0.404963949956704,2.3,1.65,1.0,0.42028985507246375,True,397,0,,0.4347826086956522,0.4177215189873418,0.042048595955186896,False,False,0.4425804863355908,False,PASS,0.4347826086956522,0.6
BRK,CLE,0.3709503739254445,5.4,1.17,CLE,2026-03-01,1.0,0.34,0.4,0.3333333333333333,0.3333333333333333,0.35,0.3333333333333333,0.3333333333333333,0.35,2026-06-08,CLE,2026-03-01,0.3709503739254445,5.4,1.17,0.0,0.34,True,397,0,,0.18518518518518517,0.1780821917808219,0.17191780821917807,True,False,0.19812847780057632,True,PASS,0.18518518518518517,0.25
DEN,MIN,0.6634374149122526,1.65,2.3,MIN,2026-03-01,0.0,0.6507936507936508,0.696078431372549,0.6296296296296297,0.6976744186046511,0.6976744186046511,0.6976744186046511,0.6976744186046511,0.5931192857693428,2026-06-08,MIN,2026-03-01,0.6634374149122526,1.65,2.3,0.0,0.6507936507936508,True,397,0,,0.6060606060606061,0.5822784810126582,0.11539593759199285,False,False,0.6095521009051091,True,PASS,0.6060606060606061,0.65
MIL,BOS,0.4122839742995453,3.5,1.32,BOS,2026-03-02,1.0,0.42028985507246375,0.4540540540540541,0.4418604651162791,0.4597701149425287,0.4597701149425287,0.4597701149425287,0.4597701149425287,0.3544407045285056,2026-06-08,BOS,2026-03-02,0.4122839742995453,3.5,1.32,0.0,0.42028985507246375,True,397,0,,0.2857142857142857,0.2738589211618257,0.18591119378070298,True,False,0.29205814932643653,True,PASS,0.2857142857142857,0.5
GSW,LAC,0.3467543826034608,1.98,1.85,LAC,2026-03-02,1.0,0.34,0.2828282828282828,0.3076923076923077,0.2842105263157894,0.35,0.2842105263157894,0.2842105263157894,0.45780698767314004,2026-06-08,LAC,2026-03-02,0.3467543826034608,1.98,1.85,0.0,0.34,True,397,0,,0.5050505050505051,0.4830287206266319,-0.1330287206266319,False,False,0.45780698767314004,False,PASS,0.5050505050505051,0.7
TOR,NYK,0.4837485140045267,2.2,1.7,NYK,2026-03-03,1.0,0.42028985507246375,0.4540540540540541,0.4418604651162791,0.4602272727272727,0.4602272727272727,0.4602272727272727,0.4602272727272727,0.4538472631281504,2026-06-08,NYK,2026-03-03,0.4837485140045267,2.2,1.7,0.0,0.42028985507246375,True,397,0,,0.45454545454545453,0.4358974358974359,0.024329836829836804,False,False,0.4538472631281504,False,PASS,0.45454545454545453,0.6
LAL,NOP,0.5623969931464435,1.29,3.75,LAL,2026-03-03,1.0,0.5490196078431373,0.5172413793103449,0.5416666666666666,0.5227272727272727,0.5227272727272727,0.5227272727272727,0.5227272727272727,0.6956110765911451,2026-06-08,LAL,2026-03-03,0.5623969931464435,1.29,3.75,1.0,0.5490196078431373,True,397,0,,0.7751937984496123,0.744047619047619,-0.22132034632034625,False,False,0.7301306783425237,True,PASS,0.7751937984496123,0.7
MIN,MEM,0.5089123038069604,1.12,6.5,MIN,2026-03-03,1.0,0.5490196078431373,0.5094339622641508,0.5416666666666666,0.5,0.5,0.5,0.5,0.7964282081630802,2026-06-08,MIN,2026-03-03,0.5089123038069604,1.12,6.5,1.0,0.5490196078431373,True,397,0,,0.8928571428571428,0.8530183727034122,-0.3530183727034122,False,False,0.8487390684271533,True,PASS,0.8928571428571428,0.7
CLE,DET,0.616511490813082,2.2,1.7,CLE,2026-03-03,1.0,0.59375,0.6455696202531646,0.5714285714285714,0.6258992805755396,0.6258992805755396,0.6258992805755396,0.6258992805755396,0.4625572680256983,2026-06-08,CLE,2026-03-03,0.616511490813082,2.2,1.7,1.0,0.59375,True,397,0,,0.45454545454545453,0.4358974358974359,0.19000184467810366,True,True,0.4465103828938547,True,MODEL_MARKET_GAP,0.45454545454545453,0.65
MEM,POR,0.7031053730565322,3.8,1.28,POR,2026-03-04,0.0,0.7169811320754716,0.7037037037037037,0.6551724137931034,0.7083333333333334,0.7083333333333334,0.7083333333333334,0.7083333333333334,0.35,2026-06-08,POR,2026-03-04,0.7031053730565322,3.8,1.28,0.0,0.7169811320754716,True,397,0,,0.2631578947368421,0.25196850393700787,0.4563648293963255,True,True,0.2529611697691988,True,MODEL_MARKET_GAP,0.2631578947368421,0.5
DEN,LAL,0.6107503508684812,1.51,2.64,DEN,2026-03-05,1.0,0.59375,0.6455696202531646,0.5925925925925926,0.6267605633802817,0.6267605633802817,0.6267605633802817,0.6267605633802817,0.6086293226544032,2026-06-08,DEN,2026-03-05,0.6107503508684812,1.51,2.64,1.0,0.59375,True,397,0,,0.6622516556291391,0.6361445783132531,-0.009384014932971363,False,False,0.6277992031228272,True,PASS,0.6622516556291391,0.65
MIA,BRK,0.7642614421521541,1.12,6.5,MIA,2026-03-05,1.0,0.7169811320754716,0.7468354430379747,0.6551724137931034,0.7246376811594203,0.7246376811594203,0.7246376811594203,0.7246376811594203,0.7781385362247812,2026-06-08,MIA,2026-03-05,0.7642614421521541,1.12,6.5,1.0,0.7169811320754716,True,397,0,,0.8928571428571428,0.8530183727034122,-0.1283806915439919,False,False,0.827221807323272,True,PASS,0.8928571428571428,0.65
HOU,POR,0.6405194159452126,1.43,2.9,HOU,2026-03-06,1.0,0.6507936507936508,0.6455696202531646,0.5925925925925926,0.6267605633802817,0.6267605633802817,0.6267605633802817,0.6267605633802817,0.622934656037114,2026-06-08,HOU,2026-03-06,0.6405194159452126,1.43,2.9,1.0,0.6507936507936508,True,397,0,,0.6993006993006994,0.6697459584295612,-0.04298539504927945,False,False,0.644629007102487,True,PASS,0.6993006993006994,0.75
CHO,MIA,0.6686438621091262,1.34,3.4,MIA,2026-03-06,0.0,0.7169811320754716,0.696078431372549,0.6071428571428571,0.6861313868613138,0.6861313868613138,0.6861313868613138,0.6861313868613138,0.6667602655059894,2026-06-08,MIA,2026-03-06,0.6686438621091262,1.34,3.4,0.0,0.7169811320754716,True,397,0,,0.7462686567164178,0.7172995780590716,-0.031168191197757822,False,False,0.6961885476541052,True,PASS,0.7462686567164178,0.5
DET,BRK,0.6583461900149258,1.11,7.25,BRK,2026-03-07,0.0,0.6507936507936508,0.696078431372549,0.6071428571428571,0.6879432624113475,0.6879432624113475,0.6879432624113475,0.6879432624113475,0.7959345461623786,2026-06-08,BRK,2026-03-07,0.6583461900149258,1.11,7.25,0.0,0.6507936507936508,True,397,0,,0.9009009009009008,0.867224880382775,-0.1792816179714275,False,False,0.8481582896027983,True,PASS,0.9009009009009008,0.8
OKC,GSW,0.5981417739499767,1.11,7.0,OKC,2026-03-07,1.0,0.59375,0.6455696202531646,0.5910010338264451,0.6344827586206897,0.6344827586206897,0.6344827586206897,0.6344827586206897,0.7975108552728969,2026-06-08,OKC,2026-03-07,0.5981417739499767,1.11,7.0,1.0,0.59375,True,397,0,,0.9009009009009008,0.8631319358816276,-0.22864917726093792,False,False,0.8500127709092904,True,PASS,0.9009009009009008,0.85
MEM,LAC,0.5655499918869572,3.1,1.39,LAC,2026-03-07,0.0,0.5490196078431373,0.5172413793103449,0.5686274509803922,0.5333333333333333,0.5333333333333333,0.5333333333333333,0.5333333333333333,0.37625747407602506,2026-06-08,LAC,2026-03-07,0.5655499918869572,3.1,1.39,0.0,0.5490196078431373,True,397,0,,0.3225806451612903,0.309576837416481,0.22375649591685232,True,False,0.3232249629657501,True,PASS,0.3225806451612903,0.5
ATL,PHI,0.6281246709912118,1.36,3.25,ATL,2026-03-07,1.0,0.6507936507936508,0.6455696202531646,0.5925925925925926,0.6344827586206897,0.6344827586206897,0.6344827586206897,0.6344827586206897,0.6494156980288002,2026-06-08,ATL,2026-03-07,0.6281246709912118,1.36,3.25,1.0,0.6507936507936508,True,397,0,,0.7352941176470588,0.7049891540130152,-0.0705063953923255,False,False,0.6757831741515297,True,PASS,0.7352941176470588,0.45
CLE,BOS,0.608291023415958,1.89,1.93,BOS,2026-03-08,0.0,0.59375,0.6455696202531646,0.5925925925925926,0.6418918918918919,0.6418918918918919,0.6418918918918919,0.6418918918918919,0.5209975431681703,2026-06-08,BOS,2026-03-08,0.608291023415958,1.89,1.93,0.0,0.59375,True,397,0,,0.5291005291005292,0.5052356020942408,0.1366562897976511,True,False,0.5299964902402432,True,PASS,0.5291005291005292,0.65
SAS,HOU,0.6895705300812441,1.46,2.8,SAS,2026-03-08,1.0,0.7169811320754716,0.7037037037037037,0.6451612903225806,0.6879432624113475,0.6879432624113475,0.6879432624113475,0.6879432624113475,0.6514519696251371,2026-06-08,SAS,2026-03-08,0.6895705300812441,1.46,2.8,1.0,0.7169811320754716,True,397,0,,0.684931506849315,0.6572769953051644,0.030666267106183143,False,False,0.6781787877942789,True,PASS,0.684931506849315,0.85
MIA,DET,0.7159183012106347,2.1,1.77,MIA,2026-03-08,1.0,0.7169811320754716,0.7468354430379747,0.6451612903225806,0.7323943661971831,0.7323943661971831,0.7323943661971831,0.7323943661971831,0.47223869445146055,2026-06-08,MIA,2026-03-08,0.7159183012106347,2.1,1.77,1.0,0.7169811320754716,True,397,0,,0.47619047619047616,0.4573643410852713,0.2750300251119118,True,True,0.4603409920735151,True,MODEL_MARKET_GAP,0.47619047619047616,0.65
CLE,PHI,0.655838683782941,1.14,6.0,CLE,2026-03-09,1.0,0.6507936507936508,0.696078431372549,0.5967741935483871,0.6666666666666665,0.6666666666666665,0.6666666666666665,0.6666666666666665,0.7724455526782503,2026-06-08,CLE,2026-03-09,0.655838683782941,1.14,6.0,1.0,0.6507936507936508,True,397,0,,0.8771929824561404,0.8403361344537814,-0.1736694677871149,False,False,0.8205241796214711,True,PASS,0.8771929824561404,0.65
UTA,GSW,0.4599525690940427,3.2,1.37,UTA,2026-03-09,0.0,0.42028985507246375,0.4540540540540541,0.4222222222222222,0.4576271186440678,0.4576271186440678,0.4576271186440678,0.4576271186440678,0.3752084183695905,2026-06-08,UTA,2026-03-09,0.4599525690940427,3.2,1.37,1.0,0.42028985507246375,True,397,0,,0.3125,0.29978118161925604,0.15784593702481176,True,False,0.3217263119565579,True,PASS,0.3125,0.35
OKC,DEN,0.7707819641400924,1.37,3.2,OKC,2026-03-09,1.0,0.7169811320754716,0.7468354430379747,0.6451612903225806,0.7361111111111112,0.7361111111111112,0.7361111111111112,0.7361111111111112,0.6896652495232882,2026-06-08,OKC,2026-03-09,0.7707819641400924,1.37,3.2,1.0,0.7169811320754716,True,397,0,,0.7299270072992701,0.700218818380744,0.0358922927303672,False,False,0.7231355876744567,True,PASS,0.7299270072992701,0.85
LAL,MIN,0.7222950439602297,2.2,1.7,LAL,2026-03-10,1.0,0.7169811320754716,0.7468354430379747,0.6451612903225806,0.7361111111111112,0.7361111111111112,0.7361111111111112,0.7361111111111112,0.4570015992890664,2026-06-08,LAL,2026-03-10,0.7222950439602297,2.2,1.7,1.0,0.7169811320754716,True,397,0,,0.45454545454545453,0.4358974358974359,0.30021367521367526,True,True,0.43857371327009487,True,MODEL_MARKET_GAP,0.45454545454545453,0.7
BRK,DET,0.4341042198953746,8.5,1.08,DET,2026-03-10,1.0,0.42028985507246375,0.4540540540540541,0.4222222222222222,0.4666666666666667,0.4666666666666667,0.4666666666666667,0.4666666666666667,0.35,2026-06-08,DET,2026-03-10,0.4341042198953746,8.5,1.08,0.0,0.42028985507246375,True,397,0,,0.11764705882352941,0.1127348643006263,0.3539318023660404,True,False,0.11697653284443088,True,PASS,0.11764705882352941,0.25
DEN,HOU,0.5107250397275606,1.4,3.05,DEN,2026-03-11,1.0,0.5490196078431373,0.5094339622641508,0.5576923076923077,0.4951456310679612,0.4951456310679612,0.4951456310679612,0.4951456310679612,0.64258933801293,2026-06-08,DEN,2026-03-11,0.5107250397275606,1.4,3.05,1.0,0.5490196078431373,True,397,0,,0.7142857142857143,0.6853932584269663,-0.19024762735900508,False,False,0.6677521623681528,True,PASS,0.7142857142857143,0.65
ORL,CLE,0.6348601292402564,2.4,1.6,ORL,2026-03-11,1.0,0.6507936507936508,0.6455696202531646,0.5967741935483871,0.6423841059602649,0.6423841059602649,0.6423841059602649,0.6423841059602649,0.4350741500123744,2026-06-08,ORL,2026-03-11,0.6348601292402564,2.4,1.6,1.0,0.6507936507936508,True,397,0,,0.4166666666666667,0.39999999999999997,0.24238410596026488,True,True,0.4072487857319635,True,MODEL_MARKET_GAP,0.4166666666666667,0.7
LAC,MIN,0.7115126297039801,1.77,2.1,LAC,2026-03-11,1.0,0.7169811320754716,0.7037037037037037,0.6451612903225806,0.6981132075471698,0.6981132075471698,0.6981132075471698,0.6981132075471698,0.5454307112763014,2026-06-08,LAC,2026-03-11,0.7115126297039801,1.77,2.1,1.0,0.7169811320754716,True,397,0,,0.5649717514124294,0.5426356589147286,0.15547754863244112,True,False,0.564901016109002,True,PASS,0.5649717514124294,0.6
MIA,MIL,0.5870558858659234,1.39,3.1,MIA,2026-03-12,1.0,0.5490196078431373,0.5925925925925926,0.5714285714285714,0.5599999999999999,0.5599999999999999,0.5599999999999999,0.5599999999999999,0.6401452846312209,2026-06-08,MIA,2026-03-12,0.5870558858659234,1.39,3.1,1.0,0.5490196078431373,True,397,0,,0.7194244604316548,0.6904231625835189,-0.13042316258351894,False,False,0.6648768054484951,True,PASS,0.7194244604316548,0.65
MEM,DAL,0.4816562566548228,2.7,1.49,DAL,2026-03-12,1.0,0.42028985507246375,0.4540540540540541,0.425531914893617,0.4590163934426229,0.4590163934426229,0.4590163934426229,0.4590163934426229,0.383999895571152,2026-06-08,DAL,2026-03-12,0.4816562566548228,2.7,1.49,0.0,0.42028985507246375,True,397,0,,0.37037037037037035,0.3556085918854415,0.10340780155718138,False,False,0.383999895571152,False,PASS,0.37037037037037035,0.5
DET,PHI,0.5882819553965909,1.08,8.5,DET,2026-03-12,1.0,0.5490196078431373,0.5925925925925926,0.5714285714285714,0.5769230769230769,0.5769230769230769,0.5769230769230769,0.5769230769230769,0.8,2026-06-08,DET,2026-03-12,0.5882819553965909,1.08,8.5,1.0,0.5490196078431373,True,397,0,,0.9259259259259258,0.8872651356993737,-0.31034205877629684,False,False,0.8808516727301118,True,PASS,0.9259259259259258,0.8
ATL,BRK,0.7734876134875721,1.1,7.75,ATL,2026-03-12,1.0,0.7169811320754716,0.7468354430379747,0.6944444444444444,0.75,0.75,0.75,0.75,0.7971500903878068,2026-06-08,ATL,2026-03-12,0.7734876134875721,1.1,7.75,1.0,0.7169811320754716,True,397,0,,0.9090909090909091,0.8757062146892656,-0.12570621468926557,False,False,0.8495883416327139,True,PASS,0.9090909090909091,0.45
ORL,WAS,0.6863352889094484,1.1,7.5,ORL,2026-03-12,1.0,0.7169811320754716,0.696078431372549,0.609375,0.6804123711340206,0.6804123711340206,0.6804123711340206,0.6804123711340206,0.8,2026-06-08,ORL,2026-03-12,0.6863352889094484,1.1,7.5,1.0,0.7169811320754716,True,397,0,,0.9090909090909091,0.8720930232558138,-0.1916806521217932,False,False,0.8546345943210385,True,PASS,0.9090909090909091,0.7
HOU,NOP,0.5136720589703032,1.35,3.3,HOU,2026-03-13,1.0,0.5490196078431373,0.5094339622641508,0.5660377358490566,0.5,0.5,0.5,0.5,0.665263008227597,2026-06-08,HOU,2026-03-13,0.5136720589703032,1.35,3.3,1.0,0.5490196078431373,True,397,0,,0.7407407407407407,0.7096774193548387,-0.20967741935483875,False,False,0.6944270685030552,True,PASS,0.7407407407407407,0.75
IND,NYK,0.2127661348288982,7.0,1.11,NYK,2026-03-13,1.0,0.2222222222222222,0.2828282828282828,0.2857142857142857,0.2857142857142857,0.35,0.2857142857142857,0.2857142857142857,0.35,2026-06-08,NYK,2026-03-13,0.2127661348288982,7.0,1.11,0.0,0.2222222222222222,True,397,0,,0.14285714285714285,0.1368680641183724,0.21313193588162757,True,False,0.1517145351006241,True,PASS,0.14285714285714285,0.35
GSW,MIN,0.4577889286099847,2.95,1.42,MIN,2026-03-13,1.0,0.42028985507246375,0.4540540540540541,0.425531914893617,0.4590163934426229,0.4590163934426229,0.4590163934426229,0.4590163934426229,0.3950229460498731,2026-06-08,MIN,2026-03-13,0.4577889286099847,2.95,1.42,0.0,0.42028985507246375,True,397,0,,0.3389830508474576,0.32494279176201374,0.13407360168060917,True,False,0.3500327800712472,True,PASS,0.3389830508474576,0.7
POR,UTA,0.6395075752513084,1.1,7.75,POR,2026-03-13,1.0,0.6507936507936508,0.6455696202531646,0.609375,0.6451612903225806,0.6451612903225806,0.6451612903225806,0.6451612903225806,0.8,2026-06-08,POR,2026-03-13,0.6395075752513084,1.1,7.75,1.0,0.6507936507936508,True,397,0,,0.9090909090909091,0.8757062146892656,-0.23054492436668494,False,False,0.862788053201747,True,PASS,0.9090909090909091,0.5
ATL,MIL,0.7198837925084536,1.28,3.8,ATL,2026-03-14,1.0,0.7169811320754716,0.7468354430379747,0.7027027027027027,0.7532467532467533,0.7532467532467533,0.7532467532467533,0.7532467532467533,0.7149799701486409,2026-06-08,ATL,2026-03-14,0.7198837925084536,1.28,3.8,1.0,0.7169811320754716,True,397,0,,0.78125,0.7480314960629921,0.005215257183761146,False,False,0.7529176119395775,True,PASS,0.78125,0.45
BOS,WAS,0.6703178194219579,1.04,13.0,BOS,2026-03-14,1.0,0.7169811320754716,0.696078431372549,0.6133333333333333,0.6896551724137931,0.6896551724137931,0.6896551724137931,0.6896551724137931,0.8,2026-06-08,BOS,2026-03-14,0.6703178194219579,1.04,13.0,1.0,0.7169811320754716,True,397,0,,0.9615384615384615,0.9259259259259259,-0.23627075351213278,False,False,0.9136013662996847,True,PASS,0.9615384615384615,0.7
PHI,BRK,0.5032671429599865,1.26,4.0,PHI,2026-03-14,1.0,0.5,0.5094339622641508,0.40816326530612246,0.5,0.5,0.5,0.5,0.7128525144723991,2026-06-08,PHI,2026-03-14,0.5032671429599865,1.26,4.0,1.0,0.5,True,397,0,,0.7936507936507936,0.7604562737642586,-0.2604562737642586,False,False,0.7504147229087048,True,PASS,0.7936507936507936,0.5
LAC,SAC,0.7187131230207857,1.11,7.0,SAC,2026-03-14,0.0,0.7169811320754716,0.7468354430379747,0.7027027027027027,0.7532467532467533,0.7532467532467533,0.7532467532467533,0.7532467532467533,0.7850124009402399,2026-06-08,SAC,2026-03-14,0.7187131230207857,1.11,7.0,0.0,0.7169811320754716,True,397,0,,0.9009009009009008,0.8631319358816276,-0.10988518263487435,False,False,0.8353087069885177,True,PASS,0.9009009009009008,0.6
MIA,ORL,0.6480986054722246,1.62,2.36,ORL,2026-03-14,0.0,0.6507936507936508,0.6455696202531646,0.609375,0.6451612903225806,0.6451612903225806,0.6451612903225806,0.6451612903225806,0.6021248924191768,2026-06-08,ORL,2026-03-14,0.6480986054722246,1.62,2.36,0.0,0.6507936507936508,True,397,0,,0.6172839506172839,0.5929648241206029,0.05219646620197771,False,False,0.620146932257855,True,PASS,0.6172839506172839,0.65
MIL,IND,0.3263526744580715,1.39,3.1,MIL,2026-03-15,0.0,0.34,0.2828282828282828,0.27586206896551724,0.1654332501394329,0.35,0.1654332501394329,0.1654332501394329,0.6577539687937759,2026-06-08,MIL,2026-03-15,0.3263526744580715,1.39,3.1,1.0,0.34,True,397,0,,0.7194244604316548,0.6904231625835189,-0.3404231625835189,False,False,0.6855929044632658,True,PASS,0.7194244604316548,0.5
SAC,UTA,0.4797133278231607,1.65,2.3,SAC,2026-03-15,0.0,0.42028985507246375,0.4540540540540541,0.40816326530612246,0.2798433308167891,0.35,0.2798433308167891,0.2798433308167891,0.5695421835057062,2026-06-08,SAC,2026-03-15,0.4797133278231607,1.65,2.3,1.0,0.42028985507246375,True,397,0,,0.6060606060606061,0.5822784810126582,-0.23227848101265824,False,False,0.5695421835057062,False,PASS,0.6060606060606061,0.3
OKC,MIN,0.6323259948509331,1.28,3.85,OKC,2026-03-15,1.0,0.6507936507936508,0.6455696202531646,0.6133333333333333,0.4486417029674348,0.4486417029674348,0.4486417029674348,0.4486417029674348,0.7070179216458014,2026-06-08,OKC,2026-03-15,0.6323259948509331,1.28,3.85,1.0,0.6507936507936508,True,397,0,,0.78125,0.7504873294346978,-0.301845626467263,False,False,0.7435504960538839,True,PASS,0.78125,0.85
TOR,DET,0.4061841854820339,2.45,1.57,TOR,2026-03-15,0.0,0.42028985507246375,0.4540540540540541,0.40816326530612246,0.3103832782845773,0.35,0.3103832782845773,0.3103832782845773,0.3661217677458107,2026-06-08,TOR,2026-03-15,0.4061841854820339,2.45,1.57,1.0,0.42028985507246375,True,397,0,,0.4081632653061224,0.39054726368159204,-0.04054726368159206,False,False,0.3661217677458107,False,PASS,0.4081632653061224,0.6
ATL,ORL,0.7059583501906697,1.65,2.3,ATL,2026-03-16,1.0,0.7169811320754716,1.0,0.7027027027027027,1.0,0.8,1.0,1.0,0.5676193443076251,2026-06-08,ATL,2026-03-16,0.7059583501906697,1.65,2.3,1.0,0.7169811320754716,True,397,0,,0.6060606060606061,0.5822784810126582,0.21772151898734182,True,False,0.5965990632966073,True,PASS,0.6060606060606061,0.45
NOP,DAL,0.5480428549436696,1.28,3.8,NOP,2026-03-16,1.0,0.5490196078431373,0.6666666666666666,0.5740740740740742,0.6666666666666666,0.6666666666666666,0.6666666666666666,0.6666666666666666,0.6858145690134101,2026-06-08,NOP,2026-03-16,0.5480428549436696,1.28,3.8,1.0,0.5490196078431373,True,397,0,,0.78125,0.7480314960629921,-0.0813648293963255,False,False,0.7186053753098942,True,PASS,0.78125,0.35
CHO,MIA,0.6846977012732491,1.46,2.8,CHO,2026-03-17,1.0,0.7169811320754716,0.8991041425881743,0.6274509803921569,0.8991041425881743,0.8,0.8991041425881743,0.8991041425881743,0.6268739893062738,2026-06-08,CHO,2026-03-17,0.6846977012732491,1.46,2.8,1.0,0.7169811320754716,True,397,0,,0.684931506849315,0.6572769953051644,0.14272300469483568,True,False,0.6812485561518198,True,PASS,0.684931506849315,0.5
NYK,IND,0.6954451349646423,1.11,7.0,NYK,2026-03-17,1.0,0.7169811320754716,0.9501078321501306,0.7,0.9501078321501306,0.8,0.9501078321501306,0.9501078321501306,0.7842871305816312,2026-06-08,NYK,2026-03-17,0.6954451349646423,1.11,7.0,1.0,0.7169811320754716,True,397,0,,0.9009009009009008,0.8631319358816276,-0.06313193588162758,False,False,0.8344554477430957,True,PASS,0.9009009009009008,0.8
MIL,CLE,0.304407827264092,4.6,1.21,CLE,2026-03-17,1.0,0.34,0.0,0.3,0.0,0.35,0.0,0.0,0.35,2026-06-08,CLE,2026-03-17,0.304407827264092,4.6,1.21,0.0,0.34,True,397,0,,0.2173913043478261,0.20826161790017214,0.14173838209982784,True,False,0.2323626147452147,True,PASS,0.2173913043478261,0.5
MIN,PHX,,,,0,2026-03-17 00:00:00,,,,,,,,,,2026-06-07,0,2026-03-17,,,,,,True,397,0,,,,,False,False,,False,PASS,,0.7
CHI,TOR,0.568413697626502,3.45,1.33,TOR,2026-03-18,0.0,0.5490196078431373,0.5,0.5818181818181818,0.5,0.5,0.5,0.5,0.3544777956639094,2026-06-08,TOR,2026-03-18,0.568413697626502,3.45,1.33,0.0,0.5490196078431373,True,397,0,,0.2898550724637681,0.2782426778242678,0.22175732217573219,True,False,0.2921111366627277,True,PASS,0.2898550724637681,0.6
MIN,UTA,0.5041789556235436,1.12,6.5,MIN,2026-03-18,1.0,0.5490196078431373,0.5,0.517141701972898,0.5,0.5,0.5,0.5,0.7964282081630802,2026-06-08,MIN,2026-03-18,0.5041789556235436,1.12,6.5,1.0,0.5490196078431373,True,397,0,,0.8928571428571428,0.8530183727034122,-0.3530183727034122,False,False,0.8487390684271533,True,PASS,0.8928571428571428,0.7
MEM,DEN,0.3188836204639488,6.5,1.12,MEM,2026-03-18,0.0,0.34,0.25,0.3,0.25,0.35,0.25,0.25,0.35,2026-06-08,MEM,2026-03-18,0.3188836204639488,6.5,1.12,1.0,0.34,True,397,0,,0.15384615384615385,0.14698162729658795,0.20301837270341203,True,False,0.1630293479171777,True,PASS,0.15384615384615385,0.5
HOU,LAL,0.4263632567876522,1.74,2.14,LAL,2026-03-18,1.0,0.42028985507246375,0.25,0.44,0.25,0.35,0.25,0.25,0.535319178066805,2026-06-08,LAL,2026-03-18,0.4263632567876522,1.74,2.14,0.0,0.42028985507246375,True,397,0,,0.5747126436781609,0.5515463917525772,-0.20154639175257727,False,False,0.535319178066805,False,PASS,0.5747126436781609,0.75
SAS,PHX,,,,0,2026-03-19 00:00:00,,,,,,,,,,2026-06-07,0,2026-03-19,,,,,,True,397,0,,,,,False,False,,False,PASS,,0.85
CHI,CLE,0.4836977912919654,5.4,1.17,CLE,2026-03-19,1.0,0.42028985507246375,0.4341997674056369,0.44,0.4341997674056369,0.4341997674056369,0.4341997674056369,0.4341997674056369,0.35,2026-06-08,CLE,2026-03-19,0.4836977912919654,5.4,1.17,0.0,0.42028985507246375,True,397,0,,0.18518518518518517,0.1780821917808219,0.256117575624815,True,False,0.18850677641364832,True,PASS,0.18518518518518517,0.6
CHO,ORL,0.7218510185731304,1.46,2.8,CHO,2026-03-19,1.0,0.7169811320754716,1.0,0.7073170731707317,1.0,0.8,1.0,1.0,0.6268739893062738,2026-06-08,CHO,2026-03-19,0.7218510185731304,1.46,2.8,1.0,0.7169811320754716,True,397,0,,0.684931506849315,0.6572769953051644,0.14272300469483568,True,False,0.6812485561518198,True,PASS,0.684931506849315,0.5
WAS,DET,0.2641481757264978,7.25,1.11,DET,2026-03-19,1.0,0.2222222222222222,0.0,0.3,0.0,0.35,0.0,0.0,0.35,2026-06-08,DET,2026-03-19,0.2641481757264978,7.25,1.11,0.0,0.2222222222222222,True,397,0,,0.13793103448275862,0.13277511961722488,0.2172248803827751,True,False,0.1471520106376702,True,PASS,0.13793103448275862,0.3
NOP,LAC,0.6768902736861507,1.8,2.05,NOP,2026-03-19,1.0,0.7169811320754716,1.0,0.6274509803921569,1.0,0.8,1.0,1.0,0.5293361259320494,2026-06-08,NOP,2026-03-19,0.6768902736861507,1.8,2.05,1.0,0.7169811320754716,True,397,0,,0.5555555555555556,0.5324675324675325,0.2675324675324675,True,False,0.5419087513314991,True,PASS,0.5555555555555556,0.35
MIN,POR,0.4448752729622794,1.74,2.14,POR,2026-03-20,1.0,0.42028985507246375,0.5,0.4230769230769231,0.5,0.5,0.5,0.5,0.5244838021689797,2026-06-08,POR,2026-03-20,0.4448752729622794,1.74,2.14,0.0,0.42028985507246375,True,397,0,,0.5747126436781609,0.5515463917525772,-0.05154639175257725,False,False,0.5244838021689797,False,PASS,0.5747126436781609,0.7
BRK,NYK,0.2330876187085369,11.0,1.06,NYK,2026-03-20,1.0,0.2222222222222222,0.0,0.30303030303030304,0.0,0.35,0.0,0.0,0.35,2026-06-08,NYK,2026-03-20,0.2330876187085369,11.0,1.06,0.0,0.2222222222222222,True,397,0,,0.09090909090909091,0.087893864013267,0.262106135986733,True,False,0.09779275590831113,True,PASS,0.09090909090909091,0.25
DAL,LAC,0.3422679055018833,3.25,1.36,LAC,2026-03-21,1.0,0.34,0.1631972360860641,0.30303030303030304,0.1631972360860641,0.35,0.1631972360860641,0.1631972360860641,0.35,2026-06-08,LAC,2026-03-21,0.3422679055018833,3.25,1.36,0.0,0.34,True,397,0,,0.3076923076923077,0.29501084598698485,0.05498915401301513,False,False,0.322664878007392,False,PASS,0.3076923076923077,0.5
PHX,MIL,,,,0,2026-03-21 00:00:00,,,,,,,,,,2026-06-07,0,2026-03-21,,,,,,True,397,0,,,,,False,False,,False,PASS,,0.6
NYK,WAS,0.7109034251468868,1.03,15.0,NYK,2026-03-22,1.0,0.7169811320754716,1.0,0.7073170731707317,1.0,0.8,1.0,1.0,0.8,2026-06-08,NYK,2026-03-22,0.7109034251468868,1.03,15.0,1.0,0.7169811320754716,True,397,0,,0.970873786407767,0.9357454772301934,-0.13574547723019337,False,False,0.9108679922693896,True,PASS,0.970873786407767,0.8
DAL,GSW,0.2977412976627545,2.1,1.77,GSW,2026-03-23,1.0,0.34,0.6666666666666666,0.30303030303030304,0.6666666666666666,0.6666666666666666,0.6666666666666666,0.6666666666666666,0.47489353643481036,2026-06-08,GSW,2026-03-23,0.2977412976627545,2.1,1.77,0.0,0.34,True,397,0,,0.47619047619047616,0.4573643410852713,0.20930232558139533,True,True,0.4641336234783005,True,MODEL_MARKET_GAP,0.47619047619047616,0.5
ORL,IND,0.6706308222226741,1.12,6.5,IND,2026-03-23,0.0,0.7169811320754716,0.7821905159586778,0.627906976744186,0.7821905159586778,0.7821905159586778,0.7821905159586778,0.7821905159586778,0.7752273559272498,2026-06-08,IND,2026-03-23,0.6706308222226741,1.12,6.5,0.0,0.7169811320754716,True,397,0,,0.8928571428571428,0.8530183727034122,-0.07082785674473435,False,False,0.8237968893261762,True,PASS,0.8928571428571428,0.7
MEM,SAS,0.1582950106035474,10.0,1.06,SAS,2026-03-25,1.0,0.2222222222222222,0.0,0.30303030303030304,0.0,0.35,0.0,0.0,0.35,2026-06-08,SAS,2026-03-25,0.1582950106035474,10.0,1.06,0.0,0.2222222222222222,True,397,0,,0.1,0.09584086799276674,0.2541591320072332,True,False,0.106442112756049,True,PASS,0.1,0.5
DET,ATL,0.650585195601794,1.62,2.36,ATL,2026-03-25,0.0,0.6507936507936508,0.7142857142857143,0.627906976744186,0.7142857142857143,0.7142857142857143,0.7142857142857143,0.7142857142857143,0.5837143170416437,2026-06-08,ATL,2026-03-25,0.650585195601794,1.62,2.36,0.0,0.6507936507936508,True,397,0,,0.6172839506172839,0.5929648241206029,0.12132089016511138,True,False,0.6195918814880623,True,PASS,0.6172839506172839,0.8
DEN,DAL,0.6303884765297905,1.14,6.0,DEN,2026-03-25,1.0,0.6507936507936508,0.7142857142857143,0.627906976744186,0.7142857142857143,0.7142857142857143,0.7142857142857143,0.7142857142857143,0.7671203078384553,2026-06-08,DEN,2026-03-25,0.6303884765297905,1.14,6.0,1.0,0.6507936507936508,True,397,0,,0.8771929824561404,0.8403361344537814,-0.1260504201680671,False,False,0.8142591856923004,True,PASS,0.8771929824561404,0.65
CHO,NYK,0.665443567191073,1.83,2.0,CHO,2026-03-26,1.0,0.7169811320754716,0.7142857142857143,0.6125,0.7142857142857143,0.7142857142857143,0.7142857142857143,0.7142857142857143,0.5277195184919287,2026-06-08,CHO,2026-03-26,0.665443567191073,1.83,2.0,1.0,0.7169811320754716,True,397,0,,0.5464480874316939,0.5221932114882506,0.1920925027974637,True,False,0.5395993121313267,True,PASS,0.5464480874316939,0.5
BOS,ATL,0.6378098256568902,1.52,2.6,BOS,2026-03-27,1.0,0.6507936507936508,0.875,0.6125,0.875,0.8,0.875,0.875,0.606060613641926,2026-06-08,BOS,2026-03-27,0.6378098256568902,1.52,2.6,1.0,0.6507936507936508,True,397,0,,0.6578947368421053,0.6310679611650486,0.16893203883495145,True,False,0.6515151623456085,True,PASS,0.6578947368421053,0.7
CLE,MIA,0.5748714470496536,1.44,2.85,CLE,2026-03-27,1.0,0.5490196078431373,0.875,0.5789473684210527,0.875,0.8,0.875,0.875,0.6324564563139277,2026-06-08,CLE,2026-03-27,0.5748714470496536,1.44,2.85,1.0,0.5490196078431373,True,397,0,,0.6944444444444444,0.6643356643356644,0.13566433566433567,True,False,0.6892235090198966,True,PASS,0.6944444444444444,0.65
POR,DAL,0.7732250852209086,1.21,4.6,DAL,2026-03-27,0.0,0.7169811320754716,0.875,0.7209302325581395,0.875,0.8,0.875,0.875,0.7543109872281275,2026-06-08,DAL,2026-03-27,0.7732250852209086,1.21,4.6,0.0,0.7169811320754716,True,397,0,,0.8264462809917356,0.7917383820998279,0.008261617900172102,False,False,0.7991893967389735,True,PASS,0.8264462809917356,0.5
DEN,UTA,0.6542908222974083,1.06,11.0,DEN,2026-03-27,1.0,0.6507936507936508,0.875,0.6125,0.875,0.8,0.875,0.875,0.8,2026-06-08,DEN,2026-03-27,0.6542908222974083,1.06,11.0,1.0,0.6507936507936508,True,397,0,,0.9433962264150942,0.912106135986733,-0.11210613598673291,False,False,0.8844977555548719,True,PASS,0.9433962264150942,0.65
MEM,HOU,0.2910439507601141,6.75,1.12,HOU,2026-03-27,1.0,0.2222222222222222,0.0,0.2222222222222222,0.0,0.35,0.0,0.0,0.35,2026-06-08,HOU,2026-03-27,0.2910439507601141,6.75,1.12,0.0,0.2222222222222222,True,397,0,,0.14814814814814814,0.1423125794155019,0.20768742058449807,True,False,0.1577986571006613,True,PASS,0.14814814814814814,0.5
CHO,PHI,0.7479573815055159,1.43,2.9,PHI,2026-03-28,0.0,0.7169811320754716,0.875,0.7209302325581395,0.875,0.8,0.875,0.875,0.6367192271846839,2026-06-08,PHI,2026-03-28,0.7479573815055159,1.43,2.9,0.0,0.7169811320754716,True,397,0,,0.6993006993006994,0.6697459584295612,0.13025404157043885,True,False,0.6953131816924055,True,PASS,0.6993006993006994,0.5
PHX,UTA,,,,0,2026-03-28 00:00:00,,,,,,,,,,2026-06-07,0,2026-03-28,,,,,,True,397,0,,,,,False,False,,False,PASS,,0.6
TOR,ORL,0.5978125404656173,1.77,2.1,TOR,2026-03-29,1.0,0.59375,0.7142857142857143,0.6125,0.7142857142857143,0.7142857142857143,0.7142857142857143,0.7142857142857143,0.5439024773393074,2026-06-08,TOR,2026-03-29,0.5978125404656173,1.77,2.1,1.0,0.59375,True,397,0,,0.5649717514124294,0.5426356589147286,0.17165005537098565,True,False,0.5627178247704392,True,PASS,0.5649717514124294,0.6
IND,MIA,0.4134257020383902,3.85,1.28,IND,2026-03-29,0.0,0.42028985507246375,0.7142857142857143,0.41509433962264153,0.7142857142857143,0.7142857142857143,0.7142857142857143,0.7142857142857143,0.35,2026-06-08,IND,2026-03-29,0.4134257020383902,3.85,1.28,1.0,0.42028985507246375,True,397,0,,0.2597402597402597,0.2495126705653021,0.46477304372041217,True,True,0.250413663864601,True,MODEL_MARKET_GAP,0.2597402597402597,0.35
DEN,GSW,0.4206626796932117,1.15,5.7,DEN,2026-03-29,0.0,0.42028985507246375,0.7142857142857143,0.41509433962264153,0.7142857142857143,0.7142857142857143,0.7142857142857143,0.7142857142857143,0.7593371784039484,2026-06-08,DEN,2026-03-29,0.4206626796932117,1.15,5.7,1.0,0.42028985507246375,True,397,0,,0.8695652173913044,0.832116788321168,-0.11783107403545368,False,False,0.8051025628281746,True,PASS,0.8695652173913044,0.65
NOP,HOU,0.5981944590889858,2.95,1.42,HOU,2026-03-29,0.0,0.59375,0.7142857142857143,0.631578947368421,0.7142857142857143,0.7142857142857143,0.7142857142857143,0.7142857142857143,0.3786727074412509,2026-06-08,HOU,2026-03-29,0.5981944590889858,2.95,1.42,0.0,0.59375,True,397,0,,0.3389830508474576,0.32494279176201374,0.38934292252370056,True,True,0.3266752963446442,True,MODEL_MARKET_GAP,0.3389830508474576,0.35
DAL,MIN,0.5096979921989048,3.2,1.37,MIN,2026-03-30,0.0,0.5490196078431373,0.7142857142857143,0.5849056603773585,0.7142857142857143,0.7142857142857143,0.7142857142857143,0.7142857142857143,0.3608313030993614,2026-06-08,MIN,2026-03-30,0.5096979921989048,3.2,1.37,0.0,0.5490196078431373,True,397,0,,0.3125,0.29978118161925604,0.41450453266645826,True,True,0.30118757585623057,True,MODEL_MARKET_GAP,0.3125,0.5
ATL,BOS,0.6432560942855671,1.82,2.02,ATL,2026-03-30,1.0,0.6507936507936508,0.7142857142857143,0.6326530612244898,0.7142857142857143,0.7142857142857143,0.7142857142857143,0.7142857142857143,0.5307577626152664,2026-06-08,ATL,2026-03-30,0.6432560942855671,1.82,2.02,1.0,0.6507936507936508,True,397,0,,0.5494505494505494,0.5260416666666667,0.18824404761904756,True,False,0.5439396608789521,True,PASS,0.5494505494505494,0.45
MEM,PHX,,,,0,2026-03-30 00:00:00,,,,,,,,,,2026-06-07,0,2026-03-30,,,,,,True,397,0,,,,,False,False,,False,PASS,,0.5
BRK,CHO,0.4619409925335151,11.0,1.06,CHO,2026-03-31,1.0,0.42028985507246375,0.3333333333333333,0.43636363636363634,0.3333333333333333,0.35,0.3333333333333333,0.3333333333333333,0.35,2026-06-08,CHO,2026-03-31,0.4619409925335151,11.0,1.06,0.0,0.42028985507246375,True,397,0,,0.09090909090909091,0.087893864013267,0.262106135986733,True,False,0.09779275590831113,True,PASS,0.09090909090909091,0.25
MIL,DAL,0.3282589045914459,1.95,1.87,MIL,2026-03-31,0.0,0.34,0.3333333333333333,0.2857142857142857,0.3333333333333333,0.35,0.3333333333333333,0.3333333333333333,0.46513909235124895,2026-06-08,MIL,2026-03-31,0.3282589045914459,1.95,1.87,1.0,0.34,True,397,0,,0.5128205128205129,0.4895287958115184,-0.13952879581151845,False,False,0.46513909235124895,False,PASS,0.5128205128205129,0.5
LAC,POR,0.5434864376135944,1.44,2.85,POR,2026-03-31,0.0,0.5490196078431373,0.3333333333333333,0.5849056603773585,0.3333333333333333,0.35,0.3333333333333333,0.3333333333333333,0.6344325913326618,2026-06-08,POR,2026-03-31,0.5434864376135944,1.44,2.85,0.0,0.5490196078431373,True,397,0,,0.6944444444444444,0.6643356643356644,-0.3143356643356644,False,False,0.6581559898031316,True,PASS,0.6944444444444444,0.6
CHI,IND,0.244906260370068,1.57,2.45,IND,2026-04-01,1.0,0.2222222222222222,0.3333333333333333,0.2,0.3333333333333333,0.35,0.3333333333333333,0.3333333333333333,0.5993236071557663,2026-06-08,IND,2026-04-01,0.244906260370068,1.57,2.45,0.0,0.2222222222222222,True,397,0,,0.6369426751592356,0.609452736318408,-0.25945273631840804,False,False,0.5993236071557663,False,PASS,0.6369426751592356,0.6
WAS,PHI,0.283262470375124,7.25,1.11,PHI,2026-04-01,1.0,0.2222222222222222,0.3333333333333333,0.2,0.3333333333333333,0.35,0.3333333333333333,0.3333333333333333,0.35,2026-06-08,PHI,2026-04-01,0.283262470375124,7.25,1.11,0.0,0.2222222222222222,True,397,0,,0.13793103448275862,0.13277511961722488,0.2172248803827751,True,False,0.1471520106376702,True,PASS,0.13793103448275862,0.3
GSW,SAS,0.4102870011307738,7.0,1.11,SAS,2026-04-01,1.0,0.42028985507246375,0.3333333333333333,0.42857142857142855,0.3333333333333333,0.35,0.3333333333333333,0.3333333333333333,0.35,2026-06-08,SAS,2026-04-01,0.4102870011307738,7.0,1.11,0.0,0.42028985507246375,True,397,0,,0.14285714285714285,0.1368680641183724,0.21313193588162757,True,False,0.1517145351006241,True,PASS,0.14285714285714285,0.7
UTA,DEN,0.2690502613395287,11.0,1.06,DEN,2026-04-01,1.0,0.2222222222222222,0.3333333333333333,0.16666666666666666,0.3333333333333333,0.35,0.3333333333333333,0.3333333333333333,0.35,2026-06-08,DEN,2026-04-01,0.2690502613395287,11.0,1.06,0.0,0.2222222222222222,True,397,0,,0.09090909090909091,0.087893864013267,0.262106135986733,True,False,0.09779275590831113,True,PASS,0.09090909090909091,0.35
ORL,ATL,0.3357928572072244,2.36,1.62,ATL,2026-04-01,1.0,0.34,0.3333333333333333,0.2857142857142857,0.3333333333333333,0.35,0.3333333333333333,0.3333333333333333,0.3790764736874136,2026-06-08,ATL,2026-04-01,0.3357928572072244,2.36,1.62,0.0,0.34,True,397,0,,0.42372881355932207,0.40703517587939697,-0.05703517587939699,False,False,0.3790764736874136,False,PASS,0.42372881355932207,0.7
MIA,BOS,0.5143734958534106,2.64,1.51,BOS,2026-04-01,0.0,0.5490196078431373,0.3333333333333333,0.5849056603773585,0.3333333333333333,0.35,0.3333333333333333,0.3333333333333333,0.35220335173516293,2026-06-08,BOS,2026-04-01,0.5143734958534106,2.64,1.51,0.0,0.5490196078431373,True,397,0,,0.3787878787878788,0.363855421686747,-0.013855421686747027,False,False,0.35220335173516293,False,PASS,0.3787878787878788,0.65
OKC,LAL,0.6434835126548639,1.27,3.95,OKC,2026-04-02,1.0,0.6507936507936508,1.0,0.64,1.0,0.8,1.0,1.0,0.7396193593108018,2026-06-08,OKC,2026-04-02,0.6434835126548639,1.27,3.95,1.0,0.6507936507936508,True,397,0,,0.7874015748031495,0.7567049808429118,0.04329501915708822,False,False,0.7819051286009433,True,PASS,0.7874015748031495,0.85
LAC,SAS,0.599706249583549,2.42,1.59,SAS,2026-04-02,0.0,0.59375,0.5,0.6111111111111112,0.5,0.5,0.5,0.5,0.4248933178641121,2026-06-08,SAS,2026-04-02,0.599706249583549,2.42,1.59,0.0,0.59375,True,397,0,,0.4132231404958678,0.39650872817955113,0.10349127182044887,False,False,0.4248933178641121,False,PASS,0.4132231404958678,0.6
NYK,CHI,0.6466289597044065,1.07,9.0,NYK,2026-04-03,1.0,0.6507936507936508,1.0,0.64,1.0,0.8,1.0,1.0,0.8,2026-06-08,NYK,2026-04-03,0.6466289597044065,1.07,9.0,1.0,0.6507936507936508,True,397,0,,0.9345794392523364,0.893743793445879,-0.09374379344587891,False,False,0.8647010678737627,True,PASS,0.9345794392523364,0.8
BRK,ATL,0.2876391918831003,10.5,1.06,ATL,2026-04-03,1.0,0.2222222222222222,0.0,0.16666666666666666,0.0,0.35,0.0,0.0,0.35,2026-06-08,ATL,2026-04-03,0.2876391918831003,10.5,1.06,0.0,0.2222222222222222,True,397,0,,0.09523809523809523,0.09169550173010381,0.25830449826989615,True,False,0.10192558670613247,True,PASS,0.09523809523809523,0.25
CHO,IND,0.6649970454233736,1.07,9.0,CHO,2026-04-03,1.0,0.7169811320754716,1.0,0.64,1.0,0.8,1.0,1.0,0.8,2026-06-08,CHO,2026-04-03,0.6649970454233736,1.07,9.0,1.0,0.7169811320754716,True,397,0,,0.9345794392523364,0.893743793445879,-0.09374379344587891,False,False,0.8647010678737627,True,PASS,0.9345794392523364,0.5
SAC,NOP,0.2973421305001927,2.8,1.46,SAC,2026-04-03,0.0,0.34,0.0,0.16666666666666666,0.0,0.35,0.0,0.0,0.35,2026-06-08,SAC,2026-04-03,0.2973421305001927,2.8,1.46,1.0,0.34,True,397,0,,0.35714285714285715,0.34272300469483574,0.0072769953051642355,False,False,0.34936727983613525,False,PASS,0.35714285714285715,0.3
HOU,UTA,0.7064756622080821,1.06,11.0,HOU,2026-04-03,1.0,0.7169811320754716,1.0,0.6909090909090909,1.0,0.8,1.0,1.0,0.8,2026-06-08,HOU,2026-04-03,0.7064756622080821,1.06,11.0,1.0,0.7169811320754716,True,397,0,,0.9433962264150942,0.912106135986733,-0.11210613598673291,False,False,0.8844977555548719,True,PASS,0.9433962264150942,0.75
MIL,BOS,0.2780868380957767,11.0,1.06,BOS,2026-04-03,1.0,0.2222222222222222,0.0,0.16666666666666666,0.0,0.35,0.0,0.0,0.35,2026-06-08,BOS,2026-04-03,0.2780868380957767,11.0,1.06,0.0,0.2222222222222222,True,397,0,,0.09090909090909091,0.087893864013267,0.262106135986733,True,False,0.09779275590831113,True,PASS,0.09090909090909091,0.5
DEN,SAS,0.5839252306502424,2.2,1.7,DEN,2026-04-04,1.0,0.5490196078431373,1.0,0.5952380952380952,1.0,0.8,1.0,1.0,0.4559711453235147,2026-06-08,DEN,2026-04-04,0.5839252306502424,2.2,1.7,1.0,0.5490196078431373,True,397,0,,0.45454545454545453,0.4358974358974359,0.36410256410256414,True,True,0.43710163617644954,True,MODEL_MARKET_GAP,0.45454545454545453,0.65
MIA,WAS,0.2918787906171983,1.05,12.0,MIA,2026-04-04,0.0,0.34,0.1456465544925965,0.16534373810485684,0.1456465544925965,0.35,0.1456465544925965,0.1456465544925965,0.8,2026-06-08,MIA,2026-04-04,0.2918787906171983,1.05,12.0,1.0,0.34,True,397,0,,0.9523809523809523,0.9195402298850576,-0.5695402298850576,False,False,0.9190792604098416,True,PASS,0.9523809523809523,0.65
PHI,DET,0.5761953124307025,2.24,1.68,DET,2026-04-04,0.0,0.5490196078431373,0.9853633087635458,0.5952380952380952,0.9853633087635458,0.8,0.9853633087635458,0.9853633087635458,0.45081856220492933,2026-06-08,DET,2026-04-04,0.5761953124307025,2.24,1.68,0.0,0.5490196078431373,True,397,0,,0.4464285714285714,0.4285714285714286,0.37142857142857144,True,True,0.42974080314989904,True,MODEL_MARKET_GAP,0.4464285714285714,0.5
GSW,HOU,0.2958312717220517,2.36,1.62,HOU,2026-04-05,1.0,0.34,0.5,0.2718046863632371,0.5,0.5,0.5,0.5,0.4361183816075574,2026-06-08,HOU,2026-04-05,0.2958312717220517,2.36,1.62,0.0,0.34,True,397,0,,0.42372881355932207,0.40703517587939697,0.09296482412060303,False,False,0.4361183816075574,False,PASS,0.42372881355932207,0.7
OKC,UTA,0.7729825466172888,1.02,19.0,OKC,2026-04-05,1.0,0.7169811320754716,1.0,0.6964285714285714,1.0,0.8,1.0,1.0,0.8,2026-06-08,OKC,2026-04-05,0.7729825466172888,1.02,19.0,1.0,0.7169811320754716,True,397,0,,0.9803921568627451,0.949050949050949,-0.14905094905094896,False,False,0.9259204668303785,True,PASS,0.9803921568627451,0.85
SAC,LAC,0.3972288153173424,7.0,1.11,LAC,2026-04-05,1.0,0.34,0.5,0.375,0.5,0.5,0.5,0.5,0.35,2026-06-08,LAC,2026-04-05,0.3972288153173424,7.0,1.11,0.0,0.34,True,397,0,,0.14285714285714285,0.1368680641183724,0.3631319358816276,True,False,0.14074721788878233,True,PASS,0.14285714285714285,0.3
BOS,TOR,0.6613277757482113,1.22,4.5,BOS,2026-04-05,1.0,0.6507936507936508,1.0,0.660377358490566,1.0,0.8,1.0,1.0,0.7532717823603896,2026-06-08,BOS,2026-04-05,0.6613277757482113,1.22,4.5,1.0,0.6507936507936508,True,397,0,,0.819672131147541,0.7867132867132867,0.01328671328671338,False,False,0.797966802776929,True,PASS,0.819672131147541,0.7
CLE,IND,0.6706071439714927,1.07,9.5,CLE,2026-04-05,1.0,0.7169811320754716,1.0,0.660377358490566,1.0,0.8,1.0,1.0,0.8,2026-06-08,CLE,2026-04-05,0.6706071439714927,1.07,9.5,1.0,0.7169811320754716,True,397,0,,0.9345794392523364,0.8987701040681173,-0.09877010406811726,False,False,0.8700335875169438,True,PASS,0.9345794392523364,0.65
BRK,WAS,0.2562829678607336,1.59,2.42,BRK,2026-04-05,0.0,0.2222222222222222,0.5,0.14285714285714285,0.5,0.5,0.5,0.5,0.5751066821358878,2026-06-08,BRK,2026-04-05,0.2562829678607336,1.59,2.42,1.0,0.2222222222222222,True,397,0,,0.6289308176100629,0.6034912718204488,-0.10349127182044882,False,False,0.5751066821358878,False,PASS,0.6289308176100629,0.25
DAL,LAL,0.5629475201914665,2.02,1.82,DAL,2026-04-05,1.0,0.5490196078431373,0.5,0.5535714285714286,0.5,0.5,0.5,0.5,0.49276435248161676,2026-06-08,DAL,2026-04-05,0.5629475201914665,2.02,1.82,1.0,0.5490196078431373,True,397,0,,0.49504950495049505,0.4739583333333334,0.026041666666666574,False,False,0.49276435248161676,False,PASS,0.49504950495049505,0.5
CHI,PHX,,,,0,2026-04-05 00:00:00,,,,,,,,,,2026-06-07,0,2026-04-05,,,,,,True,397,0,,,,,False,False,,False,PASS,,0.6
ATL,NYK,0.5623116844368826,1.83,2.0,NYK,2026-04-06,0.0,0.5490196078431373,0.5,0.5555555555555556,0.5,0.5,0.5,0.5,0.5053765305011247,2026-06-08,NYK,2026-04-06,0.5623116844368826,1.83,2.0,0.0,0.5490196078431373,True,397,0,,0.5464480874316939,0.5221932114882506,-0.022193211488250597,False,False,0.5053765305011247,False,PASS,0.5464480874316939,0.45
DEN,POR,0.553951460192319,1.29,3.7,DEN,2026-04-06,1.0,0.5490196078431373,0.5,0.5555555555555556,0.5,0.5,0.5,0.5,0.6952288927345954,2026-06-08,DEN,2026-04-06,0.553951460192319,1.29,3.7,1.0,0.5490196078431373,True,397,0,,0.7751937984496123,0.7414829659318637,-0.2414829659318637,False,False,0.7296810502759946,True,PASS,0.7751937984496123,0.65
ORL,DET,0.3283549812392624,2.24,1.68,ORL,2026-04-06,0.0,0.34,0.3333333333333333,0.3235294117647059,0.3333333333333333,0.35,0.3333333333333333,0.3333333333333333,0.3991458218545707,2026-06-08,ORL,2026-04-06,0.3283549812392624,2.24,1.68,1.0,0.34,True,397,0,,0.4464285714285714,0.4285714285714286,-0.07857142857142863,False,False,0.3991458218545707,False,PASS,0.4464285714285714,0.7
BRK,MIL,0.298635635878872,2.2,1.7,BRK,2026-04-07,0.0,0.34,0.35091342014031,0.3235294117647059,0.35091342014031,0.35091342014031,0.35091342014031,0.35091342014031,0.4065218771954221,2026-06-08,BRK,2026-04-07,0.298635635878872,2.2,1.7,1.0,0.34,True,397,0,,0.45454545454545453,0.4358974358974359,-0.08498401575712589,False,False,0.4065218771954221,False,PASS,0.45454545454545453,0.25
GSW,SAC,0.5375615395480338,1.1,7.75,GSW,2026-04-07,1.0,0.5490196078431373,0.6666666666666666,0.5555555555555556,0.6666666666666666,0.6666666666666666,0.6666666666666666,0.6666666666666666,0.8,2026-06-08,GSW,2026-04-07,0.5375615395480338,1.1,7.75,1.0,0.5490196078431373,True,397,0,,0.9090909090909091,0.8757062146892656,-0.20903954802259894,False,False,0.8603805460917067,True,PASS,0.9090909090909091,0.7
LAL,OKC,0.4706680922662827,11.0,1.06,OKC,2026-04-07,1.0,0.42028985507246375,0.6666666666666666,0.42105263157894735,0.6666666666666666,0.6666666666666666,0.6666666666666666,0.6666666666666666,0.35,2026-06-08,OKC,2026-04-07,0.4706680922662827,11.0,1.06,0.0,0.42028985507246375,True,397,0,,0.09090909090909091,0.087893864013267,0.5787728026533996,True,True,0.08822711297453714,True,MODEL_MARKET_GAP,0.09090909090909091,0.7
BOS,CHO,0.6433726136903607,1.49,2.7,BOS,2026-04-07,1.0,0.6507936507936508,0.8176381766005141,0.6727272727272727,0.8176381766005141,0.8,0.8176381766005141,0.8176381766005141,0.6166473413711471,2026-06-08,BOS,2026-04-07,0.6433726136903607,1.49,2.7,1.0,0.6507936507936508,True,397,0,,0.6711409395973155,0.6443914081145585,0.15560859188544152,True,False,0.6666390591016387,True,PASS,0.6711409395973155,0.7
LAC,DAL,0.6141348566663283,1.16,5.55,LAC,2026-04-07,1.0,0.59375,0.7631844667103361,0.6052631578947368,0.7631844667103361,0.7631844667103361,0.7631844667103361,0.7631844667103361,0.7536162985440745,2026-06-08,LAC,2026-04-07,0.6141348566663283,1.16,5.55,1.0,0.59375,True,397,0,,0.8620689655172414,0.827123695976155,-0.06393922926581885,False,False,0.7983721159342053,True,PASS,0.8620689655172414,0.6
PHX,HOU,,,,0,2026-04-07 00:00:00,,,,,,,,,,2026-06-07,0,2026-04-07,,,,,,True,397,0,,,,,False,False,,False,PASS,,0.6
DEN,MEM,0.621534456000197,1.03,15.0,DEN,2026-04-08,1.0,0.59375,1.0,0.6052631578947368,1.0,0.8,1.0,1.0,0.8,2026-06-08,DEN,2026-04-08,0.621534456000197,1.03,15.0,1.0,0.59375,True,397,0,,0.970873786407767,0.9357454772301934,-0.13574547723019337,False,False,0.9108679922693896,True,PASS,0.970873786407767,0.65
CLE,ATL,0.6482616334479469,1.83,2.0,CLE,2026-04-08,1.0,0.6507936507936508,1.0,0.6727272727272727,1.0,0.8,1.0,1.0,0.5215707924946906,2026-06-08,CLE,2026-04-08,0.6482616334479469,1.83,2.0,1.0,0.6507936507936508,True,397,0,,0.5464480874316939,0.5221932114882506,0.27780678851174945,True,False,0.530815417849558,True,PASS,0.5464480874316939,0.65
PHX,DAL,,,,0,2026-04-08 00:00:00,,,,,,,,,,2026-06-07,0,2026-04-08,,,,,,True,397,0,,,,,False,False,,False,PASS,,0.6
DET,MIL,0.677983570944878,1.04,14.0,DET,2026-04-08,1.0,0.7169811320754716,1.0,0.7,1.0,0.8,1.0,1.0,0.8,2026-06-08,DET,2026-04-08,0.677983570944878,1.04,14.0,1.0,0.7169811320754716,True,397,0,,0.9615384615384615,0.9308510638297872,-0.13085106382978717,False,False,0.9053576162569225,True,PASS,0.9615384615384615,0.8
SAS,POR,0.6949182623791319,1.6,2.4,SAS,2026-04-08,1.0,0.7169811320754716,1.0,0.7021276595744681,1.0,0.8,1.0,1.0,0.5814918998073457,2026-06-08,SAS,2026-04-08,0.6949182623791319,1.6,2.4,1.0,0.7169811320754716,True,397,0,,0.625,0.6,0.20000000000000007,True,False,0.6164169997247797,True,PASS,0.625,0.85
LAC,OKC,0.5428114828113458,3.2,1.37,OKC,2026-04-08,0.0,0.5490196078431373,0.6,0.5606060606060606,0.6,0.6,0.6,0.6,0.36395478335390363,2026-06-08,OKC,2026-04-08,0.5428114828113458,3.2,1.37,0.0,0.5490196078431373,True,397,0,,0.3125,0.29978118161925604,0.30021881838074393,True,True,0.3056496905055766,True,MODEL_MARKET_GAP,0.3125,0.6
GSW,LAL,0.6560327833762352,1.52,2.6,LAL,2026-04-09,0.0,0.6507936507936508,1.0,0.6842105263157895,1.0,0.8,1.0,1.0,0.606060613641926,2026-06-08,LAL,2026-04-09,0.6560327833762352,1.52,2.6,0.0,0.6507936507936508,True,397,0,,0.6578947368421053,0.6310679611650486,0.16893203883495145,True,False,0.6515151623456085,True,PASS,0.6578947368421053,0.7
WAS,CHI,0.2913274911824757,3.1,1.39,CHI,2026-04-09,1.0,0.2222222222222222,0.5,0.2528320342502155,0.5,0.5,0.5,0.5,0.3790368564203529,2026-06-08,CHI,2026-04-09,0.2913274911824757,3.1,1.39,0.0,0.2222222222222222,True,397,0,,0.3225806451612903,0.309576837416481,0.190423162583519,True,False,0.3271955091719327,True,PASS,0.3225806451612903,0.3
TOR,MIA,0.7357555297150868,1.62,2.36,TOR,2026-04-09,1.0,0.7169811320754716,1.0,0.7021276595744681,1.0,0.8,1.0,1.0,0.5759700511264536,2026-06-08,TOR,2026-04-09,0.7357555297150868,1.62,2.36,1.0,0.7169811320754716,True,397,0,,0.6172839506172839,0.5929648241206029,0.20703517587939713,True,False,0.6085286444663622,True,PASS,0.6172839506172839,0.6
NYK,BOS,0.6442449022752106,1.46,2.8,NYK,2026-04-09,1.0,0.6507936507936508,1.0,0.6842105263157895,1.0,0.8,1.0,1.0,0.6268739893062738,2026-06-08,NYK,2026-04-09,0.6442449022752106,1.46,2.8,1.0,0.6507936507936508,True,397,0,,0.684931506849315,0.6572769953051644,0.14272300469483568,True,False,0.6812485561518198,True,PASS,0.684931506849315,0.8
BRK,IND,0.5061907340463675,2.3,1.65,IND,2026-04-09,0.0,0.5490196078431373,0.5,0.5606060606060606,0.5,0.5,0.5,0.5,0.4471401620383525,2026-06-08,IND,2026-04-09,0.5061907340463675,2.3,1.65,0.0,0.5490196078431373,True,397,0,,0.4347826086956522,0.4177215189873418,0.08227848101265822,False,False,0.4471401620383525,False,PASS,0.4347826086956522,0.25
CHO,DET,0.659574382323913,1.49,2.7,DET,2026-04-10,0.0,0.6507936507936508,0.5245691265003336,0.6779661016949152,0.5245691265003336,0.5245691265003336,0.5245691265003336,0.5245691265003336,0.5999565862322104,2026-06-08,DET,2026-04-10,0.659574382323913,1.49,2.7,0.0,0.6507936507936508,True,397,0,,0.6711409395973155,0.6443914081145585,-0.11982228161422492,False,False,0.6175959838026004,True,PASS,0.6711409395973155,0.5
SAC,GSW,0.4006103278790056,4.7,1.21,SAC,2026-04-10,0.0,0.42028985507246375,0.0,0.3597382227665964,0.0,0.35,0.0,0.0,0.35,2026-06-08,SAC,2026-04-10,0.4006103278790056,4.7,1.21,1.0,0.42028985507246375,True,397,0,,0.2127659574468085,0.20473773265651438,0.1452622673434856,True,False,0.2283735325465362,True,PASS,0.2127659574468085,0.3
UTA,MEM,0.4230466712116664,1.62,2.36,UTA,2026-04-10,0.0,0.42028985507246375,0.0,0.41379310344827586,0.0,0.35,0.0,0.0,0.5813084125894404,2026-06-08,UTA,2026-04-10,0.4230466712116664,1.62,2.36,1.0,0.42028985507246375,True,397,0,,0.6172839506172839,0.5929648241206029,-0.24296482412060294,False,False,0.5813084125894404,False,PASS,0.6172839506172839,0.35
IND,PHI,0.6252156523458035,8.5,1.08,PHI,2026-04-10,0.0,0.59375,0.4310804948030847,0.625,0.4310804948030847,0.4310804948030847,0.4310804948030847,0.4310804948030847,0.35,2026-06-08,PHI,2026-04-10,0.6252156523458035,8.5,1.08,0.0,0.59375,True,397,0,,0.11764705882352941,0.1127348643006263,0.3183456305024584,True,False,0.11868740001726653,True,PASS,0.11764705882352941,0.35
DEN,OKC,0.3599029962455319,1.17,5.4,DEN,2026-04-10,0.0,0.34,0.0,0.35555555555555557,0.0,0.35,0.0,0.0,0.7725301335507193,2026-06-08,DEN,2026-04-10,0.3599029962455319,1.17,5.4,1.0,0.34,True,397,0,,0.8547008547008548,0.8219178082191781,-0.47191780821917817,False,False,0.820623686530258,True,PASS,0.8547008547008548,0.65
NYK,TOR,0.5983604361172129,1.37,3.2,NYK,2026-04-10,1.0,0.59375,0.3338171648611938,0.625,0.3338171648611938,0.35,0.3338171648611938,0.3338171648611938,0.6664489177260144,2026-06-08,NYK,2026-04-10,0.5983604361172129,1.37,3.2,1.0,0.59375,True,397,0,,0.7299270072992701,0.700218818380744,-0.350218818380744,False,False,0.6958222561482523,True,PASS,0.7299270072992701,0.8
ATL,CLE,0.62438589264527,1.29,3.7,ATL,2026-04-10,1.0,0.59375,0.4280752986863039,0.6190476190476192,0.4280752986863039,0.4280752986863039,0.4280752986863039,0.4280752986863039,0.6999621997964177,2026-06-08,ATL,2026-04-10,0.62438589264527,1.29,3.7,1.0,0.59375,True,397,0,,0.7751937984496123,0.7414829659318637,-0.3134076672455598,False,False,0.7352496468193149,True,PASS,0.7751937984496123,0.45
SAS,DAL,0.7358126786982531,1.05,12.0,SAS,2026-04-10,1.0,0.7169811320754716,1.0,0.7096774193548387,1.0,0.8,1.0,1.0,0.8,2026-06-08,SAS,2026-04-10,0.7358126786982531,1.05,12.0,1.0,0.7169811320754716,True,397,0,,0.9523809523809523,0.9195402298850576,-0.11954022988505753,False,False,0.8927134646240841,True,PASS,0.9523809523809523,0.85
CHI,ORL,0.3104902247302264,7.75,1.1,ORL,2026-04-10,1.0,0.34,0.0,0.35555555555555557,0.0,0.35,0.0,0.0,0.35,2026-06-08,ORL,2026-04-10,0.3104902247302264,7.75,1.1,0.0,0.34,True,397,0,,0.12903225806451613,0.12429378531073447,0.2257062146892655,True,False,0.137729366963938,True,PASS,0.12903225806451613,0.6
MIL,BRK,0.4814155800821607,1.21,4.6,MIL,2026-04-10,0.0,0.42028985507246375,0.0,0.41379310344827586,0.0,0.35,0.0,0.0,0.7464761180326687,2026-06-08,MIL,2026-04-10,0.4814155800821607,1.21,4.6,1.0,0.42028985507246375,True,397,0,,0.8264462809917356,0.7917383820998279,-0.44173838209982796,False,False,0.7899719035678455,True,PASS,0.8264462809917356,0.5
WAS,MIA,0.3178152799719467,11.0,1.06,MIA,2026-04-10,1.0,0.34,0.0,0.35555555555555557,0.0,0.35,0.0,0.0,0.35,2026-06-08,MIA,2026-04-10,0.3178152799719467,11.0,1.06,0.0,0.34,True,397,0,,0.09090909090909091,0.087893864013267,0.262106135986733,True,False,0.09779275590831113,True,PASS,0.09090909090909091,0.3
HOU,MIN,0.7376196734236814,1.21,4.6,MIN,2026-04-10,0.0,0.7169811320754716,1.0,0.7021276595744681,1.0,0.8,1.0,1.0,0.7543109872281275,2026-06-08,MIN,2026-04-10,0.7376196734236814,1.21,4.6,0.0,0.7169811320754716,True,397,0,,0.8264462809917356,0.7917383820998279,0.008261617900172102,False,False,0.7991893967389735,True,PASS,0.8264462809917356,0.75
LAL,PHX,,,,0,2026-04-10 00:00:00,,,,,,,,,,2026-06-07,0,2026-04-10,,,,,,True,397,0,,,,,False,False,,False,PASS,,0.7
POR,LAC,0.7325645562037011,1.87,1.95,POR,2026-04-10,1.0,0.7169811320754716,1.0,0.7021276595744681,1.0,0.8,1.0,1.0,0.512762725582098,2026-06-08,POR,2026-04-10,0.7325645562037011,1.87,1.95,1.0,0.7169811320754716,True,397,0,,0.53475935828877,0.5104712041884817,0.28952879581151836,True,False,0.5182324651172828,True,PASS,0.53475935828877,0.5
BOS,ORL,0.6412479546015236,2.4,1.6,BOS,2026-04-12,1.0,0.6507936507936508,0.6851851851851852,0.6825396825396826,0.582010582010582,0.582010582010582,0.582010582010582,0.582010582010582,0.44309535528881555,2026-06-08,BOS,2026-04-12,0.6412479546015236,2.4,1.6,1.0,0.6507936507936508,True,397,0,,0.4166666666666667,0.39999999999999997,0.182010582010582,True,False,0.41870765041259367,True,PASS,0.4166666666666667,0.7
NYK,CHO,0.7079743302566164,3.35,1.34,CHO,2026-04-12,0.0,0.7169811320754716,0.7763157894736842,0.7230769230769231,0.582010582010582,0.582010582010582,0.582010582010582,0.582010582010582,0.35510888564482923,2026-06-08,CHO,2026-04-12,0.7079743302566164,3.35,1.34,0.0,0.7169811320754716,True,397,0,,0.29850746268656714,0.2857142857142857,0.2962962962962963,True,False,0.2930126937783275,True,PASS,0.29850746268656714,0.8
SAS,DEN,0.6628969408557315,1.77,2.1,DEN,2026-04-12,0.0,0.6507936507936508,0.6851851851851852,0.6825396825396826,0.582010582010582,0.582010582010582,0.582010582010582,0.582010582010582,0.5667050897509145,2026-06-08,DEN,2026-04-12,0.6628969408557315,1.77,2.1,0.0,0.6507936507936508,True,397,0,,0.5649717514124294,0.5426356589147286,0.03937492309585333,False,False,0.5667050897509145,False,PASS,0.5649717514124294,0.85
POR,SAC,0.7119671008780355,1.07,9.0,POR,2026-04-12,1.0,0.7169811320754716,0.7763157894736842,0.7142857142857143,0.582010582010582,0.582010582010582,0.582010582010582,0.582010582010582,0.8,2026-06-08,POR,2026-04-12,0.7119671008780355,1.07,9.0,1.0,0.7169811320754716,True,397,0,,0.9345794392523364,0.893743793445879,-0.311733211435297,False,False,0.8874126390565255,True,PASS,0.9345794392523364,0.5
HOU,MEM,0.8010972902793669,,,HOU,2026-04-12,1.0,0.8,0.7763157894736842,0.7230769230769231,0.582010582010582,0.582010582010582,0.582010582010582,0.582010582010582,0.582010582010582,2026-06-08,HOU,2026-04-12,0.8010972902793669,,,1.0,0.8,True,397,0,,,,,False,False,,False,PASS,,0.75
IND,DET,0.5603736197019421,6.75,1.12,DET,2026-04-12,0.0,0.5490196078431373,0.5584415584415585,0.5441176470588235,0.582010582010582,0.582010582010582,0.582010582010582,0.582010582010582,0.35,2026-06-08,DET,2026-04-12,0.5603736197019421,6.75,1.12,0.0,0.5490196078431373,True,397,0,,0.14814814814814814,0.1423125794155019,0.4396980025950801,True,False,0.1441163208837451,True,PASS,0.14814814814814814,0.35
MIA,ATL,0.1883395095532451,3.15,1.38,MIA,2026-04-12,0.0,0.2222222222222222,0.1818181818181818,0.1875,0.582010582010582,0.582010582010582,0.582010582010582,0.582010582010582,0.36930381962544134,2026-06-08,MIA,2026-04-12,0.1883395095532451,3.15,1.38,1.0,0.2222222222222222,True,397,0,,0.31746031746031744,0.3046357615894039,0.27737482042117806,True,False,0.3132911708934876,True,PASS,0.31746031746031744,0.65
LAL,UTA,0.5017492187824466,,,LAL,2026-04-12,1.0,0.42028985507246375,0.4683544303797468,0.4426229508196721,0.582010582010582,0.582010582010582,0.582010582010582,0.582010582010582,0.582010582010582,2026-06-08,LAL,2026-04-12,0.5017492187824466,,,1.0,0.42028985507246375,True,397,0,,,,,False,False,,False,PASS,,0.7
MIN,NOP,0.639595436339708,,,MIN,2026-04-12,1.0,0.6507936507936508,0.6851851851851852,0.6666666666666666,0.582010582010582,0.582010582010582,0.582010582010582,0.582010582010582,0.582010582010582,2026-06-08,MIN,2026-04-12,0.639595436339708,,,1.0,0.6507936507936508,True,397,0,,,,,False,False,,False,PASS,,0.7
CLE,WAS,0.6670424887424714,1.06,10.5,CLE,2026-04-12,1.0,0.7169811320754716,0.7692307692307693,0.6666666666666666,0.582010582010582,0.582010582010582,0.582010582010582,0.582010582010582,0.8,2026-06-08,CLE,2026-04-12,0.6670424887424714,1.06,10.5,1.0,0.7169811320754716,True,397,0,,0.9433962264150942,0.9083044982698962,-0.32629391625931425,False,False,0.9027803746965601,True,PASS,0.9433962264150942,0.65
LAC,GSW,0.6427955756017893,1.28,3.8,LAC,2026-04-12,1.0,0.6507936507936508,0.6851851851851852,0.6666666666666666,0.582010582010582,0.582010582010582,0.582010582010582,0.582010582010582,0.6931131591227212,2026-06-08,LAC,2026-04-12,0.6427955756017893,1.28,3.8,1.0,0.6507936507936508,True,397,0,,0.78125,0.7480314960629921,-0.16602091405241015,False,False,0.7271919519090838,True,PASS,0.78125,0.6
OKC,PHX,,,,0,2026-04-12 00:00:00,,,,,,,,,,2026-06-07,0,2026-04-12,,,,,,True,397,0,,,,,False,False,,False,PASS,,0.85
TOR,BRK,0.7861928096890646,1.04,14.0,TOR,2026-04-12,1.0,0.7169811320754716,0.7763157894736842,0.7142857142857143,0.582010582010582,0.582010582010582,0.582010582010582,0.582010582010582,0.8,2026-06-08,TOR,2026-04-12,0.7861928096890646,1.04,14.0,1.0,0.7169811320754716,True,397,0,,0.9615384615384615,0.9308510638297872,-0.34884048181920524,False,False,0.9263957000111723,True,PASS,0.9615384615384615,0.6
PHI,MIL,0.5675332433260578,1.09,8.0,PHI,2026-04-12,1.0,0.5490196078431373,0.5584415584415585,0.5441176470588235,0.582010582010582,0.582010582010582,0.582010582010582,0.582010582010582,0.8,2026-06-08,PHI,2026-04-12,0.5675332433260578,1.09,8.0,1.0,0.5490196078431373,True,397,0,,0.9174311926605504,0.8800880088008802,-0.29807742679029825,False,False,0.8729073908903264,True,PASS,0.9174311926605504,0.5
LAC,GSW,0.5753618043916816,1.52,2.6,GSW,2026-04-15,0.0,0.5490196078431373,0.5569620253164557,0.5428571428571428,0.5892857142857143,0.5892857142857143,0.5892857142857143,0.5892857142857143,0.5903414688704878,2026-06-08,GSW,2026-04-15,0.5753618043916816,1.52,2.6,0.0,0.5490196078431373,True,397,0,,0.6578947368421053,0.6310679611650486,-0.041782246879334295,False,False,0.6062840810241032,True,PASS,0.6578947368421053,0.6
PHI,ORL,0.646008096154071,1.87,1.95,PHI,2026-04-15,1.0,0.6507936507936508,0.6896551724137931,0.6825396825396826,0.5892857142857143,0.5892857142857143,0.5892857142857143,0.5892857142857143,0.5398982960519656,2026-06-08,PHI,2026-04-15,0.646008096154071,1.87,1.95,1.0,0.6507936507936508,True,397,0,,0.53475935828877,0.5104712041884817,0.07881451009723262,False,False,0.5398982960519656,False,PASS,0.53475935828877,0.5
ORL,CHO,0.5601159964064492,2.45,1.57,ORL,2026-04-17,1.0,0.5490196078431373,0.55,0.5428571428571428,0.5888324873096447,0.5888324873096447,0.5888324873096447,0.5888324873096447,0.4350233038292579,2026-06-08,ORL,2026-04-17,0.5601159964064492,2.45,1.57,1.0,0.5490196078431373,True,397,0,,0.4081632653061224,0.39054726368159204,0.19828522362805262,True,False,0.40717614832751126,True,PASS,0.4081632653061224,0.7
PHX,GSW,,,,0,2026-04-17 00:00:00,,,,,,,,,,2026-06-07,0,2026-04-17,,,,,,True,397,0,,,,,False,False,,False,PASS,,0.6
DET,ORL,0.7832481206972722,1.31,3.6,ORL,2026-04-19,0.0,0.7169811320754716,0.776595744680851,0.7230769230769231,0.589873417721519,0.589873417721519,0.589873417721519,0.589873417721519,0.6779094512262256,2026-06-08,ORL,2026-04-19,0.7832481206972722,1.31,3.6,0.0,0.7169811320754716,True,397,0,,0.7633587786259541,0.7331975560081467,-0.1433241382866277,False,False,0.7093052367367361,True,PASS,0.7633587786259541,0.8
SAS,POR,0.6760088751858081,1.19,5.0,SAS,2026-04-19,1.0,0.7169811320754716,0.776595744680851,0.7084644522912994,0.589873417721519,0.589873417721519,0.589873417721519,0.589873417721519,0.7494341269640223,2026-06-08,SAS,2026-04-19,0.6760088751858081,1.19,5.0,1.0,0.7169811320754716,True,397,0,,0.8403361344537815,0.8077544426494345,-0.2178810249279155,False,False,0.7934519140753205,True,PASS,0.8403361344537815,0.85
BOS,PHI,0.674300876923274,1.12,6.5,BOS,2026-04-19,1.0,0.7169811320754716,0.776595744680851,0.6825396825396826,0.589873417721519,0.589873417721519,0.589873417721519,0.589873417721519,0.7917271932689233,2026-06-08,BOS,2026-04-19,0.674300876923274,1.12,6.5,1.0,0.7169811320754716,True,397,0,,0.8928571428571428,0.8530183727034122,-0.26314495498189316,False,False,0.8432084626693215,True,PASS,0.8928571428571428,0.7
OKC,PHX,,,,0,2026-04-19 00:00:00,,,,,,,,,,2026-06-07,0,2026-04-19,,,,,,True,397,0,,,,,False,False,,False,PASS,,0.85
CLE,TOR,0.6489642149230564,1.27,3.95,CLE,2026-04-20,1.0,0.6507936507936508,0.6949152542372882,0.6862745098039216,0.5904522613065326,0.5904522613065326,0.5904522613065326,0.5904522613065326,0.7005122123618759,2026-06-08,CLE,2026-04-20,0.6489642149230564,1.27,3.95,1.0,0.6507936507936508,True,397,0,,0.7874015748031495,0.7567049808429118,-0.1662527195363792,False,False,0.7358967204257364,True,PASS,0.7874015748031495,0.65
DEN,MIN,0.5970071969779406,1.35,3.3,MIN,2026-04-20,0.0,0.5490196078431373,0.6451612903225806,0.6279069767441862,0.5904522613065326,0.5904522613065326,0.5904522613065326,0.5904522613065326,0.6553934109071232,2026-06-08,MIN,2026-04-20,0.5970071969779406,1.35,3.3,0.0,0.5490196078431373,True,397,0,,0.7407407407407407,0.7096774193548387,-0.11922515804830613,False,False,0.682815777537792,True,PASS,0.7407407407407407,0.65
NYK,ATL,0.6488854181453972,1.4,3.05,ATL,2026-04-20,0.0,0.6507936507936508,0.6949152542372882,0.6862745098039216,0.5904522613065326,0.5904522613065326,0.5904522613065326,0.5904522613065326,0.6329540477438929,2026-06-08,ATL,2026-04-20,0.6488854181453972,1.4,3.05,0.0,0.6507936507936508,True,397,0,,0.7142857142857143,0.6853932584269663,-0.09494099712043369,False,False,0.656416526757521,True,PASS,0.7142857142857143,0.8
SAS,POR,0.7236369096780506,1.15,5.7,POR,2026-04-21,0.0,0.7169811320754716,0.7731958762886598,0.7101449275362319,0.5885286783042394,0.5885286783042394,0.5885286783042394,0.5885286783042394,0.7724429939662001,2026-06-08,POR,2026-04-21,0.7236369096780506,1.15,5.7,0.0,0.7169811320754716,True,397,0,,0.8695652173913044,0.832116788321168,-0.2435881100169286,False,False,0.8205211693720001,True,PASS,0.8695652173913044,0.85
BOS,PHI,0.7842661555951806,1.12,6.75,PHI,2026-04-21,0.0,0.7169811320754716,0.7731958762886598,0.7101449275362319,0.5885286783042394,0.5885286783042394,0.5885286783042394,0.5885286783042394,0.7961229600261255,2026-06-08,PHI,2026-04-21,0.7842661555951806,1.12,6.75,0.0,0.7169811320754716,True,397,0,,0.8928571428571428,0.8576874205844981,-0.2691587422802587,False,False,0.8483799529719124,True,PASS,0.8928571428571428,0.7
LAL,HOU,0.6636605773772359,2.6,1.52,LAL,2026-04-21,1.0,0.7169811320754716,0.6989760565198266,0.6864257791437415,0.5885286783042394,0.5885286783042394,0.5885286783042394,0.5885286783042394,0.41812893974011645,2026-06-08,LAL,2026-04-21,0.6636605773772359,2.6,1.52,1.0,0.7169811320754716,True,397,0,,0.3846153846153846,0.3689320388349514,0.21959663946928798,True,False,0.3830413424858806,True,PASS,0.3846153846153846,0.7
DET,ORL,0.6868433073755952,1.25,4.1,DET,2026-04-22,1.0,0.7169811320754716,0.76,0.7101449275362319,0.5866336633663366,0.5866336633663366,0.5866336633663366,0.5866336633663366,0.710244586094487,2026-06-08,DET,2026-04-22,0.6868433073755952,1.25,4.1,1.0,0.7169811320754716,True,397,0,,0.8,0.7663551401869159,-0.17972147682057926,False,False,0.7473465718758671,True,PASS,0.8,0.8
OKC,PHX,,,,0,2026-04-22 00:00:00,,,,,,,,,,2026-06-07,0,2026-04-22,,,,,,True,397,0,,,,,False,False,,False,PASS,,0.85
MIN,DEN,0.5458914659587888,2.14,1.74,MIN,2026-04-23,1.0,0.5490196078431373,0.5555555555555556,0.5416666666666666,0.5876543209876544,0.5876543209876544,0.5876543209876544,0.5876543209876544,0.481020168807181,2026-06-08,MIN,2026-04-23,0.5458914659587888,2.14,1.74,1.0,0.5490196078431373,True,397,0,,0.4672897196261682,0.4484536082474227,0.13920071274023166,True,False,0.47288595543883005,True,PASS,0.4672897196261682,0.7
ATL,NYK,0.6832806676060778,1.95,1.87,ATL,2026-04-23,1.0,0.7169811320754716,0.7623762376237624,0.7101449275362319,0.5876543209876544,0.5876543209876544,0.5876543209876544,0.5876543209876544,0.5183087314031252,2026-06-08,ATL,2026-04-23,0.6832806676060778,1.95,1.87,1.0,0.7169811320754716,True,397,0,,0.5128205128205129,0.4895287958115184,0.09812552517613593,False,False,0.5183087314031252,False,PASS,0.5128205128205129,0.45
TOR,CLE,0.5982917345290638,2.24,1.68,TOR,2026-04-23,1.0,0.59375,0.6333333333333333,0.6279069767441862,0.5876543209876544,0.5876543209876544,0.5876543209876544,0.5876543209876544,0.4652444317187815,2026-06-08,TOR,2026-04-23,0.5982917345290638,2.24,1.68,1.0,0.59375,True,397,0,,0.4464285714285714,0.4285714285714286,0.15908289241622575,True,False,0.4503491881696879,True,PASS,0.4464285714285714,0.6
POR,SAS,0.6563543110608634,2.14,1.74,SAS,2026-04-24,0.0,0.6507936507936508,0.6885245901639344,0.6792452830188679,0.5906862745098039,0.5906862745098039,0.5906862745098039,0.5906862745098039,0.48074277922336034,2026-06-08,SAS,2026-04-24,0.6563543110608634,2.14,1.74,0.0,0.6507936507936508,True,397,0,,0.4672897196261682,0.4484536082474227,0.14223266626238124,True,False,0.47248968460480045,True,PASS,0.4672897196261682,0.5
HOU,LAL,0.7086113643837199,1.31,3.6,LAL,2026-04-24,0.0,0.7169811320754716,0.7647058823529411,0.7,0.5906862745098039,0.5906862745098039,0.5906862745098039,0.5906862745098039,0.6778184057566954,2026-06-08,LAL,2026-04-24,0.7086113643837199,1.31,3.6,0.0,0.7169811320754716,True,397,0,,0.7633587786259541,0.7331975560081467,-0.1425112814983428,False,False,0.7091981244196417,True,PASS,0.7633587786259541,0.75
PHI,BOS,0.5932286265321091,3.6,1.31,BOS,2026-04-24,0.0,0.5490196078431373,0.5909090909090909,0.6111111111111112,0.5906862745098039,0.5906862745098039,0.5906862745098039,0.5906862745098039,0.35,2026-06-08,BOS,2026-04-24,0.5932286265321091,3.6,1.31,0.0,0.5490196078431373,True,397,0,,0.2777777777777778,0.26680244399185343,0.3238838305179505,True,False,0.27245346943041,True,PASS,0.2777777777777778,0.5
ORL,DET,0.7504997481570764,2.14,1.74,ORL,2026-04-25,1.0,0.7169811320754716,0.7572815533980582,0.7,0.5863746958637469,0.5863746958637469,0.5863746958637469,0.5863746958637469,0.4811361767181021,2026-06-08,ORL,2026-04-25,0.7504997481570764,2.14,1.74,1.0,0.7169811320754716,True,397,0,,0.4672897196261682,0.4484536082474227,0.1379210876163242,True,False,0.47305168102586015,True,PASS,0.4672897196261682,0.7
ATL,NYK,0.649607202156184,2.1,1.77,NYK,2026-04-25,0.0,0.6507936507936508,0.6774193548387096,0.6792452830188679,0.5863746958637469,0.5863746958637469,0.5863746958637469,0.5863746958637469,0.4881589367968535,2026-06-08,NYK,2026-04-25,0.649607202156184,2.1,1.77,0.0,0.6507936507936508,True,397,0,,0.47619047619047616,0.4573643410852713,0.1290103547784756,True,False,0.48308419542407643,True,PASS,0.47619047619047616,0.45
PHX,OKC,,,,0,2026-04-25 00:00:00,,,,,,,,,,2026-06-07,0,2026-04-25,,,,,,True,397,0,,,,,False,False,,False,PASS,,0.6
MIN,DEN,0.6753288094336508,2.02,1.82,MIN,2026-04-25,1.0,0.7169811320754716,0.7572815533980582,0.7,0.5863746958637469,0.5863746958637469,0.5863746958637469,0.5863746958637469,0.5015359642298931,2026-06-08,MIN,2026-04-25,0.6753288094336508,2.02,1.82,1.0,0.7169811320754716,True,397,0,,0.49504950495049505,0.4739583333333334,0.11241636253041348,False,False,0.5015359642298931,False,PASS,0.49504950495049505,0.7
PHI,BOS,0.4848665260824006,3.35,1.34,BOS,2026-04-26,1.0,0.42028985507246375,0.4776119402985074,0.45161290322580644,0.5869565217391305,0.5869565217391305,0.5869565217391305,0.5869565217391305,0.3548827657808633,2026-06-08,BOS,2026-04-26,0.4848665260824006,3.35,1.34,0.0,0.42028985507246375,True,397,0,,0.29850746268656714,0.2857142857142857,0.3012422360248448,True,False,0.29268966540123326,True,PASS,0.29850746268656714,0.5
TOR,CLE,0.7362144729506647,2.54,1.54,TOR,2026-04-26,1.0,0.7169811320754716,0.7619047619047619,0.7,0.5869565217391305,0.5869565217391305,0.5869565217391305,0.5869565217391305,0.4249051224297559,2026-06-08,TOR,2026-04-26,0.7362144729506647,2.54,1.54,1.0,0.7169811320754716,True,397,0,,0.39370078740157477,0.37745098039215685,0.20950554134697363,True,False,0.39272160347107987,True,PASS,0.39370078740157477,0.6
POR,SAS,0.5670156285532922,2.64,1.51,SAS,2026-04-26,0.0,0.5490196078431373,0.5609756097560976,0.547945205479452,0.5869565217391305,0.5869565217391305,0.5869565217391305,0.5869565217391305,0.41430285913620984,2026-06-08,SAS,2026-04-26,0.5670156285532922,2.64,1.51,0.0,0.5490196078431373,True,397,0,,0.3787878787878788,0.363855421686747,0.22310110005238348,True,False,0.3775755130517283,True,PASS,0.3787878787878788,0.5
HOU,LAL,0.6527261431997923,1.62,2.36,HOU,2026-04-26,1.0,0.6507936507936508,0.6666666666666666,0.6792452830188679,0.5869565217391305,0.5869565217391305,0.5869565217391305,0.5869565217391305,0.5873912391776697,2026-06-08,HOU,2026-04-26,0.6527261431997923,1.62,2.36,1.0,0.6507936507936508,True,397,0,,0.6172839506172839,0.5929648241206029,-0.00600830238147243,False,False,0.5873912391776697,False,PASS,0.6172839506172839,0.75
PHX,OKC,,,,0,2026-04-27 00:00:00,,,,,,,,,,2026-06-07,0,2026-04-27,,,,,,True,397,0,,,,,False,False,,False,PASS,,0.6
ORL,DET,0.7186509591195569,2.3,1.65,ORL,2026-04-27,1.0,0.7169811320754716,0.7641509433962265,0.7021276595744681,0.5861244019138756,0.5861244019138756,0.5861244019138756,0.5861244019138756,0.4567679596654532,2026-06-08,ORL,2026-04-27,0.7186509591195569,2.3,1.65,1.0,0.7169811320754716,True,397,0,,0.4347826086956522,0.4177215189873418,0.16840288292653383,True,False,0.4382399423792188,True,PASS,0.4347826086956522,0.7
DEN,MIN,0.5430867625928206,1.2,4.8,DEN,2026-04-27,1.0,0.5490196078431373,0.5542168674698795,0.5405405405405406,0.5861244019138756,0.5861244019138756,0.5861244019138756,0.5861244019138756,0.7424536395057355,2026-06-08,DEN,2026-04-27,0.5430867625928206,1.2,4.8,1.0,0.5490196078431373,True,397,0,,0.8333333333333334,0.7999999999999999,-0.21387559808612433,False,False,0.7852395758891005,True,PASS,0.8333333333333334,0.65
NYK,ATL,0.7184622991301539,1.4,3.05,NYK,2026-04-28,1.0,0.7169811320754716,0.7663551401869159,0.7021276595744681,0.5880952380952381,0.5880952380952381,0.5880952380952381,0.5880952380952381,0.6330754151900417,2026-06-08,NYK,2026-04-28,0.7184622991301539,1.4,3.05,1.0,0.7169811320754716,True,397,0,,0.7142857142857143,0.6853932584269663,-0.09729802033172819,False,False,0.6565593119882843,True,PASS,0.7142857142857143,0.8
BOS,PHI,0.7897158773137601,1.19,4.9,PHI,2026-04-28,0.0,0.7169811320754716,0.7663551401869159,0.7021276595744681,0.5880952380952381,0.5880952380952381,0.5880952380952381,0.5880952380952381,0.7466178458595434,2026-06-08,PHI,2026-04-28,0.7897158773137601,1.19,4.9,0.0,0.7169811320754716,True,397,0,,0.8403361344537815,0.8045977011494254,-0.2165024630541873,False,False,0.790138642187698,True,PASS,0.8403361344537815,0.7
SAS,POR,0.7184940943952361,1.17,5.4,SAS,2026-04-28,1.0,0.7169811320754716,0.7663551401869159,0.7021276595744681,0.5880952380952381,0.5880952380952381,0.5880952380952381,0.5880952380952381,0.762940641549607,2026-06-08,SAS,2026-04-28,0.7184940943952361,1.17,5.4,1.0,0.7169811320754716,True,397,0,,0.8547008547008548,0.8219178082191781,-0.23382257012394003,False,False,0.8093419312348317,True,PASS,0.8547008547008548,0.85
LAL,HOU,0.4935640258950717,1.54,2.54,HOU,2026-04-29,1.0,0.42028985507246375,0.5,0.4444444444444444,0.5886524822695035,0.5886524822695035,0.5886524822695035,0.5886524822695035,0.5853058378962032,2026-06-08,HOU,2026-04-29,0.4935640258950717,1.54,2.54,0.0,0.42028985507246375,True,397,0,,0.6493506493506493,0.6225490196078431,-0.03389653733833964,False,False,0.6003598092896508,True,PASS,0.6493506493506493,0.7
DET,ORL,0.6837526245953489,1.25,4.1,DET,2026-04-29,1.0,0.7169811320754716,0.7636363636363637,0.7021276595744681,0.5886524822695035,0.5886524822695035,0.5886524822695035,0.5886524822695035,0.7100177988704585,2026-06-08,DET,2026-04-29,0.6837526245953489,1.25,4.1,1.0,0.7169811320754716,True,397,0,,0.8,0.7663551401869159,-0.17770265791741235,False,False,0.74707976337701,True,PASS,0.8,0.8
CLE,TOR,0.633397711534961,1.25,4.1,CLE,2026-04-29,1.0,0.6507936507936508,0.671875,0.6607142857142857,0.5886524822695035,0.5886524822695035,0.5886524822695035,0.5886524822695035,0.7100177988704585,2026-06-08,CLE,2026-04-29,0.633397711534961,1.25,4.1,1.0,0.6507936507936508,True,397,0,,0.8,0.7663551401869159,-0.17770265791741235,False,False,0.74707976337701,True,PASS,0.8,0.65
MIN,DEN,0.5829631000291267,3.1,1.39,MIN,2026-04-30,1.0,0.5490196078431373,0.5652173913043478,0.5789473684210527,0.5892018779342723,0.5892018779342723,0.5892018779342723,0.5892018779342723,0.37264231611017573,2026-06-08,MIN,2026-04-30,0.5829631000291267,3.1,1.39,1.0,0.5490196078431373,True,397,0,,0.3225806451612903,0.309576837416481,0.27962504051779125,True,False,0.3180604515859653,True,PASS,0.3225806451612903,0.7
ATL,NYK,0.3327600488118235,2.3,1.65,NYK,2026-04-30,1.0,0.34,0.3478260869565217,0.3541666666666667,0.5892018779342723,0.5892018779342723,0.5892018779342723,0.5892018779342723,0.45647850288458186,2026-06-08,NYK,2026-04-30,0.3327600488118235,2.3,1.65,0.0,0.34,True,397,0,,0.4347826086956522,0.4177215189873418,0.17148035894693048,True,False,0.4378264326922598,True,PASS,0.4347826086956522,0.45
PHI,BOS,0.5754896253665797,2.9,1.43,PHI,2026-04-30,1.0,0.5490196078431373,0.5595238095238096,0.5466666666666666,0.5892018779342723,0.5892018779342723,0.5892018779342723,0.5892018779342723,0.38829922485224333,2026-06-08,PHI,2026-04-30,0.5754896253665797,2.9,1.43,1.0,0.5490196078431373,True,397,0,,0.3448275862068966,0.3302540415704388,0.25894783636383345,True,False,0.3404274640746333,True,PASS,0.3448275862068966,0.5
ORL,DET,0.6430863420456859,2.36,1.62,DET,2026-05-01,0.0,0.6507936507936508,0.676923076923077,0.6666666666666666,0.5897435897435898,0.5897435897435898,0.5897435897435898,0.5897435897435898,0.44795601748933384,2026-06-08,DET,2026-05-01,0.6430863420456859,2.36,1.62,0.0,0.6507936507936508,True,397,0,,0.42372881355932207,0.40703517587939697,0.1827084138641928,True,False,0.4256514535561912,True,PASS,0.42372881355932207,0.7
HOU,LAL,0.7174920126740585,1.59,2.42,LAL,2026-05-01,0.0,0.7169811320754716,0.7657657657657657,0.7073170731707317,0.5897435897435898,0.5897435897435898,0.5897435897435898,0.5897435897435898,0.5919142274053275,2026-06-08,LAL,2026-05-01,0.7174920126740585,1.59,2.42,0.0,0.7169811320754716,True,397,0,,0.6289308176100629,0.6034912718204488,-0.013747682076859058,False,False,0.5919142274053275,False,PASS,0.6289308176100629,0.75
TOR,CLE,0.6293326601071558,2.45,1.57,TOR,2026-05-01,1.0,0.6507936507936508,0.676923076923077,0.6666666666666666,0.5897435897435898,0.5897435897435898,0.5897435897435898,0.5897435897435898,0.4349443680228938,2026-06-08,TOR,2026-05-01,0.6293326601071558,2.45,1.57,1.0,0.6507936507936508,True,397,0,,0.4081632653061224,0.39054726368159204,0.19919632606199772,True,False,0.4070633828898483,True,PASS,0.4081632653061224,0.6
BOS,PHI,0.6356190940048705,1.38,3.15,PHI,2026-05-02,0.0,0.6507936507936508,0.6716417910447762,0.6666666666666666,0.5879629629629629,0.5879629629629629,0.5879629629629629,0.5879629629629629,0.6422154936404353,2026-06-08,PHI,2026-05-02,0.6356190940048705,1.38,3.15,0.0,0.6507936507936508,True,397,0,,0.7246376811594204,0.695364238410596,-0.10740127544763312,False,False,0.6673123454593356,True,PASS,0.7246376811594204,0.7
CLE,TOR,0.5477385964752332,1.34,3.4,CLE,2026-05-03,1.0,0.5490196078431373,0.5647058823529413,0.5466666666666666,0.5866050808314087,0.5866050808314087,0.5866050808314087,0.5866050808314087,0.6630187393373763,2026-06-08,CLE,2026-05-03,0.5477385964752332,1.34,3.4,1.0,0.5490196078431373,True,397,0,,0.7462686567164178,0.7172995780590716,-0.1306944972276629,False,False,0.6917867521616192,True,PASS,0.7462686567164178,0.65
DET,ORL,0.7046430554958801,1.31,3.6,DET,2026-05-03,1.0,0.7169811320754716,0.7589285714285714,0.7073170731707317,0.5866050808314087,0.5866050808314087,0.5866050808314087,0.5866050808314087,0.6782778463273059,2026-06-08,DET,2026-05-03,0.7046430554958801,1.31,3.6,1.0,0.7169811320754716,True,397,0,,0.7633587786259541,0.7331975560081467,-0.146592475176738,False,False,0.709738642738007,True,PASS,0.7633587786259541,0.8
NYK,PHI,0.7310961628916552,1.34,3.35,NYK,2026-05-04,1.0,0.7169811320754716,0.7610619469026548,0.7073170731707317,0.5885057471264368,0.5885057471264368,0.5885057471264368,0.5885057471264368,0.659950109138737,2026-06-08,NYK,2026-05-04,0.7310961628916552,1.34,3.35,1.0,0.7169811320754716,True,397,0,,0.7462686567164178,0.7142857142857143,-0.12577996715927753,False,False,0.6881765989867494,True,PASS,0.7462686567164178,0.8
SAS,MIN,0.6258727314461987,1.2,4.8,MIN,2026-05-04,0.0,0.59375,0.6512379371363187,0.6666666666666666,0.5885057471264368,0.5885057471264368,0.5885057471264368,0.5885057471264368,0.7422184754394141,2026-06-08,MIN,2026-05-04,0.6258727314461987,1.2,4.8,0.0,0.59375,True,397,0,,0.8333333333333334,0.7999999999999999,-0.21149425287356316,False,False,0.7849629122816637,True,PASS,0.8333333333333334,0.85
OKC,LAL,0.6930307680720663,1.11,7.0,OKC,2026-05-05,1.0,0.7169811320754716,0.7631578947368421,0.7087378640776699,0.5881006864988558,0.5881006864988558,0.5881006864988558,0.5881006864988558,0.8,2026-06-08,OKC,2026-05-05,0.6930307680720663,1.11,7.0,1.0,0.7169811320754716,True,397,0,,0.9009009009009008,0.8631319358816276,-0.2750312493827718,False,False,0.8542945235772734,True,PASS,0.9009009009009008,0.85
DET,CLE,0.6734597224342478,1.68,2.24,DET,2026-05-05,1.0,0.7169811320754716,0.7631578947368421,0.7058823529411765,0.5881006864988558,0.5881006864988558,0.5881006864988558,0.5881006864988558,0.5849643457354277,2026-06-08,DET,2026-05-05,0.6734597224342478,1.68,2.24,1.0,0.7169811320754716,True,397,0,,0.5952380952380952,0.5714285714285715,0.01667211507028432,False,False,0.5849643457354277,False,PASS,0.5952380952380952,0.8
NYK,PHI,0.8004037291459513,1.24,4.3,NYK,2026-05-06,1.0,0.8,0.7672413793103449,0.7087378640776699,0.5899772209567198,0.5899772209567198,0.5899772209567198,0.5899772209567198,0.7193093156944841,2026-06-08,NYK,2026-05-06,0.8004037291459513,1.24,4.3,1.0,0.8,True,397,0,,0.8064516129032259,0.7761732851985559,-0.1861960642418361,False,False,0.7580109596405695,True,PASS,0.8064516129032259,0.8
SAS,MIN,0.635260939751383,1.25,4.1,SAS,2026-05-06,1.0,0.6507936507936508,0.6617647058823529,0.6440677966101694,0.5899772209567198,0.5899772209567198,0.5899772209567198,0.5899772209567198,0.7098684118851343,2026-06-08,SAS,2026-05-06,0.635260939751383,1.25,4.1,1.0,0.6507936507936508,True,397,0,,0.8,0.7663551401869159,-0.17637791923019608,False,False,0.7469040139825109,True,PASS,0.8,0.85
OKC,LAL,0.7269045161237182,1.11,7.0,OKC,2026-05-07,1.0,0.7169811320754716,0.7678571428571429,0.7087378640776699,0.5918367346938775,0.5918367346938775,0.5918367346938775,0.5918367346938775,0.8,2026-06-08,OKC,2026-05-07,0.7269045161237182,1.11,7.0,1.0,0.7169811320754716,True,397,0,,0.9009009009009008,0.8631319358816276,-0.2712952011877501,False,False,0.8539978098161619,True,PASS,0.9009009009009008,0.85
DET,CLE,0.6994904871583444,1.62,2.36,DET,2026-05-07,1.0,0.7169811320754716,0.7678571428571429,0.7087378640776699,0.5918367346938775,0.5918367346938775,0.5918367346938775,0.5918367346938775,0.5918525303856201,2026-06-08,DET,2026-05-07,0.6994904871583444,1.62,2.36,1.0,0.7169811320754716,True,397,0,,0.6172839506172839,0.5929648241206029,-0.001128089426725376,False,False,0.5918525303856201,False,PASS,0.6172839506172839,0.8
MIN,SAS,0.4318640639020063,2.7,1.49,SAS,2026-05-08,1.0,0.42028985507246375,0.4691358024691358,0.4375,0.5936794582392777,0.5936794582392777,0.5936794582392777,0.5936794582392777,0.4074255166617725,2026-06-08,SAS,2026-05-08,0.4318640639020063,2.7,1.49,0.0,0.42028985507246375,True,397,0,,0.37037037037037035,0.3556085918854415,0.23807086635383617,True,False,0.36775073808824643,True,PASS,0.37037037037037035,0.7
PHI,NYK,0.4822008581460796,1.82,2.02,NYK,2026-05-08,1.0,0.42028985507246375,0.4691358024691358,0.4375,0.5936794582392777,0.5936794582392777,0.5936794582392777,0.5936794582392777,0.5550822558698004,2026-06-08,NYK,2026-05-08,0.4822008581460796,1.82,2.02,0.0,0.42028985507246375,True,397,0,,0.5494505494505494,0.5260416666666667,0.06763779157261096,False,False,0.5550822558698004,False,PASS,0.5494505494505494,0.5
CLE,DET,0.4752726450328301,1.56,2.5,CLE,2026-05-09,0.0,0.42028985507246375,0.4571428571428571,0.4375,0.5910112359550562,0.5910112359550562,0.5910112359550562,0.5910112359550562,0.5975982143602514,2026-06-08,CLE,2026-05-09,0.4752726450328301,1.56,2.5,1.0,0.42028985507246375,True,397,0,,0.641025641025641,0.6157635467980296,-0.024752310842973357,False,False,0.5975982143602514,False,PASS,0.641025641025641,0.65
LAL,OKC,0.2861736995465562,3.95,1.27,OKC,2026-05-09,1.0,0.2222222222222222,0.217391304347826,0.23529411764705882,0.5910112359550562,0.5910112359550562,0.5910112359550562,0.5910112359550562,0.35,2026-06-08,OKC,2026-05-09,0.2861736995465562,3.95,1.27,0.0,0.2222222222222222,True,397,0,,0.2531645569620253,0.2432950191570881,0.34771621679796816,True,False,0.24779887537961173,True,PASS,0.2531645569620253,0.7
PHI,NYK,0.442726603912224,2.0,1.83,NYK,2026-05-10,1.0,0.42028985507246375,0.4642857142857143,0.4375,0.5906040268456376,0.5906040268456376,0.5906040268456376,0.5906040268456376,0.5053464272839054,2026-06-08,NYK,2026-05-10,0.442726603912224,2.0,1.83,0.0,0.42028985507246375,True,397,0,,0.5,0.47780678851174935,0.11279723833388827,False,False,0.5053464272839054,False,PASS,0.5,0.5
MIN,SAS,0.5416807642957132,2.6,1.52,MIN,2026-05-10,1.0,0.5490196078431373,0.5697674418604651,0.5584415584415584,0.5906040268456376,0.5906040268456376,0.5906040268456376,0.5906040268456376,0.41796696943281647,2026-06-08,MIN,2026-05-10,0.5416807642957132,2.6,1.52,1.0,0.5490196078431373,True,397,0,,0.3846153846153846,0.3689320388349514,0.22167198801068622,True,False,0.38280995633259496,True,PASS,0.3846153846153846,0.7
CLE,DET,0.5993057861280123,1.6,2.4,CLE,2026-05-11,1.0,0.59375,0.625,0.6206896551724138,0.5902004454342984,0.5902004454342984,0.5902004454342984,0.5902004454342984,0.5913302279373693,2026-06-08,CLE,2026-05-11,0.5993057861280123,1.6,2.4,1.0,0.59375,True,397,0,,0.625,0.6,-0.009799554565701585,False,False,0.5913302279373693,False,PASS,0.625,0.65
LAL,OKC,0.3559882562539441,5.25,1.17,OKC,2026-05-11,1.0,0.34,0.3397539027051713,0.3469387755102041,0.5902004454342984,0.5902004454342984,0.5902004454342984,0.5902004454342984,0.35,2026-06-08,OKC,2026-05-11,0.3559882562539441,5.25,1.17,0.0,0.34,True,397,0,,0.19047619047619047,0.1822429906542056,0.4079574547800928,True,False,0.18473152695521397,True,PASS,0.19047619047619047,0.7
SAS,MIN,0.7140227195875563,1.26,4.0,SAS,2026-05-12,1.0,0.7169811320754716,0.7719298245614035,0.7184466019417476,0.5898004434589801,0.5898004434589801,0.5898004434589801,0.5898004434589801,0.7042046349432496,2026-06-08,SAS,2026-05-12,0.7140227195875563,1.26,4.0,1.0,0.7169811320754716,True,397,0,,0.7936507936507936,0.7604562737642586,-0.17065583030527853,False,False,0.7402407469920583,True,PASS,0.7936507936507936,0.85
DET,CLE,0.5975148567099581,1.56,2.5,CLE,2026-05-13,0.0,0.5490196078431373,0.6167617397675056,0.6130420186679135,0.5907079646017699,0.5907079646017699,0.5907079646017699,0.5907079646017699,0.5974452228516435,2026-06-08,CLE,2026-05-13,0.5975148567099581,1.56,2.5,0.0,0.5490196078431373,True,397,0,,0.641025641025641,0.6157635467980296,-0.025055582196259696,False,False,0.5974452228516435,False,PASS,0.641025641025641,0.8
MIN,SAS,0.472769605367679,2.6,1.52,SAS,2026-05-15,1.0,0.42028985507246375,0.4583333333333333,0.4264705882352941,0.5894039735099338,0.5894039735099338,0.5894039735099338,0.5894039735099338,0.4180604065860264,2026-06-08,SAS,2026-05-15,0.472769605367679,2.6,1.52,0.0,0.42028985507246375,True,397,0,,0.3846153846153846,0.3689320388349514,0.22047193467498238,True,False,0.3829434379800377,True,PASS,0.3846153846153846,0.7
CLE,DET,0.587796851001231,1.56,2.5,DET,2026-05-15,0.0,0.5490196078431373,0.5714285714285714,0.6,0.5894039735099338,0.5894039735099338,0.5894039735099338,0.5894039735099338,0.5968034451964557,2026-06-08,DET,2026-05-15,0.587796851001231,1.56,2.5,0.0,0.5490196078431373,True,397,0,,0.641025641025641,0.6157635467980296,-0.026359573288095794,False,False,0.5968034451964557,False,PASS,0.641025641025641,0.65
DET,CLE,0.7123255374894241,1.56,2.5,CLE,2026-05-17,0.0,0.7169811320754716,0.7739130434782608,0.7184466019417476,0.5868131868131868,0.5868131868131868,0.5868131868131868,0.5868131868131868,0.5956034924539026,2026-06-08,CLE,2026-05-17,0.7123255374894241,1.56,2.5,0.0,0.7169811320754716,True,397,0,,0.641025641025641,0.6157635467980296,-0.028950359984842744,False,False,0.5956034924539026,False,PASS,0.641025641025641,0.8
OKC,SAS,0.6508554620781105,1.41,3.0,SAS,2026-05-18,0.0,0.6507936507936508,0.6666666666666666,0.65,0.5855263157894737,0.5855263157894737,0.5855263157894737,0.5855263157894737,0.628591663071408,2026-06-08,SAS,2026-05-18,0.6508554620781105,1.41,3.0,0.0,0.6507936507936508,True,397,0,,0.7092198581560284,0.6802721088435374,-0.09474579305406372,False,False,0.6512843094957741,True,PASS,0.7092198581560284,0.85
NYK,CLE,0.7289823929910528,1.38,3.15,NYK,2026-05-19,1.0,0.7169811320754716,0.7672413793103449,0.7184466019417476,0.5842450765864332,0.5842450765864332,0.5842450765864332,0.5842450765864332,0.6425103354505781,2026-06-08,NYK,2026-05-19,0.7289823929910528,1.38,3.15,1.0,0.7169811320754716,True,397,0,,0.7246376811594204,0.695364238410596,-0.11111916182416282,False,False,0.6676592181771508,True,PASS,0.7246376811594204,0.8
OKC,SAS,0.6544262637825491,1.42,2.95,OKC,2026-05-20,1.0,0.6507936507936508,0.6571428571428571,0.639344262295082,0.5851528384279476,0.5851528384279476,0.5851528384279476,0.5851528384279476,0.6239594283635093,2026-06-08,OKC,2026-05-20,0.6544262637825491,1.42,2.95,1.0,0.6507936507936508,True,397,0,,0.7042253521126761,0.6750572082379863,-0.08990436981003869,False,False,0.6458346216041285,True,PASS,0.7042253521126761,0.85
NYK,CLE,0.8057157882174971,1.44,2.85,NYK,2026-05-21,1.0,0.8,0.8,0.75,0.5860566448801743,0.5860566448801743,0.5860566448801743,0.5860566448801743,0.6146753847444645,2026-06-08,NYK,2026-05-21,0.8057157882174971,1.44,2.85,1.0,0.8,True,397,0,,0.6944444444444444,0.6643356643356644,-0.0782790194554901,False,False,0.6349122173464288,True,PASS,0.6944444444444444,0.8
CLE,NYK,0.5178619054134634,1.74,2.14,NYK,2026-05-23,0.0,0.5490196078431373,0.5591397849462365,0.56,0.5861111111111111,0.5861111111111111,0.5861111111111111,0.5861111111111111,0.5739848079369476,2026-06-08,NYK,2026-05-23,0.5178619054134634,1.74,2.14,0.0,0.5490196078431373,True,397,0,,0.5747126436781609,0.5515463917525772,0.03456471935853389,False,False,0.5739848079369476,False,PASS,0.5747126436781609,0.65
SAS,OKC,0.6323283863527234,1.62,2.36,SAS,2026-05-28,1.0,0.6507936507936508,0.6440677966101694,0.639344262295082,0.585635359116022,0.585635359116022,0.585635359116022,0.585635359116022,0.5862770291862628,2026-06-08,SAS,2026-05-28,0.6323283863527234,1.62,2.36,1.0,0.6507936507936508,True,397,0,,0.6172839506172839,0.5929648241206029,-0.007329465004580871,False,False,0.5862770291862628,False,PASS,0.6172839506172839,0.85
OKC,SAS,0.5681413221307196,1.62,2.36,SAS,2026-05-30,0.0,0.5490196078431373,0.5544554455445545,0.56,0.5736040609137056,0.5736040609137056,0.5736040609137056,0.5736040609137056,0.5777656823647245,2026-06-08,SAS,2026-05-30,0.5681413221307196,1.62,2.36,0.0,0.5490196078431373,True,397,0,,0.6172839506172839,0.5929648241206029,-0.01936076320689728,False,False,0.5777656823647245,False,PASS,0.6172839506172839,0.85
SAS,NYK,0.6221537922315877,1.51,2.64,NYK,2026-06-03,0.0,0.59375,0.6333333333333333,0.6333333333333333,0.5721518987341773,0.5721518987341773,0.5721518987341773,0.5721518987341773,0.5912799552489153,2026-06-08,NYK,2026-06-03,0.6221537922315877,1.51,2.64,0.0,0.59375,True,397,0,,0.6622516556291391,0.6361445783132531,-0.06399267957907584,False,False,0.6073881826457828,True,PASS,0.6622516556291391,0.85
SAS,NYK,0.6166289078919056,1.44,2.85,NYK,2026-06-05,0.0,0.59375,0.6129032258064516,0.6333333333333333,0.5707070707070707,0.5707070707070707,0.5707070707070707,0.5707070707070707,0.6149938043245515,2026-06-08,NYK,2026-06-05,0.6166289078919056,1.44,2.85,0.0,0.59375,True,397,0,,0.6944444444444444,0.6643356643356644,-0.09362859362859366,False,False,0.6352868286171194,True,PASS,0.6944444444444444,0.85
NYK,SAS,0.7867206463983442,1.74,2.14,0,2026-06-08 00:00:00,,0.7169811320754716,0.7169811320754716,0.7169811320754716,0.5692695214105793,0.5692695214105793,0.5692695214105793,0.5692695214105793,0.5657476621629647,,0,2026-06-08,0.7867206463983442,1.74,2.14,,0.7169811320754716,True,397,17,0.5692695214105793,0.5747126436781609,0.5515463917525772,0.017723129658002046,False,False,0.5657476621629647,False,PASS,0.5747126436781609,0.8
DAL,CHI,,1.39,3.1,DAL,2026-04-12,1.0,,,,,,,,,2026-06-07,DAL,,,,,1.0,,True,397,0,,0.7194244604316548,0.6904231625835189,,False,False,,False,PASS,0.7194244604316548,0.5
BOS,NOP,,1.06,10.5,BOS,2026-04-10,1.0,,,,,,,,,2026-06-07,BOS,,,,,1.0,,True,397,0,,0.9433962264150942,0.9083044982698962,,False,False,,False,PASS,0.9433962264150942,0.7
HOU,PHI,,1.57,2.45,HOU,2026-04-09,1.0,,,,,,,,,2026-06-07,HOU,,,,,1.0,,True,397,0,,0.6369426751592356,0.609452736318408,,False,False,,False,PASS,0.6369426751592356,0.75
ORL,MIN,,1.37,3.2,ORL,2026-04-08,0.0,,,,,,,,,2026-06-07,ORL,,,,,1.0,,True,397,0,,0.7299270072992701,0.700218818380744,,False,False,,False,PASS,0.7299270072992701,0.7
TOR,MIA,,1.83,2.0,TOR,2026-04-07,1.0,,,,,,,,,2026-06-07,TOR,,,,,1.0,,True,397,0,,0.5464480874316939,0.5221932114882506,,False,False,,False,PASS,0.5464480874316939,0.6
NOP,UTA,,1.17,5.25,NOP,2026-04-07,0.0,,,,,,,,,2026-06-07,NOP,,,,,1.0,,True,397,0,,0.8547008547008548,0.8177570093457944,,False,False,,False,PASS,0.8547008547008548,0.35
WAS,CHI,,2.85,1.44,CHI,2026-04-07,1.0,,,,,,,,,2026-06-07,CHI,,,,,0.0,,True,397,0,,0.3508771929824561,0.3356643356643357,,False,False,,False,PASS,0.3508771929824561,0.3
IND,MIN,,6.5,1.12,MIN,2026-04-07,0.0,,,,,,,,,2026-06-07,MIN,,,,,0.0,,True,397,0,,0.15384615384615385,0.14698162729658795,,False,False,,False,PASS,0.15384615384615385,0.35
SAS,PHI,,1.27,3.95,SAS,2026-04-06,1.0,,,,,,,,,2026-06-07,SAS,,,,,1.0,,True,397,0,,0.7874015748031495,0.7567049808429118,,False,False,,False,PASS,0.7874015748031495,0.85
MEM,CLE,,9.5,1.07,CLE,2026-04-06,1.0,,,,,,,,,2026-06-07,CLE,,,,,0.0,,True,397,0,,0.10526315789473684,0.10122989593188268,,False,False,,False,PASS,0.10526315789473684,0.5
NOP,ORL,,2.8,1.46,ORL,2026-04-05,1.0,,,,,,,,,2026-06-07,ORL,,,,,0.0,,True,397,0,,0.35714285714285715,0.34272300469483574,,False,False,,False,PASS,0.35714285714285715,0.35
MIL,MEM,,1.39,3.1,MIL,2026-04-05,0.0,,,,,,,,,2026-06-07,MIL,,,,,1.0,,True,397,0,,0.7194244604316548,0.6904231625835189,,False,False,,False,PASS,0.7194244604316548,0.5
CHI,PHO,,4.6,1.21,PHO,2026-04-05,1.0,,,,,,,,,2026-06-07,PHO,,,,,0.0,,True,397,0,,0.2173913043478261,0.20826161790017214,,False,False,,False,PASS,0.2173913043478261,0.6
MIN,CHO,,2.36,1.62,CHO,2026-04-05,0.0,,,,,,,,,2026-06-07,CHO,,,,,0.0,,True,397,0,,0.42372881355932207,0.40703517587939697,,False,False,,False,PASS,0.42372881355932207,0.7
MEM,TOR,,7.5,1.1,TOR,2026-04-03,1.0,,,,,,,,,2026-06-07,TOR,,,,,0.0,,True,397,0,,0.13333333333333333,0.12790697674418605,,False,False,,False,PASS,0.13333333333333333,0.5
DAL,ORL,,3.2,1.37,ORL,2026-04-03,1.0,,,,,,,,,2026-06-07,ORL,,,,,0.0,,True,397,0,,0.3125,0.29978118161925604,,False,False,,False,PASS,0.3125,0.5
PHI,MIN,,1.74,2.14,PHI,2026-04-03,1.0,,,,,,,,,2026-06-07,PHI,,,,,1.0,,True,397,0,,0.5747126436781609,0.5515463917525772,,False,False,,False,PASS,0.5747126436781609,0.5
CHO,PHO,,1.43,2.9,CHO,2026-04-02,1.0,,,,,,,,,2026-06-07,CHO,,,,,1.0,,True,397,0,,0.6993006993006994,0.6697459584295612,,False,False,,False,PASS,0.6993006993006994,0.5
POR,NOP,,1.4,3.05,POR,2026-04-02,1.0,,,,,,,,,2026-06-07,POR,,,,,1.0,,True,397,0,,0.7142857142857143,0.6853932584269663,,False,False,,False,PASS,0.7142857142857143,0.5
GSW,CLE,,4.6,1.21,CLE,2026-04-02,1.0,,,,,,,,,2026-06-07,CLE,,,,,0.0,,True,397,0,,0.2173913043478261,0.20826161790017214,,False,False,,False,PASS,0.2173913043478261,0.7
DET,MIN,,1.62,2.36,DET,2026-04-02,1.0,,,,,,,,,2026-06-07,DET,,,,,1.0,,True,397,0,,0.6172839506172839,0.5929648241206029,,False,False,,False,PASS,0.6172839506172839,0.8
TOR,SAC,,1.15,5.7,SAC,2026-04-01,0.0,,,,,,,,,2026-06-07,SAC,,,,,0.0,,True,397,0,,0.8695652173913044,0.832116788321168,,False,False,,False,PASS,0.8695652173913044,0.6
MEM,NYK,,7.25,1.11,NYK,2026-04-01,1.0,,,,,,,,,2026-06-07,NYK,,,,,0.0,,True,397,0,,0.13793103448275862,0.13277511961722488,,False,False,,False,PASS,0.13793103448275862,0.5
HOU,MIL,,1.05,12.0,HOU,2026-04-01,1.0,,,,,,,,,2026-06-07,HOU,,,,,1.0,,True,397,0,,0.9523809523809523,0.9195402298850576,,False,False,,False,PASS,0.9523809523809523,0.75
DET,TOR,,1.7,2.2,DET,2026-03-31,1.0,,,,,,,,,2026-06-07,DET,,,,,1.0,,True,397,0,,0.5882352941176471,0.5641025641025641,,False,False,,False,PASS,0.5882352941176471,0.8
LAL,CLE,,1.77,2.1,LAL,2026-03-31,1.0,,,,,,,,,2026-06-07,LAL,,,,,1.0,,True,397,0,,0.5649717514124294,0.5426356589147286,,False,False,,False,PASS,0.5649717514124294,0.7
ORL,PHO,,1.8,2.05,ORL,2026-03-31,0.0,,,,,,,,,2026-06-07,ORL,,,,,1.0,,True,397,0,,0.5555555555555556,0.5324675324675325,,False,False,,False,PASS,0.5555555555555556,0.7
HOU,NYK,,1.93,1.89,HOU,2026-03-31,1.0,,,,,,,,,2026-06-07,HOU,,,,,1.0,,True,397,0,,0.5181347150259068,0.4947643979057591,,False,False,,False,PASS,0.5181347150259068,0.75
LAL,WAS,,1.07,9.0,LAL,2026-03-30,1.0,,,,,,,,,2026-06-07,LAL,,,,,1.0,,True,397,0,,0.9345794392523364,0.893743793445879,,False,False,,False,PASS,0.9345794392523364,0.7
MIA,PHI,,2.1,1.77,MIA,2026-03-30,0.0,,,,,,,,,2026-06-07,MIA,,,,,1.0,,True,397,0,,0.47619047619047616,0.4573643410852713,,False,False,,False,PASS,0.47619047619047616,0.65
OKC,DET,,1.14,6.0,OKC,2026-03-30,1.0,,,,,,,,,2026-06-07,OKC,,,,,1.0,,True,397,0,,0.8771929824561404,0.8403361344537814,,False,False,,False,PASS,0.8771929824561404,0.85
SAS,CHI,,1.06,11.0,SAS,2026-03-30,1.0,,,,,,,,,2026-06-07,SAS,,,,,1.0,,True,397,0,,0.9433962264150942,0.912106135986733,,False,False,,False,PASS,0.9433962264150942,0.85
UTA,CLE,,10.5,1.06,CLE,2026-03-30,1.0,,,,,,,,,2026-06-07,CLE,,,,,0.0,,True,397,0,,0.09523809523809523,0.09169550173010381,,False,False,,False,PASS,0.09523809523809523,0.35
CHO,BOS,,1.91,1.91,BOS,2026-03-29,1.0,,,,,,,,,2026-06-07,BOS,,,,,0.0,,True,397,0,,0.5235602094240838,0.5,,False,False,,False,PASS,0.5235602094240838,0.5
POR,WAS,,1.07,9.0,POR,2026-03-29,1.0,,,,,,,,,2026-06-07,POR,,,,,1.0,,True,397,0,,0.9345794392523364,0.893743793445879,,False,False,,False,PASS,0.9345794392523364,0.5
OKC,NYK,,1.28,3.85,OKC,2026-03-29,1.0,,,,,,,,,2026-06-07,OKC,,,,,1.0,,True,397,0,,0.78125,0.7504873294346978,,False,False,,False,PASS,0.78125,0.85
MIL,LAC,,7.75,1.1,LAC,2026-03-29,1.0,,,,,,,,,2026-06-07,LAC,,,,,0.0,,True,397,0,,0.12903225806451613,0.12429378531073447,,False,False,,False,PASS,0.12903225806451613,0.5
BRK,SAC,,1.95,1.87,BRK,2026-03-29,0.0,,,,,,,,,2026-06-07,BRK,,,,,1.0,,True,397,0,,0.5128205128205129,0.4895287958115184,,False,False,,False,PASS,0.5128205128205129,0.25
MEM,CHI,,2.45,1.57,MEM,2026-03-28,0.0,,,,,,,,,2026-06-07,MEM,,,,,1.0,,True,397,0,,0.4081632653061224,0.39054726368159204,,False,False,,False,PASS,0.4081632653061224,0.5
ATL,SAC,,1.1,7.5,ATL,2026-03-28,1.0,,,,,,,,,2026-06-07,ATL,,,,,1.0,,True,397,0,,0.9090909090909091,0.8720930232558138,,False,False,,False,PASS,0.9090909090909091,0.45
MIL,SAS,,12.0,1.05,SAS,2026-03-28,1.0,,,,,,,,,2026-06-07,SAS,,,,,0.0,,True,397,0,,0.08333333333333333,0.08045977011494253,,False,False,,False,PASS,0.08333333333333333,0.5
MIN,DET,,2.05,1.8,DET,2026-03-28,0.0,,,,,,,,,2026-06-07,DET,,,,,0.0,,True,397,0,,0.48780487804878053,0.4675324675324676,,False,False,,False,PASS,0.48780487804878053,0.7
OKC,CHI,,1.04,14.0,OKC,2026-03-27,1.0,,,,,,,,,2026-06-07,OKC,,,,,1.0,,True,397,0,,0.9615384615384615,0.9308510638297872,,False,False,,False,PASS,0.9615384615384615,0.85
LAL,BRK,,1.06,10.5,LAL,2026-03-27,1.0,,,,,,,,,2026-06-07,LAL,,,,,1.0,,True,397,0,,0.9433962264150942,0.9083044982698962,,False,False,,False,PASS,0.9433962264150942,0.7
IND,LAC,,4.0,1.26,LAC,2026-03-27,1.0,,,,,,,,,2026-06-07,LAC,,,,,0.0,,True,397,0,,0.25,0.2395437262357415,,False,False,,False,PASS,0.25,0.35
GSW,WAS,,1.1,7.5,GSW,2026-03-27,0.0,,,,,,,,,2026-06-07,GSW,,,,,1.0,,True,397,0,,0.9090909090909091,0.8720930232558138,,False,False,,False,PASS,0.9090909090909091,0.7
TOR,NOP,,1.26,4.0,TOR,2026-03-27,1.0,,,,,,,,,2026-06-07,TOR,,,,,1.0,,True,397,0,,0.7936507936507936,0.7604562737642586,,False,False,,False,PASS,0.7936507936507936,0.6
DET,NOP,,1.57,2.45,DET,2026-03-26,1.0,,,,,,,,,2026-06-07,DET,,,,,1.0,,True,397,0,,0.6369426751592356,0.609452736318408,,False,False,,False,PASS,0.6369426751592356,0.8
ORL,SAC,,1.08,8.5,ORL,2026-03-26,1.0,,,,,,,,,2026-06-07,ORL,,,,,1.0,,True,397,0,,0.9259259259259258,0.8872651356993737,,False,False,,False,PASS,0.9259259259259258,0.7
GSW,BRK,,1.16,5.55,GSW,2026-03-25,1.0,,,,,,,,,2026-06-07,GSW,,,,,1.0,,True,397,0,,0.8620689655172414,0.827123695976155,,False,False,,False,PASS,0.8620689655172414,0.7
CLE,MIA,,1.68,2.24,MIA,2026-03-25,0.0,,,,,,,,,2026-06-07,MIA,,,,,0.0,,True,397,0,,0.5952380952380952,0.5714285714285715,,False,False,,False,PASS,0.5952380952380952,0.65
BOS,OKC,,2.2,1.7,BOS,2026-03-25,1.0,,,,,,,,,2026-06-07,BOS,,,,,1.0,,True,397,0,,0.45454545454545453,0.4358974358974359,,False,False,,False,PASS,0.45454545454545453,0.7
LAC,TOR,,1.56,2.5,LAC,2026-03-25,1.0,,,,,,,,,2026-06-07,LAC,,,,,1.0,,True,397,0,,0.641025641025641,0.6157635467980296,,False,False,,False,PASS,0.641025641025641,0.6
IND,LAL,,4.4,1.23,LAL,2026-03-25,1.0,,,,,,,,,2026-06-07,LAL,,,,,0.0,,True,397,0,,0.22727272727272727,0.21847246891651864,,False,False,,False,PASS,0.22727272727272727,0.35
UTA,WAS,,1.56,2.5,WAS,2026-03-25,0.0,,,,,,,,,2026-06-07,WAS,,,,,0.0,,True,397,0,,0.641025641025641,0.6157635467980296,,False,False,,False,PASS,0.641025641025641,0.35
POR,MIL,,1.13,6.25,POR,2026-03-25,1.0,,,,,,,,,2026-06-07,POR,,,,,1.0,,True,397,0,,0.8849557522123894,0.8468834688346885,,False,False,,False,PASS,0.8849557522123894,0.5
PHI,CHI,,1.41,3.0,PHI,2026-03-25,1.0,,,,,,,,,2026-06-07,PHI,,,,,1.0,,True,397,0,,0.7092198581560284,0.6802721088435374,,False,False,,False,PASS,0.7092198581560284,0.5
MIN,HOU,,2.05,1.8,MIN,2026-03-25,0.0,,,,,,,,,2026-06-07,MIN,,,,,1.0,,True,397,0,,0.48780487804878053,0.4675324675324676,,False,False,,False,PASS,0.48780487804878053,0.7
CHO,SAC,,1.06,10.5,CHO,2026-03-24,1.0,,,,,,,,,2026-06-07,CHO,,,,,1.0,,True,397,0,,0.9433962264150942,0.9083044982698962,,False,False,,False,PASS,0.9433962264150942,0.5
NYK,NOP,,1.25,4.1,NYK,2026-03-24,1.0,,,,,,,,,2026-06-07,NYK,,,,,1.0,,True,397,0,,0.8,0.7663551401869159,,False,False,,False,PASS,0.8,0.8
POR,BRK,,1.11,7.25,POR,2026-03-23,1.0,,,,,,,,,2026-06-07,POR,,,,,1.0,,True,397,0,,0.9009009009009008,0.867224880382775,,False,False,,False,PASS,0.9009009009009008,0.5
UTA,TOR,,6.5,1.12,TOR,2026-03-23,0.0,,,,,,,,,2026-06-07,TOR,,,,,0.0,,True,397,0,,0.15384615384615385,0.14698162729658795,,False,False,,False,PASS,0.15384615384615385,0.35
LAC,MIL,,1.12,6.75,LAC,2026-03-23,1.0,,,,,,,,,2026-06-07,LAC,,,,,1.0,,True,397,0,,0.8928571428571428,0.8576874205844981,,False,False,,False,PASS,0.8928571428571428,0.6
ATL,MEM,,1.11,7.0,ATL,2026-03-23,1.0,,,,,,,,,2026-06-07,ATL,,,,,1.0,,True,397,0,,0.9009009009009008,0.8631319358816276,,False,False,,False,PASS,0.9009009009009008,0.45
CHI,HOU,,3.8,1.28,CHI,2026-03-23,0.0,,,,,,,,,2026-06-07,CHI,,,,,1.0,,True,397,0,,0.2631578947368421,0.25196850393700787,,False,False,,False,PASS,0.2631578947368421,0.6
PHI,OKC,,8.5,1.08,OKC,2026-03-23,1.0,,,,,,,,,2026-06-07,OKC,,,,,0.0,,True,397,0,,0.11764705882352941,0.1127348643006263,,False,False,,False,PASS,0.11764705882352941,0.5
MIA,SAS,,2.64,1.51,SAS,2026-03-23,0.0,,,,,,,,,2026-06-07,SAS,,,,,0.0,,True,397,0,,0.3787878787878788,0.363855421686747,,False,False,,False,PASS,0.3787878787878788,0.65
DET,LAL,,2.02,1.82,DET,2026-03-23,1.0,,,,,,,,,2026-06-07,DET,,,,,1.0,,True,397,0,,0.49504950495049505,0.4739583333333334,,False,False,,False,PASS,0.49504950495049505,0.8
DEN,POR,,1.25,4.1,DEN,2026-03-22,0.0,,,,,,,,,2026-06-07,DEN,,,,,1.0,,True,397,0,,0.8,0.7663551401869159,,False,False,,False,PASS,0.8,0.65
BOS,MIN,,1.24,4.2,MIN,2026-03-22,0.0,,,,,,,,,2026-06-07,MIN,,,,,0.0,,True,397,0,,0.8064516129032259,0.7720588235294118,,False,False,,False,PASS,0.8064516129032259,0.7
PHO,TOR,,2.36,1.62,PHO,2026-03-22,1.0,,,,,,,,,2026-06-07,PHO,,,,,1.0,,True,397,0,,0.42372881355932207,0.40703517587939697,,False,False,,False,PASS,0.42372881355932207,0.6
SAC,BRK,,1.43,2.9,SAC,2026-03-22,1.0,,,,,,,,,2026-06-07,SAC,,,,,1.0,,True,397,0,,0.6993006993006994,0.6697459584295612,,False,False,,False,PASS,0.6993006993006994,0.3
WAS,OKC,,14.0,1.04,OKC,2026-03-21,1.0,,,,,,,,,2026-06-07,OKC,,,,,0.0,,True,397,0,,0.07142857142857142,0.06914893617021277,,False,False,,False,PASS,0.07142857142857142,0.3
PHO,MIL,,1.17,5.4,MIL,2026-03-21,0.0,,,,,,,,,2026-06-07,MIL,,,,,0.0,,True,397,0,,0.8547008547008548,0.8219178082191781,,False,False,,False,PASS,0.8547008547008548,0.6
SAS,IND,,1.06,11.0,SAS,2026-03-21,1.0,,,,,,,,,2026-06-07,SAS,,,,,1.0,,True,397,0,,0.9433962264150942,0.912106135986733,,False,False,,False,PASS,0.9433962264150942,0.85
ORL,LAL,,2.3,1.65,LAL,2026-03-21,0.0,,,,,,,,,2026-06-07,LAL,,,,,0.0,,True,397,0,,0.4347826086956522,0.4177215189873418,,False,False,,False,PASS,0.4347826086956522,0.7
UTA,PHI,,2.95,1.42,PHI,2026-03-21,1.0,,,,,,,,,2026-06-07,PHI,,,,,0.0,,True,397,0,,0.3389830508474576,0.32494279176201374,,False,False,,False,PASS,0.3389830508474576,0.35
ATL,GSW,,1.21,4.6,ATL,2026-03-21,1.0,,,,,,,,,2026-06-07,ATL,,,,,1.0,,True,397,0,,0.8264462809917356,0.7917383820998279,,False,False,,False,PASS,0.8264462809917356,0.45
HOU,MIA,,1.68,2.24,HOU,2026-03-21,0.0,,,,,,,,,2026-06-07,HOU,,,,,1.0,,True,397,0,,0.5952380952380952,0.5714285714285715,,False,False,,False,PASS,0.5952380952380952,0.75
NOP,CLE,,2.64,1.51,CLE,2026-03-21,0.0,,,,,,,,,2026-06-07,CLE,,,,,0.0,,True,397,0,,0.3787878787878788,0.363855421686747,,False,False,,False,PASS,0.3787878787878788,0.35
CHO,MEM,,1.06,10.0,CHO,2026-03-21,1.0,,,,,,,,,2026-06-07,CHO,,,,,1.0,,True,397,0,,0.9433962264150942,0.9041591320072333,,False,False,,False,PASS,0.9433962264150942,0.5
MEM,BOS,,8.0,1.09,BOS,2026-03-20,1.0,,,,,,,,,2026-06-07,BOS,,,,,0.0,,True,397,0,,0.125,0.11991199119911994,,False,False,,False,PASS,0.125,0.5
HOU,ATL,,1.62,2.36,HOU,2026-03-20,0.0,,,,,,,,,2026-06-07,HOU,,,,,1.0,,True,397,0,,0.6172839506172839,0.5929648241206029,,False,False,,False,PASS,0.6172839506172839,0.75
DET,GSW,,1.49,2.7,DET,2026-03-20,1.0,,,,,,,,,2026-06-07,DET,,,,,1.0,,True,397,0,,0.6711409395973155,0.6443914081145585,,False,False,,False,PASS,0.6711409395973155,0.8
DEN,TOR,,1.36,3.25,DEN,2026-03-20,1.0,,,,,,,,,2026-06-07,DEN,,,,,1.0,,True,397,0,,0.7352941176470588,0.7049891540130152,,False,False,,False,PASS,0.7352941176470588,0.65
UTA,MIL,,2.95,1.42,UTA,2026-03-19,1.0,,,,,,,,,2026-06-07,UTA,,,,,1.0,,True,397,0,,0.3389830508474576,0.32494279176201374,,False,False,,False,PASS,0.3389830508474576,0.35
MIA,LAL,,1.46,2.8,LAL,2026-03-19,0.0,,,,,,,,,2026-06-07,LAL,,,,,0.0,,True,397,0,,0.684931506849315,0.6572769953051644,,False,False,,False,PASS,0.684931506849315,0.65
SAC,PHI,,2.2,1.7,PHI,2026-03-19,0.0,,,,,,,,,2026-06-07,PHI,,,,,0.0,,True,397,0,,0.45454545454545453,0.4358974358974359,,False,False,,False,PASS,0.45454545454545453,0.3
BOS,GSW,,1.15,5.7,BOS,2026-03-18,1.0,,,,,,,,,2026-06-07,BOS,,,,,1.0,,True,397,0,,0.8695652173913044,0.832116788321168,,False,False,,False,PASS,0.8695652173913044,0.7
NOP,LAC,,1.7,2.2,NOP,2026-03-18,1.0,,,,,,,,,2026-06-07,NOP,,,,,1.0,,True,397,0,,0.5882352941176471,0.5641025641025641,,False,False,,False,PASS,0.5882352941176471,0.35
BRK,OKC,,13.0,1.04,OKC,2026-03-18,1.0,,,,,,,,,2026-06-07,OKC,,,,,0.0,,True,397,0,,0.07692307692307693,0.07407407407407408,,False,False,,False,PASS,0.07692307692307693,0.25
DAL,ATL,,3.7,1.29,ATL,2026-03-18,1.0,,,,,,,,,2026-06-07,ATL,,,,,0.0,,True,397,0,,0.27027027027027023,0.25851703406813625,,False,False,,False,PASS,0.27027027027027023,0.5
IND,POR,,6.5,1.12,POR,2026-03-18,1.0,,,,,,,,,2026-06-07,POR,,,,,0.0,,True,397,0,,0.15384615384615385,0.14698162729658795,,False,False,,False,PASS,0.15384615384615385,0.35
DEN,PHI,,1.08,8.5,DEN,2026-03-17,1.0,,,,,,,,,2026-06-07,DEN,,,,,1.0,,True,397,0,,0.9259259259259258,0.8872651356993737,,False,False,,False,PASS,0.9259259259259258,0.65
WAS,DET,,11.0,1.06,DET,2026-03-17,1.0,,,,,,,,,2026-06-07,DET,,,,,0.0,,True,397,0,,0.09090909090909091,0.087893864013267,,False,False,,False,PASS,0.09090909090909091,0.3
SAC,SAS,,7.0,1.11,SAS,2026-03-17,0.0,,,,,,,,,2026-06-07,SAS,,,,,0.0,,True,397,0,,0.14285714285714285,0.1368680641183724,,False,False,,False,PASS,0.14285714285714285,0.3
ORL,OKC,,4.5,1.22,OKC,2026-03-17,0.0,,,,,,,,,2026-06-07,OKC,,,,,0.0,,True,397,0,,0.2222222222222222,0.21328671328671325,,False,False,,False,PASS,0.2222222222222222,0.7
BOS,PHO,,1.25,4.1,BOS,2026-03-16,1.0,,,,,,,,,2026-06-07,BOS,,,,,1.0,,True,397,0,,0.8,0.7663551401869159,,False,False,,False,PASS,0.8,0.7
BRK,POR,,4.7,1.21,POR,2026-03-16,1.0,,,,,,,,,2026-06-07,POR,,,,,0.0,,True,397,0,,0.2127659574468085,0.20473773265651438,,False,False,,False,PASS,0.2127659574468085,0.25
WAS,GSW,,3.5,1.32,GSW,2026-03-16,1.0,,,,,,,,,2026-06-07,GSW,,,,,0.0,,True,397,0,,0.2857142857142857,0.2738589211618257,,False,False,,False,PASS,0.2857142857142857,0.3
LAC,SAS,,3.7,1.29,SAS,2026-03-16,0.0,,,,,,,,,2026-06-07,SAS,,,,,0.0,,True,397,0,,0.27027027027027023,0.25851703406813625,,False,False,,False,PASS,0.27027027027027023,0.6
HOU,LAL,,1.74,2.14,LAL,2026-03-16,0.0,,,,,,,,,2026-06-07,LAL,,,,,0.0,,True,397,0,,0.5747126436781609,0.5515463917525772,,False,False,,False,PASS,0.5747126436781609,0.75
CHI,MEM,,1.36,3.25,CHI,2026-03-16,0.0,,,,,,,,,2026-06-07,CHI,,,,,1.0,,True,397,0,,0.7352941176470588,0.7049891540130152,,False,False,,False,PASS,0.7352941176470588,0.6
NYK,GSW,,1.11,7.25,NYK,2026-03-15,1.0,,,,,,,,,2026-06-07,NYK,,,,,1.0,,True,397,0,,0.9009009009009008,0.867224880382775,,False,False,,False,PASS,0.9009009009009008,0.8
PHI,POR,,3.7,1.29,PHI,2026-03-15,0.0,,,,,,,,,2026-06-07,PHI,,,,,1.0,,True,397,0,,0.27027027027027023,0.25851703406813625,,False,False,,False,PASS,0.27027027027027023,0.5
CLE,DAL,,1.07,9.0,DAL,2026-03-15,0.0,,,,,,,,,2026-06-07,DAL,,,,,0.0,,True,397,0,,0.9345794392523364,0.893743793445879,,False,False,,False,PASS,0.9345794392523364,0.65
LAL,DEN,,2.3,1.65,LAL,2026-03-14,1.0,,,,,,,,,2026-06-07,LAL,,,,,1.0,,True,397,0,,0.4347826086956522,0.4177215189873418,,False,False,,False,PASS,0.4347826086956522,0.7
SAS,CHO,,1.54,2.54,SAS,2026-03-14,1.0,,,,,,,,,2026-06-07,SAS,,,,,1.0,,True,397,0,,0.6493506493506493,0.6225490196078431,,False,False,,False,PASS,0.6493506493506493,0.85
LAC,CHI,,1.12,6.5,LAC,2026-03-13,1.0,,,,,,,,,2026-06-07,LAC,,,,,1.0,,True,397,0,,0.8928571428571428,0.8530183727034122,,False,False,,False,PASS,0.8928571428571428,0.6
DET,MEM,,1.06,10.0,DET,2026-03-13,1.0,,,,,,,,,2026-06-07,DET,,,,,1.0,,True,397,0,,0.9433962264150942,0.9041591320072333,,False,False,,False,PASS,0.9433962264150942,0.8
DAL,CLE,,6.25,1.13,CLE,2026-03-13,1.0,,,,,,,,,2026-06-07,CLE,,,,,0.0,,True,397,0,,0.16,0.15311653116531165,,False,False,,False,PASS,0.16,0.5
TOR,PHO,,1.52,2.6,TOR,2026-03-13,1.0,,,,,,,,,2026-06-07,TOR,,,,,1.0,,True,397,0,,0.6578947368421053,0.6310679611650486,,False,False,,False,PASS,0.6578947368421053,0.6
IND,PHO,,4.2,1.24,PHO,2026-03-12,1.0,,,,,,,,,2026-06-07,PHO,,,,,0.0,,True,397,0,,0.23809523809523808,0.22794117647058823,,False,False,,False,PASS,0.23809523809523808,0.35
LAL,CHI,,1.19,5.0,LAL,2026-03-12,1.0,,,,,,,,,2026-06-07,LAL,,,,,1.0,,True,397,0,,0.8403361344537815,0.8077544426494345,,False,False,,False,PASS,0.8403361344537815,0.7
OKC,BOS,,1.37,3.2,OKC,2026-03-12,1.0,,,,,,,,,2026-06-07,OKC,,,,,1.0,,True,397,0,,0.7299270072992701,0.700218818380744,,False,False,,False,PASS,0.7299270072992701,0.85
SAS,DEN,,1.44,2.85,DEN,2026-03-12,0.0,,,,,,,,,2026-06-07,DEN,,,,,0.0,,True,397,0,,0.6944444444444444,0.6643356643356644,,False,False,,False,PASS,0.6944444444444444,0.85
NOP,TOR,,2.2,1.7,NOP,2026-03-11,1.0,,,,,,,,,2026-06-07,NOP,,,,,1.0,,True,397,0,,0.45454545454545453,0.4358974358974359,,False,False,,False,PASS,0.45454545454545453,0.35
SAC,CHO,,6.75,1.12,CHO,2026-03-11,1.0,,,,,,,,,2026-06-07,CHO,,,,,0.0,,True,397,0,,0.14814814814814814,0.1423125794155019,,False,False,,False,PASS,0.14814814814814814,0.3
UTA,NYK,,7.75,1.1,NYK,2026-03-11,0.0,,,,,,,,,2026-06-07,NYK,,,,,0.0,,True,397,0,,0.12903225806451613,0.12429378531073447,,False,False,,False,PASS,0.12903225806451613,0.35
GSW,CHI,,1.42,2.95,CHI,2026-03-10,1.0,,,,,,,,,2026-06-07,CHI,,,,,0.0,,True,397,0,,0.7042253521126761,0.6750572082379863,,False,False,,False,PASS,0.7042253521126761,0.7
SAS,BOS,,1.68,2.24,SAS,2026-03-10,1.0,,,,,,,,,2026-06-07,SAS,,,,,1.0,,True,397,0,,0.5952380952380952,0.5714285714285715,,False,False,,False,PASS,0.5952380952380952,0.85
ATL,DAL,,1.24,4.3,ATL,2026-03-10,1.0,,,,,,,,,2026-06-07,ATL,,,,,1.0,,True,397,0,,0.8064516129032259,0.7761732851985559,,False,False,,False,PASS,0.8064516129032259,0.45
HOU,TOR,,1.49,2.7,HOU,2026-03-10,1.0,,,,,,,,,2026-06-07,HOU,,,,,1.0,,True,397,0,,0.6711409395973155,0.6443914081145585,,False,False,,False,PASS,0.6711409395973155,0.75
MIA,WAS,,1.09,8.0,MIA,2026-03-10,1.0,,,,,,,,,2026-06-07,MIA,,,,,1.0,,True,397,0,,0.9174311926605504,0.8800880088008802,,False,False,,False,PASS,0.9174311926605504,0.65
MIL,PHO,,1.98,1.85,PHO,2026-03-10,1.0,,,,,,,,,2026-06-07,PHO,,,,,0.0,,True,397,0,,0.5050505050505051,0.4830287206266319,,False,False,,False,PASS,0.5050505050505051,0.5
SAC,IND,,1.65,2.3,SAC,2026-03-10,0.0,,,,,,,,,2026-06-07,SAC,,,,,1.0,,True,397,0,,0.6060606060606061,0.5822784810126582,,False,False,,False,PASS,0.6060606060606061,0.3
PHI,MEM,,1.65,2.3,PHI,2026-03-10,1.0,,,,,,,,,2026-06-07,PHI,,,,,1.0,,True,397,0,,0.6060606060606061,0.5822784810126582,,False,False,,False,PASS,0.6060606060606061,0.5
POR,CHO,,2.3,1.65,CHO,2026-03-10,0.0,,,,,,,,,2026-06-07,CHO,,,,,0.0,,True,397,0,,0.4347826086956522,0.4177215189873418,,False,False,,False,PASS,0.4347826086956522,0.5
BRK,MEM,,2.05,1.8,BRK,2026-03-09,0.0,,,,,,,,,2026-06-07,BRK,,,,,1.0,,True,397,0,,0.48780487804878053,0.4675324675324676,,False,False,,False,PASS,0.48780487804878053,0.25
LAC,NYK,,2.2,1.7,LAC,2026-03-09,1.0,,,,,,,,,2026-06-07,LAC,,,,,1.0,,True,397,0,,0.45454545454545453,0.4358974358974359,,False,False,,False,PASS,0.45454545454545453,0.6
TOR,DAL,,1.23,4.4,TOR,2026-03-08,1.0,,,,,,,,,2026-06-07,TOR,,,,,1.0,,True,397,0,,0.8130081300813008,0.7815275310834814,,False,False,,False,PASS,0.8130081300813008,0.6
POR,IND,,1.25,4.1,POR,2026-03-08,0.0,,,,,,,,,2026-06-07,POR,,,,,1.0,,True,397,0,,0.8,0.7663551401869159,,False,False,,False,PASS,0.8,0.5
PHO,CHO,,2.6,1.52,PHO,2026-03-08,1.0,,,,,,,,,2026-06-07,PHO,,,,,1.0,,True,397,0,,0.3846153846153846,0.3689320388349514,,False,False,,False,PASS,0.3846153846153846,0.6
NOP,WAS,,1.22,4.5,NOP,2026-03-08,1.0,,,,,,,,,2026-06-07,NOP,,,,,1.0,,True,397,0,,0.819672131147541,0.7867132867132867,,False,False,,False,PASS,0.819672131147541,0.35
LAL,NYK,,2.3,1.65,LAL,2026-03-08,0.0,,,,,,,,,2026-06-07,LAL,,,,,1.0,,True,397,0,,0.4347826086956522,0.4177215189873418,,False,False,,False,PASS,0.4347826086956522,0.7
SAC,CHI,,2.14,1.74,SAC,2026-03-08,0.0,,,,,,,,,2026-06-07,SAC,,,,,1.0,,True,397,0,,0.4672897196261682,0.4484536082474227,,False,False,,False,PASS,0.4672897196261682,0.3
MIL,ORL,,2.36,1.62,ORL,2026-03-08,1.0,,,,,,,,,2026-06-07,ORL,,,,,0.0,,True,397,0,,0.42372881355932207,0.40703517587939697,,False,False,,False,PASS,0.42372881355932207,0.5
MIN,ORL,,1.36,3.25,ORL,2026-03-07,0.0,,,,,,,,,2026-06-07,ORL,,,,,0.0,,True,397,0,,0.7352941176470588,0.7049891540130152,,False,False,,False,PASS,0.7352941176470588,0.7
MIL,UTA,,1.24,4.3,MIL,2026-03-07,0.0,,,,,,,,,2026-06-07,MIL,,,,,1.0,,True,397,0,,0.8064516129032259,0.7761732851985559,,False,False,,False,PASS,0.8064516129032259,0.5
LAL,IND,,1.22,4.5,LAL,2026-03-06,1.0,,,,,,,,,2026-06-07,LAL,,,,,1.0,,True,397,0,,0.819672131147541,0.7867132867132867,,False,False,,False,PASS,0.819672131147541,0.7
SAS,LAC,,1.36,3.25,SAS,2026-03-06,1.0,,,,,,,,,2026-06-07,SAS,,,,,1.0,,True,397,0,,0.7352941176470588,0.7049891540130152,,False,False,,False,PASS,0.7352941176470588,0.85
DEN,NYK,,2.05,1.8,NYK,2026-03-06,0.0,,,,,,,,,2026-06-07,NYK,,,,,0.0,,True,397,0,,0.48780487804878053,0.4675324675324676,,False,False,,False,PASS,0.48780487804878053,0.65
BOS,DAL,,1.08,8.5,BOS,2026-03-06,1.0,,,,,,,,,2026-06-07,BOS,,,,,1.0,,True,397,0,,0.9259259259259258,0.8872651356993737,,False,False,,False,PASS,0.9259259259259258,0.7
HOU,GSW,,1.26,4.0,GSW,2026-03-05,0.0,,,,,,,,,2026-06-07,GSW,,,,,0.0,,True,397,0,,0.7936507936507936,0.7604562737642586,,False,False,,False,PASS,0.7936507936507936,0.75
SAS,DET,,1.65,2.3,SAS,2026-03-05,1.0,,,,,,,,,2026-06-07,SAS,,,,,1.0,,True,397,0,,0.6060606060606061,0.5822784810126582,,False,False,,False,PASS,0.6060606060606061,0.85
WAS,UTA,,1.59,2.42,UTA,2026-03-05,1.0,,,,,,,,,2026-06-07,UTA,,,,,0.0,,True,397,0,,0.6289308176100629,0.6034912718204488,,False,False,,False,PASS,0.6289308176100629,0.3
PHO,CHI,,1.19,5.0,CHI,2026-03-05,0.0,,,,,,,,,2026-06-07,CHI,,,,,0.0,,True,397,0,,0.8403361344537815,0.8077544426494345,,False,False,,False,PASS,0.8403361344537815,0.6
ORL,DAL,,1.26,4.0,ORL,2026-03-05,1.0,,,,,,,,,2026-06-07,ORL,,,,,1.0,,True,397,0,,0.7936507936507936,0.7604562737642586,,False,False,,False,PASS,0.7936507936507936,0.7
MIN,TOR,,1.44,2.85,MIN,2026-03-05,1.0,,,,,,,,,2026-06-07,MIN,,,,,1.0,,True,397,0,,0.6944444444444444,0.6643356643356644,,False,False,,False,PASS,0.6944444444444444,0.7
SAC,NOP,,2.7,1.49,NOP,2026-03-05,1.0,,,,,,,,,2026-06-07,NOP,,,,,0.0,,True,397,0,,0.37037037037037035,0.3556085918854415,,False,False,,False,PASS,0.37037037037037035,0.3
NYK,OKC,,2.45,1.57,OKC,2026-03-04,0.0,,,,,,,,,2026-06-07,OKC,,,,,0.0,,True,397,0,,0.4081632653061224,0.39054726368159204,,False,False,,False,PASS,0.4081632653061224,0.8
PHI,UTA,,1.26,4.0,PHI,2026-03-04,0.0,,,,,,,,,2026-06-07,PHI,,,,,1.0,,True,397,0,,0.7936507936507936,0.7604562737642586,,False,False,,False,PASS,0.7936507936507936,0.5
BOS,CHO,,1.42,2.95,CHO,2026-03-04,0.0,,,,,,,,,2026-06-07,CHO,,,,,0.0,,True,397,0,,0.7042253521126761,0.6750572082379863,,False,False,,False,PASS,0.7042253521126761,0.7
LAC,IND,,1.15,5.7,LAC,2026-03-04,1.0,,,,,,,,,2026-06-07,LAC,,,,,1.0,,True,397,0,,0.8695652173913044,0.832116788321168,,False,False,,False,PASS,0.8695652173913044,0.6
MIL,ATL,,1.85,1.98,ATL,2026-03-04,1.0,,,,,,,,,2026-06-07,ATL,,,,,0.0,,True,397,0,,0.5405405405405405,0.5169712793733681,,False,False,,False,PASS,0.5405405405405405,0.5
CHI,OKC,,4.3,1.24,OKC,2026-03-03,1.0,,,,,,,,,2026-06-07,OKC,,,,,0.0,,True,397,0,,0.23255813953488372,0.223826714801444,,False,False,,False,PASS,0.23255813953488372,0.6
CHO,DAL,,1.14,6.0,CHO,2026-03-03,1.0,,,,,,,,,2026-06-07,CHO,,,,,1.0,,True,397,0,,0.8771929824561404,0.8403361344537814,,False,False,,False,PASS,0.8771929824561404,0.5
MIA,BRK,,1.14,6.0,MIA,2026-03-03,1.0,,,,,,,,,2026-06-07,MIA,,,,,1.0,,True,397,0,,0.8771929824561404,0.8403361344537814,,False,False,,False,PASS,0.8771929824561404,0.65
ORL,WAS,,1.08,8.5,ORL,2026-03-03,1.0,,,,,,,,,2026-06-07,ORL,,,,,1.0,,True,397,0,,0.9259259259259258,0.8872651356993737,,False,False,,False,PASS,0.9259259259259258,0.7
PHI,SAS,,3.45,1.33,SAS,2026-03-03,1.0,,,,,,,,,2026-06-07,SAS,,,,,0.0,,True,397,0,,0.2898550724637681,0.2782426778242678,,False,False,,False,PASS,0.2898550724637681,0.5
WAS,HOU,,8.0,1.09,HOU,2026-03-02,1.0,,,,,,,,,2026-06-07,HOU,,,,,0.0,,True,397,0,,0.125,0.11991199119911994,,False,False,,False,PASS,0.125,0.3
UTA,DEN,,5.1,1.18,DEN,2026-03-02,1.0,,,,,,,,,2026-06-07,DEN,,,,,0.0,,True,397,0,,0.19607843137254904,0.1878980891719745,,False,False,,False,PASS,0.19607843137254904,0.35
ORL,DET,,2.7,1.49,DET,2026-03-01,0.0,,,,,,,,,2026-06-07,DET,,,,,0.0,,True,397,0,,0.37037037037037035,0.3556085918854415,,False,False,,False,PASS,0.37037037037037035,0.7
IND,MEM,,1.87,1.95,MEM,2026-03-01,1.0,,,,,,,,,2026-06-07,MEM,,,,,0.0,,True,397,0,,0.53475935828877,0.5104712041884817,,False,False,,False,PASS,0.53475935828877,0.35
NYK,SAS,,1.95,1.87,NYK,2026-03-01,1.0,,,,,,,,,2026-06-07,NYK,,,,,1.0,,True,397,0,,0.5128205128205129,0.4895287958115184,,False,False,,False,PASS,0.5128205128205129,0.8
ATL,POR,,1.49,2.7,ATL,2026-03-01,1.0,,,,,,,,,2026-06-07,ATL,,,,,1.0,,True,397,0,,0.6711409395973155,0.6443914081145585,,False,False,,False,PASS,0.6711409395973155,0.45
CHO,POR,,1.34,3.4,CHO,2026-02-28,1.0,,,,,,,,,2026-06-07,CHO,,,,,1.0,,True,397,0,,0.7462686567164178,0.7172995780590716,,False,False,,False,PASS,0.7462686567164178,0.5
GSW,LAL,,2.45,1.57,LAL,2026-02-28,1.0,,,,,,,,,2026-06-07,LAL,,,,,0.0,,True,397,0,,0.4081632653061224,0.39054726368159204,,False,False,,False,PASS,0.4081632653061224,0.7
MIA,HOU,,2.14,1.74,MIA,2026-02-28,0.0,,,,,,,,,2026-06-07,MIA,,,,,1.0,,True,397,0,,0.4672897196261682,0.4484536082474227,,False,False,,False,PASS,0.4672897196261682,0.65
OKC,DEN,,1.32,3.5,OKC,2026-02-27,1.0,,,,,,,,,2026-06-07,OKC,,,,,1.0,,True,397,0,,0.7575757575757576,0.7261410788381742,,False,False,,False,PASS,0.7575757575757576,0.85
UTA,NOP,,2.8,1.46,NOP,2026-02-26,0.0,,,,,,,,,2026-06-07,NOP,,,,,0.0,,True,397,0,,0.35714285714285715,0.34272300469483574,,False,False,,False,PASS,0.35714285714285715,0.35
ORL,HOU,,2.24,1.68,HOU,2026-02-26,0.0,,,,,,,,,2026-06-07,HOU,,,,,0.0,,True,397,0,,0.4464285714285714,0.4285714285714286,,False,False,,False,PASS,0.4464285714285714,0.7
LAC,MIN,,2.8,1.46,MIN,2026-02-26,0.0,,,,,,,,,2026-06-07,MIN,,,,,0.0,,True,397,0,,0.35714285714285715,0.34272300469483574,,False,False,,False,PASS,0.35714285714285715,0.6
DAL,SAC,,1.37,3.2,SAC,2026-02-26,1.0,,,,,,,,,2026-06-07,SAC,,,,,0.0,,True,397,0,,0.7299270072992701,0.700218818380744,,False,False,,False,PASS,0.7299270072992701,0.5
BRK,SAS,,5.9,1.15,SAS,2026-02-26,1.0,,,,,,,,,2026-06-07,SAS,,,,,0.0,,True,397,0,,0.1694915254237288,0.1631205673758865,,False,False,,False,PASS,0.1694915254237288,0.25
CHI,POR,,2.5,1.56,POR,2026-02-26,1.0,,,,,,,,,2026-06-07,POR,,,,,0.0,,True,397,0,,0.4,0.38423645320197053,,False,False,,False,PASS,0.4,0.6
DEN,BOS,,1.62,2.36,DEN,2026-02-25,1.0,,,,,,,,,2026-06-07,DEN,,,,,1.0,,True,397,0,,0.6172839506172839,0.5929648241206029,,False,False,,False,PASS,0.6172839506172839,0.65
TOR,SAS,,3.5,1.32,SAS,2026-02-25,0.0,,,,,,,,,2026-06-07,SAS,,,,,0.0,,True,397,0,,0.2857142857142857,0.2738589211618257,,False,False,,False,PASS,0.2857142857142857,0.6
DET,OKC,,1.32,3.5,DET,2026-02-25,1.0,,,,,,,,,2026-06-07,DET,,,,,1.0,,True,397,0,,0.7575757575757576,0.7261410788381742,,False,False,,False,PASS,0.7575757575757576,0.8
MEM,GSW,,2.42,1.59,GSW,2026-02-25,1.0,,,,,,,,,2026-06-07,GSW,,,,,0.0,,True,397,0,,0.4132231404958678,0.39650872817955113,,False,False,,False,PASS,0.4132231404958678,0.5
MIL,CLE,,3.7,1.29,MIL,2026-02-25,1.0,,,,,,,,,2026-06-07,MIL,,,,,1.0,,True,397,0,,0.27027027027027023,0.25851703406813625,,False,False,,False,PASS,0.27027027027027023,0.5
BRK,DAL,,2.1,1.77,DAL,2026-02-24,1.0,,,,,,,,,2026-06-07,DAL,,,,,0.0,,True,397,0,,0.47619047619047616,0.4573643410852713,,False,False,,False,PASS,0.47619047619047616,0.25
ATL,WAS,,1.13,6.25,ATL,2026-02-24,1.0,,,,,,,,,2026-06-07,ATL,,,,,1.0,,True,397,0,,0.8849557522123894,0.8468834688346885,,False,False,,False,PASS,0.8849557522123894,0.45
IND,PHI,,4.5,1.22,PHI,2026-02-24,1.0,,,,,,,,,2026-06-07,PHI,,,,,0.0,,True,397,0,,0.2222222222222222,0.21328671328671325,,False,False,,False,PASS,0.2222222222222222,0.35
LAL,ORL,,1.49,2.7,ORL,2026-02-24,0.0,,,,,,,,,2026-06-07,ORL,,,,,0.0,,True,397,0,,0.6711409395973155,0.6443914081145585,,False,False,,False,PASS,0.6711409395973155,0.7
MIL,MIA,,3.05,1.4,MIL,2026-02-24,1.0,,,,,,,,,2026-06-07,MIL,,,,,1.0,,True,397,0,,0.3278688524590164,0.3146067415730337,,False,False,,False,PASS,0.3278688524590164,0.5
PHO,BOS,,3.05,1.4,BOS,2026-02-24,1.0,,,,,,,,,2026-06-07,BOS,,,,,0.0,,True,397,0,,0.3278688524590164,0.3146067415730337,,False,False,,False,PASS,0.3278688524590164,0.6
TOR,OKC,,1.85,1.98,OKC,2026-02-24,0.0,,,,,,,,,2026-06-07,OKC,,,,,0.0,,True,397,0,,0.5405405405405405,0.5169712793733681,,False,False,,False,PASS,0.5405405405405405,0.6
DET,SAS,,1.8,2.05,SAS,2026-02-23,0.0,,,,,,,,,2026-06-07,SAS,,,,,0.0,,True,397,0,,0.5555555555555556,0.5324675324675325,,False,False,,False,PASS,0.5555555555555556,0.8
HOU,UTA,,1.12,6.75,HOU,2026-02-23,1.0,,,,,,,,,2026-06-07,HOU,,,,,1.0,,True,397,0,,0.8928571428571428,0.8576874205844981,,False,False,,False,PASS,0.8928571428571428,0.75
ATL,BRK,,1.23,4.4,ATL,2026-02-22,0.0,,,,,,,,,2026-06-07,ATL,,,,,1.0,,True,397,0,,0.8130081300813008,0.7815275310834814,,False,False,,False,PASS,0.8130081300813008,0.45
LAL,BOS,,2.1,1.77,BOS,2026-02-22,0.0,,,,,,,,,2026-06-07,BOS,,,,,0.0,,True,397,0,,0.47619047619047616,0.4573643410852713,,False,False,,False,PASS,0.47619047619047616,0.7
IND,DAL,,2.1,1.77,DAL,2026-02-22,1.0,,,,,,,,,2026-06-07,DAL,,,,,0.0,,True,397,0,,0.47619047619047616,0.4573643410852713,,False,False,,False,PASS,0.47619047619047616,0.35
MIN,PHI,,1.27,3.95,PHI,2026-02-22,0.0,,,,,,,,,2026-06-07,PHI,,,,,0.0,,True,397,0,,0.7874015748031495,0.7567049808429118,,False,False,,False,PASS,0.7874015748031495,0.7
OKC,CLE,,2.5,1.56,OKC,2026-02-22,0.0,,,,,,,,,2026-06-07,OKC,,,,,1.0,,True,397,0,,0.4,0.38423645320197053,,False,False,,False,PASS,0.4,0.85
LAC,ORL,,1.77,2.1,ORL,2026-02-22,1.0,,,,,,,,,2026-06-07,ORL,,,,,0.0,,True,397,0,,0.5649717514124294,0.5426356589147286,,False,False,,False,PASS,0.5649717514124294,0.6
MIA,MEM,,1.21,4.7,MIA,2026-02-21,1.0,,,,,,,,,2026-06-07,MIA,,,,,1.0,,True,397,0,,0.8264462809917356,0.7952622673434856,,False,False,,False,PASS,0.8264462809917356,0.65
NOP,PHI,,2.3,1.65,NOP,2026-02-21,1.0,,,,,,,,,2026-06-07,NOP,,,,,1.0,,True,397,0,,0.4347826086956522,0.4177215189873418,,False,False,,False,PASS,0.4347826086956522,0.35
PHO,ORL,,1.8,2.05,PHO,2026-02-21,0.0,,,,,,,,,2026-06-07,PHO,,,,,1.0,,True,397,0,,0.5555555555555556,0.5324675324675325,,False,False,,False,PASS,0.5555555555555556,0.6
NYK,HOU,,1.62,2.36,NYK,2026-02-21,1.0,,,,,,,,,2026-06-07,NYK,,,,,1.0,,True,397,0,,0.6172839506172839,0.5929648241206029,,False,False,,False,PASS,0.6172839506172839,0.8
OKC,BRK,,1.06,10.0,OKC,2026-02-20,1.0,,,,,,,,,2026-06-07,OKC,,,,,1.0,,True,397,0,,0.9433962264150942,0.9041591320072333,,False,False,,False,PASS,0.9433962264150942,0.85
NOP,MIL,,1.57,2.45,MIL,2026-02-20,0.0,,,,,,,,,2026-06-07,MIL,,,,,0.0,,True,397,0,,0.6369426751592356,0.609452736318408,,False,False,,False,PASS,0.6369426751592356,0.35
CHI,TOR,,2.7,1.49,TOR,2026-02-19,1.0,,,,,,,,,2026-06-07,TOR,,,,,0.0,,True,397,0,,0.37037037037037035,0.3556085918854415,,False,False,,False,PASS,0.37037037037037035,0.6
NYK,DET,,1.59,2.42,DET,2026-02-19,0.0,,,,,,,,,2026-06-07,DET,,,,,0.0,,True,397,0,,0.6289308176100629,0.6034912718204488,,False,False,,False,PASS,0.6289308176100629,0.8
SAC,ORL,,4.2,1.24,ORL,2026-02-19,1.0,,,,,,,,,2026-06-07,ORL,,,,,0.0,,True,397,0,,0.23809523809523808,0.22794117647058823,,False,False,,False,PASS,0.23809523809523808,0.3
GSW,BOS,,2.36,1.62,BOS,2026-02-19,1.0,,,,,,,,,2026-06-07,BOS,,,,,0.0,,True,397,0,,0.42372881355932207,0.40703517587939697,,False,False,,False,PASS,0.42372881355932207,0.7
CLE,BRK,,1.09,8.0,CLE,2026-02-19,1.0,,,,,,,,,2026-06-07,CLE,,,,,1.0,,True,397,0,,0.9174311926605504,0.8800880088008802,,False,False,,False,PASS,0.9174311926605504,0.65
CHO,HOU,,2.14,1.74,HOU,2026-02-19,0.0,,,,,,,,,2026-06-07,HOU,,,,,0.0,,True,397,0,,0.4672897196261682,0.4484536082474227,,False,False,,False,PASS,0.4672897196261682,0.5
WAS,IND,,2.1,1.77,WAS,2026-02-19,0.0,,,,,,,,,2026-06-07,WAS,,,,,1.0,,True,397,0,,0.47619047619047616,0.4573643410852713,,False,False,,False,PASS,0.47619047619047616,0.3
OKC,MIL,,1.13,6.25,MIL,2026-02-12,0.0,,,,,,,,,2026-06-07,MIL,,,,,0.0,,True,397,0,,0.8849557522123894,0.8468834688346885,,False,False,,False,PASS,0.8849557522123894,0.85
GSW,SAS,,3.15,1.38,SAS,2026-02-11,1.0,,,,,,,,,2026-06-07,SAS,,,,,0.0,,True,397,0,,0.31746031746031744,0.3046357615894039,,False,False,,False,PASS,0.31746031746031744,0.7
MIN,POR,,1.43,2.9,MIN,2026-02-11,1.0,,,,,,,,,2026-06-07,MIN,,,,,1.0,,True,397,0,,0.6993006993006994,0.6697459584295612,,False,False,,False,PASS,0.6993006993006994,0.7
DEN,MEM,,1.15,5.9,DEN,2026-02-11,1.0,,,,,,,,,2026-06-07,DEN,,,,,1.0,,True,397,0,,0.8695652173913044,0.8368794326241135,,False,False,,False,PASS,0.8695652173913044,0.65
TOR,DET,,1.91,1.91,DET,2026-02-11,0.0,,,,,,,,,2026-06-07,DET,,,,,0.0,,True,397,0,,0.5235602094240838,0.5,,False,False,,False,PASS,0.5235602094240838,0.6
BRK,IND,,1.54,2.54,IND,2026-02-11,1.0,,,,,,,,,2026-06-07,IND,,,,,0.0,,True,397,0,,0.6493506493506493,0.6225490196078431,,False,False,,False,PASS,0.6493506493506493,0.25
CLE,WAS,,1.1,7.75,CLE,2026-02-11,1.0,,,,,,,,,2026-06-07,CLE,,,,,1.0,,True,397,0,,0.9090909090909091,0.8757062146892656,,False,False,,False,PASS,0.9090909090909091,0.65
NOP,MIA,,1.87,1.95,MIA,2026-02-11,1.0,,,,,,,,,2026-06-07,MIA,,,,,0.0,,True,397,0,,0.53475935828877,0.5104712041884817,,False,False,,False,PASS,0.53475935828877,0.35
NYK,IND,,1.17,5.4,IND,2026-02-10,0.0,,,,,,,,,2026-06-07,IND,,,,,0.0,,True,397,0,,0.8547008547008548,0.8219178082191781,,False,False,,False,PASS,0.8547008547008548,0.8
ORL,MIL,,1.2,4.8,ORL,2026-02-09,1.0,,,,,,,,,2026-06-07,ORL,,,,,1.0,,True,397,0,,0.8333333333333334,0.7999999999999999,,False,False,,False,PASS,0.8333333333333334,0.7
NOP,SAC,,1.32,3.5,NOP,2026-02-09,1.0,,,,,,,,,2026-06-07,NOP,,,,,1.0,,True,397,0,,0.7575757575757576,0.7261410788381742,,False,False,,False,PASS,0.7575757575757576,0.35
MIN,ATL,,1.4,3.05,MIN,2026-02-09,1.0,,,,,,,,,2026-06-07,MIN,,,,,1.0,,True,397,0,,0.7142857142857143,0.6853932584269663,,False,False,,False,PASS,0.7142857142857143,0.7
POR,PHI,,2.36,1.62,POR,2026-02-09,0.0,,,,,,,,,2026-06-07,POR,,,,,1.0,,True,397,0,,0.42372881355932207,0.40703517587939697,,False,False,,False,PASS,0.42372881355932207,0.5
DEN,CLE,,1.89,1.93,CLE,2026-02-09,0.0,,,,,,,,,2026-06-07,CLE,,,,,0.0,,True,397,0,,0.5291005291005292,0.5052356020942408,,False,False,,False,PASS,0.5291005291005292,0.65
MIA,UTA,,1.34,3.4,UTA,2026-02-09,0.0,,,,,,,,,2026-06-07,UTA,,,,,0.0,,True,397,0,,0.7462686567164178,0.7172995780590716,,False,False,,False,PASS,0.7462686567164178,0.65
CHO,DET,,2.24,1.68,DET,2026-02-09,0.0,,,,,,,,,2026-06-07,DET,,,,,0.0,,True,397,0,,0.4464285714285714,0.4285714285714286,,False,False,,False,PASS,0.4464285714285714,0.5
LAL,OKC,,3.1,1.39,OKC,2026-02-09,0.0,,,,,,,,,2026-06-07,OKC,,,,,0.0,,True,397,0,,0.3225806451612903,0.309576837416481,,False,False,,False,PASS,0.3225806451612903,0.7
WAS,MIA,,5.7,1.15,MIA,2026-02-08,1.0,,,,,,,,,2026-06-07,MIA,,,,,0.0,,True,397,0,,0.17543859649122806,0.1678832116788321,,False,False,,False,PASS,0.17543859649122806,0.3
ORL,UTA,,1.39,3.1,ORL,2026-02-07,1.0,,,,,,,,,2026-06-07,ORL,,,,,1.0,,True,397,0,,0.7194244604316548,0.6904231625835189,,False,False,,False,PASS,0.7194244604316548,0.7
CHI,DEN,,2.8,1.46,DEN,2026-02-07,1.0,,,,,,,,,2026-06-07,DEN,,,,,0.0,,True,397,0,,0.35714285714285715,0.34272300469483574,,False,False,,False,PASS,0.35714285714285715,0.6
PHO,PHI,,1.82,2.02,PHI,2026-02-07,0.0,,,,,,,,,2026-06-07,PHI,,,,,0.0,,True,397,0,,0.5494505494505494,0.5260416666666667,,False,False,,False,PASS,0.5494505494505494,0.6
SAC,CLE,,5.7,1.15,CLE,2026-02-07,1.0,,,,,,,,,2026-06-07,CLE,,,,,0.0,,True,397,0,,0.17543859649122806,0.1678832116788321,,False,False,,False,PASS,0.17543859649122806,0.3
SAS,DAL,,1.24,4.2,SAS,2026-02-07,1.0,,,,,,,,,2026-06-07,SAS,,,,,1.0,,True,397,0,,0.8064516129032259,0.7720588235294118,,False,False,,False,PASS,0.8064516129032259,0.85
BRK,WAS,,1.43,2.9,BRK,2026-02-07,0.0,,,,,,,,,2026-06-07,BRK,,,,,1.0,,True,397,0,,0.6993006993006994,0.6697459584295612,,False,False,,False,PASS,0.6993006993006994,0.25
MIL,IND,,1.85,1.98,MIL,2026-02-06,0.0,,,,,,,,,2026-06-07,MIL,,,,,1.0,,True,397,0,,0.5405405405405405,0.5169712793733681,,False,False,,False,PASS,0.5405405405405405,0.5
POR,MEM,,1.34,3.4,POR,2026-02-06,0.0,,,,,,,,,2026-06-07,POR,,,,,1.0,,True,397,0,,0.7462686567164178,0.7172995780590716,,False,False,,False,PASS,0.7462686567164178,0.5
SAC,LAC,,2.5,1.56,LAC,2026-02-06,0.0,,,,,,,,,2026-06-07,LAC,,,,,0.0,,True,397,0,,0.4,0.38423645320197053,,False,False,,False,PASS,0.4,0.3
MIN,NOP,,1.24,4.2,NOP,2026-02-06,0.0,,,,,,,,,2026-06-07,NOP,,,,,0.0,,True,397,0,,0.8064516129032259,0.7720588235294118,,False,False,,False,PASS,0.8064516129032259,0.7
LAL,PHI,,1.56,2.5,LAL,2026-02-05,1.0,,,,,,,,,2026-06-07,LAL,,,,,1.0,,True,397,0,,0.641025641025641,0.6157635467980296,,False,False,,False,PASS,0.641025641025641,0.7
TOR,CHI,,1.28,3.85,TOR,2026-02-05,1.0,,,,,,,,,2026-06-07,TOR,,,,,1.0,,True,397,0,,0.78125,0.7504873294346978,,False,False,,False,PASS,0.78125,0.6
ATL,UTA,,1.28,3.85,ATL,2026-02-05,0.0,,,,,,,,,2026-06-07,ATL,,,,,1.0,,True,397,0,,0.78125,0.7504873294346978,,False,False,,False,PASS,0.78125,0.45
HOU,CHO,,1.62,2.36,CHO,2026-02-05,0.0,,,,,,,,,2026-06-07,CHO,,,,,0.0,,True,397,0,,0.6172839506172839,0.5929648241206029,,False,False,,False,PASS,0.6172839506172839,0.75
MIL,NOP,,2.54,1.54,MIL,2026-02-04,0.0,,,,,,,,,2026-06-07,MIL,,,,,1.0,,True,397,0,,0.39370078740157477,0.37745098039215685,,False,False,,False,PASS,0.39370078740157477,0.5
HOU,BOS,,1.51,2.64,BOS,2026-02-04,0.0,,,,,,,,,2026-06-07,BOS,,,,,0.0,,True,397,0,,0.6622516556291391,0.6361445783132531,,False,False,,False,PASS,0.6622516556291391,0.75
NYK,DEN,,1.42,2.95,NYK,2026-02-04,1.0,,,,,,,,,2026-06-07,NYK,,,,,1.0,,True,397,0,,0.7042253521126761,0.6750572082379863,,False,False,,False,PASS,0.7042253521126761,0.8
TOR,MIN,,2.2,1.7,MIN,2026-02-04,0.0,,,,,,,,,2026-06-07,MIN,,,,,0.0,,True,397,0,,0.45454545454545453,0.4358974358974359,,False,False,,False,PASS,0.45454545454545453,0.6
LAC,CLE,,2.1,1.77,CLE,2026-02-04,1.0,,,,,,,,,2026-06-07,CLE,,,,,0.0,,True,397,0,,0.47619047619047616,0.4573643410852713,,False,False,,False,PASS,0.47619047619047616,0.6
DET,DEN,,1.57,2.45,DET,2026-02-03,1.0,,,,,,,,,2026-06-07,DET,,,,,1.0,,True,397,0,,0.6369426751592356,0.609452736318408,,False,False,,False,PASS,0.6369426751592356,0.8
GSW,PHI,,1.65,2.3,PHI,2026-02-03,0.0,,,,,,,,,2026-06-07,PHI,,,,,0.0,,True,397,0,,0.6060606060606061,0.5822784810126582,,False,False,,False,PASS,0.6060606060606061,0.7
BRK,LAL,,4.1,1.25,LAL,2026-02-03,1.0,,,,,,,,,2026-06-07,LAL,,,,,0.0,,True,397,0,,0.24390243902439027,0.23364485981308414,,False,False,,False,PASS,0.24390243902439027,0.25
IND,UTA,,1.65,2.3,UTA,2026-02-03,1.0,,,,,,,,,2026-06-07,UTA,,,,,0.0,,True,397,0,,0.6060606060606061,0.5822784810126582,,False,False,,False,PASS,0.6060606060606061,0.35
OKC,ORL,,1.38,3.15,OKC,2026-02-03,1.0,,,,,,,,,2026-06-07,OKC,,,,,1.0,,True,397,0,,0.7246376811594204,0.695364238410596,,False,False,,False,PASS,0.7246376811594204,0.85
MIA,ATL,,1.62,2.36,ATL,2026-02-03,0.0,,,,,,,,,2026-06-07,ATL,,,,,0.0,,True,397,0,,0.6172839506172839,0.5929648241206029,,False,False,,False,PASS,0.6172839506172839,0.65
WAS,NYK,,6.0,1.14,NYK,2026-02-03,1.0,,,,,,,,,2026-06-07,NYK,,,,,0.0,,True,397,0,,0.16666666666666666,0.15966386554621845,,False,False,,False,PASS,0.16666666666666666,0.3
DAL,BOS,,3.1,1.39,BOS,2026-02-03,1.0,,,,,,,,,2026-06-07,BOS,,,,,0.0,,True,397,0,,0.3225806451612903,0.309576837416481,,False,False,,False,PASS,0.3225806451612903,0.5
CHO,NOP,,1.39,3.1,CHO,2026-02-02,1.0,,,,,,,,,2026-06-07,CHO,,,,,1.0,,True,397,0,,0.7194244604316548,0.6904231625835189,,False,False,,False,PASS,0.7194244604316548,0.5
LAC,PHI,,1.77,2.1,PHI,2026-02-02,0.0,,,,,,,,,2026-06-07,PHI,,,,,0.0,,True,397,0,,0.5649717514124294,0.5426356589147286,,False,False,,False,PASS,0.5649717514124294,0.6
IND,HOU,,3.0,1.41,HOU,2026-02-02,1.0,,,,,,,,,2026-06-07,HOU,,,,,0.0,,True,397,0,,0.3333333333333333,0.31972789115646255,,False,False,,False,PASS,0.3333333333333333,0.35
NYK,LAL,,1.52,2.6,NYK,2026-02-01,1.0,,,,,,,,,2026-06-07,NYK,,,,,1.0,,True,397,0,,0.6578947368421053,0.6310679611650486,,False,False,,False,PASS,0.6578947368421053,0.8
WAS,SAC,,2.14,1.74,WAS,2026-02-01,0.0,,,,,,,,,2026-06-07,WAS,,,,,1.0,,True,397,0,,0.4672897196261682,0.4484536082474227,,False,False,,False,PASS,0.4672897196261682,0.3
TOR,UTA,,1.21,4.7,TOR,2026-02-01,1.0,,,,,,,,,2026-06-07,TOR,,,,,1.0,,True,397,0,,0.8264462809917356,0.7952622673434856,,False,False,,False,PASS,0.8264462809917356,0.6
SAS,ORL,,1.49,2.7,SAS,2026-02-01,1.0,,,,,,,,,2026-06-07,SAS,,,,,1.0,,True,397,0,,0.6711409395973155,0.6443914081145585,,False,False,,False,PASS,0.6711409395973155,0.85
DEN,OKC,,3.35,1.34,OKC,2026-02-01,0.0,,,,,,,,,2026-06-07,OKC,,,,,0.0,,True,397,0,,0.29850746268656714,0.2857142857142857,,False,False,,False,PASS,0.29850746268656714,0.65
BOS,MIL,,1.16,5.55,BOS,2026-02-01,1.0,,,,,,,,,2026-06-07,BOS,,,,,1.0,,True,397,0,,0.8620689655172414,0.827123695976155,,False,False,,False,PASS,0.8620689655172414,0.7
POR,CLE,,2.3,1.65,CLE,2026-02-01,0.0,,,,,,,,,2026-06-07,CLE,,,,,0.0,,True,397,0,,0.4347826086956522,0.4177215189873418,,False,False,,False,PASS,0.4347826086956522,0.5
DET,BRK,,1.14,6.0,DET,2026-02-01,1.0,,,,,,,,,2026-06-07,DET,,,,,1.0,,True,397,0,,0.8771929824561404,0.8403361344537814,,False,False,,False,PASS,0.8771929824561404,0.8
PHI,NOP,,1.24,4.2,PHI,2026-01-31,1.0,,,,,,,,,2026-06-07,PHI,,,,,1.0,,True,397,0,,0.8064516129032259,0.7720588235294118,,False,False,,False,PASS,0.8064516129032259,0.5
CHO,SAS,,2.45,1.57,CHO,2026-01-31,1.0,,,,,,,,,2026-06-07,CHO,,,,,1.0,,True,397,0,,0.4081632653061224,0.39054726368159204,,False,False,,False,PASS,0.4081632653061224,0.5
MEM,MIN,,3.6,1.31,MIN,2026-01-31,1.0,,,,,,,,,2026-06-07,MIN,,,,,0.0,,True,397,0,,0.2777777777777778,0.26680244399185343,,False,False,,False,PASS,0.2777777777777778,0.5
MIA,CHI,,1.54,2.54,CHI,2026-01-31,0.0,,,,,,,,,2026-06-07,CHI,,,,,0.0,,True,397,0,,0.6493506493506493,0.6225490196078431,,False,False,,False,PASS,0.6493506493506493,0.65
UTA,BRK,,1.74,2.14,BRK,2026-01-30,1.0,,,,,,,,,2026-06-07,BRK,,,,,0.0,,True,397,0,,0.5747126436781609,0.5515463917525772,,False,False,,False,PASS,0.5747126436781609,0.35
PHO,CLE,,2.5,1.56,PHO,2026-01-30,1.0,,,,,,,,,2026-06-07,PHO,,,,,1.0,,True,397,0,,0.4,0.38423645320197053,,False,False,,False,PASS,0.4,0.6
DEN,LAC,,2.8,1.46,DEN,2026-01-30,1.0,,,,,,,,,2026-06-07,DEN,,,,,1.0,,True,397,0,,0.35714285714285715,0.34272300469483574,,False,False,,False,PASS,0.35714285714285715,0.65
NYK,POR,,1.35,3.3,NYK,2026-01-30,1.0,,,,,,,,,2026-06-07,NYK,,,,,1.0,,True,397,0,,0.7407407407407407,0.7096774193548387,,False,False,,False,PASS,0.7407407407407407,0.8
BOS,SAC,,1.18,5.1,BOS,2026-01-30,1.0,,,,,,,,,2026-06-07,BOS,,,,,1.0,,True,397,0,,0.8474576271186441,0.8121019108280254,,False,False,,False,PASS,0.8474576271186441,0.7
GSW,DET,,1.82,2.02,DET,2026-01-30,0.0,,,,,,,,,2026-06-07,DET,,,,,0.0,,True,397,0,,0.5494505494505494,0.5260416666666667,,False,False,,False,PASS,0.5494505494505494,0.7
WAS,LAL,,3.85,1.28,LAL,2026-01-30,1.0,,,,,,,,,2026-06-07,LAL,,,,,0.0,,True,397,0,,0.2597402597402597,0.2495126705653021,,False,False,,False,PASS,0.2597402597402597,0.3
ORL,TOR,,1.8,2.05,ORL,2026-01-30,0.0,,,,,,,,,2026-06-07,ORL,,,,,1.0,,True,397,0,,0.5555555555555556,0.5324675324675325,,False,False,,False,PASS,0.5555555555555556,0.7
DEN,BRK,,1.37,3.2,DEN,2026-01-29,1.0,,,,,,,,,2026-06-07,DEN,,,,,1.0,,True,397,0,,0.7299270072992701,0.700218818380744,,False,False,,False,PASS,0.7299270072992701,0.65
PHO,DET,,2.36,1.62,PHO,2026-01-29,1.0,,,,,,,,,2026-06-07,PHO,,,,,1.0,,True,397,0,,0.42372881355932207,0.40703517587939697,,False,False,,False,PASS,0.42372881355932207,0.6
DAL,CHO,,2.3,1.65,CHO,2026-01-29,1.0,,,,,,,,,2026-06-07,CHO,,,,,0.0,,True,397,0,,0.4347826086956522,0.4177215189873418,,False,False,,False,PASS,0.4347826086956522,0.5
ATL,HOU,,2.64,1.51,HOU,2026-01-29,1.0,,,,,,,,,2026-06-07,HOU,,,,,0.0,,True,397,0,,0.3787878787878788,0.363855421686747,,False,False,,False,PASS,0.3787878787878788,0.45
PHI,SAC,,1.2,4.8,PHI,2026-01-29,0.0,,,,,,,,,2026-06-07,PHI,,,,,1.0,,True,397,0,,0.8333333333333334,0.7999999999999999,,False,False,,False,PASS,0.8333333333333334,0.5
BOS,ATL,,1.43,2.9,ATL,2026-01-28,0.0,,,,,,,,,2026-06-07,ATL,,,,,0.0,,True,397,0,,0.6993006993006994,0.6697459584295612,,False,False,,False,PASS,0.6993006993006994,0.7
CLE,LAL,,1.68,2.24,CLE,2026-01-28,1.0,,,,,,,,,2026-06-07,CLE,,,,,1.0,,True,397,0,,0.5952380952380952,0.5714285714285715,,False,False,,False,PASS,0.5952380952380952,0.65
UTA,GSW,,3.85,1.28,GSW,2026-01-28,0.0,,,,,,,,,2026-06-07,GSW,,,,,0.0,,True,397,0,,0.2597402597402597,0.2495126705653021,,False,False,,False,PASS,0.2597402597402597,0.35
DAL,MIN,,3.05,1.4,MIN,2026-01-28,1.0,,,,,,,,,2026-06-07,MIN,,,,,0.0,,True,397,0,,0.3278688524590164,0.3146067415730337,,False,False,,False,PASS,0.3278688524590164,0.5
MIA,ORL,,1.68,2.24,ORL,2026-01-28,1.0,,,,,,,,,2026-06-07,ORL,,,,,0.0,,True,397,0,,0.5952380952380952,0.5714285714285715,,False,False,,False,PASS,0.5952380952380952,0.65
MEM,CHO,,2.1,1.77,CHO,2026-01-28,1.0,,,,,,,,,2026-06-07,CHO,,,,,0.0,,True,397,0,,0.47619047619047616,0.4573643410852713,,False,False,,False,PASS,0.47619047619047616,0.5
PHO,BRK,,1.26,4.0,PHO,2026-01-27,1.0,,,,,,,,,2026-06-07,PHO,,,,,1.0,,True,397,0,,0.7936507936507936,0.7604562737642586,,False,False,,False,PASS,0.7936507936507936,0.6
WAS,POR,,3.15,1.38,WAS,2026-01-27,0.0,,,,,,,,,2026-06-07,WAS,,,,,1.0,,True,397,0,,0.31746031746031744,0.3046357615894039,,False,False,,False,PASS,0.31746031746031744,0.3
NYK,SAC,,1.13,6.25,NYK,2026-01-27,1.0,,,,,,,,,2026-06-07,NYK,,,,,1.0,,True,397,0,,0.8849557522123894,0.8468834688346885,,False,False,,False,PASS,0.8849557522123894,0.8
DEN,DET,,3.15,1.38,DET,2026-01-27,1.0,,,,,,,,,2026-06-07,DET,,,,,0.0,,True,397,0,,0.31746031746031744,0.3046357615894039,,False,False,,False,PASS,0.31746031746031744,0.65
PHI,MIL,,1.22,4.5,PHI,2026-01-27,1.0,,,,,,,,,2026-06-07,PHI,,,,,1.0,,True,397,0,,0.819672131147541,0.7867132867132867,,False,False,,False,PASS,0.819672131147541,0.5
ATL,IND,,1.44,2.85,ATL,2026-01-26,1.0,,,,,,,,,2026-06-07,ATL,,,,,1.0,,True,397,0,,0.6944444444444444,0.6643356643356644,,False,False,,False,PASS,0.6944444444444444,0.45
BOS,POR,,1.33,3.45,BOS,2026-01-26,1.0,,,,,,,,,2026-06-07,BOS,,,,,1.0,,True,397,0,,0.7518796992481203,0.7217573221757322,,False,False,,False,PASS,0.7518796992481203,0.7
CHI,LAL,,1.98,1.85,LAL,2026-01-26,0.0,,,,,,,,,2026-06-07,LAL,,,,,0.0,,True,397,0,,0.5050505050505051,0.4830287206266319,,False,False,,False,PASS,0.5050505050505051,0.6
CHO,PHI,,1.74,2.14,CHO,2026-01-26,1.0,,,,,,,,,2026-06-07,CHO,,,,,1.0,,True,397,0,,0.5747126436781609,0.5515463917525772,,False,False,,False,PASS,0.5747126436781609,0.5
HOU,MEM,,1.23,4.4,HOU,2026-01-26,1.0,,,,,,,,,2026-06-07,HOU,,,,,1.0,,True,397,0,,0.8130081300813008,0.7815275310834814,,False,False,,False,PASS,0.8130081300813008,0.75
DET,SAC,,1.15,5.7,DET,2026-01-25,1.0,,,,,,,,,2026-06-07,DET,,,,,1.0,,True,397,0,,0.8695652173913044,0.832116788321168,,False,False,,False,PASS,0.8695652173913044,0.8
LAC,BRK,,1.29,3.75,LAC,2026-01-25,1.0,,,,,,,,,2026-06-07,LAC,,,,,1.0,,True,397,0,,0.7751937984496123,0.744047619047619,,False,False,,False,PASS,0.7751937984496123,0.6
MIL,DAL,,1.7,2.2,,2026-01-25,,,,,,,,,,2026-06-07,,,,,,,,True,397,0,,0.5882352941176471,0.5641025641025641,,False,False,,False,PASS,0.5882352941176471,0.5
OKC,TOR,,1.19,4.9,TOR,2026-01-25,0.0,,,,,,,,,2026-06-07,TOR,,,,,0.0,,True,397,0,,0.8403361344537815,0.8045977011494254,,False,False,,False,PASS,0.8403361344537815,0.85
PHO,MIA,,1.56,2.5,MIA,2026-01-25,0.0,,,,,,,,,2026-06-07,MIA,,,,,0.0,,True,397,0,,0.641025641025641,0.6157635467980296,,False,False,,False,PASS,0.641025641025641,0.6
PHI,NYK,,1.87,1.95,NYK,2026-01-24,1.0,,,,,,,,,2026-06-07,NYK,,,,,0.0,,True,397,0,,0.53475935828877,0.5104712041884817,,False,False,,False,PASS,0.53475935828877,0.5
UTA,MIA,,3.0,1.41,MIA,2026-01-24,1.0,,,,,,,,,2026-06-07,MIA,,,,,0.0,,True,397,0,,0.3333333333333333,0.31972789115646255,,False,False,,False,PASS,0.3333333333333333,0.35
ORL,CLE,,1.74,2.14,CLE,2026-01-24,1.0,,,,,,,,,2026-06-07,CLE,,,,,0.0,,True,397,0,,0.5747126436781609,0.5515463917525772,,False,False,,False,PASS,0.5747126436781609,0.7
CHI,BOS,,1.82,2.02,CHI,2026-01-24,1.0,,,,,,,,,2026-06-07,CHI,,,,,1.0,,True,397,0,,0.5494505494505494,0.5260416666666667,,False,False,,False,PASS,0.5494505494505494,0.6
DAL,LAL,,2.4,1.6,LAL,2026-01-24,0.0,,,,,,,,,2026-06-07,LAL,,,,,0.0,,True,397,0,,0.4166666666666667,0.39999999999999997,,False,False,,False,PASS,0.4166666666666667,0.5
MIN,GSW,,1.43,2.9,,2026-01-24,,,,,,,,,,2026-06-07,,,,,,,,True,397,0,,0.6993006993006994,0.6697459584295612,,False,False,,False,PASS,0.6993006993006994,0.7
ATL,PHO,,2.36,1.62,ATL,2026-01-23,0.0,,,,,,,,,2026-06-07,ATL,,,,,1.0,,True,397,0,,0.42372881355932207,0.40703517587939697,,False,False,,False,PASS,0.42372881355932207,0.45
POR,TOR,,2.2,1.7,TOR,2026-01-23,0.0,,,,,,,,,2026-06-07,TOR,,,,,0.0,,True,397,0,,0.45454545454545453,0.4358974358974359,,False,False,,False,PASS,0.45454545454545453,0.5
OKC,IND,,1.09,8.0,IND,2026-01-23,0.0,,,,,,,,,2026-06-07,IND,,,,,0.0,,True,397,0,,0.9174311926605504,0.8800880088008802,,False,False,,False,PASS,0.9174311926605504,0.85
MIL,DEN,,1.41,3.0,DEN,2026-01-23,0.0,,,,,,,,,2026-06-07,DEN,,,,,0.0,,True,397,0,,0.7092198581560284,0.6802721088435374,,False,False,,False,PASS,0.7092198581560284,0.5
DET,HOU,,1.56,2.5,HOU,2026-01-23,0.0,,,,,,,,,2026-06-07,HOU,,,,,0.0,,True,397,0,,0.641025641025641,0.6157635467980296,,False,False,,False,PASS,0.641025641025641,0.8
CLE,SAC,,1.18,5.1,CLE,2026-01-23,1.0,,,,,,,,,2026-06-07,CLE,,,,,1.0,,True,397,0,,0.8474576271186441,0.8121019108280254,,False,False,,False,PASS,0.8474576271186441,0.65
PHI,HOU,,2.14,1.74,PHI,2026-01-22,1.0,,,,,,,,,2026-06-07,PHI,,,,,1.0,,True,397,0,,0.4672897196261682,0.4484536082474227,,False,False,,False,PASS,0.4672897196261682,0.5
UTA,SAS,,5.9,1.15,SAS,2026-01-22,1.0,,,,,,,,,2026-06-07,SAS,,,,,0.0,,True,397,0,,0.1694915254237288,0.1631205673758865,,False,False,,False,PASS,0.1694915254237288,0.35
WAS,DEN,,2.85,1.44,DEN,2026-01-22,1.0,,,,,,,,,2026-06-07,DEN,,,,,0.0,,True,397,0,,0.3508771929824561,0.3356643356643357,,False,False,,False,PASS,0.3508771929824561,0.3
MIN,CHI,,1.25,4.1,CHI,2026-01-22,0.0,,,,,,,,,2026-06-07,CHI,,,,,0.0,,True,397,0,,0.8,0.7663551401869159,,False,False,,False,PASS,0.8,0.7
DAL,GSW,,2.85,1.44,DAL,2026-01-22,1.0,,,,,,,,,2026-06-07,DAL,,,,,1.0,,True,397,0,,0.3508771929824561,0.3356643356643357,,False,False,,False,PASS,0.3508771929824561,0.5
POR,MIA,,1.83,2.0,POR,2026-01-22,1.0,,,,,,,,,2026-06-07,POR,,,,,1.0,,True,397,0,,0.5464480874316939,0.5221932114882506,,False,False,,False,PASS,0.5464480874316939,0.5
CHO,CLE,,2.24,1.68,CLE,2026-01-21,0.0,,,,,,,,,2026-06-07,CLE,,,,,0.0,,True,397,0,,0.4464285714285714,0.4285714285714286,,False,False,,False,PASS,0.4464285714285714,0.5
NOP,DET,,4.3,1.24,DET,2026-01-21,1.0,,,,,,,,,2026-06-07,DET,,,,,0.0,,True,397,0,,0.23255813953488372,0.223826714801444,,False,False,,False,PASS,0.23255813953488372,0.35
SAC,TOR,,2.8,1.46,TOR,2026-01-21,0.0,,,,,,,,,2026-06-07,TOR,,,,,0.0,,True,397,0,,0.35714285714285715,0.34272300469483574,,False,False,,False,PASS,0.35714285714285715,0.3
MEM,ATL,,1.8,2.05,ATL,2026-01-21,1.0,,,,,,,,,2026-06-07,ATL,,,,,0.0,,True,397,0,,0.5555555555555556,0.5324675324675325,,False,False,,False,PASS,0.5555555555555556,0.5
MIL,OKC,,4.2,1.24,OKC,2026-01-21,0.0,,,,,,,,,2026-06-07,OKC,,,,,0.0,,True,397,0,,0.23809523809523808,0.22794117647058823,,False,False,,False,PASS,0.23809523809523808,0.5
GSW,TOR,,1.62,2.36,TOR,2026-01-20,0.0,,,,,,,,,2026-06-07,TOR,,,,,0.0,,True,397,0,,0.6172839506172839,0.5929648241206029,,False,False,,False,PASS,0.6172839506172839,0.7
HOU,SAS,,1.62,2.36,HOU,2026-01-20,0.0,,,,,,,,,2026-06-07,HOU,,,,,1.0,,True,397,0,,0.6172839506172839,0.5929648241206029,,False,False,,False,PASS,0.6172839506172839,0.75
CHI,LAC,,1.62,2.36,CHI,2026-01-20,1.0,,,,,,,,,2026-06-07,CHI,,,,,1.0,,True,397,0,,0.6172839506172839,0.5929648241206029,,False,False,,False,PASS,0.6172839506172839,0.6
DEN,LAL,,2.24,1.68,LAL,2026-01-20,0.0,,,,,,,,,2026-06-07,LAL,,,,,0.0,,True,397,0,,0.4464285714285714,0.4285714285714286,,False,False,,False,PASS,0.4464285714285714,0.65
PHI,PHO,,1.82,2.02,PHO,2026-01-20,0.0,,,,,,,,,2026-06-07,PHO,,,,,0.0,,True,397,0,,0.5494505494505494,0.5260416666666667,,False,False,,False,PASS,0.5494505494505494,0.5
SAC,MIA,,2.36,1.62,MIA,2026-01-20,0.0,,,,,,,,,2026-06-07,MIA,,,,,0.0,,True,397,0,,0.42372881355932207,0.40703517587939697,,False,False,,False,PASS,0.42372881355932207,0.3
ATL,MIL,,1.74,2.14,MIL,2026-01-19,1.0,,,,,,,,,2026-06-07,MIL,,,,,0.0,,True,397,0,,0.5747126436781609,0.5515463917525772,,False,False,,False,PASS,0.5747126436781609,0.45
WAS,LAC,,3.25,1.36,LAC,2026-01-19,1.0,,,,,,,,,2026-06-07,LAC,,,,,0.0,,True,397,0,,0.3076923076923077,0.29501084598698485,,False,False,,False,PASS,0.3076923076923077,0.3
NYK,DAL,,1.23,4.4,DAL,2026-01-19,1.0,,,,,,,,,2026-06-07,DAL,,,,,0.0,,True,397,0,,0.8130081300813008,0.7815275310834814,,False,False,,False,PASS,0.8130081300813008,0.8
CLE,OKC,,2.85,1.44,OKC,2026-01-19,0.0,,,,,,,,,2026-06-07,OKC,,,,,0.0,,True,397,0,,0.3508771929824561,0.3356643356643357,,False,False,,False,PASS,0.3508771929824561,0.65
BRK,PHO,,3.7,1.29,PHO,2026-01-19,1.0,,,,,,,,,2026-06-07,PHO,,,,,0.0,,True,397,0,,0.27027027027027023,0.25851703406813625,,False,False,,False,PASS,0.27027027027027023,0.25
GSW,MIA,,1.46,2.8,GSW,2026-01-19,1.0,,,,,,,,,2026-06-07,GSW,,,,,1.0,,True,397,0,,0.684931506849315,0.6572769953051644,,False,False,,False,PASS,0.684931506849315,0.7
HOU,NOP,,1.13,6.25,HOU,2026-01-18,1.0,,,,,,,,,2026-06-07,HOU,,,,,1.0,,True,397,0,,0.8849557522123894,0.8468834688346885,,False,False,,False,PASS,0.8849557522123894,0.75
LAL,TOR,,2.05,1.8,LAL,2026-01-18,1.0,,,,,,,,,2026-06-07,LAL,,,,,1.0,,True,397,0,,0.48780487804878053,0.4675324675324676,,False,False,,False,PASS,0.48780487804878053,0.7
MEM,ORL,,2.42,1.59,MEM,2026-01-18,0.0,,,,,,,,,2026-06-07,MEM,,,,,1.0,,True,397,0,,0.4132231404958678,0.39650872817955113,,False,False,,False,PASS,0.4132231404958678,0.5
DEN,CHO,,1.83,2.0,CHO,2026-01-18,0.0,,,,,,,,,2026-06-07,CHO,,,,,0.0,,True,397,0,,0.5464480874316939,0.5221932114882506,,False,False,,False,PASS,0.5464480874316939,0.65
DEN,WAS,,1.15,5.7,DEN,2026-01-17,1.0,,,,,,,,,2026-06-07,DEN,,,,,1.0,,True,397,0,,0.8695652173913044,0.832116788321168,,False,False,,False,PASS,0.8695652173913044,0.65
MIA,OKC,,4.4,1.23,MIA,2026-01-17,0.0,,,,,,,,,2026-06-07,MIA,,,,,1.0,,True,397,0,,0.22727272727272727,0.21847246891651864,,False,False,,False,PASS,0.22727272727272727,0.65
GSW,CHO,,1.36,3.25,GSW,2026-01-17,1.0,,,,,,,,,2026-06-07,GSW,,,,,1.0,,True,397,0,,0.7352941176470588,0.7049891540130152,,False,False,,False,PASS,0.7352941176470588,0.7
SAS,MIN,,1.42,2.95,SAS,2026-01-17,1.0,,,,,,,,,2026-06-07,SAS,,,,,1.0,,True,397,0,,0.7042253521126761,0.6750572082379863,,False,False,,False,PASS,0.7042253521126761,0.85
ATL,BOS,,2.36,1.62,BOS,2026-01-17,1.0,,,,,,,,,2026-06-07,BOS,,,,,0.0,,True,397,0,,0.42372881355932207,0.40703517587939697,,False,False,,False,PASS,0.42372881355932207,0.45
NYK,PHO,,1.59,2.42,PHO,2026-01-17,1.0,,,,,,,,,2026-06-07,PHO,,,,,0.0,,True,397,0,,0.6289308176100629,0.6034912718204488,,False,False,,False,PASS,0.6289308176100629,0.8
TOR,LAC,,2.05,1.8,LAC,2026-01-16,1.0,,,,,,,,,2026-06-07,LAC,,,,,0.0,,True,397,0,,0.48780487804878053,0.4675324675324676,,False,False,,False,PASS,0.48780487804878053,0.6
SAC,WAS,,1.37,3.2,SAC,2026-01-16,0.0,,,,,,,,,2026-06-07,SAC,,,,,1.0,,True,397,0,,0.7299270072992701,0.700218818380744,,False,False,,False,PASS,0.7299270072992701,0.3
IND,NOP,,1.59,2.42,IND,2026-01-16,0.0,,,,,,,,,2026-06-07,IND,,,,,1.0,,True,397,0,,0.6289308176100629,0.6034912718204488,,False,False,,False,PASS,0.6289308176100629,0.35
HOU,MIN,,1.56,2.5,HOU,2026-01-16,1.0,,,,,,,,,2026-06-07,HOU,,,,,1.0,,True,397,0,,0.641025641025641,0.6157635467980296,,False,False,,False,PASS,0.641025641025641,0.75
BRK,CHI,,1.8,2.05,BRK,2026-01-16,0.0,,,,,,,,,2026-06-07,BRK,,,,,1.0,,True,397,0,,0.5555555555555556,0.5324675324675325,,False,False,,False,PASS,0.5555555555555556,0.25
HOU,OKC,,2.64,1.51,OKC,2026-01-15,0.0,,,,,,,,,2026-06-07,OKC,,,,,0.0,,True,397,0,,0.3787878787878788,0.363855421686747,,False,False,,False,PASS,0.3787878787878788,0.75
LAL,CHO,,1.56,2.5,CHO,2026-01-15,0.0,,,,,,,,,2026-06-07,CHO,,,,,0.0,,True,397,0,,0.641025641025641,0.6157635467980296,,False,False,,False,PASS,0.641025641025641,0.7
MIA,BOS,,2.24,1.68,BOS,2026-01-15,1.0,,,,,,,,,2026-06-07,BOS,,,,,0.0,,True,397,0,,0.4464285714285714,0.4285714285714286,,False,False,,False,PASS,0.4464285714285714,0.65
POR,ATL,,2.4,1.6,POR,2026-01-15,1.0,,,,,,,,,2026-06-07,POR,,,,,1.0,,True,397,0,,0.4166666666666667,0.39999999999999997,,False,False,,False,PASS,0.4166666666666667,0.5
SAS,MIL,,1.34,3.35,SAS,2026-01-15,0.0,,,,,,,,,2026-06-07,SAS,,,,,1.0,,True,397,0,,0.7462686567164178,0.7142857142857143,,False,False,,False,PASS,0.7462686567164178,0.85
DET,PHO,,1.35,3.3,DET,2026-01-15,1.0,,,,,,,,,2026-06-07,DET,,,,,1.0,,True,397,0,,0.7407407407407407,0.7096774193548387,,False,False,,False,PASS,0.7407407407407407,0.8
DAL,UTA,,1.7,2.2,DAL,2026-01-15,0.0,,,,,,,,,2026-06-07,DAL,,,,,1.0,,True,397,0,,0.5882352941176471,0.5641025641025641,,False,False,,False,PASS,0.5882352941176471,0.5
ORL,MEM,,1.43,2.9,ORL,2026-01-15,1.0,,,,,,,,,2026-06-07,ORL,,,,,1.0,,True,397,0,,0.6993006993006994,0.6697459584295612,,False,False,,False,PASS,0.6993006993006994,0.7
GSW,NYK,,1.4,3.05,GSW,2026-01-15,1.0,,,,,,,,,2026-06-07,GSW,,,,,1.0,,True,397,0,,0.7142857142857143,0.6853932584269663,,False,False,,False,PASS,0.7142857142857143,0.7
SAC,NYK,,4.8,1.2,SAC,2026-01-14,0.0,,,,,,,,,2026-06-07,SAC,,,,,1.0,,True,397,0,,0.20833333333333334,0.19999999999999998,,False,False,,False,PASS,0.20833333333333334,0.3
CHI,UTA,,1.56,2.5,CHI,2026-01-14,0.0,,,,,,,,,2026-06-07,CHI,,,,,1.0,,True,397,0,,0.641025641025641,0.6157635467980296,,False,False,,False,PASS,0.641025641025641,0.6
LAC,WAS,,1.15,5.9,LAC,2026-01-14,1.0,,,,,,,,,2026-06-07,LAC,,,,,1.0,,True,397,0,,0.8695652173913044,0.8368794326241135,,False,False,,False,PASS,0.8695652173913044,0.6
NOP,BRK,,2.1,1.77,NOP,2026-01-14,0.0,,,,,,,,,2026-06-07,NOP,,,,,1.0,,True,397,0,,0.47619047619047616,0.4573643410852713,,False,False,,False,PASS,0.47619047619047616,0.35
PHI,CLE,,1.87,1.95,CLE,2026-01-14,0.0,,,,,,,,,2026-06-07,CLE,,,,,0.0,,True,397,0,,0.53475935828877,0.5104712041884817,,False,False,,False,PASS,0.53475935828877,0.5
MIA,PHO,,1.87,1.95,MIA,2026-01-13,0.0,,,,,,,,,2026-06-07,MIA,,,,,1.0,,True,397,0,,0.53475935828877,0.5104712041884817,,False,False,,False,PASS,0.53475935828877,0.65
LAL,ATL,,2.2,1.7,LAL,2026-01-13,1.0,,,,,,,,,2026-06-07,LAL,,,,,1.0,,True,397,0,,0.45454545454545453,0.4358974358974359,,False,False,,False,PASS,0.45454545454545453,0.7
MIL,MIN,,1.68,2.24,MIN,2026-01-13,0.0,,,,,,,,,2026-06-07,MIN,,,,,0.0,,True,397,0,,0.5952380952380952,0.5714285714285715,,False,False,,False,PASS,0.5952380952380952,0.5
HOU,CHI,,1.17,5.4,HOU,2026-01-13,1.0,,,,,,,,,2026-06-07,HOU,,,,,1.0,,True,397,0,,0.8547008547008548,0.8219178082191781,,False,False,,False,PASS,0.8547008547008548,0.75
LAC,CHO,,1.52,2.6,LAC,2026-01-12,0.0,,,,,,,,,2026-06-07,LAC,,,,,1.0,,True,397,0,,0.6578947368421053,0.6310679611650486,,False,False,,False,PASS,0.6578947368421053,0.6
CLE,UTA,,1.14,6.0,UTA,2026-01-12,0.0,,,,,,,,,2026-06-07,UTA,,,,,0.0,,True,397,0,,0.8771929824561404,0.8403361344537814,,False,False,,False,PASS,0.8771929824561404,0.65
ORL,NOP,,1.39,3.1,ORL,2026-01-11,1.0,,,,,,,,,2026-06-07,ORL,,,,,1.0,,True,397,0,,0.7194244604316548,0.6904231625835189,,False,False,,False,PASS,0.7194244604316548,0.7
DEN,MIL,,2.14,1.74,DEN,2026-01-11,1.0,,,,,,,,,2026-06-07,DEN,,,,,1.0,,True,397,0,,0.4672897196261682,0.4484536082474227,,False,False,,False,PASS,0.4672897196261682,0.65
MEM,BRK,,1.36,3.25,MEM,2026-01-11,1.0,,,,,,,,,2026-06-07,MEM,,,,,1.0,,True,397,0,,0.7352941176470588,0.7049891540130152,,False,False,,False,PASS,0.7352941176470588,0.5
OKC,MIA,,1.12,6.5,OKC,2026-01-11,1.0,,,,,,,,,2026-06-07,OKC,,,,,1.0,,True,397,0,,0.8928571428571428,0.8530183727034122,,False,False,,False,PASS,0.8928571428571428,0.85
GSW,ATL,,1.46,2.8,ATL,2026-01-11,0.0,,,,,,,,,2026-06-07,ATL,,,,,0.0,,True,397,0,,0.684931506849315,0.6572769953051644,,False,False,,False,PASS,0.684931506849315,0.7
PHO,WAS,,1.12,6.5,PHO,2026-01-11,1.0,,,,,,,,,2026-06-07,PHO,,,,,1.0,,True,397,0,,0.8928571428571428,0.8530183727034122,,False,False,,False,PASS,0.8928571428571428,0.6
POR,NYK,,2.6,1.52,NYK,2026-01-11,0.0,,,,,,,,,2026-06-07,NYK,,,,,0.0,,True,397,0,,0.3846153846153846,0.3689320388349514,,False,False,,False,PASS,0.3846153846153846,0.5
TOR,PHI,,2.54,1.54,TOR,2026-01-11,1.0,,,,,,,,,2026-06-07,TOR,,,,,1.0,,True,397,0,,0.39370078740157477,0.37745098039215685,,False,False,,False,PASS,0.39370078740157477,0.6
CLE,MIN,,1.7,2.2,CLE,2026-01-10,1.0,,,,,,,,,2026-06-07,CLE,,,,,1.0,,True,397,0,,0.5882352941176471,0.5641025641025641,,False,False,,False,PASS,0.5882352941176471,0.65
IND,MIA,,3.3,1.35,IND,2026-01-10,0.0,,,,,,,,,2026-06-07,IND,,,,,1.0,,True,397,0,,0.30303030303030304,0.2903225806451613,,False,False,,False,PASS,0.30303030303030304,0.35
BOS,SAS,,1.98,1.85,SAS,2026-01-10,0.0,,,,,,,,,2026-06-07,SAS,,,,,0.0,,True,397,0,,0.5050505050505051,0.4830287206266319,,False,False,,False,PASS,0.5050505050505051,0.7
UTA,CHO,,2.54,1.54,CHO,2026-01-10,1.0,,,,,,,,,2026-06-07,CHO,,,,,0.0,,True,397,0,,0.39370078740157477,0.37745098039215685,,False,False,,False,PASS,0.39370078740157477,0.35
CHI,DAL,,1.68,2.24,CHI,2026-01-10,0.0,,,,,,,,,2026-06-07,CHI,,,,,1.0,,True,397,0,,0.5952380952380952,0.5714285714285715,,False,False,,False,PASS,0.5952380952380952,0.6
DET,LAC,,1.51,2.64,LAC,2026-01-10,0.0,,,,,,,,,2026-06-07,LAC,,,,,0.0,,True,397,0,,0.6622516556291391,0.6361445783132531,,False,False,,False,PASS,0.6622516556291391,0.8
DEN,ATL,,2.02,1.82,ATL,2026-01-09,0.0,,,,,,,,,2026-06-07,ATL,,,,,0.0,,True,397,0,,0.49504950495049505,0.4739583333333334,,False,False,,False,PASS,0.49504950495049505,0.65
ORL,PHI,,2.3,1.65,PHI,2026-01-09,1.0,,,,,,,,,2026-06-07,PHI,,,,,0.0,,True,397,0,,0.4347826086956522,0.4177215189873418,,False,False,,False,PASS,0.4347826086956522,0.7
PHO,NYK,,1.98,1.85,PHO,2026-01-09,1.0,,,,,,,,,2026-06-07,PHO,,,,,1.0,,True,397,0,,0.5050505050505051,0.4830287206266319,,False,False,,False,PASS,0.5050505050505051,0.6
WAS,NOP,,2.2,1.7,NOP,2026-01-09,0.0,,,,,,,,,2026-06-07,NOP,,,,,0.0,,True,397,0,,0.45454545454545453,0.4358974358974359,,False,False,,False,PASS,0.45454545454545453,0.3
BRK,LAC,,2.64,1.51,LAC,2026-01-09,1.0,,,,,,,,,2026-06-07,LAC,,,,,0.0,,True,397,0,,0.3787878787878788,0.363855421686747,,False,False,,False,PASS,0.3787878787878788,0.25
GSW,SAC,,1.13,6.25,GSW,2026-01-09,1.0,,,,,,,,,2026-06-07,GSW,,,,,1.0,,True,397,0,,0.8849557522123894,0.8468834688346885,,False,False,,False,PASS,0.8849557522123894,0.7
LAL,MIL,,1.65,2.3,MIL,2026-01-09,0.0,,,,,,,,,2026-06-07,MIL,,,,,0.0,,True,397,0,,0.6060606060606061,0.5822784810126582,,False,False,,False,PASS,0.6060606060606061,0.7
BOS,TOR,,1.23,4.4,BOS,2026-01-09,1.0,,,,,,,,,2026-06-07,BOS,,,,,1.0,,True,397,0,,0.8130081300813008,0.7815275310834814,,False,False,,False,PASS,0.8130081300813008,0.7
MIN,CLE,,1.8,2.05,MIN,2026-01-08,1.0,,,,,,,,,2026-06-07,MIN,,,,,1.0,,True,397,0,,0.5555555555555556,0.5324675324675325,,False,False,,False,PASS,0.5555555555555556,0.7
CHO,IND,,1.56,2.5,IND,2026-01-08,0.0,,,,,,,,,2026-06-07,IND,,,,,0.0,,True,397,0,,0.641025641025641,0.6157635467980296,,False,False,,False,PASS,0.641025641025641,0.5
OKC,UTA,,1.08,8.5,OKC,2026-01-07,1.0,,,,,,,,,2026-06-07,OKC,,,,,1.0,,True,397,0,,0.9259259259259258,0.8872651356993737,,False,False,,False,PASS,0.9259259259259258,0.85
GSW,MIL,,1.43,2.9,GSW,2026-01-07,1.0,,,,,,,,,2026-06-07,GSW,,,,,1.0,,True,397,0,,0.6993006993006994,0.6697459584295612,,False,False,,False,PASS,0.6993006993006994,0.7
BRK,ORL,,2.1,1.77,ORL,2026-01-07,0.0,,,,,,,,,2026-06-07,ORL,,,,,0.0,,True,397,0,,0.47619047619047616,0.4573643410852713,,False,False,,False,PASS,0.47619047619047616,0.25
NYK,LAC,,1.54,2.54,NYK,2026-01-07,1.0,,,,,,,,,2026-06-07,NYK,,,,,1.0,,True,397,0,,0.6493506493506493,0.6225490196078431,,False,False,,False,PASS,0.6493506493506493,0.8
ATL,NOP,,1.23,4.4,ATL,2026-01-07,0.0,,,,,,,,,2026-06-07,ATL,,,,,1.0,,True,397,0,,0.8130081300813008,0.7815275310834814,,False,False,,False,PASS,0.8130081300813008,0.45
POR,HOU,,3.15,1.38,POR,2026-01-07,1.0,,,,,,,,,2026-06-07,POR,,,,,1.0,,True,397,0,,0.31746031746031744,0.3046357615894039,,False,False,,False,PASS,0.31746031746031744,0.5
BOS,DEN,,1.26,4.0,DEN,2026-01-07,0.0,,,,,,,,,2026-06-07,DEN,,,,,0.0,,True,397,0,,0.7936507936507936,0.7604562737642586,,False,False,,False,PASS,0.7936507936507936,0.7
SAS,LAL,,1.41,3.0,SAS,2026-01-07,1.0,,,,,,,,,2026-06-07,SAS,,,,,1.0,,True,397,0,,0.7092198581560284,0.6802721088435374,,False,False,,False,PASS,0.7092198581560284,0.85
MIN,MIA,,1.46,2.8,MIN,2026-01-06,1.0,,,,,,,,,2026-06-07,MIN,,,,,1.0,,True,397,0,,0.684931506849315,0.6572769953051644,,False,False,,False,PASS,0.684931506849315,0.7
MEM,SAS,,2.9,1.43,MEM,2026-01-06,1.0,,,,,,,,,2026-06-07,MEM,,,,,1.0,,True,397,0,,0.3448275862068966,0.3302540415704388,,False,False,,False,PASS,0.3448275862068966,0.5
POR,UTA,,1.42,2.95,POR,2026-01-05,0.0,,,,,,,,,2026-06-07,POR,,,,,1.0,,True,397,0,,0.7042253521126761,0.6750572082379863,,False,False,,False,PASS,0.7042253521126761,0.5
BOS,CHI,,1.19,4.9,BOS,2026-01-05,1.0,,,,,,,,,2026-06-07,BOS,,,,,1.0,,True,397,0,,0.8403361344537815,0.8045977011494254,,False,False,,False,PASS,0.8403361344537815,0.7
DET,NYK,,2.3,1.65,DET,2026-01-05,1.0,,,,,,,,,2026-06-07,DET,,,,,1.0,,True,397,0,,0.4347826086956522,0.4177215189873418,,False,False,,False,PASS,0.4347826086956522,0.8
OKC,CHO,,1.09,8.0,CHO,2026-01-05,0.0,,,,,,,,,2026-06-07,CHO,,,,,0.0,,True,397,0,,0.9174311926605504,0.8800880088008802,,False,False,,False,PASS,0.9174311926605504,0.85
PHI,DEN,,1.17,5.4,DEN,2026-01-05,0.0,,,,,,,,,2026-06-07,DEN,,,,,0.0,,True,397,0,,0.8547008547008548,0.8219178082191781,,False,False,,False,PASS,0.8547008547008548,0.5
MIA,NOP,,1.33,3.45,MIA,2026-01-04,0.0,,,,,,,,,2026-06-07,MIA,,,,,1.0,,True,397,0,,0.7518796992481203,0.7217573221757322,,False,False,,False,PASS,0.7518796992481203,0.65
SAC,MIL,,3.05,1.4,MIL,2026-01-04,1.0,,,,,,,,,2026-06-07,MIL,,,,,0.0,,True,397,0,,0.3278688524590164,0.3146067415730337,,False,False,,False,PASS,0.3278688524590164,0.3
WAS,MIN,,4.5,1.22,MIN,2026-01-04,1.0,,,,,,,,,2026-06-07,MIN,,,,,0.0,,True,397,0,,0.2222222222222222,0.21328671328671325,,False,False,,False,PASS,0.2222222222222222,0.3
CLE,DET,,1.51,2.64,DET,2026-01-04,0.0,,,,,,,,,2026-06-07,DET,,,,,0.0,,True,397,0,,0.6622516556291391,0.6361445783132531,,False,False,,False,PASS,0.6622516556291391,0.65
ORL,IND,,1.41,3.0,ORL,2026-01-04,1.0,,,,,,,,,2026-06-07,ORL,,,,,1.0,,True,397,0,,0.7092198581560284,0.6802721088435374,,False,False,,False,PASS,0.7092198581560284,0.7
BRK,DEN,,2.24,1.68,BRK,2026-01-04,1.0,,,,,,,,,2026-06-07,BRK,,,,,1.0,,True,397,0,,0.4464285714285714,0.4285714285714286,,False,False,,False,PASS,0.4464285714285714,0.25
MIA,MIN,,2.24,1.68,MIN,2026-01-03,0.0,,,,,,,,,2026-06-07,MIN,,,,,0.0,,True,397,0,,0.4464285714285714,0.4285714285714286,,False,False,,False,PASS,0.4464285714285714,0.65
TOR,ATL,,1.62,2.36,TOR,2026-01-03,1.0,,,,,,,,,2026-06-07,TOR,,,,,1.0,,True,397,0,,0.6172839506172839,0.5929648241206029,,False,False,,False,PASS,0.6172839506172839,0.6
LAC,BOS,,1.85,1.98,BOS,2026-01-03,0.0,,,,,,,,,2026-06-07,BOS,,,,,0.0,,True,397,0,,0.5405405405405405,0.5169712793733681,,False,False,,False,PASS,0.5405405405405405,0.6
CHI,CHO,,1.8,2.05,CHO,2026-01-03,1.0,,,,,,,,,2026-06-07,CHO,,,,,0.0,,True,397,0,,0.5555555555555556,0.5324675324675325,,False,False,,False,PASS,0.5555555555555556,0.6
CLE,DEN,,1.12,6.5,CLE,2026-01-02,1.0,,,,,,,,,2026-06-07,CLE,,,,,1.0,,True,397,0,,0.8928571428571428,0.8530183727034122,,False,False,,False,PASS,0.8928571428571428,0.65
CHI,ORL,,2.6,1.52,CHI,2026-01-02,1.0,,,,,,,,,2026-06-07,CHI,,,,,1.0,,True,397,0,,0.3846153846153846,0.3689320388349514,,False,False,,False,PASS,0.3846153846153846,0.6
LAL,MEM,,1.57,2.45,LAL,2026-01-02,1.0,,,,,,,,,2026-06-07,LAL,,,,,1.0,,True,397,0,,0.6369426751592356,0.609452736318408,,False,False,,False,PASS,0.6369426751592356,0.7
IND,SAS,,2.95,1.42,SAS,2026-01-02,1.0,,,,,,,,,2026-06-07,SAS,,,,,0.0,,True,397,0,,0.3389830508474576,0.32494279176201374,,False,False,,False,PASS,0.3389830508474576,0.35
BRK,HOU,,5.0,1.19,HOU,2026-01-01,0.0,,,,,,,,,2026-06-07,HOU,,,,,0.0,,True,397,0,,0.2,0.19224555735056542,,False,False,,False,PASS,0.2,0.25
LAC,UTA,,1.15,5.9,LAC,2026-01-01,1.0,,,,,,,,,2026-06-07,LAC,,,,,1.0,,True,397,0,,0.8695652173913044,0.8368794326241135,,False,False,,False,PASS,0.8695652173913044,0.6
SAC,BOS,,4.2,1.24,BOS,2026-01-01,1.0,,,,,,,,,2026-06-07,BOS,,,,,0.0,,True,397,0,,0.23809523809523808,0.22794117647058823,,False,False,,False,PASS,0.23809523809523808,0.3
DAL,PHI,,2.14,1.74,PHI,2026-01-01,1.0,,,,,,,,,2026-06-07,PHI,,,,,0.0,,True,397,0,,0.4672897196261682,0.4484536082474227,,False,False,,False,PASS,0.4672897196261682,0.5
DET,MIA,,1.51,2.64,MIA,2026-01-01,1.0,,,,,,,,,2026-06-07,MIA,,,,,0.0,,True,397,0,,0.6622516556291391,0.6361445783132531,,False,False,,False,PASS,0.6622516556291391,0.8
CHO,GSW,,3.0,1.41,GSW,2025-12-31,1.0,,,,,,,,,2026-06-07,GSW,,,,,0.0,,True,397,0,,0.3333333333333333,0.31972789115646255,,False,False,,False,PASS,0.3333333333333333,0.5
ATL,MIN,,2.7,1.49,ATL,2025-12-31,0.0,,,,,,,,,2026-06-07,ATL,,,,,1.0,,True,397,0,,0.37037037037037035,0.3556085918854415,,False,False,,False,PASS,0.37037037037037035,0.45
CLE,PHO,,1.42,2.95,CLE,2025-12-31,0.0,,,,,,,,,2026-06-07,CLE,,,,,1.0,,True,397,0,,0.7042253521126761,0.6750572082379863,,False,False,,False,PASS,0.7042253521126761,0.65
SAS,NYK,,1.82,2.02,SAS,2025-12-31,1.0,,,,,,,,,2026-06-07,SAS,,,,,1.0,,True,397,0,,0.5494505494505494,0.5260416666666667,,False,False,,False,PASS,0.5494505494505494,0.85
TOR,DEN,,1.39,3.1,DEN,2025-12-31,1.0,,,,,,,,,2026-06-07,DEN,,,,,0.0,,True,397,0,,0.7194244604316548,0.6904231625835189,,False,False,,False,PASS,0.7194244604316548,0.6
IND,ORL,,2.4,1.6,ORL,2025-12-31,0.0,,,,,,,,,2026-06-07,ORL,,,,,0.0,,True,397,0,,0.4166666666666667,0.39999999999999997,,False,False,,False,PASS,0.4166666666666667,0.35
UTA,BOS,,3.4,1.34,BOS,2025-12-30,1.0,,,,,,,,,2026-06-07,BOS,,,,,0.0,,True,397,0,,0.29411764705882354,0.28270042194092826,,False,False,,False,PASS,0.29411764705882354,0.35
LAL,DET,,2.24,1.68,DET,2025-12-30,0.0,,,,,,,,,2026-06-07,DET,,,,,0.0,,True,397,0,,0.4464285714285714,0.4285714285714286,,False,False,,False,PASS,0.4464285714285714,0.7
MEM,PHI,,1.95,1.87,PHI,2025-12-30,0.0,,,,,,,,,2026-06-07,PHI,,,,,0.0,,True,397,0,,0.5128205128205129,0.4895287958115184,,False,False,,False,PASS,0.5128205128205129,0.5
LAC,SAC,,1.24,4.3,LAC,2025-12-30,1.0,,,,,,,,,2026-06-07,LAC,,,,,1.0,,True,397,0,,0.8064516129032259,0.7761732851985559,,False,False,,False,PASS,0.8064516129032259,0.6
OKC,ATL,,1.1,7.75,OKC,2025-12-29,1.0,,,,,,,,,2026-06-07,OKC,,,,,1.0,,True,397,0,,0.9090909090909091,0.8757062146892656,,False,False,,False,PASS,0.9090909090909091,0.85
BRK,GSW,,2.5,1.56,GSW,2025-12-29,0.0,,,,,,,,,2026-06-07,GSW,,,,,0.0,,True,397,0,,0.4,0.38423645320197053,,False,False,,False,PASS,0.4,0.25
CHI,MIN,,2.95,1.42,MIN,2025-12-29,1.0,,,,,,,,,2026-06-07,MIN,,,,,0.0,,True,397,0,,0.3389830508474576,0.32494279176201374,,False,False,,False,PASS,0.3389830508474576,0.6
HOU,IND,,1.1,7.5,HOU,2025-12-29,1.0,,,,,,,,,2026-06-07,HOU,,,,,1.0,,True,397,0,,0.9090909090909091,0.8720930232558138,,False,False,,False,PASS,0.9090909090909091,0.75
MIA,DEN,,2.14,1.74,MIA,2025-12-29,0.0,,,,,,,,,2026-06-07,MIA,,,,,1.0,,True,397,0,,0.4672897196261682,0.4484536082474227,,False,False,,False,PASS,0.4672897196261682,0.65
NOP,NYK,,3.85,1.28,NYK,2025-12-29,1.0,,,,,,,,,2026-06-07,NYK,,,,,0.0,,True,397,0,,0.2597402597402597,0.2495126705653021,,False,False,,False,PASS,0.2597402597402597,0.35
POR,DAL,,1.74,2.14,POR,2025-12-29,0.0,,,,,,,,,2026-06-07,POR,,,,,1.0,,True,397,0,,0.5747126436781609,0.5515463917525772,,False,False,,False,PASS,0.5747126436781609,0.5
SAS,CLE,,1.74,2.14,CLE,2025-12-29,0.0,,,,,,,,,2026-06-07,CLE,,,,,0.0,,True,397,0,,0.5747126436781609,0.5515463917525772,,False,False,,False,PASS,0.5747126436781609,0.85
TOR,ORL,,2.02,1.82,TOR,2025-12-29,0.0,,,,,,,,,2026-06-07,TOR,,,,,1.0,,True,397,0,,0.49504950495049505,0.4739583333333334,,False,False,,False,PASS,0.49504950495049505,0.6
WAS,PHO,,4.8,1.2,PHO,2025-12-29,0.0,,,,,,,,,2026-06-07,PHO,,,,,0.0,,True,397,0,,0.20833333333333334,0.19999999999999998,,False,False,,False,PASS,0.20833333333333334,0.3
LAL,SAC,,1.15,5.7,LAL,2025-12-28,1.0,,,,,,,,,2026-06-07,LAL,,,,,1.0,,True,397,0,,0.8695652173913044,0.832116788321168,,False,False,,False,PASS,0.8695652173913044,0.7
LAC,DET,,2.36,1.62,LAC,2025-12-28,1.0,,,,,,,,,2026-06-07,LAC,,,,,1.0,,True,397,0,,0.42372881355932207,0.40703517587939697,,False,False,,False,PASS,0.42372881355932207,0.6
OKC,PHI,,1.1,7.75,OKC,2025-12-28,1.0,,,,,,,,,2026-06-07,OKC,,,,,1.0,,True,397,0,,0.9090909090909091,0.8757062146892656,,False,False,,False,PASS,0.9090909090909091,0.85
POR,BOS,,3.15,1.38,POR,2025-12-28,0.0,,,,,,,,,2026-06-07,POR,,,,,1.0,,True,397,0,,0.31746031746031744,0.3046357615894039,,False,False,,False,PASS,0.31746031746031744,0.5
TOR,GSW,,2.54,1.54,TOR,2025-12-28,0.0,,,,,,,,,2026-06-07,TOR,,,,,1.0,,True,397,0,,0.39370078740157477,0.37745098039215685,,False,False,,False,PASS,0.39370078740157477,0.6
WAS,MEM,,3.2,1.37,WAS,2025-12-28,0.0,,,,,,,,,2026-06-07,WAS,,,,,1.0,,True,397,0,,0.3125,0.29978118161925604,,False,False,,False,PASS,0.3125,0.3
SAS,UTA,,1.08,8.5,UTA,2025-12-27,0.0,,,,,,,,,2026-06-07,UTA,,,,,0.0,,True,397,0,,0.9259259259259258,0.8872651356993737,,False,False,,False,PASS,0.9259259259259258,0.85
ORL,DEN,,2.6,1.52,ORL,2025-12-27,1.0,,,,,,,,,2026-06-07,ORL,,,,,1.0,,True,397,0,,0.3846153846153846,0.3689320388349514,,False,False,,False,PASS,0.3846153846153846,0.7
ATL,NYK,,3.05,1.4,NYK,2025-12-27,1.0,,,,,,,,,2026-06-07,NYK,,,,,0.0,,True,397,0,,0.3278688524590164,0.3146067415730337,,False,False,,False,PASS,0.3278688524590164,0.45
SAC,DAL,,2.3,1.65,SAC,2025-12-27,0.0,,,,,,,,,2026-06-07,SAC,,,,,1.0,,True,397,0,,0.4347826086956522,0.4177215189873418,,False,False,,False,PASS,0.4347826086956522,0.3
CHI,MIL,,1.68,2.24,MIL,2025-12-27,0.0,,,,,,,,,2026-06-07,MIL,,,,,0.0,,True,397,0,,0.5952380952380952,0.5714285714285715,,False,False,,False,PASS,0.5952380952380952,0.6
HOU,CLE,,1.57,2.45,HOU,2025-12-27,1.0,,,,,,,,,2026-06-07,HOU,,,,,1.0,,True,397,0,,0.6369426751592356,0.609452736318408,,False,False,,False,PASS,0.6369426751592356,0.75
MIA,IND,,1.28,3.85,MIA,2025-12-27,0.0,,,,,,,,,2026-06-07,MIA,,,,,1.0,,True,397,0,,0.78125,0.7504873294346978,,False,False,,False,PASS,0.78125,0.65
MIN,BRK,,1.19,5.0,BRK,2025-12-27,0.0,,,,,,,,,2026-06-07,BRK,,,,,0.0,,True,397,0,,0.8403361344537815,0.8077544426494345,,False,False,,False,PASS,0.8403361344537815,0.7
ORL,CHO,,1.39,3.1,CHO,2025-12-26,1.0,,,,,,,,,2026-06-07,CHO,,,,,0.0,,True,397,0,,0.7194244604316548,0.6904231625835189,,False,False,,False,PASS,0.7194244604316548,0.7
WAS,TOR,,3.6,1.31,WAS,2025-12-26,0.0,,,,,,,,,2026-06-07,WAS,,,,,1.0,,True,397,0,,0.2777777777777778,0.26680244399185343,,False,False,,False,PASS,0.2777777777777778,0.3
UTA,DET,,4.4,1.23,UTA,2025-12-26,0.0,,,,,,,,,2026-06-07,UTA,,,,,1.0,,True,397,0,,0.22727272727272727,0.21847246891651864,,False,False,,False,PASS,0.22727272727272727,0.35
POR,LAC,,2.14,1.74,LAC,2025-12-26,1.0,,,,,,,,,2026-06-07,LAC,,,,,0.0,,True,397,0,,0.4672897196261682,0.4484536082474227,,False,False,,False,PASS,0.4672897196261682,0.5
NOP,PHO,,2.45,1.57,PHO,2025-12-26,1.0,,,,,,,,,2026-06-07,PHO,,,,,0.0,,True,397,0,,0.4081632653061224,0.39054726368159204,,False,False,,False,PASS,0.4081632653061224,0.35
MEM,MIL,,1.46,2.8,MEM,2025-12-26,1.0,,,,,,,,,2026-06-07,MEM,,,,,1.0,,True,397,0,,0.684931506849315,0.6572769953051644,,False,False,,False,PASS,0.684931506849315,0.5
IND,BOS,,3.75,1.29,BOS,2025-12-26,1.0,,,,,,,,,2026-06-07,BOS,,,,,0.0,,True,397,0,,0.26666666666666666,0.25595238095238093,,False,False,,False,PASS,0.26666666666666666,0.35
ATL,MIA,,1.57,2.45,MIA,2025-12-26,0.0,,,,,,,,,2026-06-07,MIA,,,,,0.0,,True,397,0,,0.6369426751592356,0.609452736318408,,False,False,,False,PASS,0.6369426751592356,0.45
GSW,DAL,,1.28,3.8,GSW,2025-12-25,1.0,,,,,,,,,2026-06-07,GSW,,,,,1.0,,True,397,0,,0.78125,0.7480314960629921,,False,False,,False,PASS,0.78125,0.7
SAC,DET,,4.0,1.26,DET,2025-12-23,1.0,,,,,,,,,2026-06-07,DET,,,,,0.0,,True,397,0,,0.25,0.2395437262357415,,False,False,,False,PASS,0.25,0.3
POR,ORL,,2.0,1.83,ORL,2025-12-23,1.0,,,,,,,,,2026-06-07,ORL,,,,,0.0,,True,397,0,,0.5,0.47780678851174935,,False,False,,False,PASS,0.5,0.5
UTA,MEM,,2.42,1.59,MEM,2025-12-23,0.0,,,,,,,,,2026-06-07,MEM,,,,,0.0,,True,397,0,,0.4132231404958678,0.39650872817955113,,False,False,,False,PASS,0.4132231404958678,0.35
CHO,WAS,,1.4,3.05,CHO,2025-12-23,0.0,,,,,,,,,2026-06-07,CHO,,,,,1.0,,True,397,0,,0.7142857142857143,0.6853932584269663,,False,False,,False,PASS,0.7142857142857143,0.5
CLE,NOP,,1.26,4.0,CLE,2025-12-23,1.0,,,,,,,,,2026-06-07,CLE,,,,,1.0,,True,397,0,,0.7936507936507936,0.7604562737642586,,False,False,,False,PASS,0.7936507936507936,0.65
DAL,DEN,,2.95,1.42,DAL,2025-12-23,1.0,,,,,,,,,2026-06-07,DAL,,,,,1.0,,True,397,0,,0.3389830508474576,0.32494279176201374,,False,False,,False,PASS,0.3389830508474576,0.5
PHI,BRK,,1.26,4.0,BRK,2025-12-23,0.0,,,,,,,,,2026-06-07,BRK,,,,,0.0,,True,397,0,,0.7936507936507936,0.7604562737642586,,False,False,,False,PASS,0.7936507936507936,0.5
LAC,HOU,,3.5,1.32,LAC,2025-12-23,1.0,,,,,,,,,2026-06-07,LAC,,,,,1.0,,True,397,0,,0.2857142857142857,0.2738589211618257,,False,False,,False,PASS,0.2857142857142857,0.6
MIN,NYK,,1.36,3.25,MIN,2025-12-23,1.0,,,,,,,,,2026-06-07,MIN,,,,,1.0,,True,397,0,,0.7352941176470588,0.7049891540130152,,False,False,,False,PASS,0.7352941176470588,0.7
OKC,MEM,,1.07,9.0,OKC,2025-12-22,1.0,,,,,,,,,2026-06-07,OKC,,,,,1.0,,True,397,0,,0.9345794392523364,0.893743793445879,,False,False,,False,PASS,0.9345794392523364,0.85
NOP,DAL,,1.8,2.05,NOP,2025-12-22,0.0,,,,,,,,,2026-06-07,NOP,,,,,1.0,,True,397,0,,0.5555555555555556,0.5324675324675325,,False,False,,False,PASS,0.5555555555555556,0.35
POR,DET,,2.95,1.42,DET,2025-12-22,1.0,,,,,,,,,2026-06-07,DET,,,,,0.0,,True,397,0,,0.3389830508474576,0.32494279176201374,,False,False,,False,PASS,0.3389830508474576,0.5
GSW,ORL,,1.43,2.9,GSW,2025-12-22,1.0,,,,,,,,,2026-06-07,GSW,,,,,1.0,,True,397,0,,0.6993006993006994,0.6697459584295612,,False,False,,False,PASS,0.6993006993006994,0.7
DEN,UTA,,1.12,6.75,DEN,2025-12-22,1.0,,,,,,,,,2026-06-07,DEN,,,,,1.0,,True,397,0,,0.8928571428571428,0.8576874205844981,,False,False,,False,PASS,0.8928571428571428,0.65
BOS,IND,,1.17,5.4,BOS,2025-12-22,1.0,,,,,,,,,2026-06-07,BOS,,,,,1.0,,True,397,0,,0.8547008547008548,0.8219178082191781,,False,False,,False,PASS,0.8547008547008548,0.7
ATL,CHI,,1.52,2.6,CHI,2025-12-21,1.0,,,,,,,,,2026-06-07,CHI,,,,,0.0,,True,397,0,,0.6578947368421053,0.6310679611650486,,False,False,,False,PASS,0.6578947368421053,0.45
WAS,SAS,,9.0,1.07,SAS,2025-12-21,1.0,,,,,,,,,2026-06-07,SAS,,,,,0.0,,True,397,0,,0.1111111111111111,0.10625620655412116,,False,False,,False,PASS,0.1111111111111111,0.3
MIN,MIL,,1.15,5.7,MIN,2025-12-21,1.0,,,,,,,,,2026-06-07,MIN,,,,,1.0,,True,397,0,,0.8695652173913044,0.832116788321168,,False,False,,False,PASS,0.8695652173913044,0.7
SAC,HOU,,5.7,1.15,SAC,2025-12-21,0.0,,,,,,,,,2026-06-07,SAC,,,,,1.0,,True,397,0,,0.17543859649122806,0.1678832116788321,,False,False,,False,PASS,0.17543859649122806,0.3
LAC,LAL,,1.98,1.85,LAC,2025-12-20,1.0,,,,,,,,,2026-06-07,LAC,,,,,1.0,,True,397,0,,0.5050505050505051,0.4830287206266319,,False,False,,False,PASS,0.5050505050505051,0.6
DET,CHO,,1.19,4.9,DET,2025-12-20,1.0,,,,,,,,,2026-06-07,DET,,,,,1.0,,True,397,0,,0.8403361344537815,0.8045977011494254,,False,False,,False,PASS,0.8403361344537815,0.8
MEM,WAS,,1.13,6.25,WAS,2025-12-20,0.0,,,,,,,,,2026-06-07,WAS,,,,,0.0,,True,397,0,,0.8849557522123894,0.8468834688346885,,False,False,,False,PASS,0.8849557522123894,0.5
NOP,IND,,1.74,2.14,NOP,2025-12-20,0.0,,,,,,,,,2026-06-07,NOP,,,,,1.0,,True,397,0,,0.5747126436781609,0.5515463917525772,,False,False,,False,PASS,0.5747126436781609,0.35
PHI,DAL,,1.65,2.3,PHI,2025-12-20,1.0,,,,,,,,,2026-06-07,PHI,,,,,1.0,,True,397,0,,0.6060606060606061,0.5822784810126582,,False,False,,False,PASS,0.6060606060606061,0.5
SAC,POR,,2.54,1.54,POR,2025-12-20,1.0,,,,,,,,,2026-06-07,POR,,,,,0.0,,True,397,0,,0.39370078740157477,0.37745098039215685,,False,False,,False,PASS,0.39370078740157477,0.3
UTA,ORL,,3.35,1.34,ORL,2025-12-20,1.0,,,,,,,,,2026-06-07,ORL,,,,,0.0,,True,397,0,,0.29850746268656714,0.2857142857142857,,False,False,,False,PASS,0.29850746268656714,0.35
NYK,PHI,,1.54,2.54,PHI,2025-12-19,0.0,,,,,,,,,2026-06-07,PHI,,,,,0.0,,True,397,0,,0.6493506493506493,0.6225490196078431,,False,False,,False,PASS,0.6493506493506493,0.8
BOS,MIA,,1.37,3.2,BOS,2025-12-19,1.0,,,,,,,,,2026-06-07,BOS,,,,,1.0,,True,397,0,,0.7299270072992701,0.700218818380744,,False,False,,False,PASS,0.7299270072992701,0.7
ATL,SAS,,2.24,1.68,SAS,2025-12-19,1.0,,,,,,,,,2026-06-07,SAS,,,,,0.0,,True,397,0,,0.4464285714285714,0.4285714285714286,,False,False,,False,PASS,0.4464285714285714,0.45
MIN,OKC,,3.7,1.29,MIN,2025-12-19,1.0,,,,,,,,,2026-06-07,MIN,,,,,1.0,,True,397,0,,0.27027027027027023,0.25851703406813625,,False,False,,False,PASS,0.27027027027027023,0.7
DAL,DET,,2.9,1.43,DAL,2025-12-18,1.0,,,,,,,,,2026-06-07,DAL,,,,,1.0,,True,397,0,,0.3448275862068966,0.3302540415704388,,False,False,,False,PASS,0.3448275862068966,0.5
IND,NYK,,2.54,1.54,NYK,2025-12-18,0.0,,,,,,,,,2026-06-07,NYK,,,,,0.0,,True,397,0,,0.39370078740157477,0.37745098039215685,,False,False,,False,PASS,0.39370078740157477,0.35
CHO,ATL,,2.8,1.46,CHO,2025-12-18,1.0,,,,,,,,,2026-06-07,CHO,,,,,1.0,,True,397,0,,0.35714285714285715,0.34272300469483574,,False,False,,False,PASS,0.35714285714285715,0.5
SAS,WAS,,1.09,8.0,SAS,2025-12-18,1.0,,,,,,,,,2026-06-07,SAS,,,,,1.0,,True,397,0,,0.9174311926605504,0.8800880088008802,,False,False,,False,PASS,0.9174311926605504,0.85
MIL,TOR,,2.64,1.51,TOR,2025-12-18,0.0,,,,,,,,,2026-06-07,TOR,,,,,0.0,,True,397,0,,0.3787878787878788,0.363855421686747,,False,False,,False,PASS,0.3787878787878788,0.5
DEN,ORL,,1.35,3.3,DEN,2025-12-18,1.0,,,,,,,,,2026-06-07,DEN,,,,,1.0,,True,397,0,,0.7407407407407407,0.7096774193548387,,False,False,,False,PASS,0.7407407407407407,0.65
POR,SAC,,1.28,3.8,POR,2025-12-18,0.0,,,,,,,,,2026-06-07,POR,,,,,1.0,,True,397,0,,0.78125,0.7480314960629921,,False,False,,False,PASS,0.78125,0.5
BRK,MIA,,3.1,1.39,MIA,2025-12-18,0.0,,,,,,,,,2026-06-07,MIA,,,,,0.0,,True,397,0,,0.3225806451612903,0.309576837416481,,False,False,,False,PASS,0.3225806451612903,0.25
OKC,LAC,,1.06,10.5,OKC,2025-12-18,1.0,,,,,,,,,2026-06-07,OKC,,,,,1.0,,True,397,0,,0.9433962264150942,0.9083044982698962,,False,False,,False,PASS,0.9433962264150942,0.85
NOP,HOU,,4.2,1.24,NOP,2025-12-18,0.0,,,,,,,,,2026-06-07,NOP,,,,,1.0,,True,397,0,,0.23809523809523808,0.22794117647058823,,False,False,,False,PASS,0.23809523809523808,0.35
MIN,MEM,,1.34,3.4,MEM,2025-12-17,0.0,,,,,,,,,2026-06-07,MEM,,,,,0.0,,True,397,0,,0.7462686567164178,0.7172995780590716,,False,False,,False,PASS,0.7462686567164178,0.7
CHI,CLE,,2.54,1.54,CHI,2025-12-17,0.0,,,,,,,,,2026-06-07,CHI,,,,,1.0,,True,397,0,,0.39370078740157477,0.37745098039215685,,False,False,,False,PASS,0.39370078740157477,0.6
MIA,TOR,,1.44,2.85,TOR,2025-12-15,0.0,,,,,,,,,2026-06-07,TOR,,,,,0.0,,True,397,0,,0.6944444444444444,0.6643356643356644,,False,False,,False,PASS,0.6944444444444444,0.65
DEN,HOU,,1.85,1.98,DEN,2025-12-15,1.0,,,,,,,,,2026-06-07,DEN,,,,,1.0,,True,397,0,,0.5405405405405405,0.5169712793733681,,False,False,,False,PASS,0.5405405405405405,0.65
UTA,DAL,,2.14,1.74,UTA,2025-12-15,0.0,,,,,,,,,2026-06-07,UTA,,,,,1.0,,True,397,0,,0.4672897196261682,0.4484536082474227,,False,False,,False,PASS,0.4672897196261682,0.35
CHI,NOP,,1.57,2.45,NOP,2025-12-14,1.0,,,,,,,,,2026-06-07,NOP,,,,,0.0,,True,397,0,,0.6369426751592356,0.609452736318408,,False,False,,False,PASS,0.6369426751592356,0.6
ATL,PHI,,1.54,2.54,ATL,2025-12-14,0.0,,,,,,,,,2026-06-07,ATL,,,,,1.0,,True,397,0,,0.6493506493506493,0.6225490196078431,,False,False,,False,PASS,0.6493506493506493,0.45
BRK,MIL,,2.05,1.8,BRK,2025-12-14,0.0,,,,,,,,,2026-06-07,BRK,,,,,1.0,,True,397,0,,0.48780487804878053,0.4675324675324676,,False,False,,False,PASS,0.48780487804878053,0.25
CLE,CHO,,1.17,5.4,CHO,2025-12-14,0.0,,,,,,,,,2026-06-07,CHO,,,,,0.0,,True,397,0,,0.8547008547008548,0.8219178082191781,,False,False,,False,PASS,0.8547008547008548,0.65
MEM,UTA,,1.41,3.0,UTA,2025-12-12,0.0,,,,,,,,,2026-06-07,UTA,,,,,0.0,,True,397,0,,0.7092198581560284,0.6802721088435374,,False,False,,False,PASS,0.7092198581560284,0.5
PHI,IND,,1.34,3.35,PHI,2025-12-12,0.0,,,,,,,,,2026-06-07,PHI,,,,,1.0,,True,397,0,,0.7462686567164178,0.7142857142857143,,False,False,,False,PASS,0.7462686567164178,0.5
DAL,BRK,,1.32,3.5,DAL,2025-12-12,0.0,,,,,,,,,2026-06-07,DAL,,,,,1.0,,True,397,0,,0.7575757575757576,0.7261410788381742,,False,False,,False,PASS,0.7575757575757576,0.5
GSW,MIN,,1.57,2.45,MIN,2025-12-12,0.0,,,,,,,,,2026-06-07,MIN,,,,,0.0,,True,397,0,,0.6369426751592356,0.609452736318408,,False,False,,False,PASS,0.6369426751592356,0.7
HOU,LAC,,1.24,4.2,HOU,2025-12-11,1.0,,,,,,,,,2026-06-07,HOU,,,,,1.0,,True,397,0,,0.8064516129032259,0.7720588235294118,,False,False,,False,PASS,0.8064516129032259,0.75
MIL,BOS,,4.2,1.24,MIL,2025-12-11,1.0,,,,,,,,,2026-06-07,MIL,,,,,1.0,,True,397,0,,0.23809523809523808,0.22794117647058823,,False,False,,False,PASS,0.23809523809523808,0.5
TOR,NYK,,2.8,1.46,NYK,2025-12-09,1.0,,,,,,,,,2026-06-07,NYK,,,,,0.0,,True,397,0,,0.35714285714285715,0.34272300469483574,,False,False,,False,PASS,0.35714285714285715,0.6
IND,SAC,,1.56,2.5,IND,2025-12-08,1.0,,,,,,,,,2026-06-07,IND,,,,,1.0,,True,397,0,,0.641025641025641,0.6157635467980296,,False,False,,False,PASS,0.641025641025641,0.35
CHI,GSW,,1.93,1.89,GSW,2025-12-07,1.0,,,,,,,,,2026-06-07,GSW,,,,,0.0,,True,397,0,,0.5181347150259068,0.4947643979057591,,False,False,,False,PASS,0.5181347150259068,0.6
PHI,LAL,,2.4,1.6,LAL,2025-12-07,0.0,,,,,,,,,2026-06-07,LAL,,,,,0.0,,True,397,0,,0.4166666666666667,0.39999999999999997,,False,False,,False,PASS,0.4166666666666667,0.5
MEM,POR,,1.85,1.98,MEM,2025-12-07,1.0,,,,,,,,,2026-06-07,MEM,,,,,1.0,,True,397,0,,0.5405405405405405,0.5169712793733681,,False,False,,False,PASS,0.5405405405405405,0.5
CHO,DEN,,4.8,1.2,DEN,2025-12-07,1.0,,,,,,,,,2026-06-07,DEN,,,,,0.0,,True,397,0,,0.20833333333333334,0.19999999999999998,,False,False,,False,PASS,0.20833333333333334,0.5
TOR,BOS,,2.3,1.65,BOS,2025-12-07,1.0,,,,,,,,,2026-06-07,BOS,,,,,0.0,,True,397,0,,0.4347826086956522,0.4177215189873418,,False,False,,False,PASS,0.4347826086956522,0.6
MIN,LAC,,1.27,3.95,MIN,2025-12-06,1.0,,,,,,,,,2026-06-07,MIN,,,,,1.0,,True,397,0,,0.7874015748031495,0.7567049808429118,,False,False,,False,PASS,0.7874015748031495,0.7
MIA,SAC,,1.25,4.1,SAC,2025-12-06,0.0,,,,,,,,,2026-06-07,SAC,,,,,0.0,,True,397,0,,0.8,0.7663551401869159,,False,False,,False,PASS,0.8,0.65
DET,MIL,,1.15,5.9,DET,2025-12-06,1.0,,,,,,,,,2026-06-07,DET,,,,,1.0,,True,397,0,,0.8695652173913044,0.8368794326241135,,False,False,,False,PASS,0.8695652173913044,0.8
DAL,HOU,,3.35,1.34,DAL,2025-12-06,0.0,,,,,,,,,2026-06-07,DAL,,,,,1.0,,True,397,0,,0.29850746268656714,0.2857142857142857,,False,False,,False,PASS,0.29850746268656714,0.5
CLE,GSW,,1.32,3.5,GSW,2025-12-06,0.0,,,,,,,,,2026-06-07,GSW,,,,,0.0,,True,397,0,,0.7575757575757576,0.7261410788381742,,False,False,,False,PASS,0.7575757575757576,0.65
BRK,NOP,,1.59,2.42,BRK,2025-12-06,1.0,,,,,,,,,2026-06-07,BRK,,,,,1.0,,True,397,0,,0.6289308176100629,0.6034912718204488,,False,False,,False,PASS,0.6289308176100629,0.25
OKC,DAL,,1.1,7.75,OKC,2025-12-05,1.0,,,,,,,,,2026-06-07,OKC,,,,,1.0,,True,397,0,,0.9090909090909091,0.8757062146892656,,False,False,,False,PASS,0.9090909090909091,0.85
NYK,UTA,,1.08,8.5,NYK,2025-12-05,1.0,,,,,,,,,2026-06-07,NYK,,,,,1.0,,True,397,0,,0.9259259259259258,0.8872651356993737,,False,False,,False,PASS,0.9259259259259258,0.8
MEM,LAC,,2.1,1.77,MEM,2025-12-05,0.0,,,,,,,,,2026-06-07,MEM,,,,,1.0,,True,397,0,,0.47619047619047616,0.4573643410852713,,False,False,,False,PASS,0.47619047619047616,0.5
DET,POR,,1.33,3.45,DET,2025-12-05,0.0,,,,,,,,,2026-06-07,DET,,,,,1.0,,True,397,0,,0.7518796992481203,0.7217573221757322,,False,False,,False,PASS,0.7518796992481203,0.8
CLE,SAS,,1.6,2.4,CLE,2025-12-05,1.0,,,,,,,,,2026-06-07,CLE,,,,,1.0,,True,397,0,,0.625,0.6,,False,False,,False,PASS,0.625,0.65
BOS,LAL,,1.32,3.5,BOS,2025-12-05,1.0,,,,,,,,,2026-06-07,BOS,,,,,1.0,,True,397,0,,0.7575757575757576,0.7261410788381742,,False,False,,False,PASS,0.7575757575757576,0.7
ATL,DEN,,2.7,1.49,DEN,2025-12-05,1.0,,,,,,,,,2026-06-07,DEN,,,,,0.0,,True,397,0,,0.37037037037037035,0.3556085918854415,,False,False,,False,PASS,0.37037037037037035,0.45
HOU,PHO,,1.18,5.1,HOU,2025-12-05,1.0,,,,,,,,,2026-06-07,HOU,,,,,1.0,,True,397,0,,0.8474576271186441,0.8121019108280254,,False,False,,False,PASS,0.8474576271186441,0.75
CHI,IND,,1.51,2.64,IND,2025-12-05,1.0,,,,,,,,,2026-06-07,IND,,,,,0.0,,True,397,0,,0.6622516556291391,0.6361445783132531,,False,False,,False,PASS,0.6622516556291391,0.6
PHI,GSW,,1.62,2.36,PHI,2025-12-04,1.0,,,,,,,,,2026-06-07,PHI,,,,,1.0,,True,397,0,,0.6172839506172839,0.5929648241206029,,False,False,,False,PASS,0.6172839506172839,0.5
BRK,UTA,,2.7,1.49,UTA,2025-12-04,0.0,,,,,,,,,2026-06-07,UTA,,,,,0.0,,True,397,0,,0.37037037037037035,0.3556085918854415,,False,False,,False,PASS,0.37037037037037035,0.25
TOR,LAL,,1.7,2.2,LAL,2025-12-04,0.0,,,,,,,,,2026-06-07,LAL,,,,,0.0,,True,397,0,,0.5882352941176471,0.5641025641025641,,False,False,,False,PASS,0.5882352941176471,0.6
WAS,BOS,,4.5,1.22,BOS,2025-12-04,1.0,,,,,,,,,2026-06-07,BOS,,,,,0.0,,True,397,0,,0.2222222222222222,0.21328671328671325,,False,False,,False,PASS,0.2222222222222222,0.3
IND,DEN,,3.7,1.29,DEN,2025-12-03,1.0,,,,,,,,,2026-06-07,DEN,,,,,0.0,,True,397,0,,0.27027027027027023,0.25851703406813625,,False,False,,False,PASS,0.27027027027027023,0.35
ORL,SAS,,1.29,3.7,SAS,2025-12-03,0.0,,,,,,,,,2026-06-07,SAS,,,,,0.0,,True,397,0,,0.7751937984496123,0.7414829659318637,,False,False,,False,PASS,0.7751937984496123,0.7
NYK,CHO,,1.25,4.1,NYK,2025-12-03,1.0,,,,,,,,,2026-06-07,NYK,,,,,1.0,,True,397,0,,0.8,0.7663551401869159,,False,False,,False,PASS,0.8,0.8
HOU,SAC,,1.07,9.0,HOU,2025-12-03,1.0,,,,,,,,,2026-06-07,HOU,,,,,1.0,,True,397,0,,0.9345794392523364,0.893743793445879,,False,False,,False,PASS,0.9345794392523364,0.75
DAL,MIA,,2.6,1.52,DAL,2025-12-03,0.0,,,,,,,,,2026-06-07,DAL,,,,,1.0,,True,397,0,,0.3846153846153846,0.3689320388349514,,False,False,,False,PASS,0.3846153846153846,0.5
CLE,POR,,1.17,5.4,POR,2025-12-03,0.0,,,,,,,,,2026-06-07,POR,,,,,0.0,,True,397,0,,0.8547008547008548,0.8219178082191781,,False,False,,False,PASS,0.8547008547008548,0.65
CHI,BRK,,1.29,3.7,BRK,2025-12-03,1.0,,,,,,,,,2026-06-07,BRK,,,,,0.0,,True,397,0,,0.7751937984496123,0.7414829659318637,,False,False,,False,PASS,0.7751937984496123,0.6
ATL,LAC,,1.62,2.36,LAC,2025-12-03,0.0,,,,,,,,,2026-06-07,LAC,,,,,0.0,,True,397,0,,0.6172839506172839,0.5929648241206029,,False,False,,False,PASS,0.6172839506172839,0.45
PHI,WAS,,1.12,6.75,PHI,2025-12-02,0.0,,,,,,,,,2026-06-07,PHI,,,,,1.0,,True,397,0,,0.8928571428571428,0.8576874205844981,,False,False,,False,PASS,0.8928571428571428,0.5
NOP,MIN,,5.55,1.16,MIN,2025-12-02,1.0,,,,,,,,,2026-06-07,MIN,,,,,0.0,,True,397,0,,0.1801801801801802,0.17287630402384502,,False,False,,False,PASS,0.1801801801801802,0.35
GSW,OKC,,5.4,1.17,OKC,2025-12-02,0.0,,,,,,,,,2026-06-07,OKC,,,,,0.0,,True,397,0,,0.18518518518518517,0.1780821917808219,,False,False,,False,PASS,0.18518518518518517,0.7
TOR,POR,,1.46,2.8,TOR,2025-12-02,1.0,,,,,,,,,2026-06-07,TOR,,,,,1.0,,True,397,0,,0.684931506849315,0.6572769953051644,,False,False,,False,PASS,0.684931506849315,0.6
BOS,NYK,,1.89,1.93,BOS,2025-12-02,1.0,,,,,,,,,2026-06-07,BOS,,,,,1.0,,True,397,0,,0.5291005291005292,0.5052356020942408,,False,False,,False,PASS,0.5291005291005292,0.7
WAS,MIL,,4.2,1.24,WAS,2025-12-01,0.0,,,,,,,,,2026-06-07,WAS,,,,,1.0,,True,397,0,,0.23809523809523808,0.22794117647058823,,False,False,,False,PASS,0.23809523809523808,0.3
BRK,CHO,,2.6,1.52,BRK,2025-12-01,0.0,,,,,,,,,2026-06-07,BRK,,,,,1.0,,True,397,0,,0.3846153846153846,0.3689320388349514,,False,False,,False,PASS,0.3846153846153846,0.25
DEN,DAL,,1.19,4.9,DAL,2025-12-01,0.0,,,,,,,,,2026-06-07,DAL,,,,,0.0,,True,397,0,,0.8403361344537815,0.8045977011494254,,False,False,,False,PASS,0.8403361344537815,0.65
IND,CLE,,2.6,1.52,CLE,2025-12-01,1.0,,,,,,,,,2026-06-07,CLE,,,,,0.0,,True,397,0,,0.3846153846153846,0.3689320388349514,,False,False,,False,PASS,0.3846153846153846,0.35
DET,ATL,,1.24,4.3,DET,2025-12-01,1.0,,,,,,,,,2026-06-07,DET,,,,,1.0,,True,397,0,,0.8064516129032259,0.7761732851985559,,False,False,,False,PASS,0.8064516129032259,0.8
MIA,LAC,,1.41,3.0,MIA,2025-12-01,1.0,,,,,,,,,2026-06-07,MIA,,,,,1.0,,True,397,0,,0.7092198581560284,0.6802721088435374,,False,False,,False,PASS,0.7092198581560284,0.65
NYK,TOR,,1.31,3.6,NYK,2025-11-30,1.0,,,,,,,,,2026-06-07,NYK,,,,,1.0,,True,397,0,,0.7633587786259541,0.7331975560081467,,False,False,,False,PASS,0.7633587786259541,0.8
UTA,HOU,,5.4,1.17,HOU,2025-11-30,1.0,,,,,,,,,2026-06-07,HOU,,,,,0.0,,True,397,0,,0.18518518518518517,0.1780821917808219,,False,False,,False,PASS,0.18518518518518517,0.35
SAC,MEM,,2.2,1.7,MEM,2025-11-30,1.0,,,,,,,,,2026-06-07,MEM,,,,,0.0,,True,397,0,,0.45454545454545453,0.4358974358974359,,False,False,,False,PASS,0.45454545454545453,0.3
MIN,SAS,,1.6,2.4,MIN,2025-11-30,1.0,,,,,,,,,2026-06-07,MIN,,,,,1.0,,True,397,0,,0.625,0.6,,False,False,,False,PASS,0.625,0.7
LAL,NOP,,1.1,7.75,LAL,2025-11-30,1.0,,,,,,,,,2026-06-07,LAL,,,,,1.0,,True,397,0,,0.9090909090909091,0.8757062146892656,,False,False,,False,PASS,0.9090909090909091,0.7
CLE,BOS,,1.35,3.3,BOS,2025-11-30,0.0,,,,,,,,,2026-06-07,BOS,,,,,0.0,,True,397,0,,0.7407407407407407,0.7096774193548387,,False,False,,False,PASS,0.7407407407407407,0.65
LAC,DAL,,1.36,3.25,DAL,2025-11-29,0.0,,,,,,,,,2026-06-07,DAL,,,,,0.0,,True,397,0,,0.7352941176470588,0.7049891540130152,,False,False,,False,PASS,0.7352941176470588,0.6
MIL,BRK,,1.18,5.1,MIL,2025-11-29,1.0,,,,,,,,,2026-06-07,MIL,,,,,1.0,,True,397,0,,0.8474576271186441,0.8121019108280254,,False,False,,False,PASS,0.8474576271186441,0.5
CHO,TOR,,3.75,1.29,CHO,2025-11-29,0.0,,,,,,,,,2026-06-07,CHO,,,,,1.0,,True,397,0,,0.26666666666666666,0.25595238095238093,,False,False,,False,PASS,0.26666666666666666,0.5
GSW,NOP,,1.27,3.95,GSW,2025-11-29,1.0,,,,,,,,,2026-06-07,GSW,,,,,1.0,,True,397,0,,0.7874015748031495,0.7567049808429118,,False,False,,False,PASS,0.7874015748031495,0.7
IND,CHI,,2.45,1.57,IND,2025-11-29,0.0,,,,,,,,,2026-06-07,IND,,,,,1.0,,True,397,0,,0.4081632653061224,0.39054726368159204,,False,False,,False,PASS,0.4081632653061224,0.35
MIA,DET,,1.59,2.42,DET,2025-11-29,0.0,,,,,,,,,2026-06-07,DET,,,,,0.0,,True,397,0,,0.6289308176100629,0.6034912718204488,,False,False,,False,PASS,0.6289308176100629,0.65
MIN,BOS,,1.34,3.4,MIN,2025-11-29,1.0,,,,,,,,,2026-06-07,MIN,,,,,1.0,,True,397,0,,0.7462686567164178,0.7172995780590716,,False,False,,False,PASS,0.7462686567164178,0.7
DEN,SAS,,1.24,4.2,SAS,2025-11-28,0.0,,,,,,,,,2026-06-07,SAS,,,,,0.0,,True,397,0,,0.8064516129032259,0.7720588235294118,,False,False,,False,PASS,0.8064516129032259,0.65
ATL,CLE,,2.95,1.42,ATL,2025-11-28,1.0,,,,,,,,,2026-06-07,ATL,,,,,1.0,,True,397,0,,0.3389830508474576,0.32494279176201374,,False,False,,False,PASS,0.3389830508474576,0.45
UTA,SAC,,1.74,2.14,UTA,2025-11-28,0.0,,,,,,,,,2026-06-07,UTA,,,,,1.0,,True,397,0,,0.5747126436781609,0.5515463917525772,,False,False,,False,PASS,0.5747126436781609,0.35
NYK,MIL,,1.34,3.4,NYK,2025-11-28,1.0,,,,,,,,,2026-06-07,NYK,,,,,1.0,,True,397,0,,0.7462686567164178,0.7172995780590716,,False,False,,False,PASS,0.7462686567164178,0.8
LAL,DAL,,1.24,4.2,LAL,2025-11-28,1.0,,,,,,,,,2026-06-07,LAL,,,,,1.0,,True,397,0,,0.8064516129032259,0.7720588235294118,,False,False,,False,PASS,0.8064516129032259,0.7
LAC,MEM,,1.38,3.15,MEM,2025-11-28,0.0,,,,,,,,,2026-06-07,MEM,,,,,0.0,,True,397,0,,0.7246376811594204,0.695364238410596,,False,False,,False,PASS,0.7246376811594204,0.6
IND,WAS,,1.38,3.15,IND,2025-11-28,0.0,,,,,,,,,2026-06-07,IND,,,,,1.0,,True,397,0,,0.7246376811594204,0.695364238410596,,False,False,,False,PASS,0.7246376811594204,0.35
CHO,CHI,,2.14,1.74,CHO,2025-11-28,0.0,,,,,,,,,2026-06-07,CHO,,,,,1.0,,True,397,0,,0.4672897196261682,0.4484536082474227,,False,False,,False,PASS,0.4672897196261682,0.5
NOP,MEM,,2.3,1.65,MEM,2025-11-26,1.0,,,,,,,,,2026-06-07,MEM,,,,,0.0,,True,397,0,,0.4347826086956522,0.4177215189873418,,False,False,,False,PASS,0.4347826086956522,0.35
MIA,MIL,,1.31,3.6,MIA,2025-11-26,1.0,,,,,,,,,2026-06-07,MIA,,,,,1.0,,True,397,0,,0.7633587786259541,0.7331975560081467,,False,False,,False,PASS,0.7633587786259541,0.65
TOR,IND,,1.21,4.7,TOR,2025-11-26,1.0,,,,,,,,,2026-06-07,TOR,,,,,1.0,,True,397,0,,0.8264462809917356,0.7952622673434856,,False,False,,False,PASS,0.8264462809917356,0.6
POR,SAS,,1.83,2.0,SAS,2025-11-26,0.0,,,,,,,,,2026-06-07,SAS,,,,,0.0,,True,397,0,,0.5464480874316939,0.5221932114882506,,False,False,,False,PASS,0.5464480874316939,0.5
OKC,MIN,,1.22,4.5,OKC,2025-11-26,1.0,,,,,,,,,2026-06-07,OKC,,,,,1.0,,True,397,0,,0.819672131147541,0.7867132867132867,,False,False,,False,PASS,0.819672131147541,0.85
BOS,DET,,2.24,1.68,BOS,2025-11-26,1.0,,,,,,,,,2026-06-07,BOS,,,,,1.0,,True,397,0,,0.4464285714285714,0.4285714285714286,,False,False,,False,PASS,0.4464285714285714,0.7
GSW,HOU,,1.68,2.24,HOU,2025-11-26,0.0,,,,,,,,,2026-06-07,HOU,,,,,0.0,,True,397,0,,0.5952380952380952,0.5714285714285715,,False,False,,False,PASS,0.5952380952380952,0.7
CHO,NYK,,3.15,1.38,NYK,2025-11-26,1.0,,,,,,,,,2026-06-07,NYK,,,,,0.0,,True,397,0,,0.31746031746031744,0.3046357615894039,,False,False,,False,PASS,0.31746031746031744,0.5
WAS,ATL,,5.0,1.19,WAS,2025-11-25,0.0,,,,,,,,,2026-06-07,WAS,,,,,1.0,,True,397,0,,0.2,0.19224555735056542,,False,False,,False,PASS,0.2,0.3
LAL,LAC,,1.39,3.1,LAL,2025-11-25,1.0,,,,,,,,,2026-06-07,LAL,,,,,1.0,,True,397,0,,0.7194244604316548,0.6904231625835189,,False,False,,False,PASS,0.7194244604316548,0.7
GSW,UTA,,1.1,7.5,GSW,2025-11-24,1.0,,,,,,,,,2026-06-07,GSW,,,,,1.0,,True,397,0,,0.9090909090909091,0.8720930232558138,,False,False,,False,PASS,0.9090909090909091,0.7
IND,DET,,4.5,1.22,DET,2025-11-24,1.0,,,,,,,,,2026-06-07,DET,,,,,0.0,,True,397,0,,0.2222222222222222,0.21328671328671325,,False,False,,False,PASS,0.2222222222222222,0.35
MIA,DAL,,1.34,3.35,MIA,2025-11-24,1.0,,,,,,,,,2026-06-07,MIA,,,,,1.0,,True,397,0,,0.7462686567164178,0.7142857142857143,,False,False,,False,PASS,0.7462686567164178,0.65
BRK,NYK,,6.75,1.12,NYK,2025-11-24,0.0,,,,,,,,,2026-06-07,NYK,,,,,0.0,,True,397,0,,0.14814814814814814,0.1423125794155019,,False,False,,False,PASS,0.14814814814814814,0.25
NOP,CHI,,2.8,1.46,NOP,2025-11-24,0.0,,,,,,,,,2026-06-07,NOP,,,,,1.0,,True,397,0,,0.35714285714285715,0.34272300469483574,,False,False,,False,PASS,0.35714285714285715,0.35
MEM,DEN,,3.7,1.29,DEN,2025-11-24,1.0,,,,,,,,,2026-06-07,DEN,,,,,0.0,,True,397,0,,0.27027027027027023,0.25851703406813625,,False,False,,False,PASS,0.27027027027027023,0.5
TOR,CLE,,1.87,1.95,TOR,2025-11-24,1.0,,,,,,,,,2026-06-07,TOR,,,,,1.0,,True,397,0,,0.53475935828877,0.5104712041884817,,False,False,,False,PASS,0.53475935828877,0.6
MIL,POR,,1.77,2.1,POR,2025-11-24,0.0,,,,,,,,,2026-06-07,POR,,,,,0.0,,True,397,0,,0.5649717514124294,0.5426356589147286,,False,False,,False,PASS,0.5649717514124294,0.5
CLE,LAC,,1.26,4.0,CLE,2025-11-23,1.0,,,,,,,,,2026-06-07,CLE,,,,,1.0,,True,397,0,,0.7936507936507936,0.7604562737642586,,False,False,,False,PASS,0.7936507936507936,0.65
BOS,ORL,,1.52,2.6,BOS,2025-11-23,1.0,,,,,,,,,2026-06-07,BOS,,,,,1.0,,True,397,0,,0.6578947368421053,0.6310679611650486,,False,False,,False,PASS,0.6578947368421053,0.7
ATL,CHO,,1.34,3.35,ATL,2025-11-23,1.0,,,,,,,,,2026-06-07,ATL,,,,,1.0,,True,397,0,,0.7462686567164178,0.7142857142857143,,False,False,,False,PASS,0.7462686567164178,0.45
UTA,LAL,,4.3,1.24,LAL,2025-11-23,1.0,,,,,,,,,2026-06-07,LAL,,,,,0.0,,True,397,0,,0.23255813953488372,0.223826714801444,,False,False,,False,PASS,0.23255813953488372,0.35
TOR,BRK,,1.14,6.0,TOR,2025-11-23,1.0,,,,,,,,,2026-06-07,TOR,,,,,1.0,,True,397,0,,0.8771929824561404,0.8403361344537814,,False,False,,False,PASS,0.8771929824561404,0.6
OKC,POR,,1.09,8.0,OKC,2025-11-23,1.0,,,,,,,,,2026-06-07,OKC,,,,,1.0,,True,397,0,,0.9174311926605504,0.8800880088008802,,False,False,,False,PASS,0.9174311926605504,0.85
PHI,MIA,,2.02,1.82,MIA,2025-11-23,0.0,,,,,,,,,2026-06-07,MIA,,,,,0.0,,True,397,0,,0.49504950495049505,0.4739583333333334,,False,False,,False,PASS,0.49504950495049505,0.5
ORL,NYK,,1.87,1.95,ORL,2025-11-22,1.0,,,,,,,,,2026-06-07,ORL,,,,,1.0,,True,397,0,,0.53475935828877,0.5104712041884817,,False,False,,False,PASS,0.53475935828877,0.7
MIL,DET,,3.8,1.28,DET,2025-11-22,0.0,,,,,,,,,2026-06-07,DET,,,,,0.0,,True,397,0,,0.2631578947368421,0.25196850393700787,,False,False,,False,PASS,0.2631578947368421,0.5
CHO,LAC,,1.95,1.87,LAC,2025-11-22,1.0,,,,,,,,,2026-06-07,LAC,,,,,0.0,,True,397,0,,0.5128205128205129,0.4895287958115184,,False,False,,False,PASS,0.5128205128205129,0.5
DAL,MEM,,1.87,1.95,MEM,2025-11-22,1.0,,,,,,,,,2026-06-07,MEM,,,,,0.0,,True,397,0,,0.53475935828877,0.5104712041884817,,False,False,,False,PASS,0.53475935828877,0.5
NOP,ATL,,4.1,1.25,ATL,2025-11-22,1.0,,,,,,,,,2026-06-07,ATL,,,,,0.0,,True,397,0,,0.24390243902439027,0.23364485981308414,,False,False,,False,PASS,0.24390243902439027,0.35
CHI,WAS,,1.14,6.0,CHI,2025-11-22,0.0,,,,,,,,,2026-06-07,CHI,,,,,1.0,,True,397,0,,0.8771929824561404,0.8403361344537814,,False,False,,False,PASS,0.8771929824561404,0.6
UTA,OKC,,9.5,1.07,OKC,2025-11-21,1.0,,,,,,,,,2026-06-07,OKC,,,,,0.0,,True,397,0,,0.10526315789473684,0.10122989593188268,,False,False,,False,PASS,0.10526315789473684,0.35
TOR,WAS,,1.11,7.25,TOR,2025-11-21,1.0,,,,,,,,,2026-06-07,TOR,,,,,1.0,,True,397,0,,0.9009009009009008,0.867224880382775,,False,False,,False,PASS,0.9009009009009008,0.6
PHO,MIN,,2.54,1.54,PHO,2025-11-21,1.0,,,,,,,,,2026-06-07,PHO,,,,,1.0,,True,397,0,,0.39370078740157477,0.37745098039215685,,False,False,,False,PASS,0.39370078740157477,0.6
HOU,DEN,,1.74,2.14,DEN,2025-11-21,0.0,,,,,,,,,2026-06-07,DEN,,,,,0.0,,True,397,0,,0.5747126436781609,0.5515463917525772,,False,False,,False,PASS,0.5747126436781609,0.75
CLE,IND,,1.1,7.75,CLE,2025-11-21,1.0,,,,,,,,,2026-06-07,CLE,,,,,1.0,,True,397,0,,0.9090909090909091,0.8757062146892656,,False,False,,False,PASS,0.9090909090909091,0.65
BOS,BRK,,1.1,7.75,BRK,2025-11-21,0.0,,,,,,,,,2026-06-07,BRK,,,,,0.0,,True,397,0,,0.9090909090909091,0.8757062146892656,,False,False,,False,PASS,0.9090909090909091,0.7
GSW,POR,,1.24,4.3,POR,2025-11-21,0.0,,,,,,,,,2026-06-07,POR,,,,,0.0,,True,397,0,,0.8064516129032259,0.7761732851985559,,False,False,,False,PASS,0.8064516129032259,0.7
ORL,LAC,,1.46,2.8,ORL,2025-11-20,1.0,,,,,,,,,2026-06-07,ORL,,,,,1.0,,True,397,0,,0.684931506849315,0.6572769953051644,,False,False,,False,PASS,0.684931506849315,0.7
MEM,SAC,,1.68,2.24,MEM,2025-11-20,0.0,,,,,,,,,2026-06-07,MEM,,,,,1.0,,True,397,0,,0.5952380952380952,0.5714285714285715,,False,False,,False,PASS,0.5952380952380952,0.5
MIL,PHI,,2.14,1.74,PHI,2025-11-20,1.0,,,,,,,,,2026-06-07,PHI,,,,,0.0,,True,397,0,,0.4672897196261682,0.4484536082474227,,False,False,,False,PASS,0.4672897196261682,0.5
SAS,ATL,,1.91,1.91,SAS,2025-11-20,1.0,,,,,,,,,2026-06-07,SAS,,,,,1.0,,True,397,0,,0.5235602094240838,0.5,,False,False,,False,PASS,0.5235602094240838,0.85
POR,CHI,,2.2,1.7,CHI,2025-11-19,1.0,,,,,,,,,2026-06-07,CHI,,,,,0.0,,True,397,0,,0.45454545454545453,0.4358974358974359,,False,False,,False,PASS,0.45454545454545453,0.5
NOP,DEN,,7.25,1.11,DEN,2025-11-19,1.0,,,,,,,,,2026-06-07,DEN,,,,,0.0,,True,397,0,,0.13793103448275862,0.13277511961722488,,False,False,,False,PASS,0.13793103448275862,0.35
MIN,WAS,,1.07,9.0,MIN,2025-11-19,1.0,,,,,,,,,2026-06-07,MIN,,,,,1.0,,True,397,0,,0.9345794392523364,0.893743793445879,,False,False,,False,PASS,0.9345794392523364,0.7
CLE,HOU,,2.0,1.83,HOU,2025-11-19,0.0,,,,,,,,,2026-06-07,HOU,,,,,0.0,,True,397,0,,0.5,0.47780678851174935,,False,False,,False,PASS,0.5,0.65
IND,CHO,,2.05,1.8,IND,2025-11-19,0.0,,,,,,,,,2026-06-07,IND,,,,,1.0,,True,397,0,,0.48780487804878053,0.4675324675324676,,False,False,,False,PASS,0.48780487804878053,0.35
MIA,GSW,,1.22,4.5,MIA,2025-11-19,0.0,,,,,,,,,2026-06-07,MIA,,,,,1.0,,True,397,0,,0.819672131147541,0.7867132867132867,,False,False,,False,PASS,0.819672131147541,0.65
DAL,NYK,,3.4,1.34,NYK,2025-11-19,1.0,,,,,,,,,2026-06-07,NYK,,,,,0.0,,True,397,0,,0.29411764705882354,0.28270042194092826,,False,False,,False,PASS,0.29411764705882354,0.5
SAS,MEM,,1.43,2.9,SAS,2025-11-18,1.0,,,,,,,,,2026-06-07,SAS,,,,,1.0,,True,397,0,,0.6993006993006994,0.6697459584295612,,False,False,,False,PASS,0.6993006993006994,0.85
ORL,GSW,,2.36,1.62,ORL,2025-11-18,1.0,,,,,,,,,2026-06-07,ORL,,,,,1.0,,True,397,0,,0.42372881355932207,0.40703517587939697,,False,False,,False,PASS,0.42372881355932207,0.7
LAL,UTA,,1.15,5.9,LAL,2025-11-18,1.0,,,,,,,,,2026-06-07,LAL,,,,,1.0,,True,397,0,,0.8695652173913044,0.8368794326241135,,False,False,,False,PASS,0.8695652173913044,0.7
BRK,BOS,,5.1,1.18,BOS,2025-11-18,1.0,,,,,,,,,2026-06-07,BOS,,,,,0.0,,True,397,0,,0.19607843137254904,0.1878980891719745,,False,False,,False,PASS,0.19607843137254904,0.25
ATL,DET,,1.87,1.95,DET,2025-11-18,0.0,,,,,,,,,2026-06-07,DET,,,,,0.0,,True,397,0,,0.53475935828877,0.5104712041884817,,False,False,,False,PASS,0.53475935828877,0.45
MIN,DAL,,1.11,7.0,MIN,2025-11-17,1.0,,,,,,,,,2026-06-07,MIN,,,,,1.0,,True,397,0,,0.9009009009009008,0.8631319358816276,,False,False,,False,PASS,0.9009009009009008,0.7
DEN,CHI,,1.12,6.75,CHI,2025-11-17,0.0,,,,,,,,,2026-06-07,CHI,,,,,0.0,,True,397,0,,0.8928571428571428,0.8576874205844981,,False,False,,False,PASS,0.8928571428571428,0.65
NOP,OKC,,11.0,1.06,OKC,2025-11-17,1.0,,,,,,,,,2026-06-07,OKC,,,,,0.0,,True,397,0,,0.09090909090909091,0.087893864013267,,False,False,,False,PASS,0.09090909090909091,0.35
PHI,LAC,,1.49,2.7,PHI,2025-11-17,1.0,,,,,,,,,2026-06-07,PHI,,,,,1.0,,True,397,0,,0.6711409395973155,0.6443914081145585,,False,False,,False,PASS,0.6711409395973155,0.5
TOR,CHO,,1.28,3.8,TOR,2025-11-17,1.0,,,,,,,,,2026-06-07,TOR,,,,,1.0,,True,397,0,,0.78125,0.7480314960629921,,False,False,,False,PASS,0.78125,0.6
DET,IND,,1.18,5.1,DET,2025-11-17,1.0,,,,,,,,,2026-06-07,DET,,,,,1.0,,True,397,0,,0.8474576271186441,0.8121019108280254,,False,False,,False,PASS,0.8474576271186441,0.8
DAL,POR,,2.5,1.56,DAL,2025-11-16,0.0,,,,,,,,,2026-06-07,DAL,,,,,1.0,,True,397,0,,0.4,0.38423645320197053,,False,False,,False,PASS,0.4,0.5
HOU,ORL,,1.32,3.5,HOU,2025-11-16,1.0,,,,,,,,,2026-06-07,HOU,,,,,1.0,,True,397,0,,0.7575757575757576,0.7261410788381742,,False,False,,False,PASS,0.7575757575757576,0.75
UTA,CHI,,2.6,1.52,UTA,2025-11-16,0.0,,,,,,,,,2026-06-07,UTA,,,,,1.0,,True,397,0,,0.3846153846153846,0.3689320388349514,,False,False,,False,PASS,0.3846153846153846,0.35
BOS,LAC,,1.46,2.8,BOS,2025-11-16,1.0,,,,,,,,,2026-06-07,BOS,,,,,1.0,,True,397,0,,0.684931506849315,0.6572769953051644,,False,False,,False,PASS,0.684931506849315,0.7
WAS,BRK,,1.68,2.24,BRK,2025-11-16,1.0,,,,,,,,,2026-06-07,BRK,,,,,0.0,,True,397,0,,0.5952380952380952,0.5714285714285715,,False,False,,False,PASS,0.5952380952380952,0.3
NOP,GSW,,4.8,1.2,GSW,2025-11-16,1.0,,,,,,,,,2026-06-07,GSW,,,,,0.0,,True,397,0,,0.20833333333333334,0.19999999999999998,,False,False,,False,PASS,0.20833333333333334,0.35
SAS,SAC,,1.29,3.75,SAS,2025-11-16,1.0,,,,,,,,,2026-06-07,SAS,,,,,1.0,,True,397,0,,0.7751937984496123,0.744047619047619,,False,False,,False,PASS,0.7751937984496123,0.85
PHO,ATL,,1.95,1.87,ATL,2025-11-16,0.0,,,,,,,,,2026-06-07,ATL,,,,,0.0,,True,397,0,,0.5128205128205129,0.4895287958115184,,False,False,,False,PASS,0.5128205128205129,0.6
CHO,OKC,,9.5,1.07,OKC,2025-11-15,1.0,,,,,,,,,2026-06-07,OKC,,,,,0.0,,True,397,0,,0.10526315789473684,0.10122989593188268,,False,False,,False,PASS,0.10526315789473684,0.5
CLE,MEM,,1.18,5.1,CLE,2025-11-15,1.0,,,,,,,,,2026-06-07,CLE,,,,,1.0,,True,397,0,,0.8474576271186441,0.8121019108280254,,False,False,,False,PASS,0.8474576271186441,0.65
IND,TOR,,3.4,1.34,TOR,2025-11-15,1.0,,,,,,,,,2026-06-07,TOR,,,,,0.0,,True,397,0,,0.29411764705882354,0.28270042194092826,,False,False,,False,PASS,0.29411764705882354,0.35
MIL,LAL,,2.0,1.83,LAL,2025-11-15,1.0,,,,,,,,,2026-06-07,LAL,,,,,0.0,,True,397,0,,0.5,0.47780678851174935,,False,False,,False,PASS,0.5,0.5
MIN,SAC,,1.16,5.55,MIN,2025-11-14,1.0,,,,,,,,,2026-06-07,MIN,,,,,1.0,,True,397,0,,0.8620689655172414,0.827123695976155,,False,False,,False,PASS,0.8620689655172414,0.7
DET,PHI,,1.62,2.36,DET,2025-11-14,1.0,,,,,,,,,2026-06-07,DET,,,,,1.0,,True,397,0,,0.6172839506172839,0.5929648241206029,,False,False,,False,PASS,0.6172839506172839,0.8
MIL,CHO,,1.26,4.0,MIL,2025-11-14,1.0,,,,,,,,,2026-06-07,MIL,,,,,1.0,,True,397,0,,0.7936507936507936,0.7604562737642586,,False,False,,False,PASS,0.7936507936507936,0.5
HOU,POR,,1.32,3.5,HOU,2025-11-14,0.0,,,,,,,,,2026-06-07,HOU,,,,,1.0,,True,397,0,,0.7575757575757576,0.7261410788381742,,False,False,,False,PASS,0.7575757575757576,0.75
ORL,BRK,,1.11,7.25,ORL,2025-11-14,1.0,,,,,,,,,2026-06-07,ORL,,,,,1.0,,True,397,0,,0.9009009009009008,0.867224880382775,,False,False,,False,PASS,0.9009009009009008,0.7
NYK,MIA,,1.4,3.05,NYK,2025-11-14,1.0,,,,,,,,,2026-06-07,NYK,,,,,1.0,,True,397,0,,0.7142857142857143,0.6853932584269663,,False,False,,False,PASS,0.7142857142857143,0.8
NOP,LAL,,4.6,1.21,LAL,2025-11-14,1.0,,,,,,,,,2026-06-07,LAL,,,,,0.0,,True,397,0,,0.2173913043478261,0.20826161790017214,,False,False,,False,PASS,0.2173913043478261,0.35
DAL,LAC,,2.14,1.74,LAC,2025-11-14,0.0,,,,,,,,,2026-06-07,LAC,,,,,0.0,,True,397,0,,0.4672897196261682,0.4484536082474227,,False,False,,False,PASS,0.4672897196261682,0.5
UTA,ATL,,2.14,1.74,ATL,2025-11-13,1.0,,,,,,,,,2026-06-07,ATL,,,,,0.0,,True,397,0,,0.4672897196261682,0.4484536082474227,,False,False,,False,PASS,0.4672897196261682,0.35
PHO,IND,,1.54,2.54,PHO,2025-11-13,1.0,,,,,,,,,2026-06-07,PHO,,,,,1.0,,True,397,0,,0.6493506493506493,0.6225490196078431,,False,False,,False,PASS,0.6493506493506493,0.6
NYK,ORL,,1.57,2.45,ORL,2025-11-12,0.0,,,,,,,,,2026-06-07,ORL,,,,,0.0,,True,397,0,,0.6369426751592356,0.609452736318408,,False,False,,False,PASS,0.6369426751592356,0.8
NOP,POR,,3.75,1.29,POR,2025-11-12,1.0,,,,,,,,,2026-06-07,POR,,,,,0.0,,True,397,0,,0.26666666666666666,0.25595238095238093,,False,False,,False,PASS,0.26666666666666666,0.35
SAC,ATL,,2.4,1.6,ATL,2025-11-12,1.0,,,,,,,,,2026-06-07,ATL,,,,,0.0,,True,397,0,,0.4166666666666667,0.39999999999999997,,False,False,,False,PASS,0.4166666666666667,0.3
SAS,GSW,,1.62,2.36,GSW,2025-11-12,0.0,,,,,,,,,2026-06-07,GSW,,,,,0.0,,True,397,0,,0.6172839506172839,0.5929648241206029,,False,False,,False,PASS,0.6172839506172839,0.85
OKC,LAL,,1.33,3.45,OKC,2025-11-12,1.0,,,,,,,,,2026-06-07,OKC,,,,,1.0,,True,397,0,,0.7518796992481203,0.7217573221757322,,False,False,,False,PASS,0.7518796992481203,0.85
HOU,WAS,,1.06,10.0,HOU,2025-11-12,1.0,,,,,,,,,2026-06-07,HOU,,,,,1.0,,True,397,0,,0.9433962264150942,0.9041591320072333,,False,False,,False,PASS,0.9433962264150942,0.75
DAL,PHO,,2.14,1.74,PHO,2025-11-12,1.0,,,,,,,,,2026-06-07,PHO,,,,,0.0,,True,397,0,,0.4672897196261682,0.4484536082474227,,False,False,,False,PASS,0.4672897196261682,0.5
CHO,MIL,,2.14,1.74,CHO,2025-11-12,1.0,,,,,,,,,2026-06-07,CHO,,,,,1.0,,True,397,0,,0.4672897196261682,0.4484536082474227,,False,False,,False,PASS,0.4672897196261682,0.5
BOS,MEM,,1.34,3.4,BOS,2025-11-12,1.0,,,,,,,,,2026-06-07,BOS,,,,,1.0,,True,397,0,,0.7462686567164178,0.7172995780590716,,False,False,,False,PASS,0.7462686567164178,0.7
DET,CHI,,2.02,1.82,DET,2025-11-12,1.0,,,,,,,,,2026-06-07,DET,,,,,1.0,,True,397,0,,0.49504950495049505,0.4739583333333334,,False,False,,False,PASS,0.49504950495049505,0.8
UTA,IND,,2.2,1.7,UTA,2025-11-11,1.0,,,,,,,,,2026-06-07,UTA,,,,,1.0,,True,397,0,,0.45454545454545453,0.4358974358974359,,False,False,,False,PASS,0.45454545454545453,0.35
SAC,DEN,,3.95,1.27,DEN,2025-11-11,0.0,,,,,,,,,2026-06-07,DEN,,,,,0.0,,True,397,0,,0.2531645569620253,0.2432950191570881,,False,False,,False,PASS,0.2531645569620253,0.3
OKC,GSW,,1.33,3.45,OKC,2025-11-11,1.0,,,,,,,,,2026-06-07,OKC,,,,,1.0,,True,397,0,,0.7518796992481203,0.7217573221757322,,False,False,,False,PASS,0.7518796992481203,0.85
NYK,MEM,,1.24,4.3,NYK,2025-11-11,1.0,,,,,,,,,2026-06-07,NYK,,,,,1.0,,True,397,0,,0.8064516129032259,0.7761732851985559,,False,False,,False,PASS,0.8064516129032259,0.8
BRK,TOR,,4.5,1.22,TOR,2025-11-11,0.0,,,,,,,,,2026-06-07,TOR,,,,,0.0,,True,397,0,,0.2222222222222222,0.21328671328671325,,False,False,,False,PASS,0.2222222222222222,0.25
DAL,MIL,,2.24,1.68,MIL,2025-11-10,1.0,,,,,,,,,2026-06-07,MIL,,,,,0.0,,True,397,0,,0.4464285714285714,0.4285714285714286,,False,False,,False,PASS,0.4464285714285714,0.5
CHI,SAS,,2.5,1.56,SAS,2025-11-10,1.0,,,,,,,,,2026-06-07,SAS,,,,,0.0,,True,397,0,,0.4,0.38423645320197053,,False,False,,False,PASS,0.4,0.6
CHO,LAL,,3.8,1.28,LAL,2025-11-10,0.0,,,,,,,,,2026-06-07,LAL,,,,,0.0,,True,397,0,,0.2631578947368421,0.25196850393700787,,False,False,,False,PASS,0.2631578947368421,0.5
UTA,MIN,,3.45,1.33,MIN,2025-11-10,1.0,,,,,,,,,2026-06-07,MIN,,,,,0.0,,True,397,0,,0.2898550724637681,0.2782426778242678,,False,False,,False,PASS,0.2898550724637681,0.35
DET,WAS,,1.15,5.7,DET,2025-11-10,1.0,,,,,,,,,2026-06-07,DET,,,,,1.0,,True,397,0,,0.8695652173913044,0.832116788321168,,False,False,,False,PASS,0.8695652173913044,0.8
LAC,ATL,,1.54,2.54,ATL,2025-11-10,0.0,,,,,,,,,2026-06-07,ATL,,,,,0.0,,True,397,0,,0.6493506493506493,0.6225490196078431,,False,False,,False,PASS,0.6493506493506493,0.6
MIA,CLE,,3.4,1.34,MIA,2025-11-10,1.0,,,,,,,,,2026-06-07,MIA,,,,,1.0,,True,397,0,,0.29411764705882354,0.28270042194092826,,False,False,,False,PASS,0.29411764705882354,0.65
ORL,POR,,1.77,2.1,ORL,2025-11-10,0.0,,,,,,,,,2026-06-07,ORL,,,,,1.0,,True,397,0,,0.5649717514124294,0.5426356589147286,,False,False,,False,PASS,0.5649717514124294,0.7
MEM,OKC,,4.8,1.2,OKC,2025-11-09,1.0,,,,,,,,,2026-06-07,OKC,,,,,0.0,,True,397,0,,0.20833333333333334,0.19999999999999998,,False,False,,False,PASS,0.20833333333333334,0.5
MIL,HOU,,2.45,1.57,HOU,2025-11-09,0.0,,,,,,,,,2026-06-07,HOU,,,,,0.0,,True,397,0,,0.4081632653061224,0.39054726368159204,,False,False,,False,PASS,0.4081632653061224,0.5
GSW,IND,,1.14,6.0,GSW,2025-11-09,1.0,,,,,,,,,2026-06-07,GSW,,,,,1.0,,True,397,0,,0.8771929824561404,0.8403361344537814,,False,False,,False,PASS,0.8771929824561404,0.7
SAC,MIN,,2.8,1.46,MIN,2025-11-09,1.0,,,,,,,,,2026-06-07,MIN,,,,,0.0,,True,397,0,,0.35714285714285715,0.34272300469483574,,False,False,,False,PASS,0.35714285714285715,0.3
PHI,DET,,2.36,1.62,DET,2025-11-09,0.0,,,,,,,,,2026-06-07,DET,,,,,0.0,,True,397,0,,0.42372881355932207,0.40703517587939697,,False,False,,False,PASS,0.42372881355932207,0.5
NYK,BRK,,1.08,8.5,NYK,2025-11-09,1.0,,,,,,,,,2026-06-07,NYK,,,,,1.0,,True,397,0,,0.9259259259259258,0.8872651356993737,,False,False,,False,PASS,0.9259259259259258,0.8
MIA,POR,,2.3,1.65,MIA,2025-11-08,1.0,,,,,,,,,2026-06-07,MIA,,,,,1.0,,True,397,0,,0.4347826086956522,0.4177215189873418,,False,False,,False,PASS,0.4347826086956522,0.65
SAS,NOP,,1.17,5.25,SAS,2025-11-08,1.0,,,,,,,,,2026-06-07,SAS,,,,,1.0,,True,397,0,,0.8547008547008548,0.8177570093457944,,False,False,,False,PASS,0.8547008547008548,0.85
WAS,DAL,,2.5,1.56,DAL,2025-11-08,1.0,,,,,,,,,2026-06-07,DAL,,,,,0.0,,True,397,0,,0.4,0.38423645320197053,,False,False,,False,PASS,0.4,0.3
CLE,CHI,,1.29,3.75,CLE,2025-11-08,1.0,,,,,,,,,2026-06-07,CLE,,,,,1.0,,True,397,0,,0.7751937984496123,0.744047619047619,,False,False,,False,PASS,0.7751937984496123,0.65
ATL,LAL,,2.3,1.65,ATL,2025-11-08,1.0,,,,,,,,,2026-06-07,ATL,,,,,1.0,,True,397,0,,0.4347826086956522,0.4177215189873418,,False,False,,False,PASS,0.4347826086956522,0.45
PHI,TOR,,1.52,2.6,PHI,2025-11-08,1.0,,,,,,,,,2026-06-07,PHI,,,,,1.0,,True,397,0,,0.6578947368421053,0.6310679611650486,,False,False,,False,PASS,0.6578947368421053,0.5
DEN,IND,,1.17,5.4,DEN,2025-11-08,1.0,,,,,,,,,2026-06-07,DEN,,,,,1.0,,True,397,0,,0.8547008547008548,0.8219178082191781,,False,False,,False,PASS,0.8547008547008548,0.65
MIL,CHI,,1.57,2.45,MIL,2025-11-07,1.0,,,,,,,,,2026-06-07,MIL,,,,,1.0,,True,397,0,,0.6369426751592356,0.609452736318408,,False,False,,False,PASS,0.6369426751592356,0.5
SAC,OKC,,5.25,1.17,OKC,2025-11-07,0.0,,,,,,,,,2026-06-07,OKC,,,,,0.0,,True,397,0,,0.19047619047619047,0.1822429906542056,,False,False,,False,PASS,0.19047619047619047,0.3
ORL,BOS,,1.62,2.36,ORL,2025-11-07,0.0,,,,,,,,,2026-06-07,ORL,,,,,1.0,,True,397,0,,0.6172839506172839,0.5929648241206029,,False,False,,False,PASS,0.6172839506172839,0.7
MIN,UTA,,1.15,5.9,MIN,2025-11-07,1.0,,,,,,,,,2026-06-07,MIN,,,,,1.0,,True,397,0,,0.8695652173913044,0.8368794326241135,,False,False,,False,PASS,0.8695652173913044,0.7
MEM,DAL,,1.56,2.5,MEM,2025-11-07,0.0,,,,,,,,,2026-06-07,MEM,,,,,1.0,,True,397,0,,0.641025641025641,0.6157635467980296,,False,False,,False,PASS,0.641025641025641,0.5
DEN,GSW,,1.23,4.4,DEN,2025-11-07,1.0,,,,,,,,,2026-06-07,DEN,,,,,1.0,,True,397,0,,0.8130081300813008,0.7815275310834814,,False,False,,False,PASS,0.8130081300813008,0.65
BRK,DET,,4.7,1.21,DET,2025-11-07,1.0,,,,,,,,,2026-06-07,DET,,,,,0.0,,True,397,0,,0.2127659574468085,0.20473773265651438,,False,False,,False,PASS,0.2127659574468085,0.25
SAS,HOU,,2.45,1.57,SAS,2025-11-07,1.0,,,,,,,,,2026-06-07,SAS,,,,,1.0,,True,397,0,,0.4081632653061224,0.39054726368159204,,False,False,,False,PASS,0.4081632653061224,0.85
WAS,CLE,,6.75,1.12,CLE,2025-11-07,1.0,,,,,,,,,2026-06-07,CLE,,,,,0.0,,True,397,0,,0.14814814814814814,0.1423125794155019,,False,False,,False,PASS,0.14814814814814814,0.3
CLE,PHI,,1.24,4.2,CLE,2025-11-05,1.0,,,,,,,,,2026-06-07,CLE,,,,,1.0,,True,397,0,,0.8064516129032259,0.7720588235294118,,False,False,,False,PASS,0.8064516129032259,0.65
DAL,NOP,,1.32,3.5,NOP,2025-11-05,1.0,,,,,,,,,2026-06-07,NOP,,,,,0.0,,True,397,0,,0.7575757575757576,0.7261410788381742,,False,False,,False,PASS,0.7575757575757576,0.5
LAL,SAS,,1.74,2.14,LAL,2025-11-05,1.0,,,,,,,,,2026-06-07,LAL,,,,,1.0,,True,397,0,,0.5747126436781609,0.5515463917525772,,False,False,,False,PASS,0.5747126436781609,0.7
DEN,MIA,,1.25,4.1,DEN,2025-11-05,1.0,,,,,,,,,2026-06-07,DEN,,,,,1.0,,True,397,0,,0.8,0.7663551401869159,,False,False,,False,PASS,0.8,0.65
DET,UTA,,1.22,4.5,DET,2025-11-05,1.0,,,,,,,,,2026-06-07,DET,,,,,1.0,,True,397,0,,0.819672131147541,0.7867132867132867,,False,False,,False,PASS,0.819672131147541,0.8
IND,BRK,,1.37,3.2,BRK,2025-11-05,1.0,,,,,,,,,2026-06-07,BRK,,,,,0.0,,True,397,0,,0.7299270072992701,0.700218818380744,,False,False,,False,PASS,0.7299270072992701,0.35
SAC,GSW,,1.7,2.2,SAC,2025-11-05,1.0,,,,,,,,,2026-06-07,SAC,,,,,1.0,,True,397,0,,0.5882352941176471,0.5641025641025641,,False,False,,False,PASS,0.5882352941176471,0.3
MEM,HOU,,3.6,1.31,HOU,2025-11-05,1.0,,,,,,,,,2026-06-07,HOU,,,,,0.0,,True,397,0,,0.2777777777777778,0.26680244399185343,,False,False,,False,PASS,0.2777777777777778,0.5
NYK,MIN,,1.65,2.3,NYK,2025-11-05,1.0,,,,,,,,,2026-06-07,NYK,,,,,1.0,,True,397,0,,0.6060606060606061,0.5822784810126582,,False,False,,False,PASS,0.6060606060606061,0.8
POR,OKC,,2.6,1.52,POR,2025-11-05,1.0,,,,,,,,,2026-06-07,POR,,,,,1.0,,True,397,0,,0.3846153846153846,0.3689320388349514,,False,False,,False,PASS,0.3846153846153846,0.5
BOS,WAS,,1.15,5.9,BOS,2025-11-05,1.0,,,,,,,,,2026-06-07,BOS,,,,,1.0,,True,397,0,,0.8695652173913044,0.8368794326241135,,False,False,,False,PASS,0.8695652173913044,0.7
CHI,PHI,,1.87,1.95,CHI,2025-11-04,1.0,,,,,,,,,2026-06-07,CHI,,,,,1.0,,True,397,0,,0.53475935828877,0.5104712041884817,,False,False,,False,PASS,0.53475935828877,0.6
ATL,ORL,,2.36,1.62,ATL,2025-11-04,0.0,,,,,,,,,2026-06-07,ATL,,,,,1.0,,True,397,0,,0.42372881355932207,0.40703517587939697,,False,False,,False,PASS,0.42372881355932207,0.45
GSW,PHO,,1.27,3.95,GSW,2025-11-04,1.0,,,,,,,,,2026-06-07,GSW,,,,,1.0,,True,397,0,,0.7874015748031495,0.7567049808429118,,False,False,,False,PASS,0.7874015748031495,0.7
LAC,OKC,,3.4,1.34,OKC,2025-11-04,1.0,,,,,,,,,2026-06-07,OKC,,,,,0.0,,True,397,0,,0.29411764705882354,0.28270042194092826,,False,False,,False,PASS,0.29411764705882354,0.6
NOP,CHO,,1.56,2.5,NOP,2025-11-04,0.0,,,,,,,,,2026-06-07,NOP,,,,,1.0,,True,397,0,,0.641025641025641,0.6157635467980296,,False,False,,False,PASS,0.641025641025641,0.35
NYK,WAS,,1.15,5.9,NYK,2025-11-03,1.0,,,,,,,,,2026-06-07,NYK,,,,,1.0,,True,397,0,,0.8695652173913044,0.8368794326241135,,False,False,,False,PASS,0.8695652173913044,0.8
MEM,DET,,2.6,1.52,DET,2025-11-03,0.0,,,,,,,,,2026-06-07,DET,,,,,0.0,,True,397,0,,0.3846153846153846,0.3689320388349514,,False,False,,False,PASS,0.3846153846153846,0.5
LAC,MIA,,1.31,3.6,MIA,2025-11-03,0.0,,,,,,,,,2026-06-07,MIA,,,,,0.0,,True,397,0,,0.7633587786259541,0.7331975560081467,,False,False,,False,PASS,0.7633587786259541,0.6
BRK,MIN,,3.95,1.27,MIN,2025-11-03,1.0,,,,,,,,,2026-06-07,MIN,,,,,0.0,,True,397,0,,0.2531645569620253,0.2432950191570881,,False,False,,False,PASS,0.2531645569620253,0.25
POR,LAL,,1.31,3.6,LAL,2025-11-03,0.0,,,,,,,,,2026-06-07,LAL,,,,,0.0,,True,397,0,,0.7633587786259541,0.7331975560081467,,False,False,,False,PASS,0.7633587786259541,0.5
HOU,DAL,,1.14,6.0,HOU,2025-11-03,1.0,,,,,,,,,2026-06-07,HOU,,,,,1.0,,True,397,0,,0.8771929824561404,0.8403361344537814,,False,False,,False,PASS,0.8771929824561404,0.75
BOS,UTA,,1.21,4.6,UTA,2025-11-03,0.0,,,,,,,,,2026-06-07,UTA,,,,,0.0,,True,397,0,,0.8264462809917356,0.7917383820998279,,False,False,,False,PASS,0.8264462809917356,0.7
IND,MIL,,2.85,1.44,MIL,2025-11-03,0.0,,,,,,,,,2026-06-07,MIL,,,,,0.0,,True,397,0,,0.3508771929824561,0.3356643356643357,,False,False,,False,PASS,0.3508771929824561,0.35
DEN,SAC,,1.17,5.4,DEN,2025-11-03,1.0,,,,,,,,,2026-06-07,DEN,,,,,1.0,,True,397,0,,0.8547008547008548,0.8219178082191781,,False,False,,False,PASS,0.8547008547008548,0.65
PHO,SAS,,2.9,1.43,PHO,2025-11-02,0.0,,,,,,,,,2026-06-07,PHO,,,,,1.0,,True,397,0,,0.3448275862068966,0.3302540415704388,,False,False,,False,PASS,0.3448275862068966,0.6
CLE,ATL,,1.41,3.0,CLE,2025-11-02,1.0,,,,,,,,,2026-06-07,CLE,,,,,1.0,,True,397,0,,0.7092198581560284,0.6802721088435374,,False,False,,False,PASS,0.7092198581560284,0.65
LAL,MIA,,1.51,2.64,LAL,2025-11-02,1.0,,,,,,,,,2026-06-07,LAL,,,,,1.0,,True,397,0,,0.6622516556291391,0.6361445783132531,,False,False,,False,PASS,0.6622516556291391,0.7
CHO,UTA,,1.83,2.0,CHO,2025-11-02,1.0,,,,,,,,,2026-06-07,CHO,,,,,1.0,,True,397,0,,0.5464480874316939,0.5221932114882506,,False,False,,False,PASS,0.5464480874316939,0.5
TOR,MEM,,1.54,2.54,TOR,2025-11-02,1.0,,,,,,,,,2026-06-07,TOR,,,,,1.0,,True,397,0,,0.6493506493506493,0.6225490196078431,,False,False,,False,PASS,0.6493506493506493,0.6
OKC,NOP,,1.14,6.0,OKC,2025-11-02,1.0,,,,,,,,,2026-06-07,OKC,,,,,1.0,,True,397,0,,0.8771929824561404,0.8403361344537814,,False,False,,False,PASS,0.8771929824561404,0.85
NYK,CHI,,1.37,3.2,NYK,2025-11-02,1.0,,,,,,,,,2026-06-07,NYK,,,,,1.0,,True,397,0,,0.7299270072992701,0.700218818380744,,False,False,,False,PASS,0.7299270072992701,0.8
BRK,PHI,,2.7,1.49,PHI,2025-11-02,1.0,,,,,,,,,2026-06-07,PHI,,,,,0.0,,True,397,0,,0.37037037037037035,0.3556085918854415,,False,False,,False,PASS,0.37037037037037035,0.25
BOS,HOU,,2.8,1.46,HOU,2025-11-01,0.0,,,,,,,,,2026-06-07,HOU,,,,,0.0,,True,397,0,,0.35714285714285715,0.34272300469483574,,False,False,,False,PASS,0.35714285714285715,0.7
MIL,SAC,,1.44,2.85,SAC,2025-11-01,0.0,,,,,,,,,2026-06-07,SAC,,,,,0.0,,True,397,0,,0.6944444444444444,0.6643356643356644,,False,False,,False,PASS,0.6944444444444444,0.5
IND,GSW,,4.7,1.21,IND,2025-11-01,1.0,,,,,,,,,2026-06-07,IND,,,,,1.0,,True,397,0,,0.2127659574468085,0.20473773265651438,,False,False,,False,PASS,0.2127659574468085,0.35
CHO,MIN,,2.8,1.46,MIN,2025-11-01,0.0,,,,,,,,,2026-06-07,MIN,,,,,0.0,,True,397,0,,0.35714285714285715,0.34272300469483574,,False,False,,False,PASS,0.35714285714285715,0.5
WAS,ORL,,3.95,1.27,ORL,2025-11-01,1.0,,,,,,,,,2026-06-07,ORL,,,,,0.0,,True,397,0,,0.2531645569620253,0.2432950191570881,,False,False,,False,PASS,0.2531645569620253,0.3
DET,DAL,,1.33,3.45,DET,2025-11-01,1.0,,,,,,,,,2026-06-07,DET,,,,,1.0,,True,397,0,,0.7518796992481203,0.7217573221757322,,False,False,,False,PASS,0.7518796992481203,0.8
PHI,BOS,,1.7,2.2,BOS,2025-10-31,0.0,,,,,,,,,2026-06-07,BOS,,,,,0.0,,True,397,0,,0.5882352941176471,0.5641025641025641,,False,False,,False,PASS,0.5882352941176471,0.5
MEM,LAL,,1.8,2.05,LAL,2025-10-31,0.0,,,,,,,,,2026-06-07,LAL,,,,,0.0,,True,397,0,,0.5555555555555556,0.5324675324675325,,False,False,,False,PASS,0.5555555555555556,0.5
LAC,NOP,,1.19,5.0,LAC,2025-10-31,1.0,,,,,,,,,2026-06-07,LAC,,,,,1.0,,True,397,0,,0.8403361344537815,0.8077544426494345,,False,False,,False,PASS,0.8403361344537815,0.6
IND,ATL,,2.24,1.68,ATL,2025-10-31,0.0,,,,,,,,,2026-06-07,ATL,,,,,0.0,,True,397,0,,0.4464285714285714,0.4285714285714286,,False,False,,False,PASS,0.4464285714285714,0.35
CHI,NYK,,2.6,1.52,CHI,2025-10-31,1.0,,,,,,,,,2026-06-07,CHI,,,,,1.0,,True,397,0,,0.3846153846153846,0.3689320388349514,,False,False,,False,PASS,0.3846153846153846,0.6
POR,DEN,,2.7,1.49,POR,2025-10-31,1.0,,,,,,,,,2026-06-07,POR,,,,,1.0,,True,397,0,,0.37037037037037035,0.3556085918854415,,False,False,,False,PASS,0.37037037037037035,0.5
CHO,ORL,,2.24,1.68,ORL,2025-10-30,0.0,,,,,,,,,2026-06-07,ORL,,,,,0.0,,True,397,0,,0.4464285714285714,0.4285714285714286,,False,False,,False,PASS,0.4464285714285714,0.5
OKC,WAS,,1.09,8.0,OKC,2025-10-30,1.0,,,,,,,,,2026-06-07,OKC,,,,,1.0,,True,397,0,,0.9174311926605504,0.8800880088008802,,False,False,,False,PASS,0.9174311926605504,0.85
SAS,MIA,,1.42,2.95,SAS,2025-10-30,1.0,,,,,,,,,2026-06-07,SAS,,,,,1.0,,True,397,0,,0.7042253521126761,0.6750572082379863,,False,False,,False,PASS,0.7042253521126761,0.85
MIL,GSW,,2.3,1.65,MIL,2025-10-30,1.0,,,,,,,,,2026-06-07,MIL,,,,,1.0,,True,397,0,,0.4347826086956522,0.4177215189873418,,False,False,,False,PASS,0.4347826086956522,0.5
UTA,POR,,2.24,1.68,POR,2025-10-29,0.0,,,,,,,,,2026-06-07,POR,,,,,0.0,,True,397,0,,0.4464285714285714,0.4285714285714286,,False,False,,False,PASS,0.4464285714285714,0.35
DAL,IND,,1.4,3.05,DAL,2025-10-29,0.0,,,,,,,,,2026-06-07,DAL,,,,,1.0,,True,397,0,,0.7142857142857143,0.6853932584269663,,False,False,,False,PASS,0.7142857142857143,0.5
BOS,CLE,,2.45,1.57,BOS,2025-10-29,1.0,,,,,,,,,2026-06-07,BOS,,,,,1.0,,True,397,0,,0.4081632653061224,0.39054726368159204,,False,False,,False,PASS,0.4081632653061224,0.7
BRK,ATL,,3.6,1.31,ATL,2025-10-29,1.0,,,,,,,,,2026-06-07,ATL,,,,,0.0,,True,397,0,,0.2777777777777778,0.26680244399185343,,False,False,,False,PASS,0.2777777777777778,0.25
CHI,SAC,,1.51,2.64,CHI,2025-10-29,1.0,,,,,,,,,2026-06-07,CHI,,,,,1.0,,True,397,0,,0.6622516556291391,0.6361445783132531,,False,False,,False,PASS,0.6622516556291391,0.6
MIN,LAL,,1.37,3.2,LAL,2025-10-29,1.0,,,,,,,,,2026-06-07,LAL,,,,,0.0,,True,397,0,,0.7299270072992701,0.700218818380744,,False,False,,False,PASS,0.7299270072992701,0.7
PHO,MEM,,2.02,1.82,MEM,2025-10-29,0.0,,,,,,,,,2026-06-07,MEM,,,,,0.0,,True,397,0,,0.49504950495049505,0.4739583333333334,,False,False,,False,PASS,0.49504950495049505,0.6
DEN,NOP,,1.14,6.0,DEN,2025-10-29,1.0,,,,,,,,,2026-06-07,DEN,,,,,1.0,,True,397,0,,0.8771929824561404,0.8403361344537814,,False,False,,False,PASS,0.8771929824561404,0.65
TOR,HOU,,2.7,1.49,HOU,2025-10-29,1.0,,,,,,,,,2026-06-07,HOU,,,,,0.0,,True,397,0,,0.37037037037037035,0.3556085918854415,,False,False,,False,PASS,0.37037037037037035,0.6
MIL,NYK,,2.05,1.8,MIL,2025-10-28,1.0,,,,,,,,,2026-06-07,MIL,,,,,1.0,,True,397,0,,0.48780487804878053,0.4675324675324676,,False,False,,False,PASS,0.48780487804878053,0.5
GSW,LAC,,2.05,1.8,GSW,2025-10-28,1.0,,,,,,,,,2026-06-07,GSW,,,,,1.0,,True,397,0,,0.48780487804878053,0.4675324675324676,,False,False,,False,PASS,0.48780487804878053,0.7
OKC,SAC,,1.22,4.5,OKC,2025-10-28,1.0,,,,,,,,,2026-06-07,OKC,,,,,1.0,,True,397,0,,0.819672131147541,0.7867132867132867,,False,False,,False,PASS,0.819672131147541,0.85
WAS,PHI,,2.5,1.56,PHI,2025-10-28,1.0,,,,,,,,,2026-06-07,PHI,,,,,0.0,,True,397,0,,0.4,0.38423645320197053,,False,False,,False,PASS,0.4,0.3
MIA,CHO,,1.44,2.85,MIA,2025-10-28,1.0,,,,,,,,,2026-06-07,MIA,,,,,1.0,,True,397,0,,0.6944444444444444,0.6643356643356644,,False,False,,False,PASS,0.6944444444444444,0.65
DET,CLE,,2.2,1.7,CLE,2025-10-27,0.0,,,,,,,,,2026-06-07,CLE,,,,,0.0,,True,397,0,,0.45454545454545453,0.4358974358974359,,False,False,,False,PASS,0.45454545454545453,0.8
NOP,BOS,,1.74,2.14,BOS,2025-10-27,1.0,,,,,,,,,2026-06-07,BOS,,,,,0.0,,True,397,0,,0.5747126436781609,0.5515463917525772,,False,False,,False,PASS,0.5747126436781609,0.35
DAL,OKC,,3.7,1.29,OKC,2025-10-27,1.0,,,,,,,,,2026-06-07,OKC,,,,,0.0,,True,397,0,,0.27027027027027023,0.25851703406813625,,False,False,,False,PASS,0.27027027027027023,0.5
SAS,TOR,,1.49,2.7,SAS,2025-10-27,1.0,,,,,,,,,2026-06-07,SAS,,,,,1.0,,True,397,0,,0.6711409395973155,0.6443914081145585,,False,False,,False,PASS,0.6711409395973155,0.85
UTA,PHO,,1.85,1.98,UTA,2025-10-27,1.0,,,,,,,,,2026-06-07,UTA,,,,,1.0,,True,397,0,,0.5405405405405405,0.5169712793733681,,False,False,,False,PASS,0.5405405405405405,0.35
CHI,ATL,,2.14,1.74,CHI,2025-10-27,1.0,,,,,,,,,2026-06-07,CHI,,,,,1.0,,True,397,0,,0.4672897196261682,0.4484536082474227,,False,False,,False,PASS,0.4672897196261682,0.6
MIN,DEN,,3.05,1.4,DEN,2025-10-27,0.0,,,,,,,,,2026-06-07,DEN,,,,,0.0,,True,397,0,,0.3278688524590164,0.3146067415730337,,False,False,,False,PASS,0.3278688524590164,0.7
GSW,MEM,,1.29,3.7,GSW,2025-10-27,1.0,,,,,,,,,2026-06-07,GSW,,,,,1.0,,True,397,0,,0.7751937984496123,0.7414829659318637,,False,False,,False,PASS,0.7751937984496123,0.7
LAL,POR,,2.2,1.7,POR,2025-10-27,0.0,,,,,,,,,2026-06-07,POR,,,,,0.0,,True,397,0,,0.45454545454545453,0.4358974358974359,,False,False,,False,PASS,0.45454545454545453,0.7
HOU,BRK,,1.07,9.0,HOU,2025-10-27,0.0,,,,,,,,,2026-06-07,HOU,,,,,1.0,,True,397,0,,0.9345794392523364,0.893743793445879,,False,False,,False,PASS,0.9345794392523364,0.75
MIN,IND,,1.17,5.4,MIN,2025-10-26,1.0,,,,,,,,,2026-06-07,MIN,,,,,1.0,,True,397,0,,0.8547008547008548,0.8219178082191781,,False,False,,False,PASS,0.8547008547008548,0.7
DET,BOS,,1.51,2.64,DET,2025-10-26,1.0,,,,,,,,,2026-06-07,DET,,,,,1.0,,True,397,0,,0.6622516556291391,0.6361445783132531,,False,False,,False,PASS,0.6622516556291391,0.8
DAL,TOR,,1.87,1.95,DAL,2025-10-26,0.0,,,,,,,,,2026-06-07,DAL,,,,,1.0,,True,397,0,,0.53475935828877,0.5104712041884817,,False,False,,False,PASS,0.53475935828877,0.5
CLE,MIL,,1.39,3.1,CLE,2025-10-26,1.0,,,,,,,,,2026-06-07,CLE,,,,,1.0,,True,397,0,,0.7194244604316548,0.6904231625835189,,False,False,,False,PASS,0.7194244604316548,0.65
WAS,CHO,,1.77,2.1,CHO,2025-10-26,0.0,,,,,,,,,2026-06-07,CHO,,,,,0.0,,True,397,0,,0.5649717514124294,0.5426356589147286,,False,False,,False,PASS,0.5649717514124294,0.3
LAC,POR,,1.32,3.5,LAC,2025-10-26,0.0,,,,,,,,,2026-06-07,LAC,,,,,1.0,,True,397,0,,0.7575757575757576,0.7261410788381742,,False,False,,False,PASS,0.7575757575757576,0.6
MIA,NYK,,2.2,1.7,MIA,2025-10-26,1.0,,,,,,,,,2026-06-07,MIA,,,,,1.0,,True,397,0,,0.45454545454545453,0.4358974358974359,,False,False,,False,PASS,0.45454545454545453,0.65
SAC,LAL,,2.24,1.68,LAL,2025-10-26,1.0,,,,,,,,,2026-06-07,LAL,,,,,0.0,,True,397,0,,0.4464285714285714,0.4285714285714286,,False,False,,False,PASS,0.4464285714285714,0.3
SAS,BRK,,1.16,5.55,SAS,2025-10-26,1.0,,,,,,,,,2026-06-07,SAS,,,,,1.0,,True,397,0,,0.8620689655172414,0.827123695976155,,False,False,,False,PASS,0.8620689655172414,0.85
DEN,PHO,,1.12,6.75,DEN,2025-10-25,1.0,,,,,,,,,2026-06-07,DEN,,,,,1.0,,True,397,0,,0.8928571428571428,0.8576874205844981,,False,False,,False,PASS,0.8928571428571428,0.65
ATL,OKC,,3.5,1.32,OKC,2025-10-25,0.0,,,,,,,,,2026-06-07,OKC,,,,,0.0,,True,397,0,,0.2857142857142857,0.2738589211618257,,False,False,,False,PASS,0.2857142857142857,0.45
ORL,CHI,,1.41,3.0,CHI,2025-10-25,1.0,,,,,,,,,2026-06-07,CHI,,,,,0.0,,True,397,0,,0.7092198581560284,0.6802721088435374,,False,False,,False,PASS,0.7092198581560284,0.7
PHI,CHO,,1.51,2.64,PHI,2025-10-25,1.0,,,,,,,,,2026-06-07,PHI,,,,,1.0,,True,397,0,,0.6622516556291391,0.6361445783132531,,False,False,,False,PASS,0.6622516556291391,0.5
MEM,IND,,1.74,2.14,MEM,2025-10-25,1.0,,,,,,,,,2026-06-07,MEM,,,,,1.0,,True,397,0,,0.5747126436781609,0.5515463917525772,,False,False,,False,PASS,0.5747126436781609,0.5
TOR,MIL,,1.75,2.2,MIL,2025-10-24,1.0,,,,,,,,,2026-06-07,MIL,,,,,0.0,,True,397,0,,0.5714285714285714,0.5569620253164557,,False,False,,False,PASS,0.5714285714285714,0.6
ORL,ATL,,1.42,2.94,ATL,2025-10-24,0.0,,,,,,,,,2026-06-07,ATL,,,,,0.0,,True,397,0,,0.7042253521126761,0.6743119266055045,,False,False,,False,PASS,0.7042253521126761,0.7
HOU,DET,,1.95,2.25,DET,2025-10-24,0.0,,,,,,,,,2026-06-07,DET,,,,,0.0,,True,397,0,,0.5128205128205129,0.5357142857142858,,False,False,,False,PASS,0.5128205128205129,0.75
SAC,UTA,,1.83,2.05,SAC,2025-10-24,0.0,,,,,,,,,2026-06-07,SAC,,,,,1.0,,True,397,0,,0.5464480874316939,0.5283505154639175,,False,False,,False,PASS,0.5464480874316939,0.3
POR,GSW,,1.68,2.25,POR,2025-10-24,0.0,,,,,,,,,2026-06-07,POR,,,,,1.0,,True,397,0,,0.5952380952380952,0.5725190839694657,,False,False,,False,PASS,0.5952380952380952,0.5
BRK,CLE,,2.1,1.77,CLE,2025-10-24,1.0,,,,,,,,,2026-06-07,CLE,,,,,0.0,,True,397,0,,0.47619047619047616,0.4573643410852713,,False,False,,False,PASS,0.47619047619047616,0.25
DAL,WAS,,1.24,4.43,WAS,2025-10-24,1.0,,,,,,,,,2026-06-07,WAS,,,,,0.0,,True,397,0,,0.8064516129032259,0.7813051146384479,,False,False,,False,PASS,0.8064516129032259,0.5
LAC,PHO,,1.23,4.4,LAC,2025-10-24,0.0,,,,,,,,,2026-06-07,LAC,,,,,1.0,,True,397,0,,0.8130081300813008,0.7815275310834814,,False,False,,False,PASS,0.8130081300813008,0.6
LAL,MIN,,2.05,1.81,LAL,2025-10-24,1.0,,,,,,,,,2026-06-07,LAL,,,,,1.0,,True,397,0,,0.48780487804878053,0.4689119170984456,,False,False,,False,PASS,0.48780487804878053,0.7
MEM,MIA,,1.71,2.15,MIA,2025-10-24,0.0,,,,,,,,,2026-06-07,MIA,,,,,0.0,,True,397,0,,0.5847953216374269,0.5569948186528497,,False,False,,False,PASS,0.5847953216374269,0.5
NOP,SAS,,1.56,2.5,SAS,2025-10-24,1.0,,,,,,,,,2026-06-07,SAS,,,,,0.0,,True,397,0,,0.641025641025641,0.6157635467980296,,False,False,,False,PASS,0.641025641025641,0.35
NYK,BOS,,1.67,2.25,NYK,2025-10-24,1.0,,,,,,,,,2026-06-07,NYK,,,,,1.0,,True,397,0,,0.5988023952095809,0.5739795918367347,,False,False,,False,PASS,0.5988023952095809,0.8
GSW,DEN,,1.77,2.1,GSW,2025-10-23,0.0,,,,,,,,,2026-06-07,GSW,,,,,1.0,,True,397,0,,0.5649717514124294,0.5426356589147286,,False,False,,False,PASS,0.5649717514124294,0.7
IND,OKC,,3.45,1.33,OKC,2025-10-23,1.0,,,,,,,,,2026-06-07,OKC,,,,,0.0,,True,397,0,,0.2898550724637681,0.2782426778242678,,False,False,,False,PASS,0.2898550724637681,0.35
PHO,SAC,,1.55,2.5,PHO,2025-10-22,0.0,,,,,,,,,2026-06-07,PHO,,,,,1.0,,True,397,0,,0.6451612903225806,0.6172839506172839,,False,False,,False,PASS,0.6451612903225806,0.6
ORL,MIA,,1.33,4.1,ORL,2025-10-22,0.0,,,,,,,,,2026-06-07,ORL,,,,,1.0,,True,397,0,,0.7518796992481203,0.7550644567219152,,False,False,,False,PASS,0.7518796992481203,0.7
NYK,CLE,,1.62,2.5,NYK,2025-10-22,0.0,,,,,,,,,2026-06-07,NYK,,,,,1.0,,True,397,0,,0.6172839506172839,0.6067961165048543,,False,False,,False,PASS,0.6172839506172839,0.8
MIL,WAS,,1.22,4.4,MIL,2025-10-22,1.0,,,,,,,,,2026-06-07,MIL,,,,,1.0,,True,397,0,,0.819672131147541,0.7829181494661922,,False,False,,False,PASS,0.819672131147541,0.5
MEM,NOP,,1.53,2.5,MEM,2025-10-22,1.0,,,,,,,,,2026-06-07,MEM,,,,,1.0,,True,397,0,,0.6535947712418301,0.6203473945409429,,False,False,,False,PASS,0.6535947712418301,0.5
DAL,SAS,,1.95,2.2,SAS,2025-10-22,1.0,,,,,,,,,2026-06-07,SAS,,,,,0.0,,True,397,0,,0.5128205128205129,0.5301204819277109,,False,False,,False,PASS,0.5128205128205129,0.5
CHO,BRK,,1.5,2.75,CHO,2025-10-22,0.0,,,,,,,,,2026-06-07,CHO,,,,,1.0,,True,397,0,,0.6666666666666666,0.6470588235294118,,False,False,,False,PASS,0.6666666666666666,0.5
CHI,DET,,2.17,1.81,CHI,2025-10-22,0.0,,,,,,,,,2026-06-07,CHI,,,,,1.0,,True,397,0,,0.4608294930875576,0.4547738693467336,,False,False,,False,PASS,0.4608294930875576,0.6
ATL,TOR,,1.44,2.85,TOR,2025-10-22,1.0,,,,,,,,,2026-06-07,TOR,,,,,0.0,,True,397,0,,0.6944444444444444,0.6643356643356644,,False,False,,False,PASS,0.6944444444444444,0.45
UTA,LAC,,1.21,4.6,UTA,2025-10-22,1.0,,,,,,,,,2026-06-07,UTA,,,,,1.0,,True,397,0,,0.8264462809917356,0.7917383820998279,,False,False,,False,PASS,0.8264462809917356,0.35
POR,MIN,,2.75,1.6,MIN,2025-10-22,1.0,,,,,,,,,2026-06-07,MIN,,,,,0.0,,True,397,0,,0.36363636363636365,0.367816091954023,,False,False,,False,PASS,0.36363636363636365,0.5
OKC,HOU,,1.31,3.6,OKC,2025-10-21,1.0,,,,,,,,,2026-06-07,OKC,,,,,1.0,,True,397,0,,0.7633587786259541,0.7331975560081467,,False,False,,False,PASS,0.7633587786259541,0.85
LAL,GSW,,2.1,1.77,GSW,2025-10-21,1.0,,,,,,,,,2026-06-07,GSW,,,,,0.0,,True,397,0,,0.47619047619047616,0.4573643410852713,,False,False,,False,PASS,0.47619047619047616,0.7
OKC,SAS,,1.59,2.42,OKC,2026-05-26,1.0,,,,,,,,,2026-06-07,OKC,,,,,1.0,,True,397,0,,0.6289308176100629,0.6034912718204488,,False,False,,False,PASS,0.6289308176100629,0.85
CLE,NYK,,2.2,1.7,NYK,2026-05-25,0.0,,,,,,,,,2026-06-07,NYK,,,,,0.0,,True,397,0,,0.45454545454545453,0.4358974358974359,,False,False,,False,PASS,0.45454545454545453,0.65
BOS,PHI,,1.12,6.5,,2026-04-18,,,,,,,,,,2026-06-07,,,,,,,,True,397,0,,0.8928571428571428,0.8530183727034122,,False,False,,False,PASS,0.8928571428571428,0.7
DET,ORL,,1.31,3.6,,2026-04-18,,,,,,,,,,2026-06-07,,,,,,,,True,397,0,,0.7633587786259541,0.7331975560081467,,False,False,,False,PASS,0.7633587786259541,0.8
SAS,POR,,1.19,5.0,,2026-04-18,,,,,,,,,,2026-06-07,,,,,,,,True,397,0,,0.8403361344537815,0.8077544426494345,,False,False,,False,PASS,0.8403361344537815,0.85
DEN,MIN,,1.48,2.6,DEN,2026-04-18,1.0,,,,,,,,,2026-06-07,DEN,,,,,1.0,,True,397,0,,0.6756756756756757,0.6372549019607844,,False,False,,False,PASS,0.6756756756756757,0.65
CLE,TOR,,1.29,3.7,CLE,2026-04-18,0.0,,,,,,,,,2026-06-07,CLE,,,,,1.0,,True,397,0,,0.7751937984496123,0.7414829659318637,,False,False,,False,PASS,0.7751937984496123,0.65
LAL,HOU,,2.7,1.49,LAL,2026-04-18,1.0,,,,,,,,,2026-06-07,LAL,,,,,1.0,,True,397,0,,0.37037037037037035,0.3556085918854415,,False,False,,False,PASS,0.37037037037037035,0.7
NYK,ATL,,1.4,3.05,NYK,2026-04-18,1.0,,,,,,,,,2026-06-07,NYK,,,,,1.0,,True,397,0,,0.7142857142857143,0.6853932584269663,,False,False,,False,PASS,0.7142857142857143,0.8
CHO,MIA,,1.42,2.95,CHO,2026-04-14,1.0,,,,,,,,,2026-06-07,CHO,,,,,1.0,,True,397,0,,0.7042253521126761,0.6750572082379863,,False,False,,False,PASS,0.7042253521126761,0.5
PHI,ORL,,1.85,1.98,,2026-04-14,,,,,,,,,,2026-06-07,,,,,,,,True,397,0,,0.5405405405405405,0.5169712793733681,,False,False,,False,PASS,0.5405405405405405,0.5
PHO,POR,,1.62,2.36,POR,2026-04-14,0.0,,,,,,,,,2026-06-07,POR,,,,,0.0,,True,397,0,,0.6172839506172839,0.5929648241206029,,False,False,,False,PASS,0.6172839506172839,0.6
LAC,GSW,,1.52,2.6,,2026-04-14,,,,,,,,,,2026-06-07,,,,,,,,True,397,0,,0.6578947368421053,0.6310679611650486,,False,False,,False,PASS,0.6578947368421053,0.6
LAL,PHO,,2.2,1.7,LAL,2026-04-10,1.0,,,,,,,,,2026-06-07,LAL,,,,,1.0,,True,397,0,,0.45454545454545453,0.4358974358974359,,False,False,,False,PASS,0.45454545454545453,0.7
PHO,DAL,,1.17,5.25,PHO,2026-04-08,1.0,,,,,,,,,2026-06-07,PHO,,,,,1.0,,True,397,0,,0.8547008547008548,0.8177570093457944,,False,False,,False,PASS,0.8547008547008548,0.6
PHO,HOU,,1.89,1.93,HOU,2026-04-07,0.0,,,,,,,,,2026-06-07,HOU,,,,,0.0,,True,397,0,,0.5291005291005292,0.5052356020942408,,False,False,,False,PASS,0.5291005291005292,0.6
MEM,PHO,,6.25,1.13,PHO,2026-03-30,1.0,,,,,,,,,2026-06-07,PHO,,,,,0.0,,True,397,0,,0.16,0.15311653116531165,,False,False,,False,PASS,0.16,0.5
PHO,UTA,,1.07,9.5,PHO,2026-03-28,1.0,,,,,,,,,2026-06-07,PHO,,,,,1.0,,True,397,0,,0.9345794392523364,0.8987701040681173,,False,False,,False,PASS,0.9345794392523364,0.6
CLE,ORL,,1.21,4.6,CLE,2026-03-24,1.0,,,,,,,,,2026-06-07,CLE,,,,,1.0,,True,397,0,,0.8264462809917356,0.7917383820998279,,False,False,,False,PASS,0.8264462809917356,0.65
PHO,DEN,,3.0,1.41,DEN,2026-03-24,0.0,,,,,,,,,2026-06-07,DEN,,,,,0.0,,True,397,0,,0.3333333333333333,0.31972789115646255,,False,False,,False,PASS,0.3333333333333333,0.6
SAS,PHO,,1.21,4.6,SAS,2026-03-19,1.0,,,,,,,,,2026-06-07,SAS,,,,,1.0,,True,397,0,,0.8264462809917356,0.7917383820998279,,False,False,,False,PASS,0.8264462809917356,0.85
MIN,PHO,,1.65,2.3,MIN,2026-03-17,1.0,,,,,,,,,2026-06-07,MIN,,,,,1.0,,True,397,0,,0.6060606060606061,0.5822784810126582,,False,False,,False,PASS,0.6060606060606061,0.7
PHO,NOP,,1.46,2.8,PHO,2026-03-06,0.0,,,,,,,,,2026-06-07,PHO,,,,,1.0,,True,397,0,,0.684931506849315,0.6572769953051644,,False,False,,False,PASS,0.684931506849315,0.6
SAC,PHO,,4.0,1.26,PHO,2026-03-03,1.0,,,,,,,,,2026-06-07,PHO,,,,,0.0,,True,397,0,,0.25,0.2395437262357415,,False,False,,False,PASS,0.25,0.3
PHO,LAL,,2.8,1.46,PHO,2026-02-26,0.0,,,,,,,,,2026-06-07,PHO,,,,,1.0,,True,397,0,,0.35714285714285715,0.34272300469483574,,False,False,,False,PASS,0.35714285714285715,0.6
PHI,ATL,,1.85,1.98,ATL,2026-02-19,0.0,,,,,,,,,2026-06-07,ATL,,,,,0.0,,True,397,0,,0.5405405405405405,0.5169712793733681,,False,False,,False,PASS,0.5405405405405405,0.5
LAC,DEN,,2.5,1.56,LAC,2026-02-19,1.0,,,,,,,,,2026-06-07,LAC,,,,,1.0,,True,397,0,,0.4,0.38423645320197053,,False,False,,False,PASS,0.4,0.6
POR,PHO,,2.14,1.74,PHO,2026-02-03,1.0,,,,,,,,,2026-06-07,PHO,,,,,0.0,,True,397,0,,0.4672897196261682,0.4484536082474227,,False,False,,False,PASS,0.4672897196261682,0.5
PHO,LAC,,2.05,1.8,LAC,2026-02-01,0.0,,,,,,,,,2026-06-07,LAC,,,,,0.0,,True,397,0,,0.48780487804878053,0.4675324675324676,,False,False,,False,PASS,0.48780487804878053,0.6
CHI,MIA,,3.2,1.37,,2026-01-08,,,,,,,,,,2026-06-07,,,,,,,,True,397,0,,0.3125,0.29978118161925604,,False,False,,False,PASS,0.3125,0.6
SAS,OKC,,1.7,2.2,SAS,2026-05-24,1.0,,,,,,,,,2026-06-07,SAS,,,,,1.0,,True,397,0,,0.5882352941176471,0.5641025641025641,,False,False,,False,PASS,0.5882352941176471,0.85
PHO,GSW,,1.65,2.3,PHO,2026-04-17,1.0,,,,,,,,,2026-06-07,PHO,,,,,1.0,,True,397,0,,0.6060606060606061,0.5822784810126582,,False,False,,False,PASS,0.6060606060606061,0.6
PHO,OKC,,4.8,1.2,OKC,2026-04-27,1.0,,,,,,,,,2026-06-07,OKC,,,,,0.0,,True,397,0,,0.20833333333333334,0.19999999999999998,,False,False,,False,PASS,0.20833333333333334,0.6
OKC,PHO,,1.05,12.0,OKC,2026-04-22,1.0,,,,,,,,,2026-06-07,OKC,,,,,1.0,,True,397,0,,0.9523809523809523,0.9195402298850576,,False,False,,False,PASS,0.9523809523809523,0.85
