home_team,away_team,home_team_prob,odds_1,odds_2,result,date,accuracy,prob_iso,prob_iso_insample,prob_iso_oos_time,prob_live_oos_proxy,prob_live_safe_pre_clip,prob_base,prob_live_safe,prob_used,result_raw,game_date,pred_home_win_proba,closing_home_odds,closing_away_odds,home_team_won,home_win_rate,iso_proba_home_win,live_oos_proxy_ready,live_oos_proxy_train_rows,live_oos_proxy_bin_n,live_oos_proxy_bin_winrate,market_implied_p_raw,market_implied_p_devig,model_market_gap,model_market_gap_flag,live_underdog_upscale_guard_triggered,prob_blended,live_shrink_triggered,blocked_by,implied_prob_1
LAC,SAC,0.7187131230207857,1.11,7.0,SAC,2026-03-14,0.0,0.7468354430379747,,0.7532467532467533,,0.7187131230207857,0.7187131230207857,0.7187131230207857,0.7884766679897202,SAC,2026-03-14,0.7187131230207857,1.11,7.0,0.0,0.5,0.7468354430379747,True,920,0,,0.9009009009009008,0.8631319358816276,-0.1444188128608419,False,False,0.8393843152820237,True,PASS,0.9009009009009008
SAS,CHO,0.6412138098304573,1.51,2.64,SAS,2026-03-14,1.0,0.6455696202531646,,0.6451612903225806,,0.6412138098304573,0.6412138098304573,0.6412138098304573,0.6197671771109627,SAS,2026-03-14,0.6412138098304573,1.51,2.64,1.0,0.9,0.6455696202531646,True,920,0,,0.6622516556291391,0.6361445783132531,0.005069231517204176,False,False,0.6409025613070151,True,PASS,0.6622516556291391
PHI,BRK,0.5032671429599865,1.26,4.0,PHI,2026-03-14,1.0,0.5094339622641508,,0.5,,0.5032671429599865,0.5032671429599865,0.5032671429599865,0.7126082518506,PHI,2026-03-14,0.5032671429599865,1.26,4.0,1.0,0.78,0.5094339622641508,True,920,0,,0.7936507936507936,0.7604562737642586,-0.2571891308042721,False,False,0.7501273551183529,True,PASS,0.7936507936507936
ATL,MIL,0.7198837925084536,1.28,3.8,ATL,2026-03-14,1.0,0.7468354430379747,,0.7532467532467533,,0.7198837925084536,0.7198837925084536,0.7198837925084536,0.6939978228183731,ATL,2026-03-14,0.7198837925084536,1.28,3.8,1.0,0.77,0.7468354430379747,True,920,0,,0.78125,0.7480314960629921,-0.02814770355453855,False,False,0.7282327327274978,True,PASS,0.78125
LAL,DEN,0.6713164358310432,2.3,1.65,LAL,2026-03-14,1.0,0.696078431372549,,0.6896551724137931,,0.6713164358310432,0.6713164358310432,0.6713164358310432,0.4462946309137038,LAL,2026-03-14,0.6713164358310432,2.3,1.65,1.0,0.73,0.696078431372549,True,920,0,,0.4347826086956522,0.4177215189873418,0.2535949168437014,True,True,0.423278044162434,True,MODEL_MARKET_GAP,0.4347826086956522
BOS,WAS,0.6703178194219579,1.04,13.0,BOS,2026-03-14,1.0,0.696078431372549,,0.6896551724137931,,0.6703178194219579,0.6703178194219579,0.6703178194219579,0.8,BOS,2026-03-14,0.6703178194219579,1.04,13.0,1.0,0.75,0.696078431372549,True,920,0,,0.9615384615384615,0.9259259259259259,-0.25560810650396804,False,False,0.9154556109688771,True,PASS,0.9615384615384615
MIA,ORL,0.6480986054722246,1.62,2.36,ORL,2026-03-14,0.0,0.6455696202531646,,0.6451612903225806,,0.6480986054722246,0.6480986054722246,0.6480986054722246,0.6025452825422881,ORL,2026-03-14,0.6480986054722246,1.62,2.36,0.0,0.67,0.6455696202531646,True,920,0,,0.6172839506172839,0.5929648241206029,0.055133781351621725,False,False,0.6206415088732802,True,PASS,0.6172839506172839
GSW,MIN,0.4577889286099847,2.95,1.42,MIN,2026-03-13,1.0,0.4540540540540541,,0.45901639344262296,,0.4577889286099847,0.4577889286099847,0.4577889286099847,0.39513122036715803,MIN,2026-03-13,0.4577889286099847,2.95,1.42,0.0,0.2,0.4540540540540541,True,920,0,,0.3389830508474576,0.32494279176201374,0.13284613684797097,True,False,0.3501874576673686,True,PASS,0.3389830508474576
LAC,CHI,0.6441561874025515,1.12,6.5,LAC,2026-03-13,1.0,0.6455696202531646,,0.6470588235294118,,0.6441561874025515,0.6441561874025515,0.6441561874025515,0.787020962881815,LAC,2026-03-13,0.6441561874025515,1.12,6.5,1.0,0.5,0.6455696202531646,True,920,0,,0.8928571428571428,0.8530183727034122,-0.20886218530086065,False,False,0.8376717210374294,True,PASS,0.8928571428571428
IND,NYK,0.2127661348288982,7.0,1.11,NYK,2026-03-13,1.0,0.2828282828282828,,0.2857142857142857,,0.35,0.2127661348288982,0.2127661348288982,0.35,NYK,2026-03-13,0.2127661348288982,7.0,1.11,0.0,0.22,0.2828282828282828,True,920,0,,0.14285714285714285,0.1368680641183724,0.21313193588162757,True,False,0.1517145351006241,True,PASS,0.14285714285714285
HOU,NOP,0.5136720589703032,1.35,3.3,HOU,2026-03-13,1.0,0.5094339622641508,,0.5,,0.5136720589703032,0.5136720589703032,0.5136720589703032,0.6638498650484791,HOU,2026-03-13,0.5136720589703032,1.35,3.3,1.0,0.64,0.5094339622641508,True,920,0,,0.7407407407407407,0.7096774193548387,-0.19600536038453553,False,False,0.6927645471158578,True,PASS,0.7407407407407407
DET,MEM,0.6830588766172063,1.07,9.5,DET,2026-03-13,1.0,0.696078431372549,,0.6804123711340206,,0.6830588766172063,0.6830588766172063,0.6830588766172063,0.8,DET,2026-03-13,0.6830588766172063,1.07,9.5,1.0,0.7,0.696078431372549,True,920,0,,0.9345794392523364,0.8987701040681173,-0.21571122745091098,False,False,0.8842206967281896,True,PASS,0.9345794392523364
DAL,CLE,0.3769998658634156,6.25,1.13,CLE,2026-03-13,1.0,0.4222222222222222,,0.4318181818181818,,0.3769998658634156,0.3769998658634156,0.3769998658634156,0.35,CLE,2026-03-13,0.3769998658634156,6.25,1.13,0.0,0.0,0.4222222222222222,True,920,0,,0.16,0.15311653116531165,0.22388333469810395,True,False,0.1667507592949883,True,PASS,0.16
POR,UTA,0.6395075752513084,1.1,7.75,POR,2026-03-13,1.0,0.6455696202531646,,0.6451612903225806,,0.6395075752513084,0.6395075752513084,0.6395075752513084,0.8,POR,2026-03-13,0.6395075752513084,1.1,7.75,1.0,0.5,0.6455696202531646,True,920,0,,0.9090909090909091,0.8757062146892656,-0.23619863943795716,False,False,0.8633743054458364,True,PASS,0.9090909090909091
LAL,CHI,0.6504042344850607,1.19,5.0,LAL,2026-03-12,1.0,0.6455696202531646,,0.6423841059602649,,0.6504042344850607,0.6504042344850607,0.6504042344850607,0.7428809156205982,LAL,2026-03-12,0.6504042344850607,1.19,5.0,1.0,0.73,0.6455696202531646,True,920,0,,0.8403361344537815,0.8077544426494345,-0.15735020816437384,False,False,0.785742253671292,True,PASS,0.8403361344537815
MEM,DAL,0.4816562566548228,2.7,1.49,DAL,2026-03-12,1.0,0.4540540540540541,,0.45901639344262296,,0.4816562566548228,0.4816562566548228,0.4816562566548228,0.41718010813807077,DAL,2026-03-12,0.4816562566548228,2.7,1.49,0.0,0.25,0.4540540540540541,True,920,0,,0.37037037037037035,0.3556085918854415,0.12604766476938128,True,False,0.3816858687686725,True,PASS,0.37037037037037035
MIA,MIL,0.5870558858659234,1.39,3.1,MIA,2026-03-12,1.0,0.5925925925925926,,0.5599999999999999,,0.5870558858659234,0.5870558858659234,0.5870558858659234,0.6377243145433419,MIA,2026-03-12,0.5870558858659234,1.39,3.1,1.0,0.67,0.5925925925925926,True,920,0,,0.7194244604316548,0.6904231625835189,-0.10336727671759549,False,False,0.6620286053451081,True,PASS,0.7194244604316548
SAS,DEN,0.6039755028632536,1.44,2.85,DEN,2026-03-12,0.0,0.6455696202531646,,0.6470588235294118,,0.6039755028632536,0.6039755028632536,0.6039755028632536,0.615558874043885,DEN,2026-03-12,0.6039755028632536,1.44,2.85,0.0,0.9,0.6455696202531646,True,920,0,,0.6944444444444444,0.6643356643356644,-0.060360161472410745,False,False,0.6359516165222177,True,PASS,0.6944444444444444
DET,PHI,0.5882819553965909,1.08,8.5,DET,2026-03-12,1.0,0.5925925925925926,,0.5769230769230769,,0.5882819553965909,0.5882819553965909,0.5882819553965909,0.8,DET,2026-03-12,0.5882819553965909,1.08,8.5,1.0,0.7,0.5925925925925926,True,920,0,,0.9259259259259258,0.8872651356993737,-0.2989831803027828,False,False,0.8801437839143122,True,PASS,0.9259259259259258
ATL,BRK,0.7734876134875721,1.1,7.75,ATL,2026-03-12,1.0,0.7468354430379747,,0.75,,0.7734876134875721,0.7734876134875721,0.7734876134875721,0.795137947231996,ATL,2026-03-12,0.7734876134875721,1.1,7.75,1.0,0.77,0.7468354430379747,True,920,0,,0.9090909090909091,0.8757062146892656,-0.10221860120169346,False,False,0.8472211143905836,True,PASS,0.9090909090909091
ORL,WAS,0.6863352889094484,1.1,7.5,ORL,2026-03-12,1.0,0.696078431372549,,0.6804123711340206,,0.6863352889094484,0.6863352889094484,0.6863352889094484,0.8,ORL,2026-03-12,0.6863352889094484,1.1,7.5,1.0,0.73,0.696078431372549,True,920,0,,0.9090909090909091,0.8720930232558138,-0.18575773434636544,False,False,0.8538739023488283,True,PASS,0.9090909090909091
OKC,BOS,0.6583113623536697,1.37,3.2,OKC,2026-03-12,1.0,0.696078431372549,,0.6804123711340206,,0.6583113623536697,0.6583113623536697,0.6583113623536697,0.649089612087478,OKC,2026-03-12,0.6583113623536697,1.37,3.2,1.0,0.73,0.696078431372549,True,920,0,,0.7299270072992701,0.700218818380744,-0.04190745602707424,False,False,0.675399543632327,True,PASS,0.7299270072992701
NOP,TOR,0.683777868831315,2.1,1.77,NOP,2026-03-11,1.0,0.696078431372549,,0.6770833333333334,,0.683777868831315,0.683777868831315,0.683777868831315,0.4739810779427816,NOP,2026-03-11,0.683777868831315,2.1,1.77,1.0,0.75,0.696078431372549,True,920,0,,0.47619047619047616,0.4573643410852713,0.22641352774604367,True,True,0.4628301113468309,True,MODEL_MARKET_GAP,0.47619047619047616
ORL,CLE,0.6348601292402564,2.4,1.6,ORL,2026-03-11,1.0,0.6455696202531646,,0.6423841059602649,,0.6348601292402564,0.6348601292402564,0.6348601292402564,0.43557453404596597,ORL,2026-03-11,0.6348601292402564,2.4,1.6,1.0,0.73,0.6455696202531646,True,920,0,,0.4166666666666667,0.39999999999999997,0.2348601292402564,True,True,0.40796362006566567,True,MODEL_MARKET_GAP,0.4166666666666667
UTA,NYK,0.4469367464277928,7.5,1.1,NYK,2026-03-11,1.0,0.4540540540540541,,0.46666666666666673,,0.4469367464277928,0.4469367464277928,0.4469367464277928,0.35,NYK,2026-03-11,0.4469367464277928,7.5,1.1,0.0,0.22,0.4540540540540541,True,920,0,,0.13333333333333333,0.12790697674418605,0.31902976968360675,True,False,0.13382150830566328,True,PASS,0.13333333333333333
LAC,MIN,0.7115126297039801,1.77,2.1,LAC,2026-03-11,1.0,0.7037037037037037,,0.6981132075471698,,0.7115126297039801,0.7115126297039801,0.7115126297039801,0.5441631889060589,LAC,2026-03-11,0.7115126297039801,1.77,2.1,1.0,0.5,0.7037037037037037,True,920,0,,0.5649717514124294,0.5426356589147286,0.16887697078925146,True,False,0.5630902698657984,True,PASS,0.5649717514124294
SAC,CHO,0.4810777772343665,6.25,1.13,CHO,2026-03-11,1.0,0.4540540540540541,,0.46666666666666673,,0.4810777772343665,0.4810777772343665,0.4810777772343665,0.35,CHO,2026-03-11,0.4810777772343665,6.25,1.13,0.0,0.29,0.4540540540540541,True,920,0,,0.16,0.15311653116531165,0.32796124606905486,True,False,0.15855436001838377,True,PASS,0.16
DEN,HOU,0.5107250397275606,1.4,3.05,DEN,2026-03-11,1.0,0.5094339622641508,,0.4951456310679612,,0.5107250397275606,0.5107250397275606,0.5107250397275606,0.6408573961565859,DEN,2026-03-11,0.5107250397275606,1.4,3.05,1.0,0.6,0.5094339622641508,True,920,0,,0.7142857142857143,0.6853932584269663,-0.17466821869940574,False,False,0.6657145837136305,True,PASS,0.7142857142857143
HOU,TOR,0.5460414308726544,1.49,2.7,HOU,2026-03-10,1.0,0.5172413793103449,,0.5,,0.5460414308726544,0.5460414308726544,0.5460414308726544,0.5982824902330344,HOU,2026-03-10,0.5460414308726544,1.49,2.7,1.0,0.64,0.5172413793103449,True,920,0,,0.6711409395973155,0.6443914081145585,-0.09834997724190409,False,False,0.6156264590976874,True,PASS,0.6711409395973155
ATL,DAL,0.7665170466081518,1.24,4.3,ATL,2026-03-10,1.0,0.7468354430379747,,0.7361111111111112,,0.7665170466081518,0.7665170466081518,0.7665170466081518,0.7274727400533146,ATL,2026-03-10,0.7665170466081518,1.24,4.3,1.0,0.77,0.7468354430379747,True,920,0,,0.8064516129032259,0.7761732851985559,-0.009656238590404098,False,False,0.7676149882980172,True,PASS,0.8064516129032259
GSW,CHI,0.563936209690104,1.42,2.95,CHI,2026-03-10,0.0,0.5172413793103449,,0.5217391304347826,,0.563936209690104,0.563936209690104,0.563936209690104,0.6252495112220356,CHI,2026-03-10,0.563936209690104,1.42,2.95,0.0,0.2,0.5172413793103449,True,920,0,,0.7042253521126761,0.6750572082379863,-0.11112099854788227,False,False,0.6473523661435714,True,PASS,0.7042253521126761
SAS,BOS,0.6940357337160773,1.68,2.24,SAS,2026-03-10,1.0,0.7037037037037037,,0.6923076923076923,,0.6940357337160773,0.6940357337160773,0.6940357337160773,0.5685361145916938,SAS,2026-03-10,0.6940357337160773,1.68,2.24,1.0,0.9,0.7037037037037037,True,920,0,,0.5952380952380952,0.5714285714285715,0.12260716228750579,True,False,0.5979087351309913,True,PASS,0.5952380952380952
POR,CHO,0.5161852438804586,2.3,1.65,CHO,2026-03-10,0.0,0.5094339622641508,,0.4950495049504952,,0.5161852438804586,0.5161852438804586,0.5161852438804586,0.44647881887032714,CHO,2026-03-10,0.5161852438804586,2.3,1.65,0.0,0.5,0.5094339622641508,True,920,0,,0.4347826086956522,0.4177215189873418,0.09846372489311683,False,False,0.44647881887032714,False,PASS,0.4347826086956522
BRK,DET,0.4341042198953746,8.5,1.08,DET,2026-03-10,1.0,0.4540540540540541,,0.46666666666666673,,0.4341042198953746,0.4341042198953746,0.4341042198953746,0.35,DET,2026-03-10,0.4341042198953746,8.5,1.08,0.0,0.33,0.4540540540540541,True,920,0,,0.11764705882352941,0.1127348643006263,0.32136935559474833,True,False,0.11852105495619594,True,PASS,0.11764705882352941
PHI,MEM,0.5271741295867881,1.65,2.3,PHI,2026-03-10,1.0,0.5094339622641508,,0.4950495049504952,,0.5271741295867881,0.5271741295867881,0.5271741295867881,0.5546063918580713,PHI,2026-03-10,0.5271741295867881,1.65,2.3,1.0,0.78,0.5094339622641508,True,920,0,,0.6060606060606061,0.5822784810126582,-0.05510435142587011,False,False,0.5546063918580713,False,PASS,0.6060606060606061
SAC,IND,0.4818083578840299,1.65,2.3,SAC,2026-03-10,0.0,0.4540540540540541,,0.46368715083798884,,0.4818083578840299,0.4818083578840299,0.4818083578840299,0.5536619699281883,SAC,2026-03-10,0.4818083578840299,1.65,2.3,1.0,0.29,0.4540540540540541,True,920,0,,0.6060606060606061,0.5822784810126582,-0.1004701231286283,False,False,0.5536619699281883,False,PASS,0.6060606060606061
LAL,MIN,0.7222950439602297,2.2,1.7,LAL,2026-03-10,1.0,0.7468354430379747,,0.7361111111111112,,0.7222950439602297,0.7222950439602297,0.7222950439602297,0.45735475375221724,LAL,2026-03-10,0.7222950439602297,2.2,1.7,1.0,0.73,0.7468354430379747,True,920,0,,0.45454545454545453,0.4358974358974359,0.2863976080627938,True,True,0.4390782196460246,True,MODEL_MARKET_GAP,0.45454545454545453
MIA,WAS,0.7366056037544673,1.09,8.0,MIA,2026-03-10,1.0,0.7468354430379747,,0.7466666666666667,,0.7366056037544673,0.7366056037544673,0.7366056037544673,0.8,MIA,2026-03-10,0.7366056037544673,1.09,8.0,1.0,0.67,0.7468354430379747,True,920,0,,0.9174311926605504,0.8800880088008802,-0.14348240504641296,False,False,0.8562165786744926,True,PASS,0.9174311926605504
LAC,NYK,0.6568996678480525,2.2,1.7,LAC,2026-03-09,1.0,0.696078431372549,,0.6736842105263159,,0.6568996678480525,0.6568996678480525,0.6568996678480525,0.4601706693006789,LAC,2026-03-09,0.6568996678480525,2.2,1.7,1.0,0.5,0.696078431372549,True,920,0,,0.45454545454545453,0.4358974358974359,0.22100223195061663,True,True,0.443100956143827,True,MODEL_MARKET_GAP,0.45454545454545453
OKC,DEN,0.7707819641400924,1.37,3.2,OKC,2026-03-09,1.0,0.7468354430379747,,0.7361111111111112,,0.7707819641400924,0.7707819641400924,0.7707819641400924,0.6950134418020639,OKC,2026-03-09,0.7707819641400924,1.37,3.2,1.0,0.73,0.7468354430379747,True,920,0,,0.7299270072992701,0.700218818380744,0.07056314575934841,False,False,0.7294275785906634,True,PASS,0.7299270072992701
CLE,PHI,0.655838683782941,1.14,6.0,CLE,2026-03-09,1.0,0.696078431372549,,0.6666666666666665,,0.655838683782941,0.655838683782941,0.655838683782941,0.7736603019775063,CLE,2026-03-09,0.655838683782941,1.14,6.0,1.0,0.88,0.696078431372549,True,920,0,,0.8771929824561404,0.8403361344537814,-0.18449745067084045,False,False,0.8219532964441252,True,PASS,0.8771929824561404
BRK,MEM,0.3562982220612092,2.05,1.8,BRK,2026-03-09,0.0,0.2828282828282828,,0.2783505154639175,,0.3562982220612092,0.3562982220612092,0.3562982220612092,0.43983862135411433,BRK,2026-03-09,0.3562982220612092,2.05,1.8,1.0,0.33,0.2828282828282828,True,920,0,,0.48780487804878053,0.4675324675324676,-0.11123424547125838,False,False,0.43983862135411433,False,PASS,0.48780487804878053
UTA,GSW,0.4599525690940427,3.2,1.37,UTA,2026-03-09,0.0,0.4540540540540541,,0.4576271186440678,,0.4599525690940427,0.4599525690940427,0.4599525690940427,0.374988142527676,UTA,2026-03-09,0.4599525690940427,3.2,1.37,1.0,0.22,0.4540540540540541,True,920,0,,0.3125,0.29978118161925604,0.16017138747478665,True,False,0.3214116321823942,True,PASS,0.3125
SAC,CHI,0.3127272246809758,2.14,1.74,SAC,2026-03-08,0.0,0.2828282828282828,,0.2708333333333333,,0.35,0.3127272246809758,0.3127272246809758,0.41969562658141657,SAC,2026-03-08,0.3127272246809758,2.14,1.74,1.0,0.29,0.2828282828282828,True,920,0,,0.4672897196261682,0.4484536082474227,-0.09845360824742272,False,False,0.41969562658141657,False,PASS,0.4672897196261682
SAS,HOU,0.6895705300812441,1.46,2.8,SAS,2026-03-08,1.0,0.7037037037037037,,0.6879432624113475,,0.6895705300812441,0.6895705300812441,0.6895705300812441,0.6520180100500153,SAS,2026-03-08,0.6895705300812441,1.46,2.8,1.0,0.9,0.7037037037037037,True,920,0,,0.684931506849315,0.6572769953051644,0.03229353477607977,False,False,0.6788447177059003,True,PASS,0.684931506849315
MIL,ORL,0.4012026714803905,2.36,1.62,ORL,2026-03-08,1.0,0.4222222222222222,,0.45235040853137903,,0.4012026714803905,0.4012026714803905,0.4012026714803905,0.40161276692007697,ORL,2026-03-08,0.4012026714803905,2.36,1.62,0.0,0.55,0.4222222222222222,True,920,0,,0.42372881355932207,0.40703517587939697,-0.005832504399006455,False,False,0.40161276692007697,False,PASS,0.42372881355932207
POR,IND,0.4251661310535732,1.25,4.1,POR,2026-03-08,0.0,0.4540540540540541,,0.4576271186440678,,0.4251661310535732,0.4251661310535732,0.4251661310535732,0.722326118016817,POR,2026-03-08,0.4251661310535732,1.25,4.1,1.0,0.5,0.4540540540540541,True,920,0,,0.8,0.7663551401869159,-0.34118900913334266,False,False,0.7615601388433141,True,PASS,0.8
LAL,NYK,0.6449702856891587,2.3,1.65,LAL,2026-03-08,1.0,0.6455696202531646,,0.6418918918918919,,0.6449702856891587,0.6449702856891587,0.6449702856891587,0.44781168733827664,LAL,2026-03-08,0.6449702856891587,2.3,1.65,1.0,0.73,0.6455696202531646,True,920,0,,0.4347826086956522,0.4177215189873418,0.22724876670181693,True,True,0.4254452676261095,True,MODEL_MARKET_GAP,0.4347826086956522
MIA,DET,0.7159183012106347,2.1,1.77,MIA,2026-03-08,1.0,0.7468354430379747,,0.7323943661971831,,0.7159183012106347,0.7159183012106347,0.7159183012106347,0.47271521143495515,MIA,2026-03-08,0.7159183012106347,2.1,1.77,1.0,0.67,0.7468354430379747,True,920,0,,0.47619047619047616,0.4573643410852713,0.2585539601253634,True,True,0.4610217306213645,True,MODEL_MARKET_GAP,0.47619047619047616
TOR,DAL,0.6645169819308951,1.23,4.4,TOR,2026-03-08,1.0,0.696078431372549,,0.6666666666666665,,0.6645169819308951,0.6645169819308951,0.6645169819308951,0.7162611323124657,TOR,2026-03-08,0.6645169819308951,1.23,4.4,1.0,0.4,0.696078431372549,True,920,0,,0.8130081300813008,0.7815275310834814,-0.11701054915258624,False,False,0.7544248615440773,True,PASS,0.8130081300813008
CLE,BOS,0.608291023415958,1.89,1.93,BOS,2026-03-08,0.0,0.6455696202531646,,0.6418918918918919,,0.608291023415958,0.608291023415958,0.608291023415958,0.5336550628416656,BOS,2026-03-08,0.608291023415958,1.89,1.93,0.0,0.88,0.6455696202531646,True,920,0,,0.5291005291005292,0.5052356020942408,0.10305542132171719,False,False,0.5336550628416656,False,PASS,0.5291005291005292
NOP,WAS,0.6415081392685195,1.23,4.4,NOP,2026-03-08,1.0,0.6455696202531646,,0.6418918918918919,,0.6415081392685195,0.6415081392685195,0.6415081392685195,0.7186214504796091,NOP,2026-03-08,0.6415081392685195,1.23,4.4,1.0,0.75,0.6455696202531646,True,920,0,,0.8130081300813008,0.7815275310834814,-0.14001939181496192,False,False,0.757201706446599,True,PASS,0.8130081300813008
MIN,ORL,0.6673088187010384,1.36,3.25,ORL,2026-03-07,0.0,0.696078431372549,,0.6879432624113475,,0.6673088187010384,0.6673088187010384,0.6673088187010384,0.6542431216909729,ORL,2026-03-07,0.6673088187010384,1.36,3.25,0.0,0.6,0.696078431372549,True,920,0,,0.7352941176470588,0.7049891540130152,-0.03768033531197679,False,False,0.6814624961070269,True,PASS,0.7352941176470588
OKC,GSW,0.5981417739499767,1.11,7.0,OKC,2026-03-07,1.0,0.6455696202531646,,0.6344827586206897,,0.5981417739499767,0.5981417739499767,0.5981417739499767,0.8,OKC,2026-03-07,0.5981417739499767,1.11,7.0,1.0,0.73,0.6455696202531646,True,920,0,,0.9009009009009008,0.8631319358816276,-0.2649901619316509,False,False,0.8534784828701997,True,PASS,0.9009009009009008
DET,BRK,0.6583461900149258,1.11,7.25,BRK,2026-03-07,0.0,0.696078431372549,,0.6879432624113475,,0.6583461900149258,0.6583461900149258,0.6583461900149258,0.7990981547933187,BRK,2026-03-07,0.6583461900149258,1.11,7.25,0.0,0.7,0.696078431372549,True,920,0,,0.9009009009009008,0.867224880382775,-0.20887869036784923,False,False,0.8518801821097867,True,PASS,0.9009009009009008
MEM,LAC,0.5655499918869572,3.1,1.39,LAC,2026-03-07,0.0,0.5172413793103449,,0.5333333333333333,,0.5655499918869572,0.5655499918869572,0.5655499918869572,0.3740100584944336,LAC,2026-03-07,0.5655499918869572,3.1,1.39,0.0,0.25,0.5172413793103449,True,920,0,,0.3225806451612903,0.309576837416481,0.2559731544704762,True,False,0.3200143692777622,True,PASS,0.3225806451612903
MIL,UTA,0.3967456344308742,1.24,4.3,MIL,2026-03-07,0.0,0.4222222222222222,,0.42857142857142855,,0.3967456344308742,0.3967456344308742,0.3967456344308742,0.7319369695659078,MIL,2026-03-07,0.3967456344308742,1.24,4.3,1.0,0.55,0.4222222222222222,True,920,0,,0.8064516129032259,0.7761732851985559,-0.3794276507676817,False,False,0.7728670230187151,True,PASS,0.8064516129032259
ATL,PHI,0.6281246709912118,1.36,3.25,ATL,2026-03-07,1.0,0.6455696202531646,,0.6344827586206897,,0.6281246709912118,0.6281246709912118,0.6281246709912118,0.6492447026432087,ATL,2026-03-07,0.6281246709912118,1.36,3.25,1.0,0.77,0.6455696202531646,True,920,0,,0.7352941176470588,0.7049891540130152,-0.07686448302180338,False,False,0.6755820031096573,True,PASS,0.7352941176470588
BOS,DAL,0.7058595025199461,1.1,7.75,BOS,2026-03-06,1.0,0.7037037037037037,,0.6861313868613138,,0.7058595025199461,0.7058595025199461,0.7058595025199461,0.8,BOS,2026-03-06,0.7058595025199461,1.1,7.75,1.0,0.75,0.7037037037037037,True,920,0,,0.9090909090909091,0.8757062146892656,-0.16984671216931946,False,False,0.8553820118280914,True,PASS,0.9090909090909091
CHO,MIA,0.6686438621091262,1.34,3.4,MIA,2026-03-06,0.0,0.696078431372549,,0.6861313868613138,,0.6686438621091262,0.6686438621091262,0.6686438621091262,0.6621925194755558,MIA,2026-03-06,0.6686438621091262,1.34,3.4,0.0,0.67,0.696078431372549,True,920,0,,0.7462686567164178,0.7172995780590716,-0.048655715949945444,False,False,0.6908147287947716,True,PASS,0.7462686567164178
SAS,LAC,0.6271902029347252,1.34,3.35,SAS,2026-03-06,1.0,0.6455696202531646,,0.6344827586206897,,0.6271902029347252,0.6271902029347252,0.6271902029347252,0.6572198208846687,SAS,2026-03-06,0.6271902029347252,1.34,3.35,1.0,0.9,0.6455696202531646,True,920,0,,0.7462686567164178,0.7142857142857143,-0.08709551135098914,False,False,0.6849644951584338,True,PASS,0.7462686567164178
LAL,IND,0.6744962846741583,1.22,4.5,LAL,2026-03-06,1.0,0.696078431372549,,0.6861313868613138,,0.6744962846741583,0.6744962846741583,0.6744962846741583,0.7202484937588314,LAL,2026-03-06,0.6744962846741583,1.22,4.5,1.0,0.73,0.696078431372549,True,920,0,,0.819672131147541,0.7867132867132867,-0.11221700203912832,False,False,0.7591158750103898,True,PASS,0.819672131147541
HOU,POR,0.6405194159452126,1.43,2.9,HOU,2026-03-06,1.0,0.6455696202531646,,0.6267605633802817,,0.6405194159452126,0.6405194159452126,0.6405194159452126,0.6270441627639634,HOU,2026-03-06,0.6405194159452126,1.43,2.9,1.0,0.64,0.6455696202531646,True,920,0,,0.6993006993006994,0.6697459584295612,-0.02922654248434864,False,False,0.6494637208987805,True,PASS,0.6993006993006994
DEN,NYK,0.6674362484640101,2.05,1.8,NYK,2026-03-06,0.0,0.696078431372549,,0.6879432624113475,,0.6674362484640101,0.6674362484640101,0.6674362484640101,0.48201697303136065,NYK,2026-03-06,0.6674362484640101,2.05,1.8,0.0,0.6,0.696078431372549,True,920,0,,0.48780487804878053,0.4675324675324676,0.19990378093154249,True,True,0.47430996147337234,True,MODEL_MARKET_GAP,0.48780487804878053
MIA,BRK,0.7642614421521541,1.12,6.5,MIA,2026-03-05,1.0,0.7468354430379747,,0.7246376811594203,,0.7642614421521541,0.7642614421521541,0.7642614421521541,0.775189182175685,MIA,2026-03-05,0.7642614421521541,1.12,6.5,1.0,0.67,0.7468354430379747,True,920,0,,0.8928571428571428,0.8530183727034122,-0.0887569305512581,False,False,0.8237519790302177,True,PASS,0.8928571428571428
ORL,DAL,0.6280326555749803,1.26,4.0,ORL,2026-03-05,1.0,0.6455696202531646,,0.6267605633802817,,0.6280326555749803,0.6280326555749803,0.6280326555749803,0.6998848456968341,ORL,2026-03-05,0.6280326555749803,1.26,4.0,1.0,0.73,0.6455696202531646,True,920,0,,0.7936507936507936,0.7604562737642586,-0.13242361818927828,False,False,0.7351586419962753,True,PASS,0.7936507936507936
DEN,LAL,0.6107503508684812,1.51,2.64,DEN,2026-03-05,1.0,0.6455696202531646,,0.6267605633802817,,0.6107503508684812,0.6107503508684812,0.6107503508684812,0.6000085289626198,DEN,2026-03-05,0.6107503508684812,1.51,2.64,1.0,0.6,0.6455696202531646,True,920,0,,0.6622516556291391,0.6361445783132531,-0.025394227444771933,False,False,0.6176570928971997,True,PASS,0.6622516556291391
SAS,DET,0.7156758371167953,1.65,2.3,SAS,2026-03-05,1.0,0.7468354430379747,,0.7246376811594203,,0.7156758371167953,0.7156758371167953,0.7156758371167953,0.5752176820874831,SAS,2026-03-05,0.7156758371167953,1.65,2.3,1.0,0.9,0.7468354430379747,True,920,0,,0.6060606060606061,0.5822784810126582,0.13339735610413705,True,False,0.6074538315535474,True,PASS,0.6060606060606061
WAS,UTA,0.2718730672913644,1.59,2.42,UTA,2026-03-05,1.0,0.2828282828282828,,0.2736842105263158,,0.35,0.2718730672913644,0.2718730672913644,0.5928292454256356,UTA,2026-03-05,0.2718730672913644,1.59,2.42,0.0,0.3,0.2828282828282828,True,920,0,,0.6289308176100629,0.6034912718204488,-0.25349127182044884,False,False,0.5928292454256356,False,PASS,0.6289308176100629
HOU,GSW,0.6994454130858733,1.26,4.0,GSW,2026-03-05,0.0,0.7037037037037037,,0.7083333333333334,,0.6994454130858733,0.6994454130858733,0.6994454130858733,0.6971988515698204,GSW,2026-03-05,0.6994454130858733,1.26,4.0,0.0,0.64,0.7037037037037037,True,920,0,,0.7936507936507936,0.7604562737642586,-0.06101086067838535,False,False,0.731998648905671,True,PASS,0.7936507936507936
SAC,NOP,0.3501740495153075,2.8,1.46,NOP,2026-03-05,1.0,0.2828282828282828,,0.2783505154639175,,0.3501740495153075,0.3501740495153075,0.3501740495153075,0.35,NOP,2026-03-05,0.3501740495153075,2.8,1.46,0.0,0.29,0.2828282828282828,True,920,0,,0.35714285714285715,0.34272300469483574,0.007451044820471764,False,False,0.3495114110318502,False,PASS,0.35714285714285715
MIN,TOR,0.6717354223691623,1.46,2.8,MIN,2026-03-05,1.0,0.696078431372549,,0.6861313868613138,,0.6717354223691623,0.6717354223691623,0.6717354223691623,0.6439431411012888,MIN,2026-03-05,0.6717354223691623,1.46,2.8,1.0,0.6,0.696078431372549,True,920,0,,0.684931506849315,0.6572769953051644,0.014458427063997914,False,False,0.6693448718838693,True,PASS,0.684931506849315
PHI,UTA,0.3683376583046255,1.26,4.0,PHI,2026-03-04,0.0,0.4,,0.2783505154639175,,0.3683376583046255,0.3683376583046255,0.3683376583046255,0.7189095576795687,PHI,2026-03-04,0.3683376583046255,1.26,4.0,1.0,0.78,0.4,True,920,0,,0.7936507936507936,0.7604562737642586,-0.3921186154596331,False,False,0.7575406560936102,True,PASS,0.7936507936507936
MEM,POR,0.7031053730565322,3.8,1.28,POR,2026-03-04,0.0,0.7037037037037037,,0.7083333333333334,,0.7031053730565322,0.7031053730565322,0.7031053730565322,0.35,POR,2026-03-04,0.7031053730565322,3.8,1.28,0.0,0.25,0.7037037037037037,True,920,0,,0.2631578947368421,0.25196850393700787,0.45113686911952433,True,True,0.2530282065430405,True,MODEL_MARKET_GAP,0.2631578947368421
MIL,ATL,0.3789007454788233,1.85,1.98,ATL,2026-03-04,1.0,0.4222222222222222,,0.43902439024390244,,0.3789007454788233,0.3789007454788233,0.3789007454788233,0.49239251099861325,ATL,2026-03-04,0.3789007454788233,1.85,1.98,0.0,0.55,0.4222222222222222,True,920,0,,0.5405405405405405,0.5169712793733681,-0.13807053389454477,False,False,0.49239251099861325,False,PASS,0.5405405405405405
NYK,OKC,0.7577187852993835,2.45,1.57,OKC,2026-03-04,0.0,0.7468354430379747,,0.7352941176470589,,0.7577187852993835,0.7577187852993835,0.7577187852993835,0.4245167187905111,OKC,2026-03-04,0.7577187852993835,2.45,1.57,0.0,0.71,0.7468354430379747,True,920,0,,0.4081632653061224,0.39054726368159204,0.3671715216177915,True,True,0.39216674112930155,True,MODEL_MARKET_GAP,0.4081632653061224
LAC,IND,0.6383420620856135,1.15,5.7,LAC,2026-03-04,1.0,0.6455696202531646,,0.6258992805755396,,0.6383420620856135,0.6383420620856135,0.6383420620856135,0.7676850757265468,LAC,2026-03-04,0.6383420620856135,1.15,5.7,1.0,0.5,0.6455696202531646,True,920,0,,0.8695652173913044,0.832116788321168,-0.19377472623555447,False,False,0.8149236185018197,True,PASS,0.8695652173913044
BOS,CHO,0.6232783505815462,1.41,3.0,CHO,2026-03-04,0.0,0.6455696202531646,,0.6258992805755396,,0.6232783505815462,0.6232783505815462,0.6232783505815462,0.6294713553527189,CHO,2026-03-04,0.6232783505815462,1.41,3.0,0.0,0.75,0.6455696202531646,True,920,0,,0.7092198581560284,0.6802721088435374,-0.056993758261991156,False,False,0.652319241591434,True,PASS,0.7092198581560284
MIN,MEM,0.5089123038069604,1.12,6.5,MIN,2026-03-03,1.0,0.5094339622641508,,0.5,,0.5089123038069604,0.5089123038069604,0.5089123038069604,0.7961022052397875,MIN,2026-03-03,0.5089123038069604,1.12,6.5,1.0,0.6,0.5094339622641508,True,920,0,,0.8928571428571428,0.8530183727034122,-0.3441060688964518,False,False,0.8483555355762206,True,PASS,0.8928571428571428
PHI,SAS,0.5292905743812862,3.45,1.33,SAS,2026-03-03,0.0,0.5094339622641508,,0.5,,0.5292905743812862,0.5292905743812862,0.5292905743812862,0.35239058868172524,SAS,2026-03-03,0.5292905743812862,3.45,1.33,0.0,0.78,0.5094339622641508,True,920,0,,0.2898550724637681,0.2782426778242678,0.2510478965570184,True,False,0.28912941240246465,True,PASS,0.2898550724637681
LAL,NOP,0.5623969931464435,1.29,3.75,LAL,2026-03-03,1.0,0.5172413793103449,,0.5227272727272727,,0.5623969931464435,0.5623969931464435,0.5623969931464435,0.6914988537716885,LAL,2026-03-03,0.5623969931464435,1.29,3.75,1.0,0.73,0.5172413793103449,True,920,0,,0.7751937984496123,0.744047619047619,-0.18165062590117542,False,False,0.725292769143163,True,PASS,0.7751937984496123
ORL,WAS,0.617020457574671,1.08,8.5,ORL,2026-03-03,1.0,0.6455696202531646,,0.6231884057971014,,0.617020457574671,0.617020457574671,0.617020457574671,0.8,ORL,2026-03-03,0.617020457574671,1.08,8.5,1.0,0.73,0.6455696202531646,True,920,0,,0.9259259259259258,0.8872651356993737,-0.27024467812470265,False,False,0.8780461106648257,True,PASS,0.9259259259259258
CLE,DET,0.616511490813082,2.2,1.7,CLE,2026-03-03,1.0,0.6455696202531646,,0.6258992805755396,,0.616511490813082,0.616511490813082,0.616511490813082,0.4634822605368899,CLE,2026-03-03,0.616511490813082,2.2,1.7,1.0,0.88,0.6455696202531646,True,920,0,,0.45454545454545453,0.4358974358974359,0.18061405491564608,True,True,0.4478318007669856,True,MODEL_MARKET_GAP,0.45454545454545453
CHO,DAL,0.800873276015092,1.14,6.0,CHO,2026-03-03,1.0,0.8571428571428571,,0.8333333333333334,,0.8,0.800873276015092,0.800873276015092,0.7685775694415536,CHO,2026-03-03,0.800873276015092,1.14,6.0,1.0,0.67,0.8571428571428571,True,920,0,,0.8771929824561404,0.8403361344537814,-0.04033613445378137,False,False,0.8159736111077102,True,PASS,0.8771929824561404
MIA,BRK,0.7321082093378113,1.14,6.0,MIA,2026-03-03,1.0,0.7468354430379747,,0.7313432835820896,,0.7321082093378113,0.7321082093378113,0.7321082093378113,0.7655050832429064,MIA,2026-03-03,0.7321082093378113,1.14,6.0,1.0,0.67,0.7468354430379747,True,920,0,,0.8771929824561404,0.8403361344537814,-0.10822792511597012,False,False,0.8123589214622429,True,PASS,0.8771929824561404
TOR,NYK,0.4837485140045267,2.2,1.7,NYK,2026-03-03,1.0,0.4540540540540541,,0.4602272727272727,,0.4837485140045267,0.4837485140045267,0.4837485140045267,0.46220759578979026,NYK,2026-03-03,0.4837485140045267,2.2,1.7,0.0,0.4,0.4540540540540541,True,920,0,,0.45454545454545453,0.4358974358974359,0.04785107810709077,False,False,0.46220759578979026,False,PASS,0.45454545454545453
CHI,OKC,0.3525368823649131,4.3,1.24,OKC,2026-03-03,1.0,0.2828282828282828,,0.2783505154639175,,0.3525368823649131,0.3525368823649131,0.3525368823649131,0.35,OKC,2026-03-03,0.3525368823649131,4.3,1.24,0.0,0.11,0.2828282828282828,True,920,0,,0.23255813953488372,0.223826714801444,0.1287101675634691,True,False,0.24958318895598236,True,PASS,0.23255813953488372
GSW,LAC,0.3467543826034608,1.98,1.85,LAC,2026-03-02,1.0,0.2828282828282828,,0.28421052631578947,,0.35,0.3467543826034608,0.3467543826034608,0.45780698767314004,LAC,2026-03-02,0.3467543826034608,1.98,1.85,0.0,0.2,0.2828282828282828,True,920,0,,0.5050505050505051,0.4830287206266319,-0.1330287206266319,False,False,0.45780698767314004,False,PASS,0.5050505050505051
WAS,HOU,0.3471952593992446,8.0,1.09,HOU,2026-03-02,1.0,0.2828282828282828,,0.28421052631578947,,0.35,0.3471952593992446,0.3471952593992446,0.35,HOU,2026-03-02,0.3471952593992446,8.0,1.09,0.0,0.3,0.2828282828282828,True,920,0,,0.125,0.11991199119911994,0.23008800880088004,True,False,0.1328783960808375,True,PASS,0.125
UTA,DEN,0.5103973214818337,5.1,1.18,DEN,2026-03-02,0.0,0.5094339622641508,,0.5,,0.5103973214818337,0.5103973214818337,0.5103973214818337,0.35,DEN,2026-03-02,0.5103973214818337,5.1,1.18,0.0,0.22,0.5094339622641508,True,920,0,,0.19607843137254904,0.1878980891719745,0.3224992323098592,True,False,0.19362319109210782,True,PASS,0.19607843137254904
MIL,BOS,0.4122839742995453,3.5,1.32,BOS,2026-03-02,1.0,0.4540540540540541,,0.45977011494252873,,0.4122839742995453,0.4122839742995453,0.4122839742995453,0.3588742886975742,BOS,2026-03-02,0.4122839742995453,3.5,1.32,0.0,0.55,0.4540540540540541,True,920,0,,0.2857142857142857,0.2738589211618257,0.13842505313771958,True,False,0.29839184099653454,True,PASS,0.2857142857142857
ATL,POR,0.6147674767849569,1.51,2.64,ATL,2026-03-01,1.0,0.6455696202531646,,0.6176470588235294,,0.6147674767849569,0.6147674767849569,0.6147674767849569,0.6018131750134778,ATL,2026-03-01,0.6147674767849569,1.51,2.64,1.0,0.77,0.6455696202531646,True,920,0,,0.6622516556291391,0.6361445783132531,-0.021377101528296194,False,False,0.6197802058982091,True,PASS,0.6622516556291391
DEN,MIN,0.6634374149122526,1.65,2.3,MIN,2026-03-01,0.0,0.696078431372549,,0.6976744186046511,,0.6634374149122526,0.6634374149122526,0.6634374149122526,0.5949499111198823,MIN,2026-03-01,0.6634374149122526,1.65,2.3,0.0,0.6,0.696078431372549,True,920,0,,0.6060606060606061,0.5822784810126582,0.08115893389959439,False,False,0.6117057777880968,True,PASS,0.6060606060606061
DAL,OKC,0.3360984996824493,7.75,1.1,OKC,2026-03-01,1.0,0.2828282828282828,,0.29545454545454547,,0.35,0.3360984996824493,0.3360984996824493,0.35,OKC,2026-03-01,0.3360984996824493,7.75,1.1,0.0,0.0,0.2828282828282828,True,920,0,,0.12903225806451613,0.12429378531073447,0.2257062146892655,True,False,0.137729366963938,True,PASS,0.12903225806451613
BOS,PHI,0.7392681811050373,1.28,3.85,BOS,2026-03-01,1.0,0.7468354430379747,,0.7272727272727273,,0.7392681811050373,0.7392681811050373,0.7392681811050373,0.704625773987674,BOS,2026-03-01,0.7392681811050373,1.28,3.85,1.0,0.75,0.7468354430379747,True,920,0,,0.78125,0.7504873294346978,-0.011219148329660422,False,False,0.7407362046913812,True,PASS,0.78125
ORL,DET,0.5723095105689341,2.7,1.49,DET,2026-03-01,0.0,0.5454545454545454,,0.5581395348837209,,0.5723095105689341,0.5723095105689341,0.5723095105689341,0.4090315334231601,DET,2026-03-01,0.5723095105689341,2.7,1.49,0.0,0.73,0.5454545454545454,True,920,0,,0.37037037037037035,0.3556085918854415,0.21670091868349256,True,False,0.3700450477473716,True,PASS,0.37037037037037035
NYK,SAS,0.6443027972556149,1.98,1.85,NYK,2026-03-01,1.0,0.6455696202531646,,0.6176470588235294,,0.6443027972556149,0.6443027972556149,0.6443027972556149,0.5031569619579754,NYK,2026-03-01,0.6443027972556149,1.98,1.85,1.0,0.71,0.6455696202531646,True,920,0,,0.5050505050505051,0.4830287206266319,0.16127407662898302,True,False,0.5045099456542507,True,PASS,0.5050505050505051
BRK,CLE,0.3709503739254445,5.4,1.17,CLE,2026-03-01,1.0,0.4,,0.3333333333333333,,0.3709503739254445,0.3709503739254445,0.3709503739254445,0.35,CLE,2026-03-01,0.3709503739254445,5.4,1.17,0.0,0.33,0.4,True,920,0,,0.18518518518518517,0.1780821917808219,0.1928681821446226,True,False,0.19538994708755927,True,PASS,0.18518518518518517
CHI,MIL,0.404963949956704,2.3,1.65,CHI,2026-03-01,0.0,0.4540540540540541,,0.45977011494252873,,0.404963949956704,0.404963949956704,0.404963949956704,0.4068444682576416,CHI,2026-03-01,0.404963949956704,2.3,1.65,1.0,0.11,0.4540540540540541,True,920,0,,0.4347826086956522,0.4177215189873418,-0.012757569030637794,False,False,0.4068444682576416,False,PASS,0.4347826086956522
LAC,NOP,0.5074920873060754,1.28,3.85,LAC,2026-03-01,1.0,0.5094339622641508,,0.4895833333333333,,0.5074920873060754,0.5074920873060754,0.5074920873060754,0.7030088067977813,LAC,2026-03-01,0.5074920873060754,1.28,3.85,1.0,0.5,0.5094339622641508,True,920,0,,0.78125,0.7504873294346978,-0.24299524212862234,False,False,0.738833890350331,True,PASS,0.78125
IND,MEM,0.2751956025170305,1.85,1.98,MEM,2026-03-01,1.0,0.2828282828282828,,0.2888888888888889,,0.35,0.2751956025170305,0.2751956025170305,0.49625995077904,MEM,2026-03-01,0.2751956025170305,1.85,1.98,0.0,0.22,0.2828282828282828,True,920,0,,0.5405405405405405,0.5169712793733681,-0.1669712793733681,False,False,0.49625995077904,False,PASS,0.5405405405405405
LAL,SAC,0.5319302629081952,1.14,6.0,LAL,2026-03-01,1.0,0.5094339622641508,,0.4895833333333333,,0.5319302629081952,0.5319302629081952,0.5319302629081952,0.7837355676046793,LAL,2026-03-01,0.5319302629081952,1.14,6.0,1.0,0.73,0.5094339622641508,True,920,0,,0.8771929824561404,0.8403361344537814,-0.3084058715455862,False,False,0.8338065501231521,True,PASS,0.8771929824561404
CHO,POR,0.6696669706966593,1.34,3.4,CHO,2026-02-28,1.0,0.696078431372549,,0.7022900763358778,,0.6696669706966593,0.6696669706966593,0.6696669706966593,0.6623822329750164,CHO,2026-02-28,0.6696669706966593,1.34,3.4,1.0,0.67,0.696078431372549,True,920,0,,0.7462686567164178,0.7172995780590716,-0.04763260736241237,False,False,0.6910379211470781,True,PASS,0.7462686567164178
UTA,NOP,0.4768216392823853,3.1,1.39,NOP,2026-02-28,1.0,0.4540540540540541,,0.46511627906976744,,0.4768216392823853,0.4768216392823853,0.4768216392823853,0.38117590056630785,NOP,2026-02-28,0.4768216392823853,3.1,1.39,0.0,0.22,0.4540540540540541,True,920,0,,0.3225806451612903,0.309576837416481,0.1672448018659043,True,False,0.3302512865232969,True,PASS,0.3225806451612903
MIA,HOU,0.6298207680718357,2.14,1.74,MIA,2026-02-28,1.0,0.6455696202531646,,0.6148148148148148,,0.6298207680718357,0.6298207680718357,0.6298207680718357,0.47128261609814115,MIA,2026-02-28,0.6298207680718357,2.14,1.74,1.0,0.67,0.6455696202531646,True,920,0,,0.4672897196261682,0.4484536082474227,0.18136715982441304,True,True,0.4589751658544874,True,MODEL_MARKET_GAP,0.4672897196261682
WAS,TOR,0.3443741394320227,6.75,1.12,TOR,2026-02-28,1.0,0.2828282828282828,,0.29545454545454547,,0.35,0.3443741394320227,0.3443741394320227,0.35,TOR,2026-02-28,0.3443741394320227,6.75,1.12,0.0,0.3,0.2828282828282828,True,920,0,,0.14814814814814814,0.1423125794155019,0.20768742058449807,True,False,0.1577986571006613,True,PASS,0.14814814814814814
GSW,LAL,0.5388675783530031,2.45,1.57,LAL,2026-02-28,0.0,0.5094339622641508,,0.49473684210526314,,0.5388675783530031,0.5388675783530031,0.5388675783530031,0.4396428771323051,LAL,2026-02-28,0.5388675783530031,2.45,1.57,0.0,0.2,0.5094339622641508,True,920,0,,0.4081632653061224,0.39054726368159204,0.1483203146714111,True,False,0.4137755387604358,True,PASS,0.4081632653061224
OKC,DEN,0.5994924218801619,1.32,3.5,OKC,2026-02-27,1.0,0.6455696202531646,,0.6090225563909775,,0.5994924218801619,0.5994924218801619,0.5994924218801619,0.6701152308286731,OKC,2026-02-27,0.5994924218801619,1.32,3.5,1.0,0.73,0.6455696202531646,True,920,0,,0.7575757575757576,0.7261410788381742,-0.1266486569580123,False,False,0.7001355656807918,True,PASS,0.7575757575757576
BOS,BRK,0.648923862295658,1.07,9.5,BOS,2026-02-27,1.0,0.6455696202531646,,0.6090225563909775,,0.648923862295658,0.648923862295658,0.648923862295658,0.8,BOS,2026-02-27,0.648923862295658,1.07,9.5,1.0,0.75,0.6455696202531646,True,920,0,,0.9345794392523364,0.8987701040681173,-0.2498462417724593,False,False,0.8877715075699084,True,PASS,0.9345794392523364
MIL,NYK,0.6562613011241536,3.6,1.31,NYK,2026-02-27,0.0,0.696078431372549,,0.7022900763358778,,0.6562613011241536,0.6562613011241536,0.6562613011241536,0.35,NYK,2026-02-27,0.6562613011241536,3.6,1.31,0.0,0.55,0.696078431372549,True,920,0,,0.2777777777777778,0.26680244399185343,0.38945885713230016,True,True,0.2689793596030886,True,MODEL_MARKET_GAP,0.2777777777777778
DAL,MEM,0.4424808040014081,1.51,2.64,MEM,2026-02-27,1.0,0.4540540540540541,,0.46511627906976744,,0.4424808040014081,0.4424808040014081,0.4424808040014081,0.6010967941842602,MEM,2026-02-27,0.4424808040014081,1.51,2.64,0.0,0.0,0.4540540540540541,True,920,0,,0.6622516556291391,0.6361445783132531,-0.193663774311845,False,False,0.6189374049226591,True,PASS,0.6622516556291391
DET,CLE,0.6996142871747931,1.41,3.0,DET,2026-02-27,1.0,0.7037037037037037,,0.7022900763358778,,0.6996142871747931,0.6996142871747931,0.6996142871747931,0.6661411602373403,DET,2026-02-27,0.6996142871747931,1.41,3.0,1.0,0.7,0.7037037037037037,True,920,0,,0.7092198581560284,0.6802721088435374,0.019342178331255733,False,False,0.695460188514518,True,PASS,0.7092198581560284
PHI,MIA,0.586889061119219,1.68,2.24,PHI,2026-02-26,1.0,0.5925925925925926,,0.5538461538461539,,0.586889061119219,0.586889061119219,0.586889061119219,0.5841722021587173,PHI,2026-02-26,0.586889061119219,1.68,2.24,1.0,0.78,0.5925925925925926,True,920,0,,0.5952380952380952,0.5714285714285715,0.015460489690647505,False,False,0.5841722021587173,False,PASS,0.5952380952380952
ATL,WAS,0.5838203275887801,1.18,5.1,ATL,2026-02-26,1.0,0.5454545454545454,,0.5538461538461539,,0.5838203275887801,0.5838203275887801,0.5838203275887801,0.7541019869696728,ATL,2026-02-26,0.5838203275887801,1.18,5.1,1.0,0.77,0.5454545454545454,True,920,0,,0.8474576271186441,0.8121019108280254,-0.2282815832392453,False,False,0.7989435140819681,True,PASS,0.8474576271186441
CHI,POR,0.3053751505318968,2.5,1.56,POR,2026-02-26,1.0,0.2828282828282828,,0.3023255813953488,,0.35,0.3053751505318968,0.3053751505318968,0.36191975281427397,POR,2026-02-26,0.3053751505318968,2.5,1.56,0.0,0.11,0.2828282828282828,True,920,0,,0.4,0.38423645320197053,-0.03423645320197055,False,False,0.36191975281427397,False,PASS,0.4
LAC,MIN,0.5754480865139868,2.8,1.46,MIN,2026-02-26,0.0,0.5454545454545454,,0.5538461538461539,,0.5754480865139868,0.5754480865139868,0.5754480865139868,0.3987889260377211,MIN,2026-02-26,0.5754480865139868,2.8,1.46,0.0,0.5,0.5454545454545454,True,920,0,,0.35714285714285715,0.34272300469483574,0.23272508181915108,True,False,0.35541275148245866,True,PASS,0.35714285714285715
DAL,SAC,0.4677793711981593,1.37,3.2,SAC,2026-02-26,1.0,0.4540540540540541,,0.475,,0.4677793711981593,0.4677793711981593,0.4677793711981593,0.6593744161894217,SAC,2026-02-26,0.4677793711981593,1.37,3.2,0.0,0.0,0.4540540540540541,True,920,0,,0.7299270072992701,0.700218818380744,-0.23243944718258464,False,False,0.6874993131640256,True,PASS,0.7299270072992701
UTA,NOP,0.4744028601328439,2.6,1.52,NOP,2026-02-26,1.0,0.4540540540540541,,0.475,,0.4744028601328439,0.4744028601328439,0.4744028601328439,0.39715255037332176,NOP,2026-02-26,0.4744028601328439,2.6,1.52,0.0,0.22,0.4540540540540541,True,920,0,,0.3846153846153846,0.3689320388349514,0.10547082129789248,False,False,0.39715255037332176,False,PASS,0.3846153846153846
ORL,HOU,0.4920255121280372,2.24,1.68,HOU,2026-02-26,1.0,0.4540540540540541,,0.475,,0.4920255121280372,0.4920255121280372,0.4920255121280372,0.45727841452856527,HOU,2026-02-26,0.4920255121280372,2.24,1.68,0.0,0.73,0.4540540540540541,True,920,0,,0.4464285714285714,0.4285714285714286,0.06345408355660859,False,False,0.45727841452856527,False,PASS,0.4464285714285714
IND,CHO,0.3345832966953802,6.5,1.12,CHO,2026-02-26,1.0,0.2828282828282828,,0.3023255813953488,,0.35,0.3345832966953802,0.3345832966953802,0.35,CHO,2026-02-26,0.3345832966953802,6.5,1.12,0.0,0.22,0.2828282828282828,True,920,0,,0.15384615384615385,0.14698162729658795,0.20301837270341203,True,False,0.1630293479171777,True,PASS,0.15384615384615385
BRK,SAS,0.3971685740349428,5.9,1.15,SAS,2026-02-26,1.0,0.4222222222222222,,0.45,,0.3971685740349428,0.3971685740349428,0.3971685740349428,0.35,SAS,2026-02-26,0.3971685740349428,5.9,1.15,0.0,0.33,0.4222222222222222,True,920,0,,0.1694915254237288,0.1631205673758865,0.2340480066590563,True,False,0.17567314669304557,True,PASS,0.1694915254237288
DEN,BOS,0.5250752204130746,1.62,2.36,DEN,2026-02-25,1.0,0.5094339622641508,,0.4891304347826087,,0.5250752204130746,0.5250752204130746,0.5250752204130746,0.5639077239739373,DEN,2026-02-25,0.5250752204130746,1.62,2.36,1.0,0.6,0.5094339622641508,True,920,0,,0.6172839506172839,0.5929648241206029,-0.06788960370752828,False,False,0.5639077239739373,False,PASS,0.6172839506172839
DET,OKC,0.7129068768660551,1.32,3.5,DET,2026-02-25,1.0,0.7468354430379747,,0.7230769230769231,,0.7129068768660551,0.7129068768660551,0.7129068768660551,0.6826859768271518,DET,2026-02-25,0.7129068768660551,1.32,3.5,1.0,0.7,0.7468354430379747,True,920,0,,0.7575757575757576,0.7261410788381742,-0.013234201972119108,False,False,0.7149246786201786,True,PASS,0.7575757575757576
MEM,GSW,0.5166405624919109,2.42,1.59,GSW,2026-02-25,0.0,0.5094339622641508,,0.4891304347826087,,0.5166405624919109,0.5166405624919109,0.5166405624919109,0.44628873903492433,GSW,2026-02-25,0.5166405624919109,2.42,1.59,0.0,0.25,0.5094339622641508,True,920,0,,0.4132231404958678,0.39650872817955113,0.1201318343123598,True,False,0.423269627192749,True,PASS,0.4132231404958678
HOU,SAC,0.5625627291492247,1.11,7.25,HOU,2026-02-25,1.0,0.5172413793103449,,0.5116279069767442,,0.5625627291492247,0.5625627291492247,0.5625627291492247,0.8,HOU,2026-02-25,0.5625627291492247,1.11,7.25,1.0,0.64,0.5172413793103449,True,920,0,,0.9009009009009008,0.867224880382775,-0.30466215123355034,False,False,0.8604655314657935,True,PASS,0.9009009009009008
TOR,SAS,0.4979816908727596,3.5,1.32,SAS,2026-02-25,1.0,0.4540540540540541,,0.4789915966386555,,0.4979816908727596,0.4979816908727596,0.4979816908727596,0.3512268591426584,SAS,2026-02-25,0.4979816908727596,3.5,1.32,0.0,0.4,0.4540540540540541,True,920,0,,0.2857142857142857,0.2738589211618257,0.22412276971093392,True,False,0.2874669416323691,True,PASS,0.2857142857142857
MIL,CLE,0.5795613011016842,3.7,1.29,MIL,2026-02-25,1.0,0.5454545454545454,,0.5555555555555556,,0.5795613011016842,0.5795613011016842,0.5795613011016842,0.35,MIL,2026-02-25,0.5795613011016842,3.7,1.29,1.0,0.55,0.5454545454545454,True,920,0,,0.27027027027027023,0.25851703406813625,0.321044267033548,True,False,0.2643209083793049,True,PASS,0.27027027027027023
MIL,MIA,0.5384495920959573,3.05,1.4,MIL,2026-02-24,1.0,0.5094339622641508,,0.48058252427184467,,0.5384495920959573,0.5384495920959573,0.5384495920959573,0.37977178307568804,MIL,2026-02-24,0.5384495920959573,3.05,1.4,1.0,0.55,0.5094339622641508,True,920,0,,0.3278688524590164,0.3146067415730337,0.22384285052292363,True,False,0.3282454043938401,True,PASS,0.3278688524590164
CLE,NYK,0.6255830103103637,1.59,2.42,CLE,2026-02-24,1.0,0.6455696202531646,,0.6060606060606061,,0.6255830103103637,0.6255830103103637,0.6255830103103637,0.6022144627378149,CLE,2026-02-24,0.6255830103103637,1.59,2.42,1.0,0.88,0.6455696202531646,True,920,0,,0.6289308176100629,0.6034912718204488,0.02209173848991486,False,False,0.6202523091033116,True,PASS,0.6289308176100629
IND,PHI,0.359178375967842,4.5,1.22,PHI,2026-02-24,1.0,0.2828282828282828,,0.3132530120481928,,0.359178375967842,0.359178375967842,0.359178375967842,0.35,PHI,2026-02-24,0.359178375967842,4.5,1.22,0.0,0.22,0.2828282828282828,True,920,0,,0.2222222222222222,0.21328671328671325,0.14589166268112877,True,False,0.236838896610821,True,PASS,0.2222222222222222
ATL,WAS,0.5139355958114352,1.13,6.25,ATL,2026-02-24,1.0,0.5094339622641508,,0.48058252427184467,,0.5139355958114352,0.5139355958114352,0.5139355958114352,0.7904420777283483,ATL,2026-02-24,0.5139355958114352,1.13,6.25,1.0,0.77,0.5094339622641508,True,920,0,,0.8849557522123894,0.8468834688346885,-0.33294787302325324,False,False,0.8416965620333509,True,PASS,0.8849557522123894
TOR,OKC,0.5853295095097145,1.85,1.98,OKC,2026-02-24,0.0,0.5454545454545454,,0.5555555555555556,,0.5853295095097145,0.5853295095097145,0.5853295095097145,0.54605806854869,OKC,2026-02-24,0.5853295095097145,1.85,1.98,0.0,0.4,0.5454545454545454,True,920,0,,0.5405405405405405,0.5169712793733681,0.06835823013634645,False,False,0.54605806854869,False,PASS,0.5405405405405405
CHI,CHO,0.2458631967211901,3.7,1.29,CHO,2026-02-24,1.0,0.2828282828282828,,0.3132530120481928,,0.35,0.2458631967211901,0.2458631967211901,0.35,CHO,2026-02-24,0.2458631967211901,3.7,1.29,0.0,0.11,0.2828282828282828,True,920,0,,0.27027027027027023,0.25851703406813625,0.09148296593186372,False,False,0.28767172186200873,False,PASS,0.27027027027027023
POR,MIN,0.8471980325251627,3.15,1.38,MIN,2026-02-24,0.0,0.8571428571428571,,1.0,,0.8,0.8471980325251627,0.8471980325251627,0.36359637899168673,MIN,2026-02-24,0.8471980325251627,3.15,1.38,0.0,0.5,0.8571428571428571,True,920,0,,0.31746031746031744,0.3046357615894039,0.4953642384105961,True,True,0.3051376842738382,True,MODEL_MARKET_GAP,0.31746031746031744
LAL,ORL,0.4567831770827029,1.49,2.7,ORL,2026-02-24,1.0,0.4540540540540541,,0.48058252427184467,,0.4567831770827029,0.4567831770827029,0.4567831770827029,0.6074498039681039,ORL,2026-02-24,0.4567831770827029,1.49,2.7,0.0,0.73,0.4540540540540541,True,920,0,,0.6711409395973155,0.6443914081145585,-0.18760823103185564,False,False,0.6264115340801222,True,PASS,0.6711409395973155
BRK,DAL,0.3057210432162362,2.1,1.77,DAL,2026-02-24,1.0,0.2828282828282828,,0.3058823529411765,,0.35,0.3057210432162362,0.3057210432162362,0.42930914541541265,DAL,2026-02-24,0.3057210432162362,2.1,1.77,0.0,0.33,0.2828282828282828,True,920,0,,0.47619047619047616,0.4573643410852713,-0.10736434108527132,False,False,0.42930914541541265,False,PASS,0.47619047619047616
NOP,GSW,0.5096908040870157,2.05,1.8,NOP,2026-02-24,1.0,0.5094339622641508,,0.4891304347826087,,0.5096908040870157,0.5096908040870157,0.5096908040870157,0.492422147065976,NOP,2026-02-24,0.5096908040870157,2.05,1.8,1.0,0.75,0.5094339622641508,True,920,0,,0.48780487804878053,0.4675324675324676,0.04215833655454815,False,False,0.492422147065976,False,PASS,0.48780487804878053
MEM,SAC,0.4694291551033966,1.65,2.3,SAC,2026-02-23,1.0,0.4540540540540541,,0.48058252427184467,,0.4694291551033966,0.4694291551033966,0.4694291551033966,0.5547440583238227,SAC,2026-02-23,0.4694291551033966,1.65,2.3,0.0,0.25,0.4540540540540541,True,920,0,,0.6060606060606061,0.5822784810126582,-0.11284932590926161,False,False,0.5547440583238227,False,PASS,0.6060606060606061
HOU,UTA,0.5076411241491217,1.12,6.75,HOU,2026-02-23,1.0,0.5094339622641508,,0.48058252427184467,,0.5076411241491217,0.5076411241491217,0.5076411241491217,0.8,HOU,2026-02-23,0.5076411241491217,1.12,6.75,1.0,0.64,0.5094339622641508,True,920,0,,0.8928571428571428,0.8576874205844981,-0.35004629643537644,False,False,0.8532835373023271,True,PASS,0.8928571428571428
DET,SAS,0.6899708977405632,1.85,1.98,SAS,2026-02-23,0.0,0.7037037037037037,,0.717391304347826,,0.6899708977405632,0.6899708977405632,0.6899708977405632,0.5258109323709061,SAS,2026-02-23,0.6899708977405632,1.85,1.98,0.0,0.7,0.7037037037037037,True,920,0,,0.5405405405405405,0.5169712793733681,0.17299961836719513,True,False,0.5368727605298659,True,PASS,0.5405405405405405
WAS,CHO,0.3552751316353956,5.4,1.17,CHO,2026-02-22,1.0,0.2828282828282828,,0.32098765432098764,,0.3552751316353956,0.3552751316353956,0.3552751316353956,0.35,CHO,2026-02-22,0.3552751316353956,5.4,1.17,0.0,0.3,0.2828282828282828,True,920,0,,0.18518518518518517,0.1780821917808219,0.17719293985457368,True,False,0.19742513084017657,True,PASS,0.18518518518518517
MIL,TOR,0.6195942210312163,2.3,1.65,TOR,2026-02-22,0.0,0.6455696202531646,,0.6153846153846154,,0.6195942210312163,0.6195942210312163,0.6195942210312163,0.4498298628244143,TOR,2026-02-22,0.6195942210312163,2.3,1.65,0.0,0.55,0.6455696202531646,True,920,0,,0.4347826086956522,0.4177215189873418,0.20187270204387453,True,True,0.428328375463449,True,MODEL_MARKET_GAP,0.4347826086956522
LAL,BOS,0.5448452545376012,2.1,1.77,BOS,2026-02-22,0.0,0.5094339622641508,,0.4801980198019802,,0.5448452545376012,0.5448452545376012,0.5448452545376012,0.48667376851177885,BOS,2026-02-22,0.5448452545376012,2.1,1.77,0.0,0.73,0.5094339622641508,True,920,0,,0.47619047619047616,0.4573643410852713,0.08748091345232994,False,False,0.48667376851177885,False,PASS,0.47619047619047616
OKC,CLE,0.6679435749941155,2.54,1.54,OKC,2026-02-22,1.0,0.696078431372549,,0.6987951807228917,,0.6679435749941155,0.6679435749941155,0.6679435749941155,0.4174147206009601,OKC,2026-02-22,0.6679435749941155,2.54,1.54,1.0,0.73,0.696078431372549,True,920,0,,0.39370078740157477,0.37745098039215685,0.29049259460195864,True,True,0.3820210294299429,True,MODEL_MARKET_GAP,0.39370078740157477
CHI,NYK,0.3346996384942836,4.6,1.21,NYK,2026-02-22,1.0,0.2828282828282828,,0.32098765432098764,,0.35,0.3346996384942836,0.3346996384942836,0.35,NYK,2026-02-22,0.3346996384942836,4.6,1.21,0.0,0.11,0.2828282828282828,True,920,0,,0.2173913043478261,0.20826161790017214,0.14173838209982784,True,False,0.2323626147452147,True,PASS,0.2173913043478261
ATL,BRK,0.5258294423123733,1.24,4.2,ATL,2026-02-22,1.0,0.5094339622641508,,0.4801980198019802,,0.5258294423123733,0.5258294423123733,0.5258294423123733,0.7216104218167823,ATL,2026-02-22,0.5258294423123733,1.24,4.2,1.0,0.77,0.5094339622641508,True,920,0,,0.8064516129032259,0.7720588235294118,-0.24622938121703852,False,False,0.7607181433138615,True,PASS,0.8064516129032259
IND,DAL,0.559111866138641,2.1,1.77,DAL,2026-02-22,0.0,0.5172413793103449,,0.5238095238095238,,0.559111866138641,0.559111866138641,0.559111866138641,0.48588561999392027,DAL,2026-02-22,0.559111866138641,2.1,1.77,0.0,0.22,0.5172413793103449,True,920,0,,0.47619047619047616,0.4573643410852713,0.10174752505336965,False,False,0.48588561999392027,False,PASS,0.47619047619047616
LAC,ORL,0.5273605292456641,1.74,2.14,ORL,2026-02-22,0.0,0.5094339622641508,,0.4801980198019802,,0.5273605292456641,0.5273605292456641,0.5273605292456641,0.5336706427992481,ORL,2026-02-22,0.5273605292456641,1.74,2.14,0.0,0.5,0.5094339622641508,True,920,0,,0.5747126436781609,0.5515463917525772,-0.024185862506913125,False,False,0.5336706427992481,False,PASS,0.5747126436781609
MIN,PHI,0.6489293703123746,1.28,3.8,PHI,2026-02-22,0.0,0.6455696202531646,,0.6153846153846154,,0.6489293703123746,0.6489293703123746,0.6489293703123746,0.6864201276542494,PHI,2026-02-22,0.6489293703123746,1.28,3.8,0.0,0.6,0.6455696202531646,True,920,0,,0.78125,0.7480314960629921,-0.0991021257506175,False,False,0.7193177972402934,True,PASS,0.78125
GSW,DEN,0.4879388065053645,3.0,1.41,GSW,2026-02-22,0.0,0.4540540540540541,,0.4801980198019802,,0.4879388065053645,0.4879388065053645,0.4879388065053645,0.3881905146601602,GSW,2026-02-22,0.4879388065053645,3.0,1.41,1.0,0.2,0.4540540540540541,True,920,0,,0.3333333333333333,0.31972789115646255,0.16821091534890192,True,False,0.3402721638002288,True,PASS,0.3333333333333333
MIA,MEM,0.6771672432085379,1.21,4.7,MIA,2026-02-21,1.0,0.696078431372549,,0.691358024691358,,0.6771672432085379,0.6771672432085379,0.6771672432085379,0.7280352039976659,MIA,2026-02-21,0.6771672432085379,1.21,4.7,1.0,0.67,0.696078431372549,True,920,0,,0.8264462809917356,0.7952622673434856,-0.11809502413494766,False,False,0.7682767105854892,True,PASS,0.8264462809917356
SAS,SAC,0.7456485033930075,1.06,11.0,SAS,2026-02-21,1.0,0.7468354430379747,,0.7142857142857143,,0.7456485033930075,0.7456485033930075,0.7456485033930075,0.8,SAS,2026-02-21,0.7456485033930075,1.06,11.0,1.0,0.9,0.7468354430379747,True,920,0,,0.9433962264150942,0.912106135986733,-0.16645763259372548,False,False,0.891325524525174,True,PASS,0.9433962264150942
NYK,HOU,0.7290922918988072,1.62,2.36,NYK,2026-02-21,1.0,0.7468354430379747,,0.7142857142857143,,0.7290922918988072,0.7290922918988072,0.7290922918988072,0.5824554342185431,NYK,2026-02-21,0.7290922918988072,1.62,2.36,1.0,0.71,0.7468354430379747,True,920,0,,0.6172839506172839,0.5929648241206029,0.13612746777820428,True,False,0.6177934774550615,True,PASS,0.6172839506172839
CHI,DET,0.2859347771660154,5.1,1.18,DET,2026-02-21,1.0,0.2828282828282828,,0.325,,0.35,0.2859347771660154,0.2859347771660154,0.35,DET,2026-02-21,0.2859347771660154,5.1,1.18,0.0,0.11,0.2828282828282828,True,920,0,,0.19607843137254904,0.1878980891719745,0.16210191082802547,True,False,0.20926730409424554,True,PASS,0.19607843137254904
NOP,PHI,0.6485114080076048,2.36,1.62,NOP,2026-02-21,1.0,0.6455696202531646,,0.6124031007751938,,0.6485114080076048,0.6485114080076048,0.6485114080076048,0.43981598500295976,NOP,2026-02-21,0.6485114080076048,2.36,1.62,1.0,0.75,0.6455696202531646,True,920,0,,0.42372881355932207,0.40703517587939697,0.2414762321282078,True,True,0.41402283571851395,True,MODEL_MARKET_GAP,0.42372881355932207
WAS,IND,0.3245001124409135,1.89,1.93,WAS,2026-02-20,0.0,0.2828282828282828,,0.32051282051282054,,0.35,0.3245001124409135,0.3245001124409135,0.4829375583487361,WAS,2026-02-20,0.3245001124409135,1.89,1.93,1.0,0.3,0.2828282828282828,True,920,0,,0.5291005291005292,0.5052356020942408,-0.1552356020942408,False,False,0.4829375583487361,False,PASS,0.5291005291005292
LAL,LAC,0.5167006246892566,1.34,3.4,LAL,2026-02-20,1.0,0.5094339622641508,,0.4797979797979798,,0.5167006246892566,0.5167006246892566,0.5167006246892566,0.6708127986551947,LAL,2026-02-20,0.5167006246892566,1.34,3.4,1.0,0.73,0.5094339622641508,True,920,0,,0.7462686567164178,0.7172995780590716,-0.20059895336981504,False,False,0.7009562337119938,True,PASS,0.7462686567164178
MEM,UTA,0.4027672444794524,1.77,2.1,MEM,2026-02-20,0.0,0.4540540540540541,,0.4528301886792453,,0.4027672444794524,0.4027672444794524,0.4027672444794524,0.5182901619390363,MEM,2026-02-20,0.4027672444794524,1.77,2.1,1.0,0.25,0.4540540540540541,True,920,0,,0.5649717514124294,0.5426356589147286,-0.13986841443527626,False,False,0.5182901619390363,False,PASS,0.5649717514124294
POR,DEN,0.3918619073056736,2.02,1.82,DEN,2026-02-20,1.0,0.4222222222222222,,0.4528301886792453,,0.3918619073056736,0.3918619073056736,0.3918619073056736,0.4445379084157046,DEN,2026-02-20,0.3918619073056736,2.02,1.82,0.0,0.5,0.4222222222222222,True,920,0,,0.49504950495049505,0.4739583333333334,-0.08209642602765982,False,False,0.4445379084157046,False,PASS,0.49504950495049505
CHO,CLE,0.5922386099019221,2.85,1.44,CLE,2026-02-20,0.0,0.5925925925925926,,0.5652173913043478,,0.5922386099019221,0.5922386099019221,0.5922386099019221,0.39223364309261927,CLE,2026-02-20,0.5922386099019221,2.85,1.44,0.0,0.67,0.5925925925925926,True,920,0,,0.3508771929824561,0.3356643356643357,0.25657427423758644,True,False,0.34604806156088463,True,PASS,0.3508771929824561
ATL,MIA,0.499905986653631,2.4,1.6,MIA,2026-02-20,1.0,0.4540540540540541,,0.48258706467661694,,0.499905986653631,0.499905986653631,0.499905986653631,0.42865720162379994,MIA,2026-02-20,0.499905986653631,2.4,1.6,0.0,0.77,0.4540540540540541,True,920,0,,0.4166666666666667,0.39999999999999997,0.09990598665363104,False,False,0.42865720162379994,False,PASS,0.4166666666666667
MIN,DAL,0.7041472533347187,1.14,6.0,MIN,2026-02-20,1.0,0.7037037037037037,,0.7111111111111111,,0.7041472533347187,0.7041472533347187,0.7041472533347187,0.7681880400107197,MIN,2026-02-20,0.7041472533347187,1.14,6.0,1.0,0.6,0.7037037037037037,True,920,0,,0.8771929824561404,0.8403361344537814,-0.1361888811190627,False,False,0.8155153411890821,True,PASS,0.8771929824561404
OKC,BRK,0.6614586355724591,1.06,10.0,OKC,2026-02-20,1.0,0.696078431372549,,0.691358024691358,,0.6614586355724591,0.6614586355724591,0.6614586355724591,0.8,OKC,2026-02-20,0.6614586355724591,1.06,10.0,1.0,0.73,0.696078431372549,True,920,0,,0.9433962264150942,0.9041591320072333,-0.2427004964347742,False,False,0.8924768661552476,True,PASS,0.9433962264150942
NOP,MIL,0.5506176402941556,1.57,2.45,MIL,2026-02-20,0.0,0.5172413793103449,,0.5365853658536586,,0.5506176402941556,0.5506176402941556,0.5506176402941556,0.581253360384232,MIL,2026-02-20,0.5506176402941556,1.57,2.45,0.0,0.75,0.5172413793103449,True,920,0,,0.6369426751592356,0.609452736318408,-0.05883509602425241,False,False,0.581253360384232,False,PASS,0.6369426751592356
UTA,POR,0.6218630445180088,3.45,1.33,POR,2026-02-12,0.0,0.6455696202531646,,0.6141732283464567,,0.6218630445180088,0.6218630445180088,0.6218630445180088,0.35,POR,2026-02-12,0.6218630445180088,3.45,1.33,0.0,0.22,0.6455696202531646,True,920,0,,0.2898550724637681,0.2782426778242678,0.34362036669374096,True,True,0.28194757270656323,True,MODEL_MARKET_GAP,0.2898550724637681
OKC,MIL,0.6602974111423876,1.14,6.0,MIL,2026-02-12,0.0,0.696078431372549,,0.7000000000000001,,0.6602974111423876,0.6602974111423876,0.6602974111423876,0.7731639692126736,MIL,2026-02-12,0.6602974111423876,1.14,6.0,0.0,0.73,0.696078431372549,True,920,0,,0.8771929824561404,0.8403361344537814,-0.1800387233113938,False,False,0.8213693755443219,True,PASS,0.8771929824561404
LAL,DAL,0.5397226241663134,1.32,3.5,LAL,2026-02-12,1.0,0.5094339622641508,,0.4797979797979798,,0.5397226241663134,0.5397226241663134,0.5397226241663134,0.6768064086672888,LAL,2026-02-12,0.5397226241663134,1.32,3.5,1.0,0.73,0.5094339622641508,True,920,0,,0.7575757575757576,0.7261410788381742,-0.1864184546718608,False,False,0.7080075396085751,True,PASS,0.7575757575757576
CLE,WAS,0.7386420655838472,1.1,7.5,CLE,2026-02-11,1.0,0.7468354430379747,,0.7096774193548387,,0.7386420655838472,0.7386420655838472,0.7386420655838472,0.7948857620060932,CLE,2026-02-11,0.7386420655838472,1.1,7.5,1.0,0.88,0.7468354430379747,True,920,0,,0.9090909090909091,0.8720930232558138,-0.13345095767196669,False,False,0.8469244258895214,True,PASS,0.9090909090909091
MIN,POR,0.5695726085660121,1.43,2.9,MIN,2026-02-11,1.0,0.5454545454545454,,0.5675675675675675,,0.5695726085660121,0.5695726085660121,0.5695726085660121,0.6199417451108817,MIN,2026-02-11,0.5695726085660121,1.43,2.9,1.0,0.6,0.5454545454545454,True,920,0,,0.6993006993006994,0.6697459584295612,-0.10017334986354909,False,False,0.6411079354245668,True,PASS,0.6993006993006994
NOP,MIA,0.6192127129485656,1.82,2.02,MIA,2026-02-11,0.0,0.6455696202531646,,0.626984126984127,,0.6192127129485656,0.6192127129485656,0.6192127129485656,0.5551143475710313,MIA,2026-02-11,0.6192127129485656,1.82,2.02,0.0,0.75,0.6455696202531646,True,920,0,,0.5494505494505494,0.5260416666666667,0.09317104628189887,False,False,0.5551143475710313,False,PASS,0.5494505494505494
BOS,CHI,0.6944311847035524,1.14,6.0,BOS,2026-02-11,1.0,0.7037037037037037,,0.6991869918699187,,0.6944311847035524,0.6944311847035524,0.6944311847035524,0.7692678602080673,BOS,2026-02-11,0.6944311847035524,1.14,6.0,1.0,0.75,0.7037037037037037,True,920,0,,0.8771929824561404,0.8403361344537814,-0.14590494975022905,False,False,0.8167857178918438,True,PASS,0.8771929824561404
ORL,MIL,0.5947849038510592,1.19,5.0,MIL,2026-02-11,0.0,0.5925925925925926,,0.626984126984127,,0.5947849038510592,0.5947849038510592,0.5947849038510592,0.7489557678115555,MIL,2026-02-11,0.5947849038510592,1.19,5.0,0.0,0.73,0.5925925925925926,True,920,0,,0.8403361344537815,0.8077544426494345,-0.21296953879837532,False,False,0.79288913860183,True,PASS,0.8403361344537815
UTA,SAC,0.5147388291032408,1.46,2.8,UTA,2026-02-11,1.0,0.5094339622641508,,0.47715736040609136,,0.5147388291032408,0.5147388291032408,0.5147388291032408,0.6132889363757361,UTA,2026-02-11,0.5147388291032408,1.46,2.8,1.0,0.22,0.5094339622641508,True,920,0,,0.684931506849315,0.6572769953051644,-0.1425381662019236,False,False,0.633281101618513,True,PASS,0.684931506849315
TOR,DET,0.5898781122279736,1.91,1.91,DET,2026-02-11,0.0,0.5925925925925926,,0.6,,0.5898781122279736,0.5898781122279736,0.5898781122279736,0.5292236420521694,DET,2026-02-11,0.5898781122279736,1.91,1.91,0.0,0.4,0.5925925925925926,True,920,0,,0.5235602094240838,0.5,0.0898781122279736,False,False,0.5292236420521694,False,PASS,0.5235602094240838
CHO,ATL,0.6973698610287882,1.56,2.5,CHO,2026-02-11,1.0,0.7037037037037037,,0.6991869918699187,,0.6973698610287882,0.6973698610287882,0.6973698610287882,0.6234098410469306,CHO,2026-02-11,0.6973698610287882,1.56,2.5,1.0,0.67,0.7037037037037037,True,920,0,,0.641025641025641,0.6157635467980296,0.08160631423075859,False,False,0.6451880482905066,True,PASS,0.641025641025641
PHI,NYK,0.6502050659441615,1.74,2.14,NYK,2026-02-11,0.0,0.6455696202531646,,0.626984126984127,,0.6502050659441615,0.6502050659441615,0.6502050659441615,0.5802904975408626,NYK,2026-02-11,0.6502050659441615,1.74,2.14,0.0,0.78,0.6455696202531646,True,920,0,,0.5747126436781609,0.5515463917525772,0.09865867419158425,False,False,0.5802904975408626,False,PASS,0.5747126436781609
HOU,LAC,0.5789956494191703,1.27,3.95,LAC,2026-02-11,0.0,0.5454545454545454,,0.5675675675675675,,0.5789956494191703,0.5789956494191703,0.5789956494191703,0.7018159148693617,LAC,2026-02-11,0.5789956494191703,1.27,3.95,0.0,0.64,0.5454545454545454,True,920,0,,0.7874015748031495,0.7567049808429118,-0.17770933142374157,False,False,0.737430488081602,True,PASS,0.7874015748031495
DEN,MEM,0.6100833380616253,1.15,5.9,DEN,2026-02-11,1.0,0.6455696202531646,,0.6141732283464567,,0.6100833380616253,0.6100833380616253,0.6100833380616253,0.7750274026320081,DEN,2026-02-11,0.6100833380616253,1.15,5.9,1.0,0.6,0.6455696202531646,True,920,0,,0.8695652173913044,0.8368794326241135,-0.22679609456248817,False,False,0.8235616501553036,True,PASS,0.8695652173913044
GSW,SAS,0.4973458715337455,3.15,1.38,SAS,2026-02-11,1.0,0.4540540540540541,,0.4797979797979798,,0.4973458715337455,0.4973458715337455,0.4973458715337455,0.3753744751154292,SAS,2026-02-11,0.4973458715337455,3.15,1.38,0.0,0.2,0.4540540540540541,True,920,0,,0.31746031746031744,0.3046357615894039,0.19271010994434157,True,False,0.3219635358791846,True,PASS,0.31746031746031744
BRK,IND,0.3602354117267846,1.43,2.9,IND,2026-02-11,1.0,0.2828282828282828,,0.32051282051282054,,0.3602354117267846,0.3602354117267846,0.3602354117267846,0.6387904227679096,IND,2026-02-11,0.3602354117267846,1.43,2.9,0.0,0.33,0.2828282828282828,True,920,0,,0.6993006993006994,0.6697459584295612,-0.3095105467027766,False,False,0.6632828503151879,True,PASS,0.6993006993006994
LAL,SAS,0.5940082036537795,3.7,1.29,SAS,2026-02-10,0.0,0.5925925925925926,,0.632,,0.5940082036537795,0.5940082036537795,0.5940082036537795,0.35,SAS,2026-02-10,0.5940082036537795,3.7,1.29,0.0,0.73,0.5925925925925926,True,920,0,,0.27027027027027023,0.25851703406813625,0.33549116958564323,True,False,0.2635800179834919,True,PASS,0.27027027027027023
HOU,LAC,0.4866173277743253,1.34,3.35,HOU,2026-02-10,0.0,0.4540540540540541,,0.4694835680751174,,0.4866173277743253,0.4866173277743253,0.4866173277743253,0.6709024354130539,HOU,2026-02-10,0.4866173277743253,1.34,3.35,1.0,0.64,0.4540540540540541,True,920,0,,0.7462686567164178,0.7142857142857143,-0.227668386511389,False,False,0.7010616887212399,True,PASS,0.7462686567164178
NYK,IND,0.7604360776879109,1.17,5.4,IND,2026-02-10,0.0,0.7468354430379747,,0.7213114754098361,,0.7604360776879109,0.7604360776879109,0.7604360776879109,0.7493975207275848,IND,2026-02-10,0.7604360776879109,1.17,5.4,0.0,0.71,0.7468354430379747,True,920,0,,0.8547008547008548,0.8219178082191781,-0.061481730531267265,False,False,0.7934088479148057,True,PASS,0.8547008547008548
MIN,ATL,0.5950063493387269,1.4,3.05,MIN,2026-02-09,1.0,0.6455696202531646,,0.632,,0.5950063493387269,0.5950063493387269,0.5950063493387269,0.6327619272129431,MIN,2026-02-09,0.5950063493387269,1.4,3.05,1.0,0.6,0.6455696202531646,True,920,0,,0.7142857142857143,0.6853932584269663,-0.09038690908823943,False,False,0.6561905026034625,True,PASS,0.7142857142857143
DEN,CLE,0.5753255173681295,1.89,1.93,CLE,2026-02-09,0.0,0.5454545454545454,,0.5833333333333334,,0.5753255173681295,0.5753255173681295,0.5753255173681295,0.5344206050744181,CLE,2026-02-09,0.5753255173681295,1.89,1.93,0.0,0.6,0.5454545454545454,True,920,0,,0.5291005291005292,0.5052356020942408,0.07008991527388875,False,False,0.5344206050744181,False,PASS,0.5291005291005292
BRK,CHI,0.4285262607928319,2.45,1.57,BRK,2026-02-09,0.0,0.4540540540540541,,0.4666666666666667,,0.4285262607928319,0.4285262607928319,0.4285262607928319,0.4141720359863091,BRK,2026-02-09,0.4285262607928319,2.45,1.57,1.0,0.33,0.4540540540540541,True,920,0,,0.4081632653061224,0.39054726368159204,0.037978997111239865,False,False,0.4141720359863091,False,PASS,0.4081632653061224
NOP,SAC,0.5205870497597209,1.31,3.6,NOP,2026-02-09,1.0,0.5094339622641508,,0.4666666666666667,,0.5205870497597209,0.5205870497597209,0.5205870497597209,0.6855469770011235,NOP,2026-02-09,0.5205870497597209,1.31,3.6,1.0,0.75,0.5094339622641508,True,920,0,,0.7633587786259541,0.7331975560081467,-0.2126105062484258,False,False,0.7182905611777924,True,PASS,0.7633587786259541
ORL,MIL,0.3933342337194163,1.2,4.8,ORL,2026-02-09,0.0,0.4222222222222222,,0.4423076923076923,,0.3933342337194163,0.3933342337194163,0.3933342337194163,0.7528571201964358,ORL,2026-02-09,0.3933342337194163,1.2,4.8,1.0,0.73,0.4222222222222222,True,920,0,,0.8333333333333334,0.7999999999999999,-0.40666576628058365,False,False,0.7974789649369833,True,PASS,0.8333333333333334
MIA,UTA,0.7057925457545541,1.35,3.3,UTA,2026-02-09,0.0,0.7037037037037037,,0.7142857142857143,,0.7057925457545541,0.7057925457545541,0.7057925457545541,0.6750801877431044,UTA,2026-02-09,0.7057925457545541,1.35,3.3,0.0,0.67,0.7037037037037037,True,920,0,,0.7407407407407407,0.7096774193548387,-0.0038848736002846662,False,False,0.7059766914624758,True,PASS,0.7407407407407407
CHO,DET,0.6654623966572385,2.24,1.68,DET,2026-02-09,0.0,0.696078431372549,,0.7088607594936709,,0.6654623966572385,0.6654623966572385,0.6654623966572385,0.45439960232174376,DET,2026-02-09,0.6654623966572385,2.24,1.68,0.0,0.67,0.696078431372549,True,920,0,,0.4464285714285714,0.4285714285714286,0.2368909680858099,True,True,0.4348565747453482,True,MODEL_MARKET_GAP,0.4464285714285714
GSW,MEM,0.4961315605251806,1.25,4.1,GSW,2026-02-09,0.0,0.4540540540540541,,0.4694835680751174,,0.4961315605251806,0.4961315605251806,0.4961315605251806,0.7185642429119762,GSW,2026-02-09,0.4961315605251806,1.25,4.1,1.0,0.2,0.4540540540540541,True,920,0,,0.8,0.7663551401869159,-0.27022357966173527,False,False,0.7571344034258544,True,PASS,0.8
POR,PHI,0.448644980335776,2.3,1.65,POR,2026-02-09,0.0,0.4540540540540541,,0.4694835680751174,,0.448644980335776,0.448644980335776,0.448644980335776,0.4387309597303024,POR,2026-02-09,0.448644980335776,2.3,1.65,1.0,0.5,0.4540540540540541,True,920,0,,0.4347826086956522,0.4177215189873418,0.03092346134843421,False,False,0.4387309597303024,False,PASS,0.4347826086956522
LAL,OKC,0.6286714016013034,3.1,1.39,OKC,2026-02-09,0.0,0.6455696202531646,,0.632,,0.6286714016013034,0.6286714016013034,0.6286714016013034,0.3698213240799279,OKC,2026-02-09,0.6286714016013034,3.1,1.39,0.0,0.73,0.6455696202531646,True,920,0,,0.3225806451612903,0.309576837416481,0.3190945641848224,True,True,0.3140304629713256,True,MODEL_MARKET_GAP,0.3225806451612903
MIN,LAC,0.5875339547368009,1.27,3.95,LAC,2026-02-08,0.0,0.5925925925925926,,0.6312056737588653,,0.5875339547368009,0.5875339547368009,0.5875339547368009,0.7008464413600394,LAC,2026-02-08,0.5875339547368009,1.27,3.95,0.0,0.6,0.5925925925925926,True,920,0,,0.7874015748031495,0.7567049808429118,-0.1691710261061109,False,False,0.7362899310118111,True,PASS,0.7874015748031495
BOS,NYK,0.7931941483086931,1.65,2.3,NYK,2026-02-08,0.0,0.7468354430379747,,1.0,,0.7931941483086931,0.7931941483086931,0.7931941483086931,0.5681682962565138,NYK,2026-02-08,0.7931941483086931,1.65,2.3,0.0,0.75,0.7468354430379747,True,920,0,,0.6060606060606061,0.5822784810126582,0.21091566729603484,True,False,0.5973832803664483,True,PASS,0.6060606060606061
WAS,MIA,0.4339778549919854,6.25,1.13,MIA,2026-02-08,1.0,0.4540540540540541,,0.4666666666666667,,0.4339778549919854,0.4339778549919854,0.4339778549919854,0.35,MIA,2026-02-08,0.4339778549919854,6.25,1.13,0.0,0.3,0.4540540540540541,True,920,0,,0.16,0.15311653116531165,0.2808613238266737,True,False,0.16150698398324406,True,PASS,0.16
TOR,IND,0.6208807689036732,1.24,4.3,TOR,2026-02-08,1.0,0.6455696202531646,,0.6312056737588653,,0.6208807689036732,0.6208807689036732,0.6208807689036732,0.7158004904241296,TOR,2026-02-08,0.6208807689036732,1.24,4.3,1.0,0.4,0.6455696202531646,True,920,0,,0.8064516129032259,0.7761732851985559,-0.15529251629488272,False,False,0.7538829299107408,True,PASS,0.8064516129032259
ORL,UTA,0.4014877038830071,1.36,3.25,ORL,2026-02-07,0.0,0.4540540540540541,,0.44,,0.4014877038830071,0.4014877038830071,0.4014877038830071,0.668433576233943,ORL,2026-02-07,0.4014877038830071,1.36,3.25,1.0,0.73,0.4540540540540541,True,920,0,,0.7352941176470588,0.7049891540130152,-0.3035014501300081,False,False,0.6981571485105211,True,PASS,0.7352941176470588
POR,MEM,0.5469753928989627,1.29,3.75,POR,2026-02-07,1.0,0.5172413793103449,,0.4652173913043478,,0.5469753928989627,0.5469753928989627,0.5469753928989627,0.6931777648158414,POR,2026-02-07,0.5469753928989627,1.29,3.75,1.0,0.5,0.5172413793103449,True,920,0,,0.7751937984496123,0.744047619047619,-0.19707222614865627,False,False,0.7272679586068722,True,PASS,0.7751937984496123
CHI,DEN,0.3960177395531517,2.8,1.46,DEN,2026-02-07,1.0,0.4222222222222222,,0.44,,0.3960177395531517,0.3960177395531517,0.3960177395531517,0.37009863896124445,DEN,2026-02-07,0.3960177395531517,2.8,1.46,0.0,0.11,0.4222222222222222,True,920,0,,0.35714285714285715,0.34272300469483574,0.053294734858315984,False,False,0.37009863896124445,False,PASS,0.35714285714285715
LAL,GSW,0.5822084525582112,1.74,2.14,LAL,2026-02-07,1.0,0.5454545454545454,,0.5714285714285714,,0.5822084525582112,0.5822084525582112,0.5822084525582112,0.5724464161416227,LAL,2026-02-07,0.5822084525582112,1.74,2.14,1.0,0.73,0.5454545454545454,True,920,0,,0.5747126436781609,0.5515463917525772,0.03066206080563394,False,False,0.5724464161416227,False,PASS,0.5747126436781609
SAS,DAL,0.6938866988062153,1.24,4.2,SAS,2026-02-07,1.0,0.7037037037037037,,0.7216494845360825,,0.6938866988062153,0.6938866988062153,0.6938866988062153,0.7062408280864892,SAS,2026-02-07,0.6938866988062153,1.24,4.2,1.0,0.9,0.7037037037037037,True,920,0,,0.8064516129032259,0.7720588235294118,-0.07817212472319646,False,False,0.7426362683370462,True,PASS,0.8064516129032259
BRK,WAS,0.2537838804426119,1.43,2.9,BRK,2026-02-07,0.0,0.2828282828282828,,0.3157894736842105,,0.35,0.2537838804426119,0.2537838804426119,0.6392903333407339,BRK,2026-02-07,0.2537838804426119,1.43,2.9,1.0,0.33,0.2828282828282828,True,920,0,,0.6993006993006994,0.6697459584295612,-0.3197459584295612,False,False,0.6638709804008635,True,PASS,0.6993006993006994
OKC,HOU,0.711430153009834,1.65,2.3,HOU,2026-02-07,0.0,0.7037037037037037,,0.7272727272727273,,0.711430153009834,0.711430153009834,0.711430153009834,0.5755867461217358,HOU,2026-02-07,0.711430153009834,1.65,2.3,0.0,0.73,0.7037037037037037,True,920,0,,0.6060606060606061,0.5822784810126582,0.1291516719971758,True,False,0.607981065888194,True,PASS,0.6060606060606061
ATL,CHO,0.5660213170035407,2.2,1.7,CHO,2026-02-07,0.0,0.5172413793103449,,0.55,,0.5660213170035407,0.5660213170035407,0.5660213170035407,0.47303649040753515,CHO,2026-02-07,0.5660213170035407,2.2,1.7,0.0,0.77,0.5172413793103449,True,920,0,,0.45454545454545453,0.4358974358974359,0.13012388110610484,True,False,0.4614807005821931,True,PASS,0.45454545454545453
SAC,CLE,0.2988652204700197,5.7,1.15,CLE,2026-02-07,1.0,0.2828282828282828,,0.3246753246753247,,0.35,0.2988652204700197,0.2988652204700197,0.35,CLE,2026-02-07,0.2988652204700197,5.7,1.15,0.0,0.29,0.2828282828282828,True,920,0,,0.17543859649122806,0.1678832116788321,0.18211678832116787,True,False,0.18657694444209627,True,PASS,0.17543859649122806
BOS,MIA,0.7217811768499975,1.42,2.95,BOS,2026-02-06,1.0,0.7468354430379747,,0.7216494845360825,,0.7217811768499975,0.7217811768499975,0.7217811768499975,0.6709453323435774,BOS,2026-02-06,0.7217811768499975,1.42,2.95,1.0,0.75,0.7468354430379747,True,920,0,,0.7042253521126761,0.6750572082379863,0.046723968612011224,False,False,0.7011121556983264,True,PASS,0.7042253521126761
MIN,NOP,0.6371769021934708,1.24,4.2,NOP,2026-02-06,0.0,0.6455696202531646,,0.6357142857142857,,0.6371769021934708,0.6371769021934708,0.6371769021934708,0.7100106245241017,NOP,2026-02-06,0.6371769021934708,1.24,4.2,0.0,0.6,0.6455696202531646,True,920,0,,0.8064516129032259,0.7720588235294118,-0.134881921335941,False,False,0.7470713229695314,True,PASS,0.8064516129032259
POR,MEM,0.4502961011509314,1.34,3.4,POR,2026-02-06,0.0,0.4540540540540541,,0.4652173913043478,,0.4502961011509314,0.4502961011509314,0.4502961011509314,0.67664233801257,POR,2026-02-06,0.4502961011509314,1.34,3.4,1.0,0.5,0.4540540540540541,True,920,0,,0.7462686567164178,0.7172995780590716,-0.26700347690814025,False,False,0.7078145153089059,True,PASS,0.7462686567164178
SAC,LAC,0.5057894782995815,2.5,1.56,LAC,2026-02-06,0.0,0.5094339622641508,,0.4652173913043478,,0.5057894782995815,0.5057894782995815,0.5057894782995815,0.43758601176955364,LAC,2026-02-06,0.5057894782995815,2.5,1.56,0.0,0.29,0.5094339622641508,True,920,0,,0.4,0.38423645320197053,0.12155302509761101,True,False,0.41083715967079093,True,PASS,0.4
DET,NYK,0.6510377900292282,2.0,1.83,DET,2026-02-06,1.0,0.696078431372549,,0.6878943074399833,,0.6510377900292282,0.6510377900292282,0.6510377900292282,0.49026142161112907,DET,2026-02-06,0.6510377900292282,2.0,1.83,1.0,0.7,0.696078431372549,True,920,0,,0.5,0.47780678851174935,0.1732310015174789,True,True,0.4860877451587558,True,MODEL_MARKET_GAP,0.5
MIL,IND,0.44734924113981,1.89,1.93,MIL,2026-02-06,0.0,0.4540540540540541,,0.45754716981132076,,0.44734924113981,0.44734924113981,0.44734924113981,0.4771599624773831,MIL,2026-02-06,0.44734924113981,1.89,1.93,1.0,0.55,0.4540540540540541,True,920,0,,0.5291005291005292,0.5052356020942408,-0.05788636095443078,False,False,0.4771599624773831,False,PASS,0.5291005291005292
DAL,SAS,0.5609768501196303,3.2,1.37,SAS,2026-02-05,0.0,0.5172413793103449,,0.5616438356164384,,0.5609768501196303,0.5609768501196303,0.5609768501196303,0.3668310170691364,SAS,2026-02-05,0.5609768501196303,3.2,1.37,0.0,0.0,0.5172413793103449,True,920,0,,0.3125,0.29978118161925604,0.26119566850037423,True,False,0.309758595813052,True,PASS,0.3125
HOU,CHO,0.6024959672444411,1.59,2.42,CHO,2026-02-05,0.0,0.6455696202531646,,0.6376811594202898,,0.6024959672444411,0.6024959672444411,0.6024959672444411,0.5871320324097357,CHO,2026-02-05,0.6024959672444411,1.59,2.42,0.0,0.64,0.6455696202531646,True,920,0,,0.6289308176100629,0.6034912718204488,-0.0009953045760077162,False,False,0.6025082734232184,True,PASS,0.6289308176100629
DET,WAS,0.7799379198071666,1.11,7.0,WAS,2026-02-05,0.0,0.7468354430379747,,0.7380952380952381,,0.7799379198071666,0.7799379198071666,0.7799379198071666,0.7836657585442279,WAS,2026-02-05,0.7799379198071666,1.11,7.0,0.0,0.7,0.7468354430379747,True,920,0,,0.9009009009009008,0.8631319358816276,-0.08319401607446097,False,False,0.8337244218167388,True,PASS,0.9009009009009008
TOR,CHI,0.6195109256302025,1.29,3.7,TOR,2026-02-05,1.0,0.6455696202531646,,0.6376811594202898,,0.6195109256302025,0.6195109256302025,0.6195109256302025,0.6826905026133381,TOR,2026-02-05,0.6195109256302025,1.29,3.7,1.0,0.4,0.6455696202531646,True,920,0,,0.7751937984496123,0.7414829659318637,-0.1219720403016612,False,False,0.7149300030745154,True,PASS,0.7751937984496123
ATL,UTA,0.4961240920637453,1.28,3.85,ATL,2026-02-05,0.0,0.4540540540540541,,0.45754716981132076,,0.4961240920637453,0.4961240920637453,0.4961240920637453,0.7039189147410442,ATL,2026-02-05,0.4961240920637453,1.28,3.85,1.0,0.77,0.4540540540540541,True,920,0,,0.78125,0.7504873294346978,-0.25436323737095246,False,False,0.739904605577699,True,PASS,0.78125
ORL,BRK,0.4218312465783495,1.27,3.95,ORL,2026-02-05,0.0,0.4540540540540541,,0.4375,,0.4218312465783495,0.4218312465783495,0.4218312465783495,0.7138703360014506,ORL,2026-02-05,0.4218312465783495,1.27,3.95,1.0,0.73,0.4540540540540541,True,920,0,,0.7874015748031495,0.7567049808429118,-0.33487373426456235,False,False,0.7516121600017065,True,PASS,0.7874015748031495
LAL,PHI,0.5183653421901083,1.56,2.5,LAL,2026-02-05,1.0,0.5094339622641508,,0.45754716981132076,,0.5183653421901083,0.5183653421901083,0.5183653421901083,0.5869360344877365,LAL,2026-02-05,0.5183653421901083,1.56,2.5,1.0,0.73,0.5094339622641508,True,920,0,,0.641025641025641,0.6157635467980296,-0.09739820460792126,False,False,0.5869360344877365,False,PASS,0.641025641025641
SAS,OKC,0.5730044544827765,2.1,1.77,SAS,2026-02-04,1.0,0.5454545454545454,,0.5616438356164384,,0.5730044544827765,0.5730044544827765,0.5730044544827765,0.48461237804357027,SAS,2026-02-04,0.5730044544827765,2.1,1.77,1.0,0.9,0.5454545454545454,True,920,0,,0.47619047619047616,0.4573643410852713,0.11564011339750518,False,False,0.48461237804357027,False,PASS,0.47619047619047616
TOR,MIN,0.6169569926483465,2.05,1.8,MIN,2026-02-04,0.0,0.6455696202531646,,0.6518518518518519,,0.6169569926483465,0.6169569926483465,0.6169569926483465,0.48618940265518956,MIN,2026-02-04,0.6169569926483465,2.05,1.8,0.0,0.4,0.6455696202531646,True,920,0,,0.48780487804878053,0.4675324675324676,0.1494245251158789,True,True,0.48027057522169936,True,MODEL_MARKET_GAP,0.48780487804878053
NYK,DEN,0.6851284054406717,1.42,2.95,NYK,2026-02-04,1.0,0.696078431372549,,0.6973684210526315,,0.6851284054406717,0.6851284054406717,0.6851284054406717,0.6563465369225662,NYK,2026-02-04,0.6851284054406717,1.42,2.95,1.0,0.71,0.696078431372549,True,920,0,,0.7042253521126761,0.6750572082379863,0.010071197202685345,False,False,0.6839371022618426,True,PASS,0.7042253521126761
SAC,MEM,0.3274792042443493,1.89,1.93,MEM,2026-02-04,1.0,0.2828282828282828,,0.32,,0.35,0.3274792042443493,0.3274792042443493,0.4829375583487361,MEM,2026-02-04,0.3274792042443493,1.89,1.93,0.0,0.29,0.2828282828282828,True,920,0,,0.5291005291005292,0.5052356020942408,-0.1552356020942408,False,False,0.4829375583487361,False,PASS,0.5291005291005292
MIL,NOP,0.4272770576967197,2.6,1.52,MIL,2026-02-04,0.0,0.4540540540540541,,0.4375,,0.4272770576967197,0.4272770576967197,0.4272770576967197,0.39706835839403587,MIL,2026-02-04,0.4272770576967197,2.6,1.52,1.0,0.55,0.4540540540540541,True,920,0,,0.3846153846153846,0.3689320388349514,0.058345018861768294,False,False,0.39706835839403587,False,PASS,0.3846153846153846
HOU,BOS,0.5933675669712338,1.51,2.64,BOS,2026-02-04,0.0,0.5925925925925926,,0.6518518518518519,,0.5933675669712338,0.5933675669712338,0.5933675669712338,0.594421566747655,BOS,2026-02-04,0.5933675669712338,1.51,2.64,0.0,0.64,0.5925925925925926,True,920,0,,0.6622516556291391,0.6361445783132531,-0.04277701134201928,False,False,0.6110841961737118,True,PASS,0.6622516556291391
LAC,CLE,0.547713078067294,2.2,1.7,CLE,2026-02-04,0.0,0.5172413793103449,,0.5,,0.547713078067294,0.547713078067294,0.547713078067294,0.46353444919709086,CLE,2026-02-04,0.547713078067294,2.2,1.7,0.0,0.5,0.5172413793103449,True,920,0,,0.45454545454545453,0.4358974358974359,0.11181564216985806,False,False,0.46353444919709086,False,PASS,0.45454545454545453
DET,DEN,0.7900857248659193,1.52,2.6,DET,2026-02-03,1.0,0.7468354430379747,,0.9221708449895161,,0.7900857248659193,0.7900857248659193,0.7900857248659193,0.6069981740451535,DET,2026-02-03,0.7900857248659193,1.52,2.6,1.0,0.7,0.7468354430379747,True,920,0,,0.6578947368421053,0.6310679611650486,0.15901776370087073,True,False,0.6528545343502195,True,PASS,0.6578947368421053
MIL,CHI,0.5631460018522648,2.2,1.7,MIL,2026-02-03,1.0,0.5172413793103449,,0.5526315789473685,,0.5631460018522648,0.5631460018522648,0.5631460018522648,0.47328165044807896,MIL,2026-02-03,0.5631460018522648,2.2,1.7,1.0,0.55,0.5172413793103449,True,920,0,,0.45454545454545453,0.4358974358974359,0.12724856595482892,True,False,0.46183092921154134,True,PASS,0.45454545454545453
WAS,NYK,0.4304692980473594,5.9,1.15,NYK,2026-02-03,1.0,0.4540540540540541,,0.465,,0.4304692980473594,0.4304692980473594,0.4304692980473594,0.35,NYK,2026-02-03,0.4304692980473594,5.9,1.15,0.0,0.3,0.4540540540540541,True,920,0,,0.1694915254237288,0.1631205673758865,0.2673487306714729,True,False,0.1725769959268897,True,PASS,0.1694915254237288
DAL,BOS,0.4957188248147512,3.1,1.39,BOS,2026-02-03,1.0,0.4540540540540541,,0.465,,0.4957188248147512,0.4957188248147512,0.4957188248147512,0.37942231598788817,BOS,2026-02-03,0.4957188248147512,3.1,1.39,0.0,0.0,0.4540540540540541,True,920,0,,0.3225806451612903,0.309576837416481,0.1861419873982702,True,False,0.3277461656969831,True,PASS,0.3225806451612903
OKC,ORL,0.6611040328572959,1.34,3.4,OKC,2026-02-03,1.0,0.696078431372549,,0.6973684210526315,,0.6611040328572959,0.6611040328572959,0.6611040328572959,0.6610425500967251,OKC,2026-02-03,0.6611040328572959,1.34,3.4,1.0,0.73,0.696078431372549,True,920,0,,0.7462686567164178,0.7172995780590716,-0.05619554520177572,False,False,0.689461823643206,True,PASS,0.7462686567164178
BRK,LAL,0.3241072986866138,4.0,1.26,LAL,2026-02-03,1.0,0.2828282828282828,,0.32432432432432434,,0.35,0.3241072986866138,0.3241072986866138,0.35,LAL,2026-02-03,0.3241072986866138,4.0,1.26,0.0,0.33,0.2828282828282828,True,920,0,,0.25,0.2395437262357415,0.11045627376425848,False,False,0.26731261564485165,False,PASS,0.25
MIA,ATL,0.6081790900614528,1.77,2.1,ATL,2026-02-03,0.0,0.6455696202531646,,0.6518518518518519,,0.6081790900614528,0.6081790900614528,0.6081790900614528,0.571523480403038,ATL,2026-02-03,0.6081790900614528,1.77,2.1,0.0,0.67,0.6455696202531646,True,920,0,,0.5649717514124294,0.5426356589147286,0.06554343114672412,False,False,0.571523480403038,False,PASS,0.5649717514124294
IND,UTA,0.463146356285462,1.65,2.3,UTA,2026-02-03,1.0,0.4540540540540541,,0.46236559139784944,,0.463146356285462,0.463146356285462,0.463146356285462,0.5554065681417886,UTA,2026-02-03,0.463146356285462,1.65,2.3,0.0,0.22,0.4540540540540541,True,920,0,,0.6060606060606061,0.5822784810126582,-0.1191321247271962,False,False,0.5554065681417886,False,PASS,0.6060606060606061
GSW,PHI,0.5377031362813611,1.65,2.3,PHI,2026-02-03,0.0,0.5094339622641508,,0.46236559139784944,,0.5377031362813611,0.5377031362813611,0.5377031362813611,0.5567450378797301,PHI,2026-02-03,0.5377031362813611,1.65,2.3,0.0,0.2,0.5094339622641508,True,920,0,,0.6060606060606061,0.5822784810126582,-0.044575344731297095,False,False,0.5567450378797301,False,PASS,0.6060606060606061
MEM,MIN,0.3743483310397251,3.3,1.35,MEM,2026-02-02,0.0,0.4222222222222222,,0.43548387096774194,,0.3743483310397251,0.3743483310397251,0.3743483310397251,0.35,MEM,2026-02-02,0.3743483310397251,3.3,1.35,1.0,0.25,0.4222222222222222,True,920,0,,0.30303030303030304,0.2903225806451613,0.08402575039456378,False,False,0.3197168996413222,False,PASS,0.30303030303030304
LAC,PHI,0.656850009941895,1.77,2.1,PHI,2026-02-02,0.0,0.696078431372549,,0.7027027027027027,,0.656850009941895,0.656850009941895,0.656850009941895,0.5700316739794755,PHI,2026-02-02,0.656850009941895,1.77,2.1,0.0,0.5,0.696078431372549,True,920,0,,0.5649717514124294,0.5426356589147286,0.11421435102716637,False,False,0.5700316739794755,False,PASS,0.5649717514124294
CHO,NOP,0.6869679675680408,1.37,3.2,CHO,2026-02-02,1.0,0.696078431372549,,0.7027027027027027,,0.6869679675680408,0.6869679675680408,0.6869679675680408,0.6606420479895269,CHO,2026-02-02,0.6869679675680408,1.37,3.2,1.0,0.67,0.696078431372549,True,920,0,,0.7299270072992701,0.700218818380744,-0.013250850812703163,False,False,0.688990644693561,True,PASS,0.7299270072992701
IND,HOU,0.3883537118237746,3.0,1.41,HOU,2026-02-02,1.0,0.4222222222222222,,0.43548387096774194,,0.3883537118237746,0.3883537118237746,0.3883537118237746,0.35,HOU,2026-02-02,0.3883537118237746,3.0,1.41,0.0,0.22,0.4222222222222222,True,920,0,,0.3333333333333333,0.31972789115646255,0.06862582066731204,False,False,0.34883103197142856,False,PASS,0.3333333333333333
MIA,CHI,0.527601998739961,1.46,2.8,MIA,2026-02-01,1.0,0.5094339622641508,,0.4595959595959595,,0.527601998739961,0.527601998739961,0.527601998739961,0.6118927491506738,MIA,2026-02-01,0.527601998739961,1.46,2.8,1.0,0.67,0.5094339622641508,True,920,0,,0.684931506849315,0.6572769953051644,-0.12967499656520332,False,False,0.6316385284125574,True,PASS,0.684931506849315
WAS,SAC,0.5912353099729698,2.14,1.74,WAS,2026-02-01,1.0,0.5925925925925926,,0.6434108527131783,,0.5912353099729698,0.5912353099729698,0.5912353099729698,0.4806922071208773,WAS,2026-02-01,0.5912353099729698,2.14,1.74,1.0,0.3,0.5925925925925926,True,920,0,,0.4672897196261682,0.4484536082474227,0.1427817017255471,True,False,0.4724174387441104,True,PASS,0.4672897196261682
NYK,LAL,0.6390982623281068,1.52,2.6,NYK,2026-02-01,1.0,0.6455696202531646,,0.6434108527131783,,0.6390982623281068,0.6390982623281068,0.6390982623281068,0.6175816275328068,NYK,2026-02-01,0.6390982623281068,1.52,2.6,1.0,0.71,0.6455696202531646,True,920,0,,0.6578947368421053,0.6310679611650486,0.008030301163058251,False,False,0.6383313265091844,True,PASS,0.6578947368421053
POR,CLE,0.5793556720875318,2.3,1.65,CLE,2026-02-01,0.0,0.5454545454545454,,0.5757575757575758,,0.5793556720875318,0.5793556720875318,0.5793556720875318,0.457407814669528,CLE,2026-02-01,0.5793556720875318,2.3,1.65,0.0,0.5,0.5454545454545454,True,920,0,,0.4347826086956522,0.4177215189873418,0.16163415310019003,True,False,0.4391540209564686,True,PASS,0.4347826086956522
TOR,UTA,0.6031638516119325,1.21,4.7,TOR,2026-02-01,1.0,0.6455696202531646,,0.6492537313432836,,0.6031638516119325,0.6031638516119325,0.6031638516119325,0.7361783798045727,TOR,2026-02-01,0.6031638516119325,1.21,4.7,1.0,0.4,0.6455696202531646,True,920,0,,0.8264462809917356,0.7952622673434856,-0.19209841573155306,False,False,0.7778569174171444,True,PASS,0.8264462809917356
BOS,MIL,0.694067204568716,1.16,5.55,BOS,2026-02-01,1.0,0.7037037037037037,,0.7105263157894737,,0.694067204568716,0.694067204568716,0.694067204568716,0.7566196354221182,BOS,2026-02-01,0.694067204568716,1.16,5.55,1.0,0.75,0.7037037037037037,True,920,0,,0.8620689655172414,0.827123695976155,-0.13305649140743903,False,False,0.8019054534377862,True,PASS,0.8620689655172414
SAS,ORL,0.6007597592391523,1.49,2.7,SAS,2026-02-01,1.0,0.6455696202531646,,0.6434108527131783,,0.6007597592391523,0.6007597592391523,0.6007597592391523,0.6012366675143155,SAS,2026-02-01,0.6007597592391523,1.49,2.7,1.0,0.9,0.6455696202531646,True,920,0,,0.6711409395973155,0.6443914081145585,-0.04363164887540627,False,False,0.6191019617815476,True,PASS,0.6711409395973155
DET,BRK,0.6190743363399897,1.15,5.7,DET,2026-02-01,1.0,0.6455696202531646,,0.6434108527131783,,0.6190743363399897,0.6190743363399897,0.6190743363399897,0.7696709505683206,DET,2026-02-01,0.6190743363399897,1.15,5.7,1.0,0.7,0.6455696202531646,True,920,0,,0.8695652173913044,0.832116788321168,-0.21304245198117833,False,False,0.817259941845083,True,PASS,0.8695652173913044
DEN,OKC,0.631251302246841,3.25,1.36,OKC,2026-02-01,0.0,0.6455696202531646,,0.6434108527131783,,0.631251302246841,0.631251302246841,0.631251302246841,0.3591761558273484,OKC,2026-02-01,0.631251302246841,3.25,1.36,0.0,0.6,0.6455696202531646,True,920,0,,0.3076923076923077,0.29501084598698485,0.33624045625985616,True,True,0.2988230797533548,True,MODEL_MARKET_GAP,0.3076923076923077
IND,ATL,0.4374145685328516,2.02,1.82,IND,2026-01-31,0.0,0.4540540540540541,,0.4595959595959595,,0.4374145685328516,0.4374145685328516,0.4374145685328516,0.4508148436466791,IND,2026-01-31,0.4374145685328516,2.02,1.82,1.0,0.22,0.4540540540540541,True,920,0,,0.49504950495049505,0.4739583333333334,-0.036543764800481826,False,False,0.4508148436466791,False,PASS,0.49504950495049505
HOU,DAL,0.6884734133034784,1.21,4.6,HOU,2026-01-31,1.0,0.7037037037037037,,0.7104866480914084,,0.6884734133034784,0.6884734133034784,0.6884734133034784,0.7238352844807379,HOU,2026-01-31,0.6884734133034784,1.21,4.6,1.0,0.64,0.7037037037037037,True,920,0,,0.8264462809917356,0.7917383820998279,-0.1032649687963495,False,False,0.763335628800868,True,PASS,0.8264462809917356
PHI,NOP,0.3870327679677418,1.35,3.3,PHI,2026-01-31,0.0,0.4222222222222222,,0.425531914893617,,0.3870327679677418,0.3870327679677418,0.3870327679677418,0.6733661172029098,PHI,2026-01-31,0.3870327679677418,1.35,3.3,1.0,0.78,0.4222222222222222,True,920,0,,0.7407407407407407,0.7096774193548387,-0.32264465138709697,False,False,0.7039601378857763,True,PASS,0.7407407407407407
CHO,SAS,0.6653685939618801,2.4,1.56,CHO,2026-01-31,1.0,0.696078431372549,,0.6901408450704225,,0.6653685939618801,0.6653685939618801,0.6653685939618801,0.42942945831131707,CHO,2026-01-31,0.6653685939618801,2.4,1.56,1.0,0.67,0.696078431372549,True,920,0,,0.4166666666666667,0.393939393939394,0.2714292000224861,True,True,0.3991849404447387,True,MODEL_MARKET_GAP,0.4166666666666667
MEM,MIN,0.4828715311686548,3.6,1.31,MIN,2026-01-31,1.0,0.4540540540540541,,0.46464646464646464,,0.4828715311686548,0.4828715311686548,0.4828715311686548,0.35,MIN,2026-01-31,0.4828715311686548,3.6,1.31,0.0,0.25,0.4540540540540541,True,920,0,,0.2777777777777778,0.26680244399185343,0.21606908717680134,True,False,0.2813109429806615,True,PASS,0.2777777777777778
MIA,CHI,0.5629293816603643,1.4,3.05,CHI,2026-01-31,0.0,0.5172413793103449,,0.5555555555555556,,0.5629293816603643,0.5629293816603643,0.5629293816603643,0.6350621321745877,CHI,2026-01-31,0.5629293816603643,1.4,3.05,0.0,0.67,0.5172413793103449,True,920,0,,0.7142857142857143,0.6853932584269663,-0.12246387676660198,False,False,0.6588966260877503,True,PASS,0.7142857142857143
ORL,TOR,0.5070083821006711,1.77,2.1,ORL,2026-01-30,1.0,0.5094339622641508,,0.46153846153846156,,0.5070083821006711,0.5070083821006711,0.5070083821006711,0.5198126181181415,ORL,2026-01-30,0.5070083821006711,1.77,2.1,1.0,0.73,0.5094339622641508,True,920,0,,0.5649717514124294,0.5426356589147286,-0.03562727681405753,False,False,0.5198126181181415,False,PASS,0.5649717514124294
GSW,DET,0.7003319928998448,1.7,2.2,DET,2026-01-30,0.0,0.7037037037037037,,0.7254901960784313,,0.7003319928998448,0.7003319928998448,0.7003319928998448,0.5622427164908171,DET,2026-01-30,0.7003319928998448,1.7,2.2,0.0,0.2,0.7037037037037037,True,920,0,,0.5882352941176471,0.5641025641025641,0.13622942879728073,True,False,0.588918166415453,True,PASS,0.5882352941176471
NOP,MEM,0.5474051528988585,1.74,2.14,NOP,2026-01-30,1.0,0.5172413793103449,,0.46464646464646464,,0.5474051528988585,0.5474051528988585,0.5474051528988585,0.5476140720870692,NOP,2026-01-30,0.5474051528988585,1.74,2.14,1.0,0.75,0.5172413793103449,True,920,0,,0.5747126436781609,0.5515463917525772,-0.004141238853718754,False,False,0.5476140720870692,False,PASS,0.5747126436781609
BOS,SAC,0.6512260124626863,1.18,5.1,BOS,2026-01-30,1.0,0.696078431372549,,0.6901408450704225,,0.6512260124626863,0.6512260124626863,0.6512260124626863,0.7469817826419074,BOS,2026-01-30,0.6512260124626863,1.18,5.1,1.0,0.75,0.696078431372549,True,920,0,,0.8474576271186441,0.8121019108280254,-0.1608758983653391,False,False,0.7905668031081264,True,PASS,0.8474576271186441
UTA,BRK,0.4902297772573776,1.77,2.1,BRK,2026-01-30,1.0,0.4540540540540541,,0.46464646464646464,,0.4902297772573776,0.4902297772573776,0.4902297772573776,0.5154158409490393,BRK,2026-01-30,0.4902297772573776,1.77,2.1,0.0,0.22,0.4540540540540541,True,920,0,,0.5649717514124294,0.5426356589147286,-0.05240588165735105,False,False,0.5154158409490393,False,PASS,0.5649717514124294
NYK,POR,0.6680499207265995,1.35,3.3,NYK,2026-01-30,1.0,0.696078431372549,,0.6901408450704225,,0.6680499207265995,0.6680499207265995,0.6680499207265995,0.6571968932215762,NYK,2026-01-30,0.6680499207265995,1.35,3.3,1.0,0.71,0.696078431372549,True,920,0,,0.7407407407407407,0.7096774193548387,-0.04162749862823922,False,False,0.6849375214371485,True,PASS,0.7407407407407407
DEN,LAC,0.5513039673039731,2.8,1.46,DEN,2026-01-30,1.0,0.5172413793103449,,0.5555555555555556,,0.5513039673039731,0.5513039673039731,0.5513039673039731,0.40067207399268073,DEN,2026-01-30,0.5513039673039731,2.8,1.46,1.0,0.6,0.5172413793103449,True,920,0,,0.35714285714285715,0.34272300469483574,0.2085809626091374,True,False,0.35810296284668675,True,PASS,0.35714285714285715
WAS,LAL,0.5336439125070961,3.95,1.27,LAL,2026-01-30,0.0,0.5094339622641508,,0.46464646464646464,,0.5336439125070961,0.5336439125070961,0.5336439125070961,0.35,LAL,2026-01-30,0.5336439125070961,3.95,1.27,0.0,0.3,0.5094339622641508,True,920,0,,0.2531645569620253,0.2432950191570881,0.290348893350008,True,False,0.25099888386837377,True,PASS,0.2531645569620253
DEN,BRK,0.6235879760869245,1.36,3.25,DEN,2026-01-29,1.0,0.6455696202531646,,0.6377952755905512,,0.6235879760869245,0.6235879760869245,0.6235879760869245,0.6492287713949624,DEN,2026-01-29,0.6235879760869245,1.36,3.25,1.0,0.6,0.6455696202531646,True,920,0,,0.7352941176470588,0.7049891540130152,-0.0814011779260907,False,False,0.6755632604646616,True,PASS,0.7352941176470588
CHI,MIA,0.6611252577573963,2.1,1.77,MIA,2026-01-29,0.0,0.696078431372549,,0.7,,0.6611252577573963,0.6611252577573963,0.6611252577573963,0.47523339558995775,MIA,2026-01-29,0.6611252577573963,2.1,1.77,0.0,0.11,0.696078431372549,True,920,0,,0.47619047619047616,0.4573643410852713,0.20376091667212498,True,True,0.46461913655708253,True,MODEL_MARKET_GAP,0.47619047619047616
MIN,OKC,0.5984147419559508,2.95,1.42,MIN,2026-01-29,1.0,0.6455696202531646,,0.6377952755905512,,0.5984147419559508,0.5984147419559508,0.5984147419559508,0.38373213896839176,MIN,2026-01-29,0.5984147419559508,2.95,1.42,1.0,0.6,0.6455696202531646,True,920,0,,0.3389830508474576,0.32494279176201374,0.27347195019393705,True,False,0.33390305566913103,True,PASS,0.3389830508474576
DAL,CHO,0.5345555411518838,2.45,1.57,CHO,2026-01-29,0.0,0.5094339622641508,,0.46153846153846156,,0.5345555411518838,0.5345555411518838,0.5345555411518838,0.44004444627622596,CHO,2026-01-29,0.5345555411518838,2.45,1.57,0.0,0.0,0.5094339622641508,True,920,0,,0.4081632653061224,0.39054726368159204,0.1440082774702917,True,False,0.4143492089660371,True,PASS,0.4081632653061224
PHI,SAC,0.5546201803211144,1.18,5.1,PHI,2026-01-29,1.0,0.5172413793103449,,0.5,,0.5546201803211144,0.5546201803211144,0.5546201803211144,0.7565291440730307,PHI,2026-01-29,0.5546201803211144,1.18,5.1,1.0,0.78,0.5172413793103449,True,920,0,,0.8474576271186441,0.8121019108280254,-0.25748173050691103,False,False,0.801798993027095,True,PASS,0.8474576271186441
ATL,HOU,0.5577572484344465,2.36,1.62,HOU,2026-01-29,0.0,0.5172413793103449,,0.5862068965517241,,0.5577572484344465,0.5577572484344465,0.5577572484344465,0.4509590278711915,HOU,2026-01-29,0.5577572484344465,2.36,1.62,0.0,0.77,0.5172413793103449,True,920,0,,0.42372881355932207,0.40703517587939697,0.15072207255504955,True,False,0.4299414683874164,True,PASS,0.42372881355932207
WAS,MIL,0.4557775925462358,2.1,1.77,WAS,2026-01-29,0.0,0.4540540540540541,,0.46153846153846156,,0.4557775925462358,0.4557775925462358,0.4557775925462358,0.45580875462136067,WAS,2026-01-29,0.4557775925462358,2.1,1.77,1.0,0.3,0.4540540540540541,True,920,0,,0.47619047619047616,0.4573643410852713,-0.0015867485390355096,False,False,0.45580875462136067,False,PASS,0.47619047619047616
CLE,LAL,0.6277777963639919,1.65,2.3,CLE,2026-01-28,1.0,0.6455696202531646,,0.6504065040650406,,0.6277777963639919,0.6277777963639919,0.6277777963639919,0.5918356198097817,CLE,2026-01-28,0.6277777963639919,1.65,2.3,1.0,0.88,0.6455696202531646,True,920,0,,0.6060606060606061,0.5822784810126582,0.04549931535133367,False,False,0.6080419056585668,True,PASS,0.6060606060606061
UTA,GSW,0.3581195076799533,3.85,1.28,GSW,2026-01-28,1.0,0.2828282828282828,,0.3287671232876712,,0.3581195076799533,0.3581195076799533,0.3581195076799533,0.35,GSW,2026-01-28,0.3581195076799533,3.85,1.28,0.0,0.22,0.2828282828282828,True,920,0,,0.2597402597402597,0.2495126705653021,0.10860683711465122,False,False,0.2774551725538076,False,PASS,0.2597402597402597
IND,CHI,0.4281785132981737,2.14,1.74,IND,2026-01-28,0.0,0.4540540540540541,,0.42857142857142855,,0.4281785132981737,0.4281785132981737,0.4281785132981737,0.4327175529335801,IND,2026-01-28,0.4281785132981737,2.14,1.74,1.0,0.22,0.4540540540540541,True,920,0,,0.4672897196261682,0.4484536082474227,-0.020275094949249006,False,False,0.4327175529335801,False,PASS,0.4672897196261682
BOS,ATL,0.620308414290113,1.43,2.9,ATL,2026-01-28,0.0,0.6455696202531646,,0.6504065040650406,,0.620308414290113,0.620308414290113,0.620308414290113,0.6216326590714416,ATL,2026-01-28,0.620308414290113,1.43,2.9,0.0,0.75,0.6455696202531646,True,920,0,,0.6993006993006994,0.6697459584295612,-0.04943754413944823,False,False,0.6430972459664018,True,PASS,0.6993006993006994
DAL,MIN,0.5599743075114656,3.05,1.4,MIN,2026-01-28,0.0,0.5172413793103449,,0.5862068965517241,,0.5599743075114656,0.5599743075114656,0.5599743075114656,0.37822109028881257,MIN,2026-01-28,0.5599743075114656,3.05,1.4,0.0,0.0,0.5172413793103449,True,920,0,,0.3278688524590164,0.3146067415730337,0.2453675659384319,True,False,0.3260301289840179,True,PASS,0.3278688524590164
TOR,NYK,0.5933636182163878,1.82,2.02,NYK,2026-01-28,0.0,0.5925925925925926,,0.6504065040650406,,0.5933636182163878,0.5933636182163878,0.5933636182163878,0.5550609909794405,NYK,2026-01-28,0.5933636182163878,1.82,2.02,0.0,0.4,0.5925925925925926,True,920,0,,0.5494505494505494,0.5260416666666667,0.06732195154972109,False,False,0.5550609909794405,False,PASS,0.5494505494505494
HOU,SAS,0.6734494701041026,1.68,2.24,SAS,2026-01-28,0.0,0.696078431372549,,0.7101449275362319,,0.6734494701041026,0.6734494701041026,0.6734494701041026,0.5999289237065503,SAS,2026-01-28,0.6734494701041026,1.68,2.24,0.0,0.64,0.696078431372549,True,920,0,,0.5952380952380952,0.5714285714285715,0.1020208986755311,False,False,0.5999289237065503,False,PASS,0.5952380952380952
MIA,ORL,0.6364489034845718,1.68,2.24,ORL,2026-01-28,0.0,0.6455696202531646,,0.6504065040650406,,0.6364489034845718,0.6364489034845718,0.6364489034845718,0.5852327613674772,ORL,2026-01-28,0.6364489034845718,1.68,2.24,0.0,0.67,0.6455696202531646,True,920,0,,0.5952380952380952,0.5714285714285715,0.06502033205600033,False,False,0.6002738369029142,True,PASS,0.5952380952380952
MEM,CHO,0.3821253856686772,2.14,1.74,CHO,2026-01-28,1.0,0.4222222222222222,,0.4222222222222222,,0.3821253856686772,0.3821253856686772,0.3821253856686772,0.41950527281636607,CHO,2026-01-28,0.3821253856686772,2.14,1.74,0.0,0.25,0.4222222222222222,True,920,0,,0.4672897196261682,0.4484536082474227,-0.06632822257874549,False,False,0.41950527281636607,False,PASS,0.4672897196261682
WAS,POR,0.4034087347277133,3.15,1.38,WAS,2026-01-27,0.0,0.4540540540540541,,0.4222222222222222,,0.4034087347277133,0.4034087347277133,0.4034087347277133,0.35,WAS,2026-01-27,0.4034087347277133,3.15,1.38,1.0,0.3,0.4540540540540541,True,920,0,,0.31746031746031744,0.3046357615894039,0.0987729731383094,False,False,0.3333720822778129,False,PASS,0.31746031746031744
DEN,DET,0.5265939036710773,3.15,1.38,DET,2026-01-27,0.0,0.5094339622641508,,0.46368715083798884,,0.5265939036710773,0.5265939036710773,0.5265939036710773,0.37293738486102046,DET,2026-01-27,0.5265939036710773,3.15,1.38,0.0,0.6,0.5094339622641508,True,920,0,,0.31746031746031744,0.3046357615894039,0.22195814208167336,True,False,0.3184819783728864,True,PASS,0.31746031746031744
PHI,MIL,0.4717146048833892,1.22,4.5,PHI,2026-01-27,0.0,0.4540540540540541,,0.4627659574468085,,0.4717146048833892,0.4717146048833892,0.4717146048833892,0.7384859356026172,PHI,2026-01-27,0.4717146048833892,1.22,4.5,1.0,0.78,0.4540540540540541,True,920,0,,0.819672131147541,0.7867132867132867,-0.3149986818298975,False,False,0.7805716889442555,True,PASS,0.819672131147541
OKC,NOP,0.6849573789585222,1.12,6.75,OKC,2026-01-27,1.0,0.696078431372549,,0.6923076923076923,,0.6849573789585222,0.6849573789585222,0.6849573789585222,0.7870873982331887,OKC,2026-01-27,0.6849573789585222,1.12,6.75,1.0,0.73,0.696078431372549,True,920,0,,0.8928571428571428,0.8576874205844981,-0.17273004162597594,False,False,0.8377498802743396,True,PASS,0.8928571428571428
UTA,LAC,0.5401784057252161,3.7,1.29,LAC,2026-01-27,0.0,0.5094339622641508,,0.4627659574468085,,0.5401784057252161,0.5401784057252161,0.5401784057252161,0.35,LAC,2026-01-27,0.5401784057252161,3.7,1.29,0.0,0.22,0.5094339622641508,True,920,0,,0.27027027027027023,0.25851703406813625,0.2816613716570799,True,False,0.2668476583231461,True,PASS,0.27027027027027023
NYK,SAC,0.6707864170945298,1.13,6.25,NYK,2026-01-27,1.0,0.696078431372549,,0.6923076923076923,,0.6707864170945298,0.6707864170945298,0.6707864170945298,0.7782857636199203,NYK,2026-01-27,0.6707864170945298,1.13,6.25,1.0,0.71,0.696078431372549,True,920,0,,0.8849557522123894,0.8468834688346885,-0.17609705174015866,False,False,0.8273950160234356,True,PASS,0.8849557522123894
HOU,MEM,0.5687211385799936,1.23,4.4,HOU,2026-01-26,1.0,0.5454545454545454,,0.5789473684210527,,0.5687211385799936,0.5687211385799936,0.5687211385799936,0.7266467979823024,HOU,2026-01-26,0.5687211385799936,1.23,4.4,1.0,0.64,0.5454545454545454,True,920,0,,0.8130081300813008,0.7815275310834814,-0.21280639250348776,False,False,0.7666432917438851,True,PASS,0.8130081300813008
MIN,GSW,0.4542648618849,1.36,3.25,MIN,2026-01-26,0.0,0.4540540540540541,,0.4648648648648649,,0.4542648618849,0.4542648618849,0.4542648618849,0.6649615254177033,MIN,2026-01-26,0.4542648618849,1.36,3.25,1.0,0.6,0.4540540540540541,True,920,0,,0.7352941176470588,0.7049891540130152,-0.2507242921281152,False,False,0.6940723828443568,True,PASS,0.7352941176470588
CLE,ORL,0.6663391870645287,1.4,3.05,CLE,2026-01-26,1.0,0.696078431372549,,0.6923076923076923,,0.6663391870645287,0.6663391870645287,0.6663391870645287,0.644820815074773,CLE,2026-01-26,0.6663391870645287,1.4,3.05,1.0,0.88,0.696078431372549,True,920,0,,0.7142857142857143,0.6853932584269663,-0.01905407136243764,False,False,0.6703774294997329,True,PASS,0.7142857142857143
ATL,IND,0.5519928573625502,1.44,2.85,ATL,2026-01-26,1.0,0.5172413793103449,,0.4627659574468085,,0.5519928573625502,0.5519928573625502,0.5519928573625502,0.6162381176921677,ATL,2026-01-26,0.5519928573625502,1.44,2.85,1.0,0.77,0.5172413793103449,True,920,0,,0.6944444444444444,0.6643356643356644,-0.11234280697311416,False,False,0.6367507266966679,True,PASS,0.6944444444444444
CHI,LAL,0.6413614991584936,1.98,1.85,LAL,2026-01-26,0.0,0.6455696202531646,,0.6557377049180327,,0.6413614991584936,0.6413614991584936,0.6413614991584936,0.503435588331053,LAL,2026-01-26,0.6413614991584936,1.98,1.85,0.0,0.11,0.6455696202531646,True,920,0,,0.5050505050505051,0.4830287206266319,0.15833277853186173,True,False,0.5049079833300757,True,PASS,0.5050505050505051
BOS,POR,0.6961493740253495,1.33,3.45,BOS,2026-01-26,1.0,0.7037037037037037,,0.72,,0.6961493740253495,0.6961493740253495,0.6961493740253495,0.6726893852609147,BOS,2026-01-26,0.6961493740253495,1.33,3.45,1.0,0.75,0.7037037037037037,True,920,0,,0.7518796992481203,0.7217573221757322,-0.025607948150382698,False,False,0.7031639826598997,True,PASS,0.7518796992481203
CHO,PHI,0.6815697534324052,1.74,2.14,CHO,2026-01-26,1.0,0.696078431372549,,0.6923076923076923,,0.6815697534324052,0.6815697534324052,0.6815697534324052,0.5539994239120979,CHO,2026-01-26,0.6815697534324052,1.74,2.14,1.0,0.67,0.696078431372549,True,920,0,,0.5747126436781609,0.5515463917525772,0.13002336167982798,True,False,0.5771420341601399,True,PASS,0.5747126436781609
OKC,TOR,0.6822240571845704,1.18,5.1,TOR,2026-01-25,0.0,0.696078431372549,,0.711340206185567,,0.6822240571845704,0.6822240571845704,0.6822240571845704,0.7435151123092654,TOR,2026-01-25,0.6822240571845704,1.18,5.1,0.0,0.73,0.696078431372549,True,920,0,,0.8474576271186441,0.8121019108280254,-0.12987785364345505,False,False,0.7864883674226651,True,PASS,0.8474576271186441
SAS,NOP,0.6074413113748086,1.17,5.25,NOP,2026-01-25,0.0,0.6455696202531646,,0.6666666666666666,,0.6074413113748086,0.6074413113748086,0.6074413113748086,0.7571945252454312,NOP,2026-01-25,0.6074413113748086,1.17,5.25,0.0,0.9,0.6455696202531646,True,920,0,,0.8547008547008548,0.8177570093457944,-0.21031569797098582,False,False,0.8025817944063897,True,PASS,0.8547008547008548
MIN,GSW,0.6333258325028392,1.41,3.0,GSW,2026-01-25,0.0,0.6455696202531646,,0.6666666666666666,,0.6333258325028392,0.6333258325028392,0.6333258325028392,0.6310409647540682,GSW,2026-01-25,0.6333258325028392,1.41,3.0,0.0,0.6,0.6455696202531646,True,920,0,,0.7092198581560284,0.6802721088435374,-0.046946276340698145,False,False,0.6541658408871391,True,PASS,0.7092198581560284
DET,SAC,0.700062614485161,1.14,6.0,DET,2026-01-25,1.0,0.7037037037037037,,0.711340206185567,,0.700062614485161,0.700062614485161,0.700062614485161,0.7686369329685375,DET,2026-01-25,0.700062614485161,1.14,6.0,1.0,0.7,0.7037037037037037,True,920,0,,0.8771929824561404,0.8403361344537814,-0.14027351996862036,False,False,0.8160434505512206,True,PASS,0.8771929824561404
LAC,BRK,0.5802534314212554,1.28,3.85,LAC,2026-01-25,1.0,0.5454545454545454,,0.5714285714285714,,0.5802534314212554,0.5802534314212554,0.5802534314212554,0.6956828747083358,LAC,2026-01-25,0.5802534314212554,1.28,3.85,1.0,0.5,0.5454545454545454,True,920,0,,0.78125,0.7504873294346978,-0.17023389801344235,False,False,0.7302151467156892,True,PASS,0.78125
UTA,MIA,0.4758913137178176,2.9,1.43,MIA,2026-01-24,1.0,0.4540540540540541,,0.4648648648648649,,0.4758913137178176,0.4758913137178176,0.4758913137178176,0.39768802704405026,MIA,2026-01-24,0.4758913137178176,2.9,1.43,0.0,0.22,0.4540540540540541,True,920,0,,0.3448275862068966,0.3302540415704388,0.14563727214737882,True,False,0.35384003863435753,True,PASS,0.3448275862068966
PHI,NYK,0.3899312144504047,1.85,1.98,NYK,2026-01-24,1.0,0.4222222222222222,,0.43661971830985913,,0.3899312144504047,0.3899312144504047,0.3899312144504047,0.4910127121916321,NYK,2026-01-24,0.3899312144504047,1.85,1.98,0.0,0.78,0.4222222222222222,True,920,0,,0.5405405405405405,0.5169712793733681,-0.12704006492296338,False,False,0.4910127121916321,False,PASS,0.5405405405405405
CHI,BOS,0.6025069629668299,1.93,1.89,CHI,2026-01-24,1.0,0.6455696202531646,,0.6666666666666666,,0.6025069629668299,0.6025069629668299,0.6025069629668299,0.5227856341944148,CHI,2026-01-24,0.6025069629668299,1.93,1.89,1.0,0.11,0.6455696202531646,True,920,0,,0.5181347150259068,0.4947643979057591,0.10774256506107083,False,False,0.5227856341944148,False,PASS,0.5181347150259068
CHO,WAS,0.7070555337925223,1.17,4.9,CHO,2026-01-24,1.0,0.7037037037037037,,0.711340206185567,,0.7070555337925223,0.7070555337925223,0.7070555337925223,0.7368203488815801,CHO,2026-01-24,0.7070555337925223,1.17,4.9,1.0,0.67,0.7037037037037037,True,920,0,,0.8547008547008548,0.8072487644151565,-0.10019323062263419,False,False,0.7786121751548002,True,PASS,0.8547008547008548
DAL,LAL,0.6767884829346896,2.45,1.57,LAL,2026-01-24,0.0,0.696078431372549,,0.711340206185567,,0.6767884829346896,0.6767884829346896,0.6767884829346896,0.4265006655431176,LAL,2026-01-24,0.6767884829346896,2.45,1.57,0.0,0.0,0.696078431372549,True,920,0,,0.4081632653061224,0.39054726368159204,0.2862412192530976,True,True,0.39500095077588226,True,MODEL_MARKET_GAP,0.4081632653061224
ORL,CLE,0.4560914921336807,1.8,2.05,CLE,2026-01-24,1.0,0.4540540540540541,,0.4648648648648649,,0.4560914921336807,0.4560914921336807,0.4560914921336807,0.5030683009654415,CLE,2026-01-24,0.4560914921336807,1.8,2.05,0.0,0.73,0.4540540540540541,True,920,0,,0.5555555555555556,0.5324675324675325,-0.07637604033385181,False,False,0.5030683009654415,False,PASS,0.5555555555555556
BRK,BOS,0.3857714660838151,3.85,1.28,BOS,2026-01-23,1.0,0.4222222222222222,,0.43661971830985913,,0.3857714660838151,0.3857714660838151,0.3857714660838151,0.35,BOS,2026-01-23,0.3857714660838151,3.85,1.28,0.0,0.33,0.4222222222222222,True,920,0,,0.2597402597402597,0.2495126705653021,0.13625879551851297,True,False,0.27432451262829016,True,PASS,0.2597402597402597
CLE,SAC,0.6474398193893595,1.18,5.1,CLE,2026-01-23,1.0,0.6455696202531646,,0.6666666666666666,,0.6474398193893595,0.6474398193893595,0.6474398193893595,0.7474170344640056,CLE,2026-01-23,0.6474398193893595,1.18,5.1,1.0,0.88,0.6455696202531646,True,920,0,,0.8474576271186441,0.8121019108280254,-0.16466209143866595,False,False,0.7910788640753007,True,PASS,0.8474576271186441
MIL,DEN,0.4690132200832722,1.41,3.0,DEN,2026-01-23,1.0,0.4540540540540541,,0.4673913043478261,,0.4690132200832722,0.4690132200832722,0.4690132200832722,0.6404263746778339,DEN,2026-01-23,0.4690132200832722,1.41,3.0,0.0,0.55,0.4540540540540541,True,920,0,,0.7092198581560284,0.6802721088435374,-0.21125888876026522,False,False,0.6652074996209811,True,PASS,0.7092198581560284
DET,HOU,0.7035112849649506,1.56,2.5,HOU,2026-01-23,0.0,0.7037037037037037,,0.723404255319149,,0.7035112849649506,0.7035112849649506,0.7035112849649506,0.6233048078415815,HOU,2026-01-23,0.7035112849649506,1.56,2.5,0.0,0.7,0.7037037037037037,True,920,0,,0.641025641025641,0.6157635467980296,0.08774773816692105,False,False,0.6450644798136252,True,PASS,0.641025641025641
POR,TOR,0.6323707754988485,2.2,1.7,TOR,2026-01-23,0.0,0.6455696202531646,,0.6666666666666666,,0.6323707754988485,0.6323707754988485,0.6323707754988485,0.4619799684615565,TOR,2026-01-23,0.6323707754988485,2.2,1.7,0.0,0.5,0.6455696202531646,True,920,0,,0.45454545454545453,0.4358974358974359,0.19647333960141256,True,True,0.44568566923079495,True,MODEL_MARKET_GAP,0.45454545454545453
MEM,NOP,0.5687904919817149,1.44,2.85,NOP,2026-01-23,0.0,0.5454545454545454,,0.5740740740740741,,0.5687904919817149,0.5687904919817149,0.5687904919817149,0.6150848443845471,NOP,2026-01-23,0.5687904919817149,1.44,2.85,0.0,0.25,0.5454545454545454,True,920,0,,0.6944444444444444,0.6643356643356644,-0.09554517235394944,False,False,0.6353939345700554,True,PASS,0.6944444444444444
OKC,IND,0.7308694826648878,1.09,8.0,IND,2026-01-23,0.0,0.7468354430379747,,0.7560975609756098,,0.7308694826648878,0.7308694826648878,0.7308694826648878,0.8,IND,2026-01-23,0.7308694826648878,1.09,8.0,0.0,0.73,0.7468354430379747,True,920,0,,0.9174311926605504,0.8800880088008802,-0.1492185261359924,False,False,0.8569799765593148,True,PASS,0.9174311926605504
PHI,HOU,0.5769758653959931,2.14,1.74,PHI,2026-01-22,1.0,0.5454545454545454,,0.5740740740740741,,0.5769758653959931,0.5769758653959931,0.5769758653959931,0.48196307255089593,PHI,2026-01-22,0.5769758653959931,2.14,1.74,1.0,0.78,0.5454545454545454,True,920,0,,0.4672897196261682,0.4484536082474227,0.1285222571485704,True,False,0.4742329607869942,True,PASS,0.4672897196261682
UTA,SAS,0.5395331788704371,5.9,1.15,SAS,2026-01-22,0.0,0.5094339622641508,,0.4725274725274725,,0.5395331788704371,0.5395331788704371,0.5395331788704371,0.35,SAS,2026-01-22,0.5395331788704371,5.9,1.15,0.0,0.22,0.5094339622641508,True,920,0,,0.1694915254237288,0.1631205673758865,0.3764126114945505,True,False,0.16652653224928202,True,PASS,0.1694915254237288
POR,MIA,0.5952138756143143,1.83,2.0,POR,2026-01-22,1.0,0.6455696202531646,,0.6637931034482759,,0.5952138756143143,0.5952138756143143,0.5952138756143143,0.5515048357472863,POR,2026-01-22,0.5952138756143143,1.83,2.0,1.0,0.5,0.6455696202531646,True,920,0,,0.5464480874316939,0.5221932114882506,0.07302066412606367,False,False,0.5515048357472863,False,PASS,0.5464480874316939
WAS,DEN,0.4047961073228609,2.85,1.44,DEN,2026-01-22,1.0,0.4540540540540541,,0.43478260869565216,,0.4047961073228609,0.4047961073228609,0.4047961073228609,0.364797210962046,DEN,2026-01-22,0.4047961073228609,2.85,1.44,0.0,0.3,0.4540540540540541,True,920,0,,0.3508771929824561,0.3356643356643357,0.06913177165852524,False,False,0.364797210962046,False,PASS,0.3508771929824561
MIN,CHI,0.5773808965690406,1.29,3.7,CHI,2026-01-22,0.0,0.5454545454545454,,0.5882352941176471,,0.5773808965690406,0.5773808965690406,0.5773808965690406,0.6873266024742687,CHI,2026-01-22,0.5773808965690406,1.29,3.7,0.0,0.6,0.5454545454545454,True,920,0,,0.7751937984496123,0.7414829659318637,-0.16410206936282312,False,False,0.720384238205022,True,PASS,0.7751937984496123
LAC,LAL,0.5613547312011841,1.89,1.93,LAC,2026-01-22,1.0,0.5172413793103449,,0.5882352941176471,,0.5613547312011841,0.5613547312011841,0.5613547312011841,0.5330620692257282,LAC,2026-01-22,0.5613547312011841,1.89,1.93,1.0,0.5,0.5172413793103449,True,920,0,,0.5291005291005292,0.5052356020942408,0.05611912910694328,False,False,0.5330620692257282,False,PASS,0.5291005291005292
DAL,GSW,0.671394687666739,2.85,1.44,DAL,2026-01-22,1.0,0.696078431372549,,0.7096774193548387,,0.671394687666739,0.671394687666739,0.671394687666739,0.3872224919845103,DAL,2026-01-22,0.671394687666739,2.85,1.44,1.0,0.0,0.696078431372549,True,920,0,,0.3508771929824561,0.3356643356643357,0.33573035200240336,True,True,0.33888927426358617,True,MODEL_MARKET_GAP,0.3508771929824561
ORL,CHO,0.5662454005056252,1.43,2.9,CHO,2026-01-22,0.0,0.5172413793103449,,0.5882352941176471,,0.5662454005056252,0.5662454005056252,0.5662454005056252,0.6201577992156592,CHO,2026-01-22,0.5662454005056252,1.43,2.9,0.0,0.73,0.5172413793103449,True,920,0,,0.6993006993006994,0.6697459584295612,-0.10350055792393598,False,False,0.6413621167243049,True,PASS,0.6993006993006994
MIL,OKC,0.4497861979075421,4.2,1.24,OKC,2026-01-21,1.0,0.4540540540540541,,0.4787234042553192,,0.4497861979075421,0.4497861979075421,0.4497861979075421,0.35,OKC,2026-01-21,0.4497861979075421,4.2,1.24,0.0,0.55,0.4540540540540541,True,920,0,,0.23809523809523808,0.22794117647058823,0.22184502143695387,True,False,0.2417999190753419,True,PASS,0.23809523809523808
NOP,DET,0.5061720166907941,4.0,1.26,DET,2026-01-21,0.0,0.5094339622641508,,0.4819277108433735,,0.5061720166907941,0.5061720166907941,0.5061720166907941,0.35,DET,2026-01-21,0.5061720166907941,4.0,1.26,0.0,0.75,0.5094339622641508,True,920,0,,0.25,0.2395437262357415,0.26662829045505265,True,False,0.2490599859758536,True,PASS,0.25
MEM,ATL,0.5277001547668074,1.8,2.05,ATL,2026-01-21,0.0,0.5094339622641508,,0.4819277108433735,,0.5277001547668074,0.5277001547668074,0.5277001547668074,0.5279759540339777,ATL,2026-01-21,0.5277001547668074,1.8,2.05,0.0,0.25,0.5094339622641508,True,920,0,,0.5555555555555556,0.5324675324675325,-0.004767377700725106,False,False,0.5279759540339777,False,PASS,0.5555555555555556
CHO,CLE,0.7610560603744156,2.24,1.68,CLE,2026-01-21,0.0,0.7468354430379747,,0.775,,0.7610560603744156,0.7610560603744156,0.7610560603744156,0.45133188250524636,CLE,2026-01-21,0.7610560603744156,2.24,1.68,0.0,0.67,0.7468354430379747,True,920,0,,0.4464285714285714,0.4285714285714286,0.33248463180298704,True,True,0.43047411786463763,True,MODEL_MARKET_GAP,0.4464285714285714
BOS,IND,0.6644045797192523,1.2,4.8,BOS,2026-01-21,1.0,0.696078431372549,,0.7049180327868853,,0.6644045797192523,0.6644045797192523,0.6644045797192523,0.7338378561464554,BOS,2026-01-21,0.6644045797192523,1.2,4.8,1.0,0.75,0.696078431372549,True,920,0,,0.8333333333333334,0.7999999999999999,-0.13559542028074767,False,False,0.7751033601723004,True,PASS,0.8333333333333334
NYK,BRK,0.412675646828586,1.17,5.4,NYK,2026-01-21,0.0,0.4540540540540541,,0.43478260869565216,,0.412675646828586,0.412675646828586,0.412675646828586,0.7715420233008552,NYK,2026-01-21,0.412675646828586,1.17,5.4,1.0,0.71,0.4540540540540541,True,920,0,,0.8547008547008548,0.8219178082191781,-0.40924216139059216,False,False,0.819461203883359,True,PASS,0.8547008547008548
SAC,TOR,0.5223534345212489,2.8,1.46,TOR,2026-01-21,0.0,0.5094339622641508,,0.4725274725274725,,0.5223534345212489,0.5223534345212489,0.5223534345212489,0.40322050461199,TOR,2026-01-21,0.5223534345212489,2.8,1.46,0.0,0.29,0.5094339622641508,True,920,0,,0.35714285714285715,0.34272300469483574,0.1796304298264132,True,False,0.36174357801712853,True,PASS,0.35714285714285715
HOU,SAS,0.4800463559976447,1.62,2.36,HOU,2026-01-20,0.0,0.4540540540540541,,0.4787234042553192,,0.4800463559976447,0.4800463559976447,0.4800463559976447,0.5654373329097907,HOU,2026-01-20,0.4800463559976447,1.62,2.36,1.0,0.64,0.4540540540540541,True,920,0,,0.6172839506172839,0.5929648241206029,-0.1129184681229582,False,False,0.5654373329097907,False,PASS,0.6172839506172839
UTA,MIN,0.4325782563221859,5.4,1.17,UTA,2026-01-20,0.0,0.4540540540540541,,0.4264705882352941,,0.4325782563221859,0.4325782563221859,0.4325782563221859,0.35,UTA,2026-01-20,0.4325782563221859,5.4,1.17,1.0,0.22,0.4540540540540541,True,920,0,,0.18518518518518517,0.1780821917808219,0.254496064541364,True,False,0.1886528763767583,True,PASS,0.18518518518518517
GSW,TOR,0.7810410452396694,1.62,2.36,TOR,2026-01-20,0.0,0.7468354430379747,,0.7948717948717948,,0.7810410452396694,0.7810410452396694,0.7810410452396694,0.5776190901395626,TOR,2026-01-20,0.7810410452396694,1.62,2.36,0.0,0.2,0.7468354430379747,True,920,0,,0.6172839506172839,0.5929648241206029,0.18807622111906652,True,False,0.6108844144850895,True,PASS,0.6172839506172839
DEN,LAL,0.4546682792280581,2.24,1.68,LAL,2026-01-20,1.0,0.4540540540540541,,0.4787234042553192,,0.4546682792280581,0.4546682792280581,0.4546682792280581,0.4474043035043518,LAL,2026-01-20,0.4546682792280581,2.24,1.68,0.0,0.6,0.4540540540540541,True,920,0,,0.4464285714285714,0.4285714285714286,0.026096850656629478,False,False,0.4474043035043518,False,PASS,0.4464285714285714
CHI,LAC,0.598238685264607,1.62,2.36,CHI,2026-01-20,1.0,0.6455696202531646,,0.6608695652173913,,0.598238685264607,0.598238685264607,0.598238685264607,0.5979022271720362,CHI,2026-01-20,0.598238685264607,1.62,2.36,1.0,0.11,0.6455696202531646,True,920,0,,0.6172839506172839,0.5929648241206029,0.005273861144004077,False,False,0.5979022271720362,False,PASS,0.6172839506172839
SAC,MIA,0.5620484828858238,2.36,1.62,MIA,2026-01-20,0.0,0.5172413793103449,,0.6,,0.5620484828858238,0.5620484828858238,0.5620484828858238,0.450554272053092,MIA,2026-01-20,0.5620484828858238,2.36,1.62,0.0,0.29,0.5172413793103449,True,920,0,,0.42372881355932207,0.40703517587939697,0.1550133070064268,True,False,0.42936324579013146,True,PASS,0.42372881355932207
NYK,DAL,0.3827689487882426,1.23,4.4,DAL,2026-01-19,1.0,0.4222222222222222,,0.42424242424242425,,0.3827689487882426,0.3827689487882426,0.3827689487882426,0.7369788937121647,DAL,2026-01-19,0.3827689487882426,1.23,4.4,0.0,0.71,0.4222222222222222,True,920,0,,0.8130081300813008,0.7815275310834814,-0.3987585822952388,False,False,0.7787986984848997,True,PASS,0.8130081300813008
SAS,UTA,0.6413833563807121,1.1,7.75,SAS,2026-01-19,1.0,0.6455696202531646,,0.6548672566371682,,0.6413833563807121,0.6413833563807121,0.6413833563807121,0.8,SAS,2026-01-19,0.6413833563807121,1.1,7.75,1.0,0.9,0.6455696202531646,True,920,0,,0.9090909090909091,0.8757062146892656,-0.23432285830855348,False,False,0.8631819971650795,True,PASS,0.9090909090909091
CLE,OKC,0.585788538333295,2.85,1.44,OKC,2026-01-19,0.0,0.5454545454545454,,0.6122448979591837,,0.585788538333295,0.585788538333295,0.585788538333295,0.39264588427183167,OKC,2026-01-19,0.585788538333295,2.85,1.44,0.0,0.88,0.5454545454545454,True,920,0,,0.3508771929824561,0.3356643356643357,0.25012420266895935,True,False,0.3466369775311881,True,PASS,0.3508771929824561
PHI,IND,0.6652624753751025,1.39,3.1,PHI,2026-01-19,1.0,0.696078431372549,,0.6949152542372882,,0.6652624753751025,0.6652624753751025,0.6652624753751025,0.6462443253826965,PHI,2026-01-19,0.6652624753751025,1.39,3.1,1.0,0.78,0.696078431372549,True,920,0,,0.7194244604316548,0.6904231625835189,-0.025160687208416355,False,False,0.6720521475090547,True,PASS,0.7194244604316548
WAS,LAC,0.3520081140392159,3.25,1.36,LAC,2026-01-19,1.0,0.2828282828282828,,0.3333333333333333,,0.3520081140392159,0.3520081140392159,0.3520081140392159,0.35,LAC,2026-01-19,0.3520081140392159,3.25,1.36,0.0,0.3,0.2828282828282828,True,920,0,,0.3076923076923077,0.29501084598698485,0.05699726805223104,False,False,0.3229642082254859,False,PASS,0.3076923076923077
GSW,MIA,0.6133493517019241,1.46,2.8,GSW,2026-01-19,1.0,0.6455696202531646,,0.6548672566371682,,0.6133493517019241,0.6133493517019241,0.6133493517019241,0.6121235142295967,GSW,2026-01-19,0.6133493517019241,1.46,2.8,1.0,0.2,0.6455696202531646,True,920,0,,0.684931506849315,0.6572769953051644,-0.04392764360324031,False,False,0.6319100167407019,True,PASS,0.684931506849315
ATL,MIL,0.5433459781582997,1.74,2.14,MIL,2026-01-19,0.0,0.5094339622641508,,0.4878048780487805,,0.5433459781582997,0.5433459781582997,0.5433459781582997,0.5441449158886451,MIL,2026-01-19,0.5433459781582997,1.74,2.14,0.0,0.77,0.5094339622641508,True,920,0,,0.5747126436781609,0.5515463917525772,-0.008200413594277589,False,False,0.5441449158886451,False,PASS,0.5747126436781609
DET,BOS,0.657419548123684,1.65,2.3,DET,2026-01-19,1.0,0.696078431372549,,0.6949152542372882,,0.657419548123684,0.657419548123684,0.657419548123684,0.5949044583912341,DET,2026-01-19,0.657419548123684,1.65,2.3,1.0,0.7,0.696078431372549,True,920,0,,0.6060606060606061,0.5822784810126582,0.07514106711102575,False,False,0.6116523039896872,True,PASS,0.6060606060606061
MEM,ORL,0.3993185085971389,2.5,1.56,MEM,2026-01-18,0.0,0.4222222222222222,,0.42424242424242425,,0.3993185085971389,0.3993185085971389,0.3993185085971389,0.3967270981538748,MEM,2026-01-18,0.3993185085971389,2.5,1.56,1.0,0.25,0.4222222222222222,True,920,0,,0.4,0.38423645320197053,0.015082055395168381,False,False,0.3967270981538748,False,PASS,0.4
CHI,BRK,0.0743464452469788,1.46,2.8,CHI,2026-01-18,0.0,0.2828282828282828,,0.25,,0.35,0.0743464452469788,0.0743464452469788,0.6280770305248482,CHI,2026-01-18,0.0743464452469788,1.46,2.8,1.0,0.11,0.2828282828282828,True,920,0,,0.684931506849315,0.6572769953051644,-0.3072769953051644,False,False,0.6506788594409979,True,PASS,0.684931506849315
LAL,TOR,0.3338547849968696,,,LAL,2026-01-18,0.0,0.2828282828282828,,0.3181818181818182,,0.35,0.3338547849968696,0.3338547849968696,,LAL,2026-01-18,0.3338547849968696,,,1.0,0.73,0.2828282828282828,True,920,0,,,,,False,False,,False,PASS,
HOU,NOP,0.9530784999569416,1.14,6.0,HOU,2026-01-18,1.0,1.0,,1.0,,0.8,0.9530784999569416,0.9530784999569416,0.7685775694415536,HOU,2026-01-18,0.9530784999569416,1.14,6.0,1.0,0.64,1.0,True,920,0,,0.8771929824561404,0.8403361344537814,-0.04033613445378137,False,False,0.8159736111077102,True,PASS,0.8771929824561404
SAC,POR,0.7864285961732846,,,POR,2026-01-18,0.0,0.7468354430379747,,1.0,,0.7864285961732846,0.7864285961732846,0.7864285961732846,,POR,2026-01-18,0.7864285961732846,,,0.0,0.29,0.7468354430379747,True,920,0,,,,,False,False,,False,PASS,
DEN,CHO,0.5149566975804762,1.68,2.26,CHO,2026-01-18,0.0,0.5094339622641508,,0.48255813953488375,,0.5149566975804762,0.5149566975804762,0.5149566975804762,0.5454286237317273,CHO,2026-01-18,0.5149566975804762,1.68,2.26,0.0,0.6,0.5094339622641508,True,920,0,,0.5952380952380952,0.5736040609137056,-0.058647363333229396,False,False,0.5454286237317273,False,PASS,0.5952380952380952
DAL,UTA,0.5304086692478349,1.62,2.36,DAL,2026-01-17,1.0,0.5094339622641508,,0.47928994082840237,,0.5304086692478349,0.5304086692478349,0.5304086692478349,0.5643446260329119,DAL,2026-01-17,0.5304086692478349,1.62,2.36,1.0,0.0,0.5094339622641508,True,920,0,,0.6172839506172839,0.5929648241206029,-0.062556154872768,False,False,0.5643446260329119,False,PASS,0.6172839506172839
SAS,MIN,0.5933550970210403,1.42,2.95,SAS,2026-01-17,1.0,0.5925925925925926,,0.6231884057971014,,0.5933550970210403,0.5933550970210403,0.5933550970210403,0.6237884074630033,SAS,2026-01-17,0.5933550970210403,1.42,2.95,1.0,0.9,0.5925925925925926,True,920,0,,0.7042253521126761,0.6750572082379863,-0.08170211121694604,False,False,0.6456334205447098,True,PASS,0.7042253521126761
GSW,CHO,0.5435084508772369,1.36,3.25,GSW,2026-01-17,1.0,0.5094339622641508,,0.48255813953488375,,0.5435084508772369,0.5435084508772369,0.5435084508772369,0.6560055054266233,GSW,2026-01-17,0.5435084508772369,1.36,3.25,1.0,0.2,0.5094339622641508,True,920,0,,0.7352941176470588,0.7049891540130152,-0.16148070313577834,False,False,0.6835358887372038,True,PASS,0.7352941176470588
NYK,PHO,0.4062728124093717,1.59,2.42,PHO,2026-01-17,1.0,0.4540540540540541,,0.4126984126984127,,0.4062728124093717,0.4062728124093717,0.4062728124093717,0.5867298269178466,PHO,2026-01-17,0.4062728124093717,1.59,2.42,0.0,0.71,0.4540540540540541,True,920,0,,0.6289308176100629,0.6034912718204488,-0.19721845941107713,False,False,0.5867298269178466,False,PASS,0.6289308176100629
ATL,BOS,0.4667897489038531,2.36,1.62,BOS,2026-01-17,1.0,0.4540540540540541,,0.48255813953488375,,0.4667897489038531,0.4667897489038531,0.4667897489038531,0.43534796347379945,BOS,2026-01-17,0.4667897489038531,2.36,1.62,0.0,0.77,0.4540540540540541,True,920,0,,0.42372881355932207,0.40703517587939697,0.05975457302445614,False,False,0.43534796347379945,False,PASS,0.42372881355932207
MIA,OKC,0.4364626215918478,4.4,1.23,MIA,2026-01-17,0.0,0.4540540540540541,,0.4153846153846154,,0.4364626215918478,0.4364626215918478,0.4364626215918478,0.35,MIA,2026-01-17,0.4364626215918478,4.4,1.23,1.0,0.67,0.4540540540540541,True,920,0,,0.22727272727272727,0.21847246891651864,0.21799015267532915,True,False,0.2327626545472731,True,PASS,0.22727272727272727
DEN,WAS,0.5872593825836531,1.15,5.7,DEN,2026-01-17,1.0,0.5925925925925926,,0.6486486486486487,,0.5872593825836531,0.5872593825836531,0.5872593825836531,0.7725475906129096,DEN,2026-01-17,0.5872593825836531,1.15,5.7,1.0,0.6,0.5925925925925926,True,920,0,,0.8695652173913044,0.832116788321168,-0.2448574057375149,False,False,0.8206442242504819,True,PASS,0.8695652173913044
DET,IND,0.648827810767519,1.14,6.0,DET,2026-01-17,1.0,0.6455696202531646,,0.6486486486486487,,0.648827810767519,0.648827810767519,0.648827810767519,0.774427419246067,DET,2026-01-17,0.648827810767519,1.14,6.0,1.0,0.7,0.6455696202531646,True,920,0,,0.8771929824561404,0.8403361344537814,-0.19150832368626236,False,False,0.822855787348314,True,PASS,0.8771929824561404
POR,LAL,0.5110063240666811,1.65,2.3,POR,2026-01-17,1.0,0.5094339622641508,,0.48255813953488375,,0.5110063240666811,0.5110063240666811,0.5110063240666811,0.5530365467583502,POR,2026-01-17,0.5110063240666811,1.65,2.3,1.0,0.5,0.5094339622641508,True,920,0,,0.6060606060606061,0.5822784810126582,-0.0712721569459771,False,False,0.5530365467583502,False,PASS,0.6060606060606061
PHI,CLE,0.5704755763813759,1.7,2.2,CLE,2026-01-16,0.0,0.5454545454545454,,0.6231884057971014,,0.5704755763813759,0.5704755763813759,0.5704755763813759,0.569987580867926,CLE,2026-01-16,0.5704755763813759,1.7,2.2,0.0,0.78,0.5454545454545454,True,920,0,,0.5882352941176471,0.5641025641025641,0.006373012278811818,False,False,0.569987580867926,False,PASS,0.5882352941176471
HOU,MIN,0.5991149469438325,1.56,2.5,HOU,2026-01-16,1.0,0.6455696202531646,,0.6231884057971014,,0.5991149469438325,0.5991149469438325,0.5991149469438325,0.5869064568137331,HOU,2026-01-16,0.5991149469438325,1.56,2.5,1.0,0.64,0.6455696202531646,True,920,0,,0.641025641025641,0.6157635467980296,-0.016648599854197088,False,False,0.6022428903690977,True,PASS,0.641025641025641
BRK,CHI,0.2798137238992225,1.8,2.05,BRK,2026-01-16,0.0,0.2828282828282828,,0.2857142857142857,,0.35,0.2798137238992225,0.2798137238992225,0.513819733951919,BRK,2026-01-16,0.2798137238992225,1.8,2.05,1.0,0.33,0.2828282828282828,True,920,0,,0.5555555555555556,0.5324675324675325,-0.18246753246753256,False,False,0.513819733951919,False,PASS,0.5555555555555556
SAC,WAS,0.3844485379596853,1.37,3.2,SAC,2026-01-16,0.0,0.4222222222222222,,0.4126984126984127,,0.3844485379596853,0.3844485379596853,0.3844485379596853,0.6650030810669562,SAC,2026-01-16,0.3844485379596853,1.37,3.2,1.0,0.29,0.4222222222222222,True,920,0,,0.7299270072992701,0.700218818380744,-0.31577028042105865,False,False,0.6941212718434778,True,PASS,0.7299270072992701
TOR,LAC,0.4914583437531902,2.05,1.8,LAC,2026-01-16,1.0,0.4540540540540541,,0.47928994082840237,,0.4914583437531902,0.4914583437531902,0.4914583437531902,0.48527362298824445,LAC,2026-01-16,0.4914583437531902,2.05,1.8,0.0,0.4,0.4540540540540541,True,920,0,,0.48780487804878053,0.4675324675324676,0.02392587622072262,False,False,0.48527362298824445,False,PASS,0.48780487804878053
IND,NOP,0.4879714874854292,1.59,2.42,IND,2026-01-16,0.0,0.4540540540540541,,0.47928994082840237,,0.4879714874854292,0.4879714874854292,0.4879714874854292,0.5762306154522464,IND,2026-01-16,0.4879714874854292,1.59,2.42,1.0,0.22,0.4540540540540541,True,920,0,,0.6289308176100629,0.6034912718204488,-0.11551978433501964,False,False,0.5762306154522464,False,PASS,0.6289308176100629
GSW,NYK,0.6228020179151444,1.4,3.05,GSW,2026-01-15,1.0,0.6455696202531646,,0.6395348837209303,,0.6228020179151444,0.6228020179151444,0.6228020179151444,0.6332541298210252,GSW,2026-01-15,0.6228020179151444,1.4,3.05,1.0,0.2,0.6455696202531646,True,920,0,,0.7142857142857143,0.6853932584269663,-0.06259124051182186,False,False,0.6567695644953238,True,PASS,0.7142857142857143
DAL,UTA,0.4107875873273174,1.7,2.2,DAL,2026-01-15,0.0,0.4540540540540541,,0.38333333333333336,,0.4107875873273174,0.4107875873273174,0.4107875873273174,0.5415452972920383,DAL,2026-01-15,0.4107875873273174,1.7,2.2,1.0,0.0,0.4540540540540541,True,920,0,,0.5882352941176471,0.5641025641025641,-0.1533149767752467,False,False,0.5415452972920383,False,PASS,0.5882352941176471
DET,PHO,0.5962413289042435,1.35,3.3,DET,2026-01-15,1.0,0.6455696202531646,,0.6176470588235294,,0.5962413289042435,0.5962413289042435,0.5962413289042435,0.6548717769597345,DET,2026-01-15,0.5962413289042435,1.35,3.3,1.0,0.7,0.6455696202531646,True,920,0,,0.7407407407407407,0.7096774193548387,-0.11343609045059522,False,False,0.6822020905408641,True,PASS,0.7407407407407407
SAS,MIL,0.4055834725309643,1.34,3.35,SAS,2026-01-15,0.0,0.4540540540540541,,0.38333333333333336,,0.4055834725309643,0.4055834725309643,0.4055834725309643,0.6766079198218986,SAS,2026-01-15,0.4055834725309643,1.34,3.35,1.0,0.9,0.4540540540540541,True,920,0,,0.7462686567164178,0.7142857142857143,-0.30870224175475003,False,False,0.7077740233198807,True,PASS,0.7462686567164178
MIA,BOS,0.4944659509359115,2.24,1.68,BOS,2026-01-15,1.0,0.4540540540540541,,0.48484848484848486,,0.4944659509359115,0.4944659509359115,0.4944659509359115,0.4574868130414145,BOS,2026-01-15,0.4944659509359115,2.24,1.68,0.0,0.67,0.4540540540540541,True,920,0,,0.4464285714285714,0.4285714285714286,0.0658945223644829,False,False,0.4574868130414145,False,PASS,0.4464285714285714
HOU,OKC,0.5369616545424593,2.64,1.51,OKC,2026-01-15,0.0,0.5094339622641508,,0.48484848484848486,,0.5369616545424593,0.5369616545424593,0.5369616545424593,0.4186198525735968,OKC,2026-01-15,0.5369616545424593,2.64,1.51,0.0,0.64,0.5094339622641508,True,920,0,,0.3787878787878788,0.363855421686747,0.17310623285571225,True,False,0.3837426465337097,True,PASS,0.3787878787878788
POR,ATL,0.5432507690412679,2.4,1.6,POR,2026-01-15,1.0,0.5094339622641508,,0.48484848484848486,,0.5432507690412679,0.5432507690412679,0.5432507690412679,0.4467313995590495,POR,2026-01-15,0.5432507690412679,2.4,1.6,1.0,0.5,0.5094339622641508,True,920,0,,0.4166666666666667,0.39999999999999997,0.14325076904126793,True,False,0.42390199937007067,True,PASS,0.4166666666666667
ORL,MEM,0.5974978553549952,1.43,2.9,ORL,2026-01-15,1.0,0.6455696202531646,,0.6231884057971014,,0.5974978553549952,0.5974978553549952,0.5974978553549952,0.6193935733985032,ORL,2026-01-15,0.5974978553549952,1.43,2.9,1.0,0.73,0.6455696202531646,True,920,0,,0.6993006993006994,0.6697459584295612,-0.07224810307456597,False,False,0.6404630275276508,True,PASS,0.6993006993006994
LAL,CHO,0.670522081435954,1.56,2.5,CHO,2026-01-15,0.0,0.696078431372549,,0.7068965517241379,,0.670522081435954,0.670522081435954,0.670522081435954,0.6218739350287104,CHO,2026-01-15,0.670522081435954,1.56,2.5,0.0,0.73,0.696078431372549,True,920,0,,0.641025641025641,0.6157635467980296,0.05475853463792446,False,False,0.6433811000337769,True,PASS,0.641025641025641
IND,TOR,0.4957492551270722,2.14,1.74,TOR,2026-01-14,1.0,0.4540540540540541,,0.48484848484848486,,0.4957492551270722,0.4957492551270722,0.4957492551270722,0.474639549494452,TOR,2026-01-14,0.4957492551270722,2.14,1.74,0.0,0.22,0.4540540540540541,True,920,0,,0.4672897196261682,0.4484536082474227,0.04729564687964949,False,False,0.474639549494452,False,PASS,0.4672897196261682
CHI,UTA,0.3773716076207121,1.56,2.5,CHI,2026-01-14,0.0,0.4222222222222222,,0.38333333333333336,,0.3773716076207121,0.3773716076207121,0.3773716076207121,0.5881056658326576,CHI,2026-01-14,0.3773716076207121,1.56,2.5,1.0,0.11,0.4222222222222222,True,920,0,,0.641025641025641,0.6157635467980296,-0.2383919391773175,False,False,0.6036537245090089,True,PASS,0.641025641025641
NOP,BRK,0.4249656281749272,2.1,1.77,NOP,2026-01-14,0.0,0.4540540540540541,,0.3793103448275862,,0.4249656281749272,0.4249656281749272,0.4249656281749272,0.4357548032075491,NOP,2026-01-14,0.4249656281749272,2.1,1.77,1.0,0.75,0.4540540540540541,True,920,0,,0.47619047619047616,0.4573643410852713,-0.032398712910344074,False,False,0.4357548032075491,False,PASS,0.47619047619047616
DAL,DEN,0.391469161201273,1.82,2.02,DEN,2026-01-14,1.0,0.4222222222222222,,0.3793103448275862,,0.391469161201273,0.391469161201273,0.391469161201273,0.5010148777064396,DEN,2026-01-14,0.391469161201273,1.82,2.02,0.0,0.0,0.4222222222222222,True,920,0,,0.5494505494505494,0.5260416666666667,-0.13457250546539373,False,False,0.5010148777064396,False,PASS,0.5494505494505494
PHI,CLE,0.7064706546389082,1.87,1.95,CLE,2026-01-14,0.0,0.7037037037037037,,0.7272727272727273,,0.7064706546389082,0.7064706546389082,0.7064706546389082,0.5191693711336448,CLE,2026-01-14,0.7064706546389082,1.87,1.95,0.0,0.78,0.7037037037037037,True,920,0,,0.53475935828877,0.5104712041884817,0.19599945045042655,True,False,0.5273848159052069,True,PASS,0.53475935828877
LAC,WAS,0.6892687843888079,1.15,5.9,LAC,2026-01-14,1.0,0.7037037037037037,,0.7272727272727273,,0.6892687843888079,0.6892687843888079,0.6892687843888079,0.7665228695790983,LAC,2026-01-14,0.6892687843888079,1.15,5.9,1.0,0.5,0.7037037037037037,True,920,0,,0.8695652173913044,0.8368794326241135,-0.14761064823530556,False,False,0.8135563171518804,True,PASS,0.8695652173913044
SAC,NYK,0.3505544888281816,4.8,1.2,SAC,2026-01-14,0.0,0.2828282828282828,,0.3023255813953488,,0.3505544888281816,0.3505544888281816,0.3505544888281816,0.35,SAC,2026-01-14,0.3505544888281816,4.8,1.2,1.0,0.29,0.2828282828282828,True,920,0,,0.20833333333333334,0.19999999999999998,0.1505544888281816,True,False,0.2229288045402174,True,PASS,0.20833333333333334
MIA,PHO,0.4577259306013257,1.87,1.95,MIA,2026-01-13,0.0,0.4540540540540541,,0.4782608695652174,,0.4577259306013257,0.4577259306013257,0.4577259306013257,0.4831910837392782,MIA,2026-01-13,0.4577259306013257,1.87,1.95,1.0,0.67,0.4540540540540541,True,920,0,,0.53475935828877,0.5104712041884817,-0.05274527358715597,False,False,0.4831910837392782,False,PASS,0.53475935828877
HOU,CHI,0.6905142309709209,1.17,5.4,HOU,2026-01-13,1.0,0.7037037037037037,,0.7142857142857143,,0.6905142309709209,0.6905142309709209,0.6905142309709209,0.7520189805141073,HOU,2026-01-13,0.6905142309709209,1.17,5.4,1.0,0.64,0.7037037037037037,True,920,0,,0.8547008547008548,0.8219178082191781,-0.13140357724825724,False,False,0.7964929182518911,True,PASS,0.8547008547008548
OKC,SAS,0.6996349255260431,1.29,3.7,OKC,2026-01-13,1.0,0.7037037037037037,,0.7272727272727273,,0.6996349255260431,0.6996349255260431,0.6996349255260431,0.6841783957892917,OKC,2026-01-13,0.6996349255260431,1.29,3.7,1.0,0.73,0.7037037037037037,True,920,0,,0.7751937984496123,0.7414829659318637,-0.041848040405820575,False,False,0.7166804656344609,True,PASS,0.7751937984496123
MIL,MIN,0.6505288596784253,1.68,2.24,MIN,2026-01-13,0.0,0.6455696202531646,,0.656140078011359,,0.6505288596784253,0.6505288596784253,0.6505288596784253,0.5857284937850757,MIN,2026-01-13,0.6505288596784253,1.68,2.24,0.0,0.55,0.6455696202531646,True,920,0,,0.5952380952380952,0.5714285714285715,0.07910028824985382,False,False,0.6008570515118538,True,PASS,0.5952380952380952
NOP,DEN,0.4510095729330178,2.05,1.8,DEN,2026-01-13,1.0,0.4540540540540541,,0.4878048780487805,,0.4510095729330178,0.4510095729330178,0.4510095729330178,0.454092797439558,DEN,2026-01-13,0.4510095729330178,2.05,1.8,0.0,0.75,0.4540540540540541,True,920,0,,0.48780487804878053,0.4675324675324676,-0.016522894599449778,False,False,0.454092797439558,False,PASS,0.48780487804878053
GSW,POR,0.625130988298508,1.23,4.4,GSW,2026-01-13,1.0,0.6455696202531646,,0.6428571428571429,,0.625130988298508,0.625130988298508,0.625130988298508,0.7204784226039055,GSW,2026-01-13,0.625130988298508,1.23,4.4,1.0,0.2,0.6455696202531646,True,920,0,,0.8130081300813008,0.7815275310834814,-0.1563965427849734,False,False,0.7593863795340065,True,PASS,0.8130081300813008
LAL,ATL,0.6713112546211288,2.2,1.7,LAL,2026-01-13,1.0,0.696078431372549,,0.7017543859649122,,0.6713112546211288,0.6713112546211288,0.6713112546211288,0.4593394152702059,LAL,2026-01-13,0.6713112546211288,2.2,1.7,1.0,0.73,0.696078431372549,True,920,0,,0.45454545454545453,0.4358974358974359,0.23541381872369294,True,True,0.4419134503860084,True,MODEL_MARKET_GAP,0.45454545454545453
IND,BOS,0.5853434208632223,2.85,1.44,IND,2026-01-12,1.0,0.5454545454545454,,0.6212121212121212,,0.5853434208632223,0.5853434208632223,0.5853434208632223,0.3926749943917411,IND,2026-01-12,0.5853434208632223,2.85,1.44,1.0,0.22,0.5454545454545454,True,920,0,,0.3508771929824561,0.3356643356643357,0.24967908519888665,True,False,0.34667856341677294,True,PASS,0.3508771929824561
DAL,BRK,0.4482472186654126,1.62,2.36,DAL,2026-01-12,0.0,0.4540540540540541,,0.4782608695652174,,0.4482472186654126,0.4482472186654126,0.4482472186654126,0.5692567842251843,DAL,2026-01-12,0.4482472186654126,1.62,2.36,1.0,0.0,0.4540540540540541,True,920,0,,0.6172839506172839,0.5929648241206029,-0.1447176054551903,False,False,0.5692567842251843,False,PASS,0.6172839506172839
CLE,UTA,0.6769057124984172,1.14,6.0,UTA,2026-01-12,0.0,0.696078431372549,,0.7142857142857143,,0.6769057124984172,0.6769057124984172,0.6769057124984172,0.7712746159511668,UTA,2026-01-12,0.6769057124984172,1.14,6.0,0.0,0.88,0.696078431372549,True,920,0,,0.8771929824561404,0.8403361344537814,-0.16343042195536417,False,False,0.8191466070013727,True,PASS,0.8771929824561404
LAC,CHO,0.439464281732815,1.52,2.6,LAC,2026-01-12,0.0,0.4540540540540541,,0.45964255074589605,,0.439464281732815,0.439464281732815,0.439464281732815,0.5965597822744416,LAC,2026-01-12,0.439464281732815,1.52,2.6,1.0,0.5,0.4540540540540541,True,920,0,,0.6578947368421053,0.6310679611650486,-0.1916036794322336,False,False,0.6135997438522842,True,PASS,0.6578947368421053
SAC,LAL,0.3030865433753891,4.0,1.26,SAC,2026-01-12,0.0,0.2828282828282828,,0.25,,0.35,0.3030865433753891,0.3030865433753891,0.35,SAC,2026-01-12,0.3030865433753891,4.0,1.26,1.0,0.29,0.2828282828282828,True,920,0,,0.25,0.2395437262357415,0.11045627376425848,False,False,0.26731261564485165,False,PASS,0.25
TOR,PHI,0.5860632624198406,2.3,1.65,PHI,2026-01-12,0.0,0.5454545454545454,,0.6212121212121212,,0.5860632624198406,0.5860632624198406,0.5860632624198406,0.45677372210691086,PHI,2026-01-12,0.5860632624198406,2.3,1.65,0.0,0.4,0.5454545454545454,True,920,0,,0.4347826086956522,0.4177215189873418,0.16834174343249886,True,False,0.4382481744384441,True,PASS,0.4347826086956522
ORL,NOP,0.5366703668603217,1.39,3.1,ORL,2026-01-11,1.0,0.5094339622641508,,0.46496815286624205,,0.5366703668603217,0.5366703668603217,0.5366703668603217,0.6427362021793774,ORL,2026-01-11,0.5366703668603217,1.39,3.1,1.0,0.73,0.5094339622641508,True,920,0,,0.7194244604316548,0.6904231625835189,-0.15375279572319722,False,False,0.667924943740444,True,PASS,0.7194244604316548
MEM,BRK,0.5475173366887672,1.36,3.25,MEM,2026-01-11,1.0,0.5172413793103449,,0.46496815286624205,,0.5475173366887672,0.5475173366887672,0.5475173366887672,0.6555444021011532,MEM,2026-01-11,0.5475173366887672,1.36,3.25,1.0,0.25,0.5172413793103449,True,920,0,,0.7352941176470588,0.7049891540130152,-0.15747181732424798,False,False,0.6829934142366507,True,PASS,0.7352941176470588
DEN,MIL,0.5031058615687718,2.14,1.74,DEN,2026-01-11,1.0,0.5094339622641508,,0.46496815286624205,,0.5031058615687718,0.5031058615687718,0.5031058615687718,0.4760542018303416,DEN,2026-01-11,0.5031058615687718,2.14,1.74,1.0,0.6,0.5094339622641508,True,920,0,,0.4672897196261682,0.4484536082474227,0.0546522533213491,False,False,0.4760542018303416,False,PASS,0.4672897196261682
OKC,MIA,0.7282701017450532,1.12,6.5,OKC,2026-01-11,1.0,0.7468354430379747,,0.8,,0.7282701017450532,0.7282701017450532,0.7282701017450532,0.7777692094947443,OKC,2026-01-11,0.7282701017450532,1.12,6.5,1.0,0.73,0.7468354430379747,True,920,0,,0.8928571428571428,0.8530183727034122,-0.12474827095835894,False,False,0.8267873052879344,True,PASS,0.8928571428571428
SAC,HOU,0.3217759941788336,5.7,1.15,SAC,2026-01-11,0.0,0.2828282828282828,,0.2857142857142857,,0.35,0.3217759941788336,0.3217759941788336,0.35,SAC,2026-01-11,0.3217759941788336,5.7,1.15,1.0,0.29,0.2828282828282828,True,920,0,,0.17543859649122806,0.1678832116788321,0.18211678832116787,True,False,0.18657694444209627,True,PASS,0.17543859649122806
PHO,WAS,0.7361129763061817,1.12,6.5,PHO,2026-01-11,1.0,0.7468354430379747,,0.8055555555555556,,0.7361129763061817,0.7361129763061817,0.7361129763061817,0.7770187772890569,PHO,2026-01-11,0.7361129763061817,1.12,6.5,1.0,0.86,0.7468354430379747,True,920,0,,0.8928571428571428,0.8530183727034122,-0.11690539639723052,False,False,0.8259044438694787,True,PASS,0.8928571428571428
GSW,ATL,0.6423893361901992,1.46,2.8,ATL,2026-01-11,0.0,0.6455696202531646,,0.65,,0.6423893361901992,0.6423893361901992,0.6423893361901992,0.6231797461459662,ATL,2026-01-11,0.6423893361901992,1.46,2.8,0.0,0.2,0.6455696202531646,True,920,0,,0.684931506849315,0.6572769953051644,-0.014887659114965146,False,False,0.644917348407019,True,PASS,0.684931506849315
MIN,SAS,0.6539265318434804,1.7,2.2,MIN,2026-01-11,1.0,0.696078431372549,,0.7090909090909091,,0.6539265318434804,0.6539265318434804,0.6539265318434804,0.5933283747253881,MIN,2026-01-11,0.6539265318434804,1.7,2.2,1.0,0.6,0.696078431372549,True,920,0,,0.5882352941176471,0.5641025641025641,0.08982396774091628,False,False,0.5933283747253881,False,PASS,0.5882352941176471
POR,NYK,0.6174432143720677,2.6,1.52,NYK,2026-01-11,0.0,0.6455696202531646,,0.65,,0.6174432143720677,0.6174432143720677,0.6174432143720677,0.41392593619081813,NYK,2026-01-11,0.6174432143720677,2.6,1.52,0.0,0.5,0.6455696202531646,True,920,0,,0.3846153846153846,0.3689320388349514,0.24851117553711632,True,True,0.37703705170116875,True,MODEL_MARKET_GAP,0.3846153846153846
TOR,PHI,0.6428520307844056,2.54,1.54,TOR,2026-01-11,1.0,0.6455696202531646,,0.6385542168674698,,0.6428520307844056,0.6428520307844056,0.6428520307844056,0.41859325416446796,TOR,2026-01-11,0.6428520307844056,2.54,1.54,1.0,0.4,0.6455696202531646,True,920,0,,0.39370078740157477,0.37745098039215685,0.2654010503922487,True,True,0.3837046488063828,True,MODEL_MARKET_GAP,0.39370078740157477
IND,MIA,0.470258158783129,3.3,1.35,IND,2026-01-10,0.0,0.4540540540540541,,0.46496815286624205,,0.470258158783129,0.470258158783129,0.470258158783129,0.36651205048697155,IND,2026-01-10,0.470258158783129,3.3,1.35,1.0,0.22,0.4540540540540541,True,920,0,,0.30303030303030304,0.2903225806451613,0.17993557813796768,True,False,0.3093029292671022,True,PASS,0.30303030303030304
CLE,MIN,0.621974270115102,1.7,2.2,CLE,2026-01-10,1.0,0.6455696202531646,,0.65,,0.621974270115102,0.621974270115102,0.621974270115102,0.5921762381363354,CLE,2026-01-10,0.621974270115102,1.7,2.2,1.0,0.88,0.6455696202531646,True,920,0,,0.5882352941176471,0.5641025641025641,0.05787170601253788,False,False,0.5921762381363354,False,PASS,0.5882352941176471
DET,LAC,0.637491090465814,1.51,2.64,LAC,2026-01-10,0.0,0.6455696202531646,,0.6582278481012658,,0.637491090465814,0.637491090465814,0.637491090465814,0.6168483239772421,LAC,2026-01-10,0.637491090465814,1.51,2.64,0.0,0.7,0.6455696202531646,True,920,0,,0.6622516556291391,0.6361445783132531,0.0013465121525608748,False,False,0.6374686164438143,True,PASS,0.6622516556291391
CHI,DAL,0.3811653539700926,1.68,2.24,CHI,2026-01-10,0.0,0.4222222222222222,,0.375,,0.3811653539700926,0.3811653539700926,0.3811653539700926,0.5537894675235164,CHI,2026-01-10,0.3811653539700926,1.68,2.24,1.0,0.11,0.4222222222222222,True,920,0,,0.5952380952380952,0.5714285714285715,-0.1902632174584789,False,False,0.5537894675235164,False,PASS,0.5952380952380952
UTA,CHO,0.4178226412268801,2.54,1.54,CHO,2026-01-10,1.0,0.4540540540540541,,0.375,,0.4178226412268801,0.4178226412268801,0.4178226412268801,0.4018241352018824,CHO,2026-01-10,0.4178226412268801,2.54,1.54,0.0,0.22,0.4540540540540541,True,920,0,,0.39370078740157477,0.37745098039215685,0.040371660834723266,False,False,0.4018241352018824,False,PASS,0.39370078740157477
BOS,SAS,0.6608771232919017,1.98,1.85,SAS,2026-01-10,0.0,0.696078431372549,,0.71875,,0.6608771232919017,0.6608771232919017,0.6608771232919017,0.5015993554332254,SAS,2026-01-10,0.6608771232919017,1.98,1.85,0.0,0.75,0.696078431372549,True,920,0,,0.5050505050505051,0.4830287206266319,0.17784840266526986,True,False,0.5022847934760364,True,PASS,0.5050505050505051
BRK,LAC,0.4596808834503605,2.64,1.51,LAC,2026-01-09,1.0,0.4540540540540541,,0.47333333333333333,,0.4596808834503605,0.4596808834503605,0.4596808834503605,0.3927805340592033,LAC,2026-01-09,0.4596808834503605,2.64,1.51,0.0,0.33,0.4540540540540541,True,920,0,,0.3787878787878788,0.363855421686747,0.0958254617636135,False,False,0.3927805340592033,False,PASS,0.3787878787878788
GSW,SAC,0.6239644410416928,1.13,6.25,GSW,2026-01-09,1.0,0.6455696202531646,,0.6538461538461539,,0.6239644410416928,0.6239644410416928,0.6239644410416928,0.7831718379409731,GSW,2026-01-09,0.6239644410416928,1.13,6.25,1.0,0.2,0.6455696202531646,True,920,0,,0.8849557522123894,0.8468834688346885,-0.22291902779299566,False,False,0.833143338754086,True,PASS,0.8849557522123894
MEM,OKC,0.3664680800512817,2.8,1.46,OKC,2026-01-09,1.0,0.2828282828282828,,0.29411764705882354,,0.3664680800512817,0.3664680800512817,0.3664680800512817,0.36036993263081996,OKC,2026-01-09,0.3664680800512817,2.8,1.46,0.0,0.25,0.2828282828282828,True,920,0,,0.35714285714285715,0.34272300469483574,0.023745075356445933,False,False,0.36036993263081996,False,PASS,0.35714285714285715
PHO,NYK,0.6591690742870373,1.98,1.85,PHO,2026-01-09,1.0,0.696078431372549,,0.7096774193548387,,0.6591690742870373,0.6591690742870373,0.6591690742870373,0.5017579920949892,PHO,2026-01-09,0.6591690742870373,1.98,1.85,1.0,0.86,0.696078431372549,True,920,0,,0.5050505050505051,0.4830287206266319,0.17614035366040542,True,False,0.502511417278556,True,PASS,0.5050505050505051
WAS,NOP,0.5131237498621448,2.2,1.7,NOP,2026-01-09,0.0,0.5094339622641508,,0.47333333333333333,,0.5131237498621448,0.5131237498621448,0.5131237498621448,0.46530968809245665,NOP,2026-01-09,0.5131237498621448,2.2,1.7,0.0,0.3,0.5094339622641508,True,920,0,,0.45454545454545453,0.4358974358974359,0.07722631396470891,False,False,0.46530968809245665,False,PASS,0.45454545454545453
LAL,MIL,0.5296896031105625,1.65,2.3,MIL,2026-01-09,0.0,0.5094339622641508,,0.47058823529411764,,0.5296896031105625,0.5296896031105625,0.5296896031105625,0.5550260241571234,MIL,2026-01-09,0.5296896031105625,1.65,2.3,0.0,0.73,0.5094339622641508,True,920,0,,0.6060606060606061,0.5822784810126582,-0.052588877902095765,False,False,0.5550260241571234,False,PASS,0.6060606060606061
POR,HOU,0.5049763251584368,3.0,1.41,POR,2026-01-09,1.0,0.5094339622641508,,0.47058823529411764,,0.5049763251584368,0.5049763251584368,0.5049763251584368,0.3866091688809516,POR,2026-01-09,0.5049763251584368,3.0,1.41,1.0,0.5,0.5094339622641508,True,920,0,,0.3333333333333333,0.31972789115646255,0.18524843400197427,True,False,0.3380130984013594,True,PASS,0.3333333333333333
DEN,ATL,0.5474878245923759,2.02,1.82,ATL,2026-01-09,0.0,0.5172413793103449,,0.47058823529411764,,0.5474878245923759,0.5474878245923759,0.5474878245923759,0.5032870734502121,ATL,2026-01-09,0.5474878245923759,2.02,1.82,0.0,0.6,0.5172413793103449,True,920,0,,0.49504950495049505,0.4739583333333334,0.07352949125904246,False,False,0.5032870734502121,False,PASS,0.49504950495049505
ORL,PHI,0.4577676328173523,2.3,1.65,PHI,2026-01-09,1.0,0.4540540540540541,,0.47058823529411764,,0.4577676328173523,0.4577676328173523,0.4577676328173523,0.4419967180139137,PHI,2026-01-09,0.4577676328173523,2.3,1.65,0.0,0.73,0.4540540540540541,True,920,0,,0.4347826086956522,0.4177215189873418,0.0400461138300105,False,False,0.4419967180139137,False,PASS,0.4347826086956522
BOS,TOR,0.7189119091481779,1.23,4.4,BOS,2026-01-09,1.0,0.7468354430379747,,0.71875,,0.7189119091481779,0.7189119091481779,0.7189119091481779,0.7149662009607604,BOS,2026-01-09,0.7189119091481779,1.23,4.4,1.0,0.75,0.7468354430379747,True,920,0,,0.8130081300813008,0.7815275310834814,-0.06261562193530346,False,False,0.7529014128950122,True,PASS,0.8130081300813008
UTA,DAL,0.5193399852388226,2.9,1.43,UTA,2026-01-08,1.0,0.5094339622641508,,0.47333333333333333,,0.5193399852388226,0.5193399852388226,0.5193399852388226,0.3936307150623986,UTA,2026-01-08,0.5193399852388226,2.9,1.43,1.0,0.22,0.5094339622641508,True,920,0,,0.3448275862068966,0.3302540415704388,0.18908594366838383,True,False,0.3480438786605694,True,PASS,0.3448275862068966
CHO,IND,0.600928022277749,1.56,2.5,IND,2026-01-08,0.0,0.6455696202531646,,0.6538461538461539,,0.600928022277749,0.600928022277749,0.600928022277749,0.5879232798448406,IND,2026-01-08,0.600928022277749,1.56,2.5,0.0,0.67,0.6455696202531646,True,920,0,,0.641025641025641,0.6157635467980296,-0.014835524520280585,False,False,0.603439152758636,True,PASS,0.641025641025641
MIN,CLE,0.705668728118653,1.8,2.05,MIN,2026-01-08,1.0,0.7037037037037037,,0.7096774193548387,,0.705668728118653,0.705668728118653,0.705668728118653,0.5366394429106413,MIN,2026-01-08,0.705668728118653,1.8,2.05,1.0,0.6,0.7037037037037037,True,920,0,,0.5555555555555556,0.5324675324675325,0.17320119565112047,True,False,0.552342061300916,True,PASS,0.5555555555555556
GSW,MIL,0.6231598799776962,1.43,2.9,GSW,2026-01-07,1.0,0.6455696202531646,,0.6578947368421053,,0.6231598799776962,0.6231598799776962,0.6231598799776962,0.6221646250896868,GSW,2026-01-07,0.6231598799776962,1.43,2.9,1.0,0.2,0.6455696202531646,True,920,0,,0.6993006993006994,0.6697459584295612,-0.04658607845186502,False,False,0.643723088340808,True,PASS,0.6993006993006994
BOS,DEN,0.7561656647836603,1.26,4.0,DEN,2026-01-07,0.0,0.7468354430379747,,0.8421052631578947,,0.7561656647836603,0.7561656647836603,0.7561656647836603,0.7179312614319854,DEN,2026-01-07,0.7561656647836603,1.26,4.0,0.0,0.75,0.7468354430379747,True,920,0,,0.7936507936507936,0.7604562737642586,-0.004290608980598298,False,False,0.7563897193317475,True,PASS,0.7936507936507936
BRK,ORL,0.6153606353418279,2.1,1.77,ORL,2026-01-07,0.0,0.6455696202531646,,0.6578947368421053,,0.6153606353418279,0.6153606353418279,0.6153606353418279,0.4791534274855854,ORL,2026-01-07,0.6153606353418279,2.1,1.77,0.0,0.33,0.6455696202531646,True,920,0,,0.47619047619047616,0.4573643410852713,0.15799629425655665,True,True,0.4702191821222649,True,MODEL_MARKET_GAP,0.47619047619047616
CHO,TOR,0.5304659414926364,2.1,1.77,TOR,2026-01-07,0.0,0.5094339622641508,,0.4797297297297297,,0.5304659414926364,0.5304659414926364,0.5304659414926364,0.4866787818895503,TOR,2026-01-07,0.5304659414926364,2.1,1.77,0.0,0.67,0.5094339622641508,True,920,0,,0.47619047619047616,0.4573643410852713,0.07310160040736507,False,False,0.4866787818895503,False,PASS,0.47619047619047616
SAS,LAL,0.6684943010764368,1.41,3.0,SAS,2026-01-07,1.0,0.696078431372549,,0.7,,0.6684943010764368,0.6684943010764368,0.6684943010764368,0.6445906621746219,SAS,2026-01-07,0.6684943010764368,1.41,3.0,1.0,0.9,0.696078431372549,True,920,0,,0.7092198581560284,0.6802721088435374,-0.011777807767100579,False,False,0.6701066613819081,True,PASS,0.7092198581560284
NYK,LAC,0.573384360750434,1.54,2.54,NYK,2026-01-07,1.0,0.5454545454545454,,0.6190476190476191,,0.573384360750434,0.573384360750434,0.573384360750434,0.5959568495490978,NYK,2026-01-07,0.573384360750434,1.54,2.54,1.0,0.71,0.5454545454545454,True,920,0,,0.6493506493506493,0.6225490196078431,-0.04916465885740917,False,False,0.5959568495490978,False,PASS,0.6493506493506493
POR,HOU,0.6010729858965135,3.15,1.38,POR,2026-01-07,1.0,0.6455696202531646,,0.6538461538461539,,0.6010729858965135,0.6010729858965135,0.6010729858965135,0.3674682770830996,POR,2026-01-07,0.6010729858965135,3.15,1.38,1.0,0.5,0.6455696202531646,True,920,0,,0.31746031746031744,0.3046357615894039,0.29643722430710956,True,True,0.3106689672615708,True,MODEL_MARKET_GAP,0.31746031746031744
ATL,NOP,0.4105546075906678,1.23,4.4,ATL,2026-01-07,0.0,0.4540540540540541,,0.35185185185185186,,0.4105546075906678,0.4105546075906678,0.4105546075906678,0.7362444124230033,ATL,2026-01-07,0.4105546075906678,1.23,4.4,1.0,0.77,0.4540540540540541,True,920,0,,0.8130081300813008,0.7815275310834814,-0.3709729234928136,False,False,0.7779346028505921,True,PASS,0.8130081300813008
PHI,WAS,0.6769804219202518,1.14,6.0,PHI,2026-01-07,1.0,0.696078431372549,,0.7096774193548387,,0.6769804219202518,0.6769804219202518,0.6769804219202518,0.771266029268685,PHI,2026-01-07,0.6769804219202518,1.14,6.0,1.0,0.78,0.696078431372549,True,920,0,,0.8771929824561404,0.8403361344537814,-0.16335571253352965,False,False,0.8191365050219823,True,PASS,0.8771929824561404
OKC,UTA,0.7916319983820829,1.08,8.5,OKC,2026-01-07,1.0,0.7468354430379747,,1.0,,0.7916319983820829,0.7916319983820829,0.7916319983820829,0.8,OKC,2026-01-07,0.7916319983820829,1.08,8.5,1.0,0.73,0.7468354430379747,True,920,0,,0.9259259259259258,0.8872651356993737,-0.09563313731729084,False,False,0.858328595356809,True,PASS,0.9259259259259258
MEM,PHO,0.5021746104323312,2.8,1.46,PHO,2026-01-07,0.0,0.4540540540540541,,0.4797297297297297,,0.5021746104323312,0.5021746104323312,0.5021746104323312,0.4051156065656063,PHO,2026-01-07,0.5021746104323312,2.8,1.46,0.0,0.25,0.4540540540540541,True,920,0,,0.35714285714285715,0.34272300469483574,0.1594516057374955,True,False,0.36445086652229475,True,PASS,0.35714285714285715
DET,CHI,0.6778283321160116,1.24,4.2,DET,2026-01-07,1.0,0.696078431372549,,0.7,,0.6778283321160116,0.6778283321160116,0.6778283321160116,0.7065860233198538,DET,2026-01-07,0.6778283321160116,1.24,4.2,1.0,0.7,0.696078431372549,True,920,0,,0.8064516129032259,0.7720588235294118,-0.09423049141340023,False,False,0.7430423803762986,True,PASS,0.8064516129032259
MEM,SAS,0.5078559421468926,2.9,1.43,MEM,2026-01-06,1.0,0.5094339622641508,,0.47619047619047616,,0.5078559421468926,0.5078559421468926,0.5078559421468926,0.39467993722619626,MEM,2026-01-06,0.5078559421468926,2.9,1.43,1.0,0.25,0.5094339622641508,True,920,0,,0.3448275862068966,0.3302540415704388,0.17760190057645375,True,False,0.34954276746599466,True,PASS,0.3448275862068966
NOP,LAL,0.3524277031630957,2.85,1.44,LAL,2026-01-06,1.0,0.2828282828282828,,0.3125,,0.3524277031630957,0.3524277031630957,0.3524277031630957,0.35,LAL,2026-01-06,0.3524277031630957,2.85,1.44,0.0,0.75,0.2828282828282828,True,920,0,,0.3508771929824561,0.3356643356643357,0.016763367498760007,False,False,0.3492586807790416,False,PASS,0.3508771929824561
WAS,ORL,0.3851722477806105,3.25,1.36,WAS,2026-01-06,0.0,0.4222222222222222,,0.35185185185185186,,0.3851722477806105,0.3851722477806105,0.3851722477806105,0.35,WAS,2026-01-06,0.3851722477806105,3.25,1.36,1.0,0.3,0.4222222222222222,True,920,0,,0.3076923076923077,0.29501084598698485,0.09016140179362564,False,False,0.32422297192826804,False,PASS,0.3076923076923077
IND,CLE,0.4187051293893458,2.8,1.46,CLE,2026-01-06,1.0,0.4540540540540541,,0.3584905660377358,,0.4187051293893458,0.4187051293893458,0.4187051293893458,0.3721149760106084,CLE,2026-01-06,0.4187051293893458,2.8,1.46,0.0,0.22,0.4540540540540541,True,920,0,,0.35714285714285715,0.34272300469483574,0.07598212469451004,False,False,0.3721149760106084,False,PASS,0.35714285714285715
SAC,DAL,0.3500187786650042,2.8,1.46,DAL,2026-01-06,1.0,0.2828282828282828,,0.3125,,0.3500187786650042,0.3500187786650042,0.3500187786650042,0.35,DAL,2026-01-06,0.3500187786650042,2.8,1.46,0.0,0.29,0.2828282828282828,True,920,0,,0.35714285714285715,0.34272300469483574,0.007295773970168451,False,False,0.3493828622599165,False,PASS,0.35714285714285715
MIN,MIA,0.6742348557999109,1.46,2.8,MIN,2026-01-06,1.0,0.696078431372549,,0.6808510638297872,,0.6742348557999109,0.6742348557999109,0.6742348557999109,0.645346321775063,MIN,2026-01-06,0.6742348557999109,1.46,2.8,1.0,0.6,0.696078431372549,True,920,0,,0.684931506849315,0.6572769953051644,0.01695786049474657,False,False,0.6709956726765448,True,PASS,0.684931506849315
TOR,ATL,0.671663023525516,1.62,2.36,TOR,2026-01-05,1.0,0.696078431372549,,0.6808510638297872,,0.671663023525516,0.671663023525516,0.671663023525516,0.604032554328644,TOR,2026-01-05,0.671663023525516,1.62,2.36,1.0,0.4,0.696078431372549,True,920,0,,0.6172839506172839,0.5929648241206029,0.07869819940491307,False,False,0.6223912403866401,True,PASS,0.6172839506172839
OKC,CHO,0.6399256028217224,1.09,8.0,CHO,2026-01-05,0.0,0.6455696202531646,,0.6666666666666666,,0.6399256028217224,0.6399256028217224,0.6399256028217224,0.8,CHO,2026-01-05,0.6399256028217224,1.09,8.0,0.0,0.73,0.6455696202531646,True,920,0,,0.9174311926605504,0.8800880088008802,-0.24016240597915783,False,False,0.8681552756204656,True,PASS,0.9174311926605504
PHI,DEN,0.5928963086528374,1.17,5.4,DEN,2026-01-05,0.0,0.5925925925925926,,0.65,,0.5928963086528374,0.5928963086528374,0.5928963086528374,0.7625125506448287,DEN,2026-01-05,0.5928963086528374,1.17,5.4,0.0,0.78,0.5925925925925926,True,920,0,,0.8547008547008548,0.8219178082191781,-0.22902149956634077,False,False,0.8088382948762691,True,PASS,0.8547008547008548
HOU,PHO,0.6086552337953691,1.31,3.6,HOU,2026-01-05,1.0,0.6455696202531646,,0.6571428571428571,,0.6086552337953691,0.6086552337953691,0.6086552337953691,0.6759009467414899,HOU,2026-01-05,0.6086552337953691,1.31,3.6,1.0,0.64,0.6455696202531646,True,920,0,,0.7633587786259541,0.7331975560081467,-0.12454232221277761,False,False,0.7069422902841058,True,PASS,0.7633587786259541
BOS,CHI,0.6815712799740434,1.19,4.9,BOS,2026-01-05,1.0,0.696078431372549,,0.6808510638297872,,0.6815712799740434,0.6815712799740434,0.6815712799740434,0.7364409925395621,BOS,2026-01-05,0.6815712799740434,1.19,4.9,1.0,0.75,0.696078431372549,True,920,0,,0.8403361344537815,0.8045977011494254,-0.12302642117538198,False,False,0.7781658735759553,True,PASS,0.8403361344537815
DET,NYK,0.6648670356899954,2.3,1.65,DET,2026-01-05,1.0,0.696078431372549,,0.6696428571428571,,0.6648670356899954,0.6648670356899954,0.6648670356899954,0.44662118425398284,DET,2026-01-05,0.6648670356899954,2.3,1.65,1.0,0.7,0.696078431372549,True,920,0,,0.4347826086956522,0.4177215189873418,0.2471455167026536,True,True,0.4237445489342612,True,MODEL_MARKET_GAP,0.4347826086956522
POR,UTA,0.4748364818479348,1.42,2.95,POR,2026-01-05,0.0,0.4540540540540541,,0.4652777777777778,,0.4748364818479348,0.4748364818479348,0.4748364818479348,0.634867267468536,POR,2026-01-05,0.4748364818479348,1.42,2.95,1.0,0.5,0.4540540540540541,True,920,0,,0.7042253521126761,0.6750572082379863,-0.2002207263900515,False,False,0.6586673734923952,True,PASS,0.7042253521126761
LAC,GSW,0.5835816562958499,1.83,2.0,LAC,2026-01-05,1.0,0.5454545454545454,,0.5952380952380952,,0.5835816562958499,0.5835816562958499,0.5835816562958499,0.5506921277894168,LAC,2026-01-05,0.5835816562958499,1.83,2.0,1.0,0.5,0.5454545454545454,True,920,0,,0.5464480874316939,0.5221932114882506,0.06138844480759931,False,False,0.5506921277894168,False,PASS,0.5464480874316939
LAL,MEM,0.5497868988224193,1.43,2.9,LAL,2026-01-04,1.0,0.5172413793103449,,0.4652777777777778,,0.5497868988224193,0.5497868988224193,0.5497868988224193,0.6215209069334355,LAL,2026-01-04,0.5497868988224193,1.43,2.9,1.0,0.73,0.5172413793103449,True,920,0,,0.6993006993006994,0.6697459584295612,-0.11995905960714193,False,False,0.6429657728628653,True,PASS,0.6993006993006994
SAC,MIL,0.2722856766465579,3.05,1.4,MIL,2026-01-04,1.0,0.2828282828282828,,0.2631578947368421,,0.35,0.2722856766465579,0.2722856766465579,0.35,MIL,2026-01-04,0.2722856766465579,3.05,1.4,0.0,0.29,0.2828282828282828,True,920,0,,0.3278688524590164,0.3146067415730337,0.03539325842696628,False,False,0.337346290039071,False,PASS,0.3278688524590164
PHO,OKC,0.574039585475278,4.1,1.25,PHO,2026-01-04,1.0,0.5454545454545454,,0.5952380952380952,,0.574039585475278,0.574039585475278,0.574039585475278,0.35,PHO,2026-01-04,0.574039585475278,4.1,1.25,1.0,0.86,0.5454545454545454,True,920,0,,0.24390243902439027,0.23364485981308414,0.34039472566219386,True,False,0.2384764315749934,True,PASS,0.24390243902439027
ORL,IND,0.6554445735235361,1.41,3.0,ORL,2026-01-04,1.0,0.696078431372549,,0.6696428571428571,,0.6554445735235361,0.6554445735235361,0.6554445735235361,0.6377583908954958,ORL,2026-01-04,0.6554445735235361,1.41,3.0,1.0,0.73,0.696078431372549,True,920,0,,0.7092198581560284,0.6802721088435374,-0.02482753532000126,False,False,0.6620686951711715,True,PASS,0.7092198581560284
BRK,DEN,0.5630168191575472,2.24,1.68,BRK,2026-01-04,1.0,0.5172413793103449,,0.5952380952380952,,0.5630168191575472,0.5630168191575472,0.5630168191575472,0.46753003634759616,BRK,2026-01-04,0.5630168191575472,2.24,1.68,1.0,0.33,0.5172413793103449,True,920,0,,0.4464285714285714,0.4285714285714286,0.1344453905861186,True,False,0.45361433763942305,True,PASS,0.4464285714285714
CLE,DET,0.6167316425530743,1.51,2.64,DET,2026-01-04,0.0,0.6455696202531646,,0.6696428571428571,,0.6167316425530743,0.6167316425530743,0.6167316425530743,0.6027772521202787,DET,2026-01-04,0.6167316425530743,1.51,2.64,0.0,0.88,0.6455696202531646,True,920,0,,0.6622516556291391,0.6361445783132531,-0.019412935760178773,False,False,0.6209144142591514,True,PASS,0.6622516556291391
MIA,NOP,0.4632010953016801,1.33,3.45,MIA,2026-01-04,0.0,0.4540540540540541,,0.4652777777777778,,0.4632010953016801,0.4632010953016801,0.4632010953016801,0.6798170225920667,MIA,2026-01-04,0.4632010953016801,1.33,3.45,1.0,0.67,0.4540540540540541,True,920,0,,0.7518796992481203,0.7217573221757322,-0.2585562268740521,False,False,0.7115494383436078,True,PASS,0.7518796992481203
WAS,MIN,0.4098726657555061,4.5,1.22,MIN,2026-01-04,1.0,0.4540540540540541,,0.36538461538461536,,0.4098726657555061,0.4098726657555061,0.4098726657555061,0.35,MIN,2026-01-04,0.4098726657555061,4.5,1.22,0.0,0.3,0.4540540540540541,True,920,0,,0.2222222222222222,0.21328671328671325,0.19658595246879287,True,False,0.23012702210382607,True,PASS,0.2222222222222222
NYK,PHI,0.6327208062713386,1.65,2.3,PHI,2026-01-03,0.0,0.6455696202531646,,0.6875,,0.6327208062713386,0.6327208062713386,0.6327208062713386,0.5927600241599248,PHI,2026-01-03,0.6327208062713386,1.65,2.3,0.0,0.71,0.6455696202531646,True,920,0,,0.6060606060606061,0.5822784810126582,0.05044232525868042,False,False,0.6091294401881469,True,PASS,0.6060606060606061
TOR,ATL,0.534588325892931,1.62,2.36,TOR,2026-01-03,1.0,0.5094339622641508,,0.46099290780141844,,0.534588325892931,0.534588325892931,0.534588325892931,0.5648243991556134,TOR,2026-01-03,0.534588325892931,1.62,2.36,1.0,0.4,0.5094339622641508,True,920,0,,0.6172839506172839,0.5929648241206029,-0.05837649822767188,False,False,0.5648243991556134,False,PASS,0.6172839506172839
GSW,UTA,0.6526015238568514,1.16,5.55,GSW,2026-01-03,1.0,0.696078431372549,,0.6875,,0.6526015238568514,0.6526015238568514,0.6526015238568514,0.7613117154153475,GSW,2026-01-03,0.6526015238568514,1.16,5.55,1.0,0.2,0.696078431372549,True,920,0,,0.8620689655172414,0.827123695976155,-0.17452217211930354,False,False,0.8074255475474676,True,PASS,0.8620689655172414
SAS,POR,0.6470023116326212,1.28,3.85,POR,2026-01-03,0.0,0.6455696202531646,,0.6875,,0.6470023116326212,0.6470023116326212,0.6470023116326212,0.6887869006999862,POR,2026-01-03,0.6470023116326212,1.28,3.85,0.0,0.9,0.6455696202531646,True,920,0,,0.78125,0.7504873294346978,-0.10348501780207653,False,False,0.7221022361176308,True,PASS,0.78125
LAC,BOS,0.6600072712201475,1.85,1.98,BOS,2026-01-03,0.0,0.696078431372549,,0.6875,,0.6600072712201475,0.6600072712201475,0.6600072712201475,0.5286311215308931,BOS,2026-01-03,0.6600072712201475,1.85,1.98,0.0,0.5,0.696078431372549,True,920,0,,0.5405405405405405,0.5169712793733681,0.1430359918467794,True,False,0.5409016021869901,True,PASS,0.5405405405405405
DAL,HOU,0.3334610324179232,3.7,1.29,DAL,2026-01-03,0.0,0.2828282828282828,,0.2857142857142857,,0.35,0.3334610324179232,0.3334610324179232,0.35,DAL,2026-01-03,0.3334610324179232,3.7,1.29,1.0,0.0,0.2828282828282828,True,920,0,,0.27027027027027023,0.25851703406813625,0.09148296593186372,False,False,0.28767172186200873,False,PASS,0.27027027027027023
CHI,CHO,0.497521874581029,1.8,2.05,CHO,2026-01-03,1.0,0.4540540540540541,,0.46099290780141844,,0.497521874581029,0.497521874581029,0.497521874581029,0.5098895884908703,CHO,2026-01-03,0.497521874581029,1.8,2.05,0.0,0.11,0.4540540540540541,True,920,0,,0.5555555555555556,0.5324675324675325,-0.034945657886503556,False,False,0.5098895884908703,False,PASS,0.5555555555555556
MIA,MIN,0.5748099870603376,2.24,1.68,MIN,2026-01-03,0.0,0.5454545454545454,,0.6097560975609756,,0.5748099870603376,0.5748099870603376,0.5748099870603376,0.46645422569613526,MIN,2026-01-03,0.5748099870603376,2.24,1.68,0.0,0.67,0.5454545454545454,True,920,0,,0.4464285714285714,0.4285714285714286,0.146238558488909,True,False,0.45207746528019327,True,PASS,0.4464285714285714
PHO,SAC,0.6045375634437675,1.13,6.25,PHO,2026-01-02,1.0,0.6455696202531646,,0.6363636363636364,,0.6045375634437675,0.6045375634437675,0.6045375634437675,0.7848914838627143,PHO,2026-01-02,0.6045375634437675,1.13,6.25,1.0,0.86,0.6455696202531646,True,920,0,,0.8849557522123894,0.8468834688346885,-0.24234590539092093,False,False,0.8351664516031934,True,PASS,0.8849557522123894
IND,SAS,0.4020721728994454,2.95,1.42,SAS,2026-01-02,1.0,0.4540540540540541,,0.37254901960784315,,0.4020721728994454,0.4020721728994454,0.4020721728994454,0.3543537408233243,SAS,2026-01-02,0.4020721728994454,2.95,1.42,0.0,0.22,0.4540540540540541,True,920,0,,0.3389830508474576,0.32494279176201374,0.07712938113743167,False,False,0.3543537408233243,False,PASS,0.3389830508474576
LAL,MEM,0.559111901413608,1.57,2.45,LAL,2026-01-02,1.0,0.5172413793103449,,0.6,,0.559111901413608,0.559111901413608,0.559111901413608,0.5826217845304049,LAL,2026-01-02,0.559111901413608,1.57,2.45,1.0,0.73,0.5172413793103449,True,920,0,,0.6369426751592356,0.609452736318408,-0.050340834904800014,False,False,0.5826217845304049,False,PASS,0.6369426751592356
CLE,DEN,0.6169363751627692,1.12,6.5,CLE,2026-01-02,1.0,0.6455696202531646,,0.6666666666666666,,0.6169363751627692,0.6169363751627692,0.6169363751627692,0.7895733835463391,CLE,2026-01-02,0.6169363751627692,1.12,6.5,1.0,0.88,0.6455696202531646,True,920,0,,0.8928571428571428,0.8530183727034122,-0.23608199754064296,False,False,0.840674568878046,True,PASS,0.8928571428571428
CHI,ORL,0.524876782829098,2.6,1.52,CHI,2026-01-02,1.0,0.5094339622641508,,0.4626865671641791,,0.524876782829098,0.524876782829098,0.524876782829098,0.42379398360168985,CHI,2026-01-02,0.524876782829098,2.6,1.52,1.0,0.11,0.5094339622641508,True,920,0,,0.3846153846153846,0.3689320388349514,0.1559447439941466,True,False,0.3911342622881283,True,PASS,0.3846153846153846
WAS,BRK,0.471617524805523,1.98,1.85,WAS,2026-01-02,0.0,0.4540540540540541,,0.46099290780141844,,0.471617524805523,0.471617524805523,0.471617524805523,0.47313445840774304,WAS,2026-01-02,0.471617524805523,1.98,1.85,1.0,0.3,0.4540540540540541,True,920,0,,0.5050505050505051,0.4830287206266319,-0.011411195821108888,False,False,0.47313445840774304,False,PASS,0.5050505050505051
GSW,OKC,0.4728933142533146,4.0,1.26,OKC,2026-01-02,1.0,0.4540540540540541,,0.4626865671641791,,0.4728933142533146,0.4728933142533146,0.4728933142533146,0.35,OKC,2026-01-02,0.4728933142533146,4.0,1.26,0.0,0.2,0.4540540540540541,True,920,0,,0.25,0.2395437262357415,0.2333495880175731,True,False,0.2521685858654633,True,PASS,0.25
NYK,ATL,0.5547926338016184,1.32,3.5,ATL,2026-01-02,0.0,0.5172413793103449,,0.5777711143809836,,0.5547926338016184,0.5547926338016184,0.5547926338016184,0.6751157061742001,ATL,2026-01-02,0.5547926338016184,1.32,3.5,0.0,0.71,0.5172413793103449,True,920,0,,0.7575757575757576,0.7261410788381742,-0.17134844503655589,False,False,0.7060184778520001,True,PASS,0.7575757575757576
NOP,POR,0.5745498138169773,1.93,1.89,POR,2026-01-02,0.0,0.5454545454545454,,0.631578947368421,,0.5745498138169773,0.5745498138169773,0.5745498138169773,0.5241946471380977,POR,2026-01-02,0.5745498138169773,1.93,1.89,0.0,0.75,0.5454545454545454,True,920,0,,0.5181347150259068,0.4947643979057591,0.07978541591121824,False,False,0.5241946471380977,False,PASS,0.5181347150259068
MIL,CHO,0.5312622189147572,1.41,3.0,MIL,2026-01-02,1.0,0.5094339622641508,,0.4626865671641791,,0.5312622189147572,0.5312622189147572,0.5312622189147572,0.6335657080721452,MIL,2026-01-02,0.5312622189147572,1.41,3.0,1.0,0.55,0.5094339622641508,True,920,0,,0.7092198581560284,0.6802721088435374,-0.14900988992878017,False,False,0.6571361271437002,True,PASS,0.7092198581560284
DET,MIA,0.4422385072029466,1.51,2.64,MIA,2026-01-01,1.0,0.4540540540540541,,0.4626865671641791,,0.4422385072029466,0.4422385072029466,0.4422385072029466,0.6011227816980775,MIA,2026-01-01,0.4422385072029466,1.51,2.64,0.0,0.7,0.4540540540540541,True,920,0,,0.6622516556291391,0.6361445783132531,-0.1939060711103065,False,False,0.6189679784683265,True,PASS,0.6622516556291391
BRK,HOU,0.7042342510126421,5.0,1.19,HOU,2026-01-01,0.0,0.7037037037037037,,0.717948717948718,,0.7042342510126421,0.7042342510126421,0.7042342510126421,0.35,HOU,2026-01-01,0.7042342510126421,5.0,1.19,0.0,0.33,0.7037037037037037,True,920,0,,0.2,0.19224555735056542,0.5119886936620768,True,True,0.19284007086295618,True,MODEL_MARKET_GAP,0.2
LAC,UTA,0.7704206845014344,1.15,5.9,LAC,2026-01-01,1.0,0.7468354430379747,,0.8333333333333334,,0.7704206845014344,0.7704206845014344,0.7704206845014344,0.7617332036928786,LAC,2026-01-01,0.7704206845014344,1.15,5.9,1.0,0.5,0.7468354430379747,True,920,0,,0.8695652173913044,0.8368794326241135,-0.06645874812267905,False,False,0.8079214161092689,True,PASS,0.8695652173913044
SAC,BOS,0.3415741149364661,4.2,1.24,BOS,2026-01-01,1.0,0.2828282828282828,,0.3,,0.35,0.3415741149364661,0.3415741149364661,0.35,BOS,2026-01-01,0.3415741149364661,4.2,1.24,0.0,0.29,0.2828282828282828,True,920,0,,0.23809523809523808,0.22794117647058823,0.12205882352941175,True,False,0.25448422252405156,True,PASS,0.23809523809523808
DAL,PHI,0.4803724870421181,2.14,1.74,PHI,2026-01-01,1.0,0.4540540540540541,,0.4621212121212121,,0.4803724870421181,0.4803724870421181,0.4803724870421181,0.4698711792828658,PHI,2026-01-01,0.4803724870421181,2.14,1.74,0.0,0.0,0.4540540540540541,True,920,0,,0.4672897196261682,0.4484536082474227,0.031918878794695404,False,False,0.4698711792828658,False,PASS,0.4672897196261682
TOR,DEN,0.420570149069463,1.39,3.1,DEN,2025-12-31,1.0,0.4540540540540541,,0.3829787234042553,,0.420570149069463,0.420570149069463,0.420570149069463,0.6539964711353778,DEN,2025-12-31,0.420570149069463,1.39,3.1,0.0,0.4,0.4540540540540541,True,920,0,,0.7194244604316548,0.6904231625835189,-0.2698530135140559,False,False,0.6811723189827974,True,PASS,0.7194244604316548
ATL,MIN,0.2921247752644692,2.7,1.49,ATL,2025-12-31,0.0,0.2828282828282828,,0.22727272727272727,,0.35,0.2921247752644692,0.2921247752644692,0.3503797370747573,ATL,2025-12-31,0.2921247752644692,2.7,1.49,1.0,0.77,0.2828282828282828,True,920,0,,0.37037037037037035,0.3556085918854415,-0.0056085918854415495,False,False,0.3503797370747573,False,PASS,0.37037037037037035
IND,ORL,0.5247141102217976,2.4,1.6,ORL,2025-12-31,0.0,0.5094339622641508,,0.46923076923076923,,0.5247141102217976,0.5247141102217976,0.5247141102217976,0.4483645592203905,ORL,2025-12-31,0.5247141102217976,2.4,1.6,0.0,0.22,0.5094339622641508,True,920,0,,0.4166666666666667,0.39999999999999997,0.12471411022179762,True,False,0.4262350846005578,True,PASS,0.4166666666666667
OKC,POR,0.709291445411883,1.08,8.5,OKC,2025-12-31,1.0,0.7037037037037037,,0.717948717948718,,0.709291445411883,0.709291445411883,0.709291445411883,0.8,OKC,2025-12-31,0.709291445411883,1.08,8.5,1.0,0.73,0.7037037037037037,True,920,0,,0.9259259259259258,0.8872651356993737,-0.17797369028749066,False,False,0.8680256521293932,True,PASS,0.9259259259259258
MIL,WAS,0.563859305990741,1.18,5.1,WAS,2025-12-31,0.0,0.5172413793103449,,0.631578947368421,,0.563859305990741,0.563859305990741,0.563859305990741,0.7558097453868238,WAS,2025-12-31,0.563859305990741,1.18,5.1,0.0,0.55,0.5172413793103449,True,920,0,,0.8474576271186441,0.8121019108280254,-0.24824260483728444,False,False,0.8009526416315574,True,PASS,0.8474576271186441
SAS,NYK,0.6066725907181034,1.82,2.02,SAS,2025-12-31,1.0,0.6455696202531646,,0.649982552517733,,0.6066725907181034,0.6066725907181034,0.6066725907181034,0.5554711115083646,SAS,2025-12-31,0.6066725907181034,1.82,2.02,1.0,0.9,0.6455696202531646,True,920,0,,0.5494505494505494,0.5260416666666667,0.08063092405143668,False,False,0.5554711115083646,False,PASS,0.5494505494505494
CHI,NOP,0.5189050204049604,1.85,1.98,CHI,2025-12-31,1.0,0.5094339622641508,,0.4621212121212121,,0.5189050204049604,0.5189050204049604,0.5189050204049604,0.5188588388683556,CHI,2025-12-31,0.5189050204049604,1.85,1.98,1.0,0.11,0.5094339622641508,True,920,0,,0.5405405405405405,0.5169712793733681,0.0019337410315923842,False,False,0.5188588388683556,False,PASS,0.5405405405405405
CHO,GSW,0.4309506041046256,3.0,1.41,GSW,2025-12-31,1.0,0.4540540540540541,,0.3673469387755102,,0.4309506041046256,0.4309506041046256,0.4309506041046256,0.35,GSW,2025-12-31,0.4309506041046256,3.0,1.41,0.0,0.67,0.4540540540540541,True,920,0,,0.3333333333333333,0.31972789115646255,0.11122271294816305,False,False,0.34742285822030056,False,PASS,0.3333333333333333
CLE,PHO,0.4035159584925781,1.42,2.95,CLE,2025-12-31,0.0,0.4540540540540541,,0.3673469387755102,,0.4035159584925781,0.4035159584925781,0.4035159584925781,0.6410514423299509,CLE,2025-12-31,0.4035159584925781,1.42,2.95,1.0,0.88,0.4540540540540541,True,920,0,,0.7042253521126761,0.6750572082379863,-0.2715412497454082,False,False,0.6659428733293541,True,PASS,0.7042253521126761
LAL,DET,0.5986010569837851,2.24,1.68,DET,2025-12-30,0.0,0.6455696202531646,,0.6595744680851063,,0.5986010569837851,0.5986010569837851,0.5986010569837851,0.4642097366263546,DET,2025-12-30,0.5986010569837851,2.24,1.68,0.0,0.73,0.6455696202531646,True,920,0,,0.4464285714285714,0.4285714285714286,0.17002962841235647,True,False,0.4488710523233637,True,PASS,0.4464285714285714
LAC,SAC,0.6992452868250728,1.24,4.3,LAC,2025-12-30,1.0,0.7037037037037037,,0.7297297297297297,,0.6992452868250728,0.6992452868250728,0.6992452868250728,0.709750413116611,LAC,2025-12-30,0.6992452868250728,1.24,4.3,1.0,0.5,0.7037037037037037,True,920,0,,0.8064516129032259,0.7761732851985559,-0.07692799837348308,False,False,0.7467651919018954,True,PASS,0.8064516129032259
UTA,BOS,0.4905974079203489,3.4,1.34,BOS,2025-12-30,1.0,0.4540540540540541,,0.46923076923076923,,0.4905974079203489,0.4905974079203489,0.4905974079203489,0.3587130997813487,BOS,2025-12-30,0.4905974079203489,3.4,1.34,0.0,0.22,0.4540540540540541,True,920,0,,0.29411764705882354,0.28270042194092826,0.20789698597942063,True,False,0.29816157111621244,True,PASS,0.29411764705882354
MEM,PHI,0.6851252838799331,1.95,1.87,PHI,2025-12-30,0.0,0.696078431372549,,0.6962025316455697,,0.6851252838799331,0.6851252838799331,0.6851252838799331,0.5045450075397696,PHI,2025-12-30,0.6851252838799331,1.95,1.87,0.0,0.25,0.696078431372549,True,920,0,,0.5128205128205129,0.4895287958115184,0.19559648806841468,True,False,0.5064928679139566,True,PASS,0.5128205128205129
NOP,NYK,0.4006360355062581,3.85,1.28,NYK,2025-12-29,1.0,0.4222222222222222,,0.3829787234042553,,0.4006360355062581,0.4006360355062581,0.4006360355062581,0.35,NYK,2025-12-29,0.4006360355062581,3.85,1.28,0.0,0.75,0.4222222222222222,True,920,0,,0.2597402597402597,0.2495126705653021,0.151123364940956,True,False,0.2723650313327425,True,PASS,0.2597402597402597
OKC,ATL,0.7556120600138033,1.1,7.75,OKC,2025-12-29,1.0,0.7468354430379747,,0.8235294117647058,,0.7556120600138033,0.7556120600138033,0.7556120600138033,0.7965999401166295,OKC,2025-12-29,0.7556120600138033,1.1,7.75,1.0,0.73,0.7468354430379747,True,920,0,,0.9090909090909091,0.8757062146892656,-0.12009415467546225,False,False,0.8489411060195641,True,PASS,0.9090909090909091
BRK,GSW,0.7126272264624147,2.5,1.56,GSW,2025-12-29,0.0,0.7037037037037037,,0.7297297297297297,,0.7126272264624147,0.7126272264624147,0.7126272264624147,0.4208791487424849,GSW,2025-12-29,0.7126272264624147,2.5,1.56,0.0,0.33,0.7037037037037037,True,920,0,,0.4,0.38423645320197053,0.3283907732604442,True,True,0.3869702124892641,True,MODEL_MARKET_GAP,0.4
CHO,MIL,0.4747708261691403,2.36,1.62,MIL,2025-12-29,1.0,0.4540540540540541,,0.464,,0.4747708261691403,0.4747708261691403,0.4747708261691403,0.4360822280804338,MIL,2025-12-29,0.4747708261691403,2.36,1.62,0.0,0.67,0.4540540540540541,True,920,0,,0.42372881355932207,0.40703517587939697,0.06773565028974332,False,False,0.4360822280804338,False,PASS,0.42372881355932207
HOU,IND,0.6730168001823373,1.1,7.5,HOU,2025-12-29,1.0,0.696078431372549,,0.6883116883116883,,0.6730168001823373,0.6730168001823373,0.6730168001823373,0.8,HOU,2025-12-29,0.6730168001823373,1.1,7.5,1.0,0.64,0.696078431372549,True,920,0,,0.9090909090909091,0.8720930232558138,-0.1990762230734765,False,False,0.8555620631381641,True,PASS,0.9090909090909091
WAS,PHO,0.500091152787734,4.8,1.2,PHO,2025-12-29,0.0,0.4540540540540541,,0.464,,0.500091152787734,0.500091152787734,0.500091152787734,0.35,PHO,2025-12-29,0.500091152787734,4.8,1.2,0.0,0.3,0.4540540540540541,True,920,0,,0.20833333333333334,0.19999999999999998,0.300091152787734,True,False,0.20704943069643267,True,PASS,0.20833333333333334
SAS,CLE,0.7165933640697243,1.74,2.14,CLE,2025-12-29,0.0,0.7468354430379747,,0.7647058823529411,,0.7165933640697243,0.7165933640697243,0.7165933640697243,0.5507622098865306,CLE,2025-12-29,0.7165933640697243,1.74,2.14,0.0,0.9,0.7468354430379747,True,920,0,,0.5747126436781609,0.5515463917525772,0.16504697231714704,True,False,0.5725174426950437,True,PASS,0.5747126436781609
POR,DAL,0.440095981734379,1.74,2.14,POR,2025-12-29,0.0,0.4540540540540541,,0.4455140683948613,,0.440095981734379,0.440095981734379,0.440095981734379,0.5238736019296892,POR,2025-12-29,0.440095981734379,1.74,2.14,1.0,0.5,0.4540540540540541,True,920,0,,0.5747126436781609,0.5515463917525772,-0.11145041001819822,False,False,0.5238736019296892,False,PASS,0.5747126436781609
CHI,MIN,0.3762986649716293,2.95,1.42,MIN,2025-12-29,1.0,0.4222222222222222,,0.391304347826087,,0.3762986649716293,0.3762986649716293,0.3762986649716293,0.3519696437738039,MIN,2025-12-29,0.3762986649716293,2.95,1.42,0.0,0.11,0.4222222222222222,True,920,0,,0.3389830508474576,0.32494279176201374,0.051355873209615543,False,False,0.3519696437738039,False,PASS,0.3389830508474576
TOR,ORL,0.4755779788406973,2.02,1.82,TOR,2025-12-29,0.0,0.4540540540540541,,0.464,,0.4755779788406973,0.4755779788406973,0.4755779788406973,0.47554551789994187,TOR,2025-12-29,0.4755779788406973,2.02,1.82,1.0,0.4,0.4540540540540541,True,920,0,,0.49504950495049505,0.4739583333333334,0.001619645507363876,False,False,0.47554551789994187,False,PASS,0.49504950495049505
MIA,DEN,0.4711590057182661,2.14,1.74,MIA,2025-12-29,0.0,0.4540540540540541,,0.464,,0.4711590057182661,0.4711590057182661,0.4711590057182661,0.46554859420889044,MIA,2025-12-29,0.4711590057182661,2.14,1.74,1.0,0.67,0.4540540540540541,True,920,0,,0.4672897196261682,0.4484536082474227,0.02270539747084338,False,False,0.46554859420889044,False,PASS,0.4672897196261682
TOR,GSW,0.4532713200446184,2.54,1.54,TOR,2025-12-28,0.0,0.4540540540540541,,0.4444444444444444,,0.4532713200446184,0.4532713200446184,0.4532713200446184,0.406839742032765,TOR,2025-12-28,0.4532713200446184,2.54,1.54,1.0,0.4,0.4540540540540541,True,920,0,,0.39370078740157477,0.37745098039215685,0.07582033965246154,False,False,0.406839742032765,False,PASS,0.39370078740157477
OKC,PHI,0.7250377772394169,1.1,7.75,OKC,2025-12-28,1.0,0.7468354430379747,,0.7857142857142857,,0.7250377772394169,0.7250377772394169,0.7250377772394169,0.7998738090547979,OKC,2025-12-28,0.7250377772394169,1.1,7.75,1.0,0.73,0.7468354430379747,True,920,0,,0.9090909090909091,0.8757062146892656,-0.1506684374498487,False,False,0.8527927165350564,True,PASS,0.9090909090909091
POR,BOS,0.3692644023784283,3.15,1.38,POR,2025-12-28,0.0,0.4,,0.28205128205128205,,0.3692644023784283,0.3692644023784283,0.3692644023784283,0.35,POR,2025-12-28,0.3692644023784283,3.15,1.38,1.0,0.5,0.4,True,920,0,,0.31746031746031744,0.3046357615894039,0.06462864078902436,False,False,0.33344798319812047,False,PASS,0.31746031746031744
WAS,MEM,0.2974250363677465,3.2,1.37,WAS,2025-12-28,0.0,0.2828282828282828,,0.19047619047619047,,0.35,0.2974250363677465,0.2974250363677465,0.35,WAS,2025-12-28,0.2974250363677465,3.2,1.37,1.0,0.3,0.2828282828282828,True,920,0,,0.3125,0.29978118161925604,0.050218818380743935,False,False,0.32658795503119786,False,PASS,0.3125
LAL,SAC,0.5591892701935385,1.15,5.7,LAL,2025-12-28,1.0,0.5172413793103449,,0.6111111111111112,,0.5591892701935385,0.5591892701935385,0.5591892701935385,0.774646303557486,LAL,2025-12-28,0.5591892701935385,1.15,5.7,1.0,0.73,0.5172413793103449,True,920,0,,0.8695652173913044,0.832116788321168,-0.2729275181276295,False,False,0.8231132983029247,True,PASS,0.8695652173913044
LAC,DET,0.6640133555330131,2.36,1.62,LAC,2025-12-28,1.0,0.696078431372549,,0.6883116883116883,,0.6640133555330131,0.6640133555330131,0.6640133555330131,0.438954341223965,LAC,2025-12-28,0.6640133555330131,2.36,1.62,1.0,0.5,0.696078431372549,True,920,0,,0.42372881355932207,0.40703517587939697,0.25697817965361613,True,True,0.41279191603423565,True,MODEL_MARKET_GAP,0.42372881355932207
MIA,IND,0.4508210615218815,1.28,3.85,MIA,2025-12-27,0.0,0.4540540540540541,,0.4444444444444444,,0.4508210615218815,0.4508210615218815,0.4508210615218815,0.7068988342958068,MIA,2025-12-27,0.4508210615218815,1.28,3.85,1.0,0.67,0.4540540540540541,True,920,0,,0.78125,0.7504873294346978,-0.29966626791281625,False,False,0.7434103932891845,True,PASS,0.78125
NOP,PHO,0.4849774003014638,2.7,1.49,PHO,2025-12-27,1.0,0.4540540540540541,,0.4594594594594595,,0.4849774003014638,0.4849774003014638,0.4849774003014638,0.41689922324477535,PHO,2025-12-27,0.4849774003014638,2.7,1.49,0.0,0.75,0.4540540540540541,True,920,0,,0.37037037037037035,0.3556085918854415,0.12936880841602227,True,False,0.3812846046353934,True,PASS,0.37037037037037035
SAS,UTA,0.6059371721923307,1.08,8.5,UTA,2025-12-27,0.0,0.6455696202531646,,0.6744186046511629,,0.6059371721923307,0.6059371721923307,0.6059371721923307,0.8,UTA,2025-12-27,0.6059371721923307,1.08,8.5,0.0,0.9,0.6455696202531646,True,920,0,,0.9259259259259258,0.8872651356993737,-0.28132796350704303,False,False,0.8789096225796736,True,PASS,0.9259259259259258
ORL,DEN,0.5163093292772963,2.6,1.52,ORL,2025-12-27,1.0,0.5094339622641508,,0.4594594594594595,,0.5163093292772963,0.5163093292772963,0.5163093292772963,0.4246004150895696,ORL,2025-12-27,0.5163093292772963,2.6,1.52,1.0,0.73,0.5094339622641508,True,920,0,,0.3846153846153846,0.3689320388349514,0.14737729044234493,True,False,0.3922863072708137,True,PASS,0.3846153846153846
ATL,NYK,0.473211430717079,3.05,1.4,NYK,2025-12-27,1.0,0.4540540540540541,,0.4594594594594595,,0.473211430717079,0.473211430717079,0.473211430717079,0.38551444841600924,NYK,2025-12-27,0.473211430717079,3.05,1.4,0.0,0.77,0.4540540540540541,True,920,0,,0.3278688524590164,0.3146067415730337,0.1586046891440453,True,False,0.33644921202287037,True,PASS,0.3278688524590164
MIN,BRK,0.6823484754956093,1.19,5.0,BRK,2025-12-27,0.0,0.696078431372549,,0.6973684210526315,,0.6823484754956093,0.6823484754956093,0.6823484754956093,0.7393608324227771,BRK,2025-12-27,0.6823484754956093,1.19,5.0,0.0,0.6,0.696078431372549,True,920,0,,0.8403361344537815,0.8077544426494345,-0.12540596715382524,False,False,0.7816009793209142,True,PASS,0.8403361344537815
HOU,CLE,0.6275119716935952,1.57,2.45,HOU,2025-12-27,1.0,0.6455696202531646,,0.6944444444444444,,0.6275119716935952,0.6275119716935952,0.6275119716935952,0.6052832567508635,HOU,2025-12-27,0.6275119716935952,1.57,2.45,1.0,0.64,0.6455696202531646,True,920,0,,0.6369426751592356,0.609452736318408,0.018059235375187166,False,False,0.6238626550010158,True,PASS,0.6369426751592356
CHI,MIL,0.5816222336173813,1.68,2.24,MIL,2025-12-27,0.0,0.5454545454545454,,0.6666666666666666,,0.5816222336173813,0.5816222336173813,0.5816222336173813,0.580402696062302,MIL,2025-12-27,0.5816222336173813,1.68,2.24,0.0,0.11,0.5454545454545454,True,920,0,,0.5952380952380952,0.5714285714285715,0.010193662188809793,False,False,0.580402696062302,False,PASS,0.5952380952380952
SAC,DAL,0.498736963832273,2.3,1.65,SAC,2025-12-27,0.0,0.4540540540540541,,0.44954128440366975,,0.498736963832273,0.498736963832273,0.498736963832273,0.44714952342985564,SAC,2025-12-27,0.498736963832273,2.3,1.65,1.0,0.29,0.4540540540540541,True,920,0,,0.4347826086956522,0.4177215189873418,0.08101544484493123,False,False,0.44714952342985564,False,PASS,0.4347826086956522
UTA,DET,0.3958008508792635,4.4,1.23,UTA,2025-12-26,0.0,0.4222222222222222,,0.40476190476190477,,0.3958008508792635,0.3958008508792635,0.3958008508792635,0.35,UTA,2025-12-26,0.3958008508792635,4.4,1.23,1.0,0.22,0.4222222222222222,True,920,0,,0.22727272727272727,0.21847246891651864,0.17732838196274484,True,False,0.23779744785253554,True,PASS,0.22727272727272727
MEM,MIL,0.546004602227101,1.46,2.8,MEM,2025-12-26,1.0,0.5172413793103449,,0.44954128440366975,,0.546004602227101,0.546004602227101,0.546004602227101,0.6101488298275889,MEM,2025-12-26,0.546004602227101,1.46,2.8,1.0,0.25,0.5172413793103449,True,920,0,,0.684931506849315,0.6572769953051644,-0.11127239307806336,False,False,0.6295868586206929,True,PASS,0.684931506849315
CHI,PHI,0.5402678604713175,1.89,1.93,CHI,2025-12-26,1.0,0.5094339622641508,,0.43859649122807015,,0.5402678604713175,0.5402678604713175,0.5402678604713175,0.5278450094696577,CHI,2025-12-26,0.5402678604713175,1.89,1.93,1.0,0.11,0.5094339622641508,True,920,0,,0.5291005291005292,0.5052356020942408,0.035032258377076686,False,False,0.5278450094696577,False,PASS,0.5291005291005292
IND,BOS,0.3771093039451137,3.75,1.29,BOS,2025-12-26,1.0,0.4222222222222222,,0.4186046511627907,,0.3771093039451137,0.3771093039451137,0.3771093039451137,0.35,BOS,2025-12-26,0.3771093039451137,3.75,1.29,0.0,0.22,0.4222222222222222,True,920,0,,0.26666666666666666,0.25595238095238093,0.12115692299273279,True,False,0.28259800808842633,True,PASS,0.26666666666666666
WAS,TOR,0.2792349919815317,3.6,1.31,WAS,2025-12-26,0.0,0.2828282828282828,,0.15,,0.35,0.2792349919815317,0.2792349919815317,0.35,WAS,2025-12-26,0.2792349919815317,3.6,1.31,1.0,0.3,0.2828282828282828,True,920,0,,0.2777777777777778,0.26680244399185343,0.08319755600814654,False,False,0.2962099080717709,False,PASS,0.2777777777777778
NOP,PHO,0.3984133080982148,2.45,1.57,PHO,2025-12-26,1.0,0.4222222222222222,,0.4186046511627907,,0.3984133080982148,0.3984133080982148,0.3984133080982148,0.397676682831419,PHO,2025-12-26,0.3984133080982148,2.45,1.57,0.0,0.75,0.4222222222222222,True,920,0,,0.4081632653061224,0.39054726368159204,0.007866044416622753,False,False,0.397676682831419,False,PASS,0.4081632653061224
ORL,CHO,0.3988813914571564,1.39,3.1,CHO,2025-12-26,1.0,0.4222222222222222,,0.4186046511627907,,0.3988813914571564,0.3988813914571564,0.3988813914571564,0.6553818151416999,CHO,2025-12-26,0.3988813914571564,1.39,3.1,0.0,0.73,0.4222222222222222,True,920,0,,0.7194244604316548,0.6904231625835189,-0.2915417711263625,False,False,0.6828021354608235,True,PASS,0.7194244604316548
POR,LAC,0.3430423689677759,2.14,1.74,LAC,2025-12-26,1.0,0.2828282828282828,,0.2903225806451613,,0.35,0.3430423689677759,0.3430423689677759,0.41969562658141657,LAC,2025-12-26,0.3430423689677759,2.14,1.74,0.0,0.5,0.2828282828282828,True,920,0,,0.4672897196261682,0.4484536082474227,-0.09845360824742272,False,False,0.41969562658141657,False,PASS,0.4672897196261682
ATL,MIA,0.6768547741071064,1.57,2.45,MIA,2025-12-26,0.0,0.696078431372549,,0.7105263157894737,,0.6768547741071064,0.6768547741071064,0.6768547741071064,0.6177058847129226,MIA,2025-12-26,0.6768547741071064,1.57,2.45,0.0,0.77,0.696078431372549,True,920,0,,0.6369426751592356,0.609452736318408,0.06740203778869835,False,False,0.6384775114269678,True,PASS,0.6369426751592356
LAL,HOU,0.5348190367984185,2.1,1.68,HOU,2025-12-25,0.0,0.5094339622641508,,0.43859649122807015,,0.5348190367984185,0.5348190367984185,0.5348190367984185,0.47364771666775884,HOU,2025-12-25,0.5348190367984185,2.1,1.68,0.0,0.73,0.5094339622641508,True,920,0,,0.47619047619047616,0.4444444444444444,0.09037459235397405,False,False,0.47364771666775884,False,PASS,0.47619047619047616
NYK,CLE,0.6038493205795767,1.45,2.8,NYK,2025-12-25,1.0,0.6455696202531646,,0.6612903225806451,,0.6038493205795767,0.6038493205795767,0.6038493205795767,0.611496070850474,NYK,2025-12-25,0.6038493205795767,1.45,2.8,1.0,0.71,0.6455696202531646,True,920,0,,0.6896551724137931,0.6588235294117647,-0.054974208832187954,False,False,0.6311718480593811,True,PASS,0.6896551724137931
GSW,DAL,0.5883386782456852,1.28,3.8,GSW,2025-12-25,1.0,0.5925925925925926,,0.6612903225806451,,0.5883386782456852,0.5883386782456852,0.5883386782456852,0.6923858365208193,GSW,2025-12-25,0.5883386782456852,1.28,3.8,1.0,0.2,0.5925925925925926,True,920,0,,0.78125,0.7480314960629921,-0.15969281781730693,False,False,0.7263362782597874,True,PASS,0.78125
DEN,MIN,0.664976715829645,1.8,2.05,DEN,2025-12-25,1.0,0.696078431372549,,0.7222222222222222,,0.664976715829645,0.664976715829645,0.664976715829645,0.5404281148402558,DEN,2025-12-25,0.664976715829645,1.8,2.05,1.0,0.6,0.696078431372549,True,920,0,,0.5555555555555556,0.5324675324675325,0.13250918336211248,True,False,0.557754449771794,True,PASS,0.5555555555555556
OKC,SAS,0.6744451387365771,1.28,3.8,SAS,2025-12-25,0.0,0.696078431372549,,0.7222222222222222,,0.6744451387365771,0.6744451387365771,0.6744451387365771,0.6858957905757457,SAS,2025-12-25,0.6744451387365771,1.28,3.8,0.0,0.73,0.696078431372549,True,920,0,,0.78125,0.7480314960629921,-0.07358635732641505,False,False,0.7187009300891125,True,PASS,0.78125
PHO,LAL,0.4760526624922572,1.57,2.45,PHO,2025-12-23,0.0,0.4540540540540541,,0.45454545454545453,,0.4760526624922572,0.4760526624922572,0.4760526624922572,0.5842777281247176,PHO,2025-12-23,0.4760526624922572,1.57,2.45,1.0,0.86,0.4540540540540541,True,920,0,,0.6369426751592356,0.609452736318408,-0.13340007382615082,False,False,0.5842777281247176,False,PASS,0.6369426751592356
PHI,BRK,0.5649729711703267,1.26,4.0,BRK,2025-12-23,0.0,0.5172413793103449,,0.65625,,0.5649729711703267,0.5649729711703267,0.5649729711703267,0.7069563119522746,BRK,2025-12-23,0.5649729711703267,1.26,4.0,0.0,0.78,0.5172413793103449,True,920,0,,0.7936507936507936,0.7604562737642586,-0.19548330259393187,False,False,0.7434780140614996,True,PASS,0.7936507936507936
SAS,OKC,0.5943021987690378,3.1,1.39,SAS,2025-12-23,1.0,0.5925925925925926,,0.65625,,0.5943021987690378,0.5943021987690378,0.5943021987690378,0.3723771551306238,SAS,2025-12-23,0.5943021987690378,3.1,1.39,1.0,0.9,0.5925925925925926,True,920,0,,0.3225806451612903,0.309576837416481,0.28472536135255677,True,False,0.31768165018660544,True,PASS,0.3225806451612903
POR,ORL,0.471353406277926,2.0,1.83,ORL,2025-12-23,1.0,0.4540540540540541,,0.45544554455445546,,0.471353406277926,0.471353406277926,0.471353406277926,0.47185353967940674,ORL,2025-12-23,0.471353406277926,2.0,1.83,0.0,0.5,0.4540540540540541,True,920,0,,0.5,0.47780678851174935,-0.006453382233823357,False,False,0.47185353967940674,False,PASS,0.5
IND,MIL,0.5283468968882382,2.0,1.83,MIL,2025-12-23,0.0,0.5094339622641508,,0.45544554455445546,,0.5283468968882382,0.5283468968882382,0.5283468968882382,0.5046769354640418,MIL,2025-12-23,0.5283468968882382,2.0,1.83,0.0,0.22,0.5094339622641508,True,920,0,,0.5,0.47780678851174935,0.05054010837648887,False,False,0.5046769354640418,False,PASS,0.5
CLE,NOP,0.5666149715143373,1.26,4.0,CLE,2025-12-23,1.0,0.5454545454545454,,0.65625,,0.5666149715143373,0.5666149715143373,0.5666149715143373,0.7067807783444695,CLE,2025-12-23,0.5666149715143373,1.26,4.0,1.0,0.88,0.5454545454545454,True,920,0,,0.7936507936507936,0.7604562737642586,-0.19384130224992135,False,False,0.74327150393467,True,PASS,0.7936507936507936
LAC,HOU,0.6432243457026275,3.5,1.32,LAC,2025-12-23,1.0,0.6455696202531646,,0.6764705882352942,,0.6432243457026275,0.6432243457026275,0.6432243457026275,0.35,LAC,2025-12-23,0.6432243457026275,3.5,1.32,1.0,0.5,0.6455696202531646,True,920,0,,0.2857142857142857,0.2738589211618257,0.36936542454080185,True,True,0.2765876724025629,True,MODEL_MARKET_GAP,0.2857142857142857
CHO,WAS,0.4905691278219317,1.4,3.05,CHO,2025-12-23,0.0,0.4540540540540541,,0.43859649122807015,,0.4905691278219317,0.4905691278219317,0.4905691278219317,0.6430824128800638,CHO,2025-12-23,0.4905691278219317,1.4,3.05,1.0,0.67,0.4540540540540541,True,920,0,,0.7142857142857143,0.6853932584269663,-0.19482413060503462,False,False,0.668332250447134,True,PASS,0.7142857142857143
UTA,MEM,0.5209443897460855,2.42,1.59,MEM,2025-12-23,0.0,0.5094339622641508,,0.45544554455445546,,0.5209443897460855,0.5209443897460855,0.5209443897460855,0.4459435547161934,MEM,2025-12-23,0.5209443897460855,2.42,1.59,0.0,0.22,0.5094339622641508,True,920,0,,0.4132231404958678,0.39650872817955113,0.12443566156653435,True,False,0.4227765067374191,True,PASS,0.4132231404958678
SAC,DET,0.4359737654172695,4.0,1.26,DET,2025-12-23,1.0,0.4540540540540541,,0.4146341463414634,,0.4359737654172695,0.4359737654172695,0.4359737654172695,0.35,DET,2025-12-23,0.4359737654172695,4.0,1.26,0.0,0.29,0.4540540540540541,True,920,0,,0.25,0.2395437262357415,0.19643003918152802,True,False,0.2564035052172837,True,PASS,0.25
MIN,NYK,0.6283609616454537,1.36,3.25,MIN,2025-12-23,1.0,0.6455696202531646,,0.6764705882352942,,0.6283609616454537,0.6283609616454537,0.6283609616454537,0.6492478325001918,MIN,2025-12-23,0.6283609616454537,1.36,3.25,1.0,0.6,0.6455696202531646,True,920,0,,0.7352941176470588,0.7049891540130152,-0.07662819236756147,False,False,0.6755856852943433,True,PASS,0.7352941176470588
MIA,TOR,0.4542246469534439,1.44,2.85,TOR,2025-12-23,1.0,0.4540540540540541,,0.45544554455445546,,0.4542246469534439,0.4542246469534439,0.4542246469534439,0.6267659232016904,TOR,2025-12-23,0.4542246469534439,1.44,2.85,0.0,0.67,0.4540540540540541,True,920,0,,0.6944444444444444,0.6643356643356644,-0.2101110173822205,False,False,0.6491363802372828,True,PASS,0.6944444444444444
ATL,CHI,0.3344492696095467,1.68,2.24,CHI,2025-12-23,1.0,0.2828282828282828,,0.3,,0.35,0.3344492696095467,0.3344492696095467,0.5575236488748271,CHI,2025-12-23,0.3344492696095467,1.68,2.24,0.0,0.77,0.2828282828282828,True,920,0,,0.5952380952380952,0.5714285714285715,-0.22142857142857153,False,False,0.5575236488748271,False,PASS,0.5952380952380952
DAL,DEN,0.5032886872808779,2.95,1.42,DAL,2025-12-23,1.0,0.5094339622641508,,0.43859649122807015,,0.5032886872808779,0.5032886872808779,0.5032886872808779,0.39089311400516424,DAL,2025-12-23,0.5032886872808779,2.95,1.42,1.0,0.0,0.5094339622641508,True,920,0,,0.3389830508474576,0.32494279176201374,0.1783458955188642,True,False,0.3441330200073775,True,PASS,0.3389830508474576
NOP,DAL,0.4352119701924436,1.8,2.05,NOP,2025-12-22,0.0,0.4540540540540541,,0.41025641025641024,,0.4352119701924436,0.4352119701924436,0.4352119701924436,0.5036308680348165,NOP,2025-12-22,0.4352119701924436,1.8,2.05,1.0,0.75,0.4540540540540541,True,920,0,,0.5555555555555556,0.5324675324675325,-0.09725556227508891,False,False,0.5036308680348165,False,PASS,0.5555555555555556
DEN,UTA,0.672845119945678,1.12,6.75,DEN,2025-12-22,1.0,0.696078431372549,,0.7058823529411765,,0.672845119945678,0.672845119945678,0.672845119945678,0.7884470251889939,DEN,2025-12-22,0.672845119945678,1.12,6.75,1.0,0.6,0.696078431372549,True,920,0,,0.8928571428571428,0.8576874205844981,-0.18484230063882012,False,False,0.8393494413988163,True,PASS,0.8928571428571428
GSW,ORL,0.5986332312339849,1.43,2.9,GSW,2025-12-22,1.0,0.6455696202531646,,0.6470588235294118,,0.5986332312339849,0.5986332312339849,0.5986332312339849,0.619434547919324,GSW,2025-12-22,0.5986332312339849,1.43,2.9,1.0,0.2,0.6455696202531646,True,920,0,,0.6993006993006994,0.6697459584295612,-0.07111272719557626,False,False,0.6405112328462634,True,PASS,0.6993006993006994
POR,DET,0.4038722180633613,2.95,1.42,DET,2025-12-22,1.0,0.4540540540540541,,0.41025641025641024,,0.4038722180633613,0.4038722180633613,0.4038722180633613,0.3543704881963492,DET,2025-12-22,0.4038722180633613,2.95,1.42,0.0,0.5,0.4540540540540541,True,920,0,,0.3389830508474576,0.32494279176201374,0.07892942630134758,False,False,0.3543704881963492,False,PASS,0.3389830508474576
BOS,IND,0.6854287910848196,1.17,5.4,BOS,2025-12-22,1.0,0.696078431372549,,0.7058823529411765,,0.6854287910848196,0.6854287910848196,0.6854287910848196,0.7525651451653022,BOS,2025-12-22,0.6854287910848196,1.17,5.4,1.0,0.75,0.696078431372549,True,920,0,,0.8547008547008548,0.8219178082191781,-0.13648901713435857,False,False,0.7971354649003555,True,PASS,0.8547008547008548
OKC,MEM,0.7163144110860689,1.07,9.0,OKC,2025-12-22,1.0,0.7468354430379747,,0.75,,0.7163144110860689,0.7163144110860689,0.7163144110860689,0.8,OKC,2025-12-22,0.7163144110860689,1.07,9.0,1.0,0.73,0.7468354430379747,True,920,0,,0.9345794392523364,0.893743793445879,-0.1774293823598101,False,False,0.874432204013847,True,PASS,0.9345794392523364
CLE,CHO,0.6275176307840361,1.25,4.1,CLE,2025-12-22,1.0,0.6455696202531646,,0.6666666666666666,,0.6275176307840361,0.6275176307840361,0.6275176307840361,0.7055943076404328,CLE,2025-12-22,0.6275176307840361,1.25,4.1,1.0,0.88,0.6455696202531646,True,920,0,,0.8,0.7663551401869159,-0.13883750940287976,False,False,0.7418756560475681,True,PASS,0.8
WAS,SAS,0.3092029788135025,9.0,1.07,SAS,2025-12-21,1.0,0.2828282828282828,,0.15789473684210525,,0.35,0.3092029788135025,0.3092029788135025,0.35,SAS,2025-12-21,0.3092029788135025,9.0,1.07,0.0,0.3,0.2828282828282828,True,920,0,,0.1111111111111111,0.10625620655412116,0.24374379344587882,True,False,0.11783667852457995,True,PASS,0.1111111111111111
ATL,CHI,0.4634122811017669,1.52,2.6,CHI,2025-12-21,1.0,0.4540540540540541,,0.45454545454545453,,0.4634122811017669,0.4634122811017669,0.4634122811017669,0.5938815579056048,CHI,2025-12-21,0.4634122811017669,1.52,2.6,0.0,0.77,0.4540540540540541,True,920,0,,0.6578947368421053,0.6310679611650486,-0.1676556800632817,False,False,0.6104488916536527,True,PASS,0.6578947368421053
SAC,HOU,0.4773501589369956,5.7,1.15,SAC,2025-12-21,0.0,0.4540540540540541,,0.4479166666666667,,0.4773501589369956,0.4773501589369956,0.4773501589369956,0.35,SAC,2025-12-21,0.4773501589369956,5.7,1.15,1.0,0.29,0.4540540540540541,True,920,0,,0.17543859649122806,0.1678832116788321,0.3094669472581635,True,False,0.1743489321751809,True,PASS,0.17543859649122806
MIN,MIL,0.6906837823775704,1.15,5.7,MIN,2025-12-21,1.0,0.7037037037037037,,0.6944444444444444,,0.6906837823775704,0.6906837823775704,0.6906837823775704,0.7617793803750179,MIN,2025-12-21,0.6906837823775704,1.15,5.7,1.0,0.6,0.7037037037037037,True,920,0,,0.8695652173913044,0.832116788321168,-0.14143300594359753,False,False,0.8079757416176682,True,PASS,0.8695652173913044
BRK,TOR,0.6928688236271174,2.4,1.6,BRK,2025-12-21,1.0,0.7037037037037037,,0.7003241647364981,,0.6928688236271174,0.6928688236271174,0.6928688236271174,0.4326995903919556,BRK,2025-12-21,0.6928688236271174,2.4,1.6,1.0,0.33,0.7037037037037037,True,920,0,,0.4166666666666667,0.39999999999999997,0.29286882362711747,True,True,0.4038565577027937,True,MODEL_MARKET_GAP,0.4166666666666667
NYK,MIA,0.6274021903974386,1.32,3.5,NYK,2025-12-21,1.0,0.6455696202531646,,0.6785714285714286,,0.6274021903974386,0.6274021903974386,0.6274021903974386,0.6677920678557826,NYK,2025-12-21,0.6274021903974386,1.32,3.5,1.0,0.71,0.6455696202531646,True,920,0,,0.7575757575757576,0.7261410788381742,-0.09873888844073564,False,False,0.6974024327715089,True,PASS,0.7575757575757576
TOR,BOS,0.3805520495956651,2.0,1.83,BOS,2025-12-20,1.0,0.4222222222222222,,0.40540540540540543,,0.3805520495956651,0.3805520495956651,0.3805520495956651,0.4489700714226754,BOS,2025-12-20,0.3805520495956651,2.0,1.83,0.0,0.4,0.4222222222222222,True,920,0,,0.5,0.47780678851174935,-0.09725473891608427,False,False,0.4489700714226754,False,PASS,0.5
SAC,POR,0.3438549143732438,2.54,1.54,POR,2025-12-20,1.0,0.2828282828282828,,0.32142857142857145,,0.35,0.3438549143732438,0.3438549143732438,0.35797338933941936,POR,2025-12-20,0.3438549143732438,2.54,1.54,0.0,0.29,0.2828282828282828,True,920,0,,0.39370078740157477,0.37745098039215685,-0.027450980392156876,False,False,0.35797338933941936,False,PASS,0.39370078740157477
GSW,PHO,0.5355295787625414,1.41,3.0,GSW,2025-12-20,1.0,0.5094339622641508,,0.45098039215686275,,0.5355295787625414,0.5355295787625414,0.5355295787625414,0.6330822664324255,GSW,2025-12-20,0.5355295787625414,1.41,3.0,1.0,0.2,0.5094339622641508,True,920,0,,0.7092198581560284,0.6802721088435374,-0.14474253008099602,False,False,0.6565673722734418,True,PASS,0.7092198581560284
DET,CHO,0.5620660535677824,1.19,4.9,DET,2025-12-20,1.0,0.5172413793103449,,0.6363636363636364,,0.5620660535677824,0.5620660535677824,0.5620660535677824,0.7489640625946445,DET,2025-12-20,0.5620660535677824,1.19,4.9,1.0,0.7,0.5172413793103449,True,920,0,,0.8403361344537815,0.8045977011494254,-0.24253164758164303,False,False,0.79289889717017,True,PASS,0.8403361344537815
DEN,HOU,0.6175347693173632,2.0,1.83,HOU,2025-12-20,0.0,0.6455696202531646,,0.6785714285714286,,0.6175347693173632,0.6175347693173632,0.6175347693173632,0.493276372035456,HOU,2025-12-20,0.6175347693173632,2.0,1.83,0.0,0.6,0.6455696202531646,True,920,0,,0.5,0.47780678851174935,0.13972798080561383,True,True,0.4903948171935086,True,MODEL_MARKET_GAP,0.5
LAC,LAL,0.5046330895154568,1.98,1.85,LAC,2025-12-20,1.0,0.5094339622641508,,0.4479166666666667,,0.5046330895154568,0.5046330895154568,0.5046330895154568,0.49952015218446966,LAC,2025-12-20,0.5046330895154568,1.98,1.85,1.0,0.5,0.5094339622641508,True,920,0,,0.5050505050505051,0.4830287206266319,0.021604368888824943,False,False,0.49952015218446966,False,PASS,0.5050505050505051
UTA,ORL,0.4893360070159722,3.35,1.34,ORL,2025-12-20,1.0,0.4540540540540541,,0.4479166666666667,,0.4893360070159722,0.4893360070159722,0.4893360070159722,0.3611821359999914,ORL,2025-12-20,0.4893360070159722,3.35,1.34,0.0,0.22,0.4540540540540541,True,920,0,,0.29850746268656714,0.2857142857142857,0.2036217213016865,True,False,0.30168876571427344,True,PASS,0.29850746268656714
PHI,DAL,0.6827665437596036,1.65,2.3,PHI,2025-12-20,1.0,0.696078431372549,,0.6944444444444444,,0.6827665437596036,0.6827665437596036,0.6827665437596036,0.5942596315920368,PHI,2025-12-20,0.6827665437596036,1.65,2.3,1.0,0.78,0.696078431372549,True,920,0,,0.6060606060606061,0.5822784810126582,0.10048806274694533,False,False,0.6108936842259256,True,PASS,0.6060606060606061
MEM,WAS,0.6281547672482698,1.13,6.25,WAS,2025-12-20,0.0,0.6455696202531646,,0.6785714285714286,,0.6281547672482698,0.6281547672482698,0.6281547672482698,0.7827751363484103,WAS,2025-12-20,0.6281547672482698,1.13,6.25,0.0,0.25,0.6455696202531646,True,920,0,,0.8849557522123894,0.8468834688346885,-0.21872870158641866,False,False,0.8326766309981298,True,PASS,0.8849557522123894
NOP,IND,0.397491822010583,1.74,2.14,NOP,2025-12-20,0.0,0.4222222222222222,,0.39473684210526316,,0.397491822010583,0.397491822010583,0.397491822010583,0.5290888887719123,NOP,2025-12-20,0.397491822010583,1.74,2.14,1.0,0.75,0.4222222222222222,True,920,0,,0.5747126436781609,0.5515463917525772,-0.15405456974199427,False,False,0.5290888887719123,False,PASS,0.5747126436781609
CLE,CHI,0.5112553884299316,1.34,3.35,CHI,2025-12-19,0.0,0.5094339622641508,,0.45098039215686275,,0.5112553884299316,0.5112553884299316,0.5112553884299316,0.6685035295615569,CHI,2025-12-19,0.5112553884299316,1.34,3.35,0.0,0.88,0.5094339622641508,True,920,0,,0.7462686567164178,0.7142857142857143,-0.20303032585578273,False,False,0.6982394465430082,True,PASS,0.7462686567164178
MIN,OKC,0.6119303796786107,3.7,1.29,MIN,2025-12-19,1.0,0.6455696202531646,,0.6666666666666666,,0.6119303796786107,0.6119303796786107,0.6119303796786107,0.35,MIN,2025-12-19,0.6119303796786107,3.7,1.29,1.0,0.6,0.6455696202531646,True,920,0,,0.27027027027027023,0.25851703406813625,0.3534133456104745,True,True,0.26203300160934045,True,MODEL_MARKET_GAP,0.27027027027027023
BOS,MIA,0.6381881857534353,1.37,3.2,BOS,2025-12-19,1.0,0.6455696202531646,,0.6666666666666666,,0.6381881857534353,0.6381881857534353,0.6381881857534353,0.6459042101492133,BOS,2025-12-19,0.6381881857534353,1.37,3.2,1.0,0.75,0.6455696202531646,True,920,0,,0.7299270072992701,0.700218818380744,-0.06203063262730868,False,False,0.6716520119402509,True,PASS,0.7299270072992701
NYK,PHI,0.6927230779114832,1.54,2.54,PHI,2025-12-19,0.0,0.7037037037037037,,0.75,,0.6927230779114832,0.6927230779114832,0.6927230779114832,0.6289775907795631,PHI,2025-12-19,0.6927230779114832,1.54,2.54,0.0,0.71,0.7037037037037037,True,920,0,,0.6493506493506493,0.6225490196078431,0.0701740583036401,False,False,0.6517383420936036,True,PASS,0.6493506493506493
ATL,SAS,0.3620571752900073,2.24,1.68,SAS,2025-12-19,1.0,0.2828282828282828,,0.32142857142857145,,0.3620571752900073,0.3620571752900073,0.3620571752900073,0.3996093281359585,SAS,2025-12-19,0.3620571752900073,2.24,1.68,0.0,0.77,0.2828282828282828,True,920,0,,0.4464285714285714,0.4285714285714286,-0.0665142532814213,False,False,0.3996093281359585,False,PASS,0.4464285714285714
DAL,DET,0.5888138548279976,2.9,1.43,DAL,2025-12-18,1.0,0.5925925925925926,,0.6590909090909091,,0.5888138548279976,0.5888138548279976,0.5888138548279976,0.3883231265665119,DAL,2025-12-18,0.5888138548279976,2.9,1.43,1.0,0.0,0.5925925925925926,True,920,0,,0.3448275862068966,0.3302540415704388,0.25855981325755883,True,False,0.34046160938073133,True,PASS,0.3448275862068966
IND,NYK,0.5585884387850045,2.54,1.54,NYK,2025-12-18,0.0,0.5172413793103449,,0.6444444444444445,,0.5585884387850045,0.5585884387850045,0.5585884387850045,0.42739123849507454,NYK,2025-12-18,0.5585884387850045,2.54,1.54,0.0,0.22,0.5172413793103449,True,920,0,,0.39370078740157477,0.37745098039215685,0.18113745839284767,True,False,0.3962731978501065,True,PASS,0.39370078740157477
DEN,ORL,0.665924122481555,1.35,3.3,DEN,2025-12-18,1.0,0.696078431372549,,0.6875,,0.665924122481555,0.665924122481555,0.665924122481555,0.6567025977663442,DEN,2025-12-18,0.665924122481555,1.35,3.3,1.0,0.6,0.696078431372549,True,920,0,,0.7407407407407407,0.7096774193548387,-0.043753296873283776,False,False,0.6843559973721697,True,PASS,0.7407407407407407
NOP,HOU,0.418783910942663,4.2,1.24,NOP,2025-12-18,0.0,0.4540540540540541,,0.3888888888888889,,0.418783910942663,0.418783910942663,0.418783910942663,0.35,NOP,2025-12-18,0.418783910942663,4.2,1.24,1.0,0.75,0.4540540540540541,True,920,0,,0.23809523809523808,0.22794117647058823,0.19084273447207475,True,False,0.24550630368621615,True,PASS,0.23809523809523808
BRK,MIA,0.7200505770408979,3.1,1.39,MIA,2025-12-18,0.0,0.7468354430379747,,0.7931034482758621,,0.7200505770408979,0.7200505770408979,0.7200505770408979,0.36769860352708217,MIA,2025-12-18,0.7200505770408979,3.1,1.39,0.0,0.33,0.7468354430379747,True,920,0,,0.3225806451612903,0.309576837416481,0.4104737396244169,True,True,0.3109980050386888,True,MODEL_MARKET_GAP,0.3225806451612903
POR,SAC,0.4957509247624992,1.28,3.8,POR,2025-12-18,0.0,0.4540540540540541,,0.43434343434343436,,0.4957509247624992,0.4957509247624992,0.4957509247624992,0.701669797645993,POR,2025-12-18,0.4957509247624992,1.28,3.8,1.0,0.5,0.4540540540540541,True,920,0,,0.78125,0.7480314960629921,-0.2522805713004929,False,False,0.7372585854658742,True,PASS,0.78125
UTA,LAL,0.4421639068358375,3.6,1.31,LAL,2025-12-18,1.0,0.4540540540540541,,0.45098039215686275,,0.4421639068358375,0.4421639068358375,0.4421639068358375,0.35047213063670885,LAL,2025-12-18,0.4421639068358375,3.6,1.31,0.0,0.22,0.4540540540540541,True,920,0,,0.2777777777777778,0.26680244399185343,0.17536146284398407,True,False,0.2863887580524412,True,PASS,0.2777777777777778
OKC,LAC,0.8244689693355142,1.06,10.5,OKC,2025-12-18,1.0,0.8571428571428571,,1.0,,0.8,0.8244689693355142,0.8244689693355142,0.8,OKC,2025-12-18,0.8244689693355142,1.06,10.5,1.0,0.73,0.8571428571428571,True,920,0,,0.9433962264150942,0.9083044982698962,-0.10830449826989619,False,False,0.8803342758284058,True,PASS,0.9433962264150942
PHO,GSW,0.4679468519218731,2.05,1.8,PHO,2025-12-18,0.0,0.4540540540540541,,0.43434343434343436,,0.4679468519218731,0.4679468519218731,0.4679468519218731,0.46794471104105495,PHO,2025-12-18,0.4679468519218731,2.05,1.8,1.0,0.86,0.4540540540540541,True,920,0,,0.48780487804878053,0.4675324675324676,0.0004143843894054977,False,False,0.46794471104105495,False,PASS,0.48780487804878053
MIL,TOR,0.6223926990371704,2.64,1.51,TOR,2025-12-18,0.0,0.6455696202531646,,0.6730769230769231,,0.6223926990371704,0.6223926990371704,0.6223926990371704,0.4098443477547068,TOR,2025-12-18,0.6223926990371704,2.64,1.51,0.0,0.55,0.6455696202531646,True,920,0,,0.3787878787878788,0.363855421686747,0.2585372773504234,True,True,0.3712062110781526,True,MODEL_MARKET_GAP,0.3787878787878788
CHO,ATL,0.542080771856923,2.8,1.46,CHO,2025-12-18,1.0,0.5094339622641508,,0.43434343434343436,,0.542080771856923,0.542080771856923,0.542080771856923,0.4014534305222881,CHO,2025-12-18,0.542080771856923,2.8,1.46,1.0,0.67,0.5094339622641508,True,920,0,,0.35714285714285715,0.34272300469483574,0.1993577671620873,True,False,0.35921918646041157,True,PASS,0.35714285714285715
SAS,WAS,0.6068812243539208,1.09,8.0,SAS,2025-12-18,1.0,0.6455696202531646,,0.6727256521739333,,0.6068812243539208,0.6068812243539208,0.6068812243539208,0.8,SAS,2025-12-18,0.6068812243539208,1.09,8.0,1.0,0.9,0.6455696202531646,True,920,0,,0.9174311926605504,0.8800880088008802,-0.27320678444695945,False,False,0.8711067131381375,True,PASS,0.9174311926605504
MIN,MEM,0.5784776449927593,1.34,3.4,MEM,2025-12-17,0.0,0.5454545454545454,,0.6590909090909091,,0.5784776449927593,0.5784776449927593,0.5784776449927593,0.663895362995899,MEM,2025-12-17,0.5784776449927593,1.34,3.4,0.0,0.6,0.5454545454545454,True,920,0,,0.7462686567164178,0.7172995780590716,-0.1388219330663123,False,False,0.6928180741128224,True,PASS,0.7462686567164178
CHI,CLE,0.372166928275114,2.54,1.54,CHI,2025-12-17,0.0,0.4222222222222222,,0.34375,,0.372166928275114,0.372166928275114,0.372166928275114,0.3725046666612398,CHI,2025-12-17,0.372166928275114,2.54,1.54,1.0,0.11,0.4222222222222222,True,920,0,,0.39370078740157477,0.37745098039215685,-0.005284052117042859,False,False,0.3725046666612398,False,PASS,0.39370078740157477
MIA,TOR,0.5404633788130144,1.44,2.85,TOR,2025-12-15,0.0,0.5094339622641508,,0.4387755102040816,,0.5404633788130144,0.5404633788130144,0.5404633788130144,0.6173017139469547,TOR,2025-12-15,0.5404633788130144,1.44,2.85,0.0,0.67,0.5094339622641508,True,920,0,,0.6944444444444444,0.6643356643356644,-0.12387228552264995,False,False,0.638002016408182,True,PASS,0.6944444444444444
LAC,MEM,0.5600309656558601,1.56,2.5,MEM,2025-12-15,0.0,0.5172413793103449,,0.6590909090909091,,0.5600309656558601,0.5600309656558601,0.5600309656558601,0.5879948977744824,MEM,2025-12-15,0.5600309656558601,1.56,2.5,0.0,0.5,0.5172413793103449,True,920,0,,0.641025641025641,0.6157635467980296,-0.0557325811421695,False,False,0.5879948977744824,False,PASS,0.641025641025641
BOS,DET,0.6222335524421478,1.82,2.02,DET,2025-12-15,0.0,0.6455696202531646,,0.6862745098039216,,0.6222335524421478,0.6222335524421478,0.6222335524421478,0.5549446966828298,DET,2025-12-15,0.6222335524421478,1.82,2.02,0.0,0.75,0.6455696202531646,True,920,0,,0.5494505494505494,0.5260416666666667,0.0961918857754811,False,False,0.5549446966828298,False,PASS,0.5494505494505494
DEN,HOU,0.6054177606840577,1.85,1.98,DEN,2025-12-15,1.0,0.6455696202531646,,0.6590909090909091,,0.6054177606840577,0.6054177606840577,0.6054177606840577,0.546248700875224,DEN,2025-12-15,0.6054177606840577,1.85,1.98,1.0,0.6,0.6455696202531646,True,920,0,,0.5405405405405405,0.5169712793733681,0.08844648131068966,False,False,0.546248700875224,False,PASS,0.5405405405405405
UTA,DAL,0.4228723374649041,2.14,1.74,UTA,2025-12-15,0.0,0.4540540540540541,,0.34375,,0.4228723374649041,0.4228723374649041,0.4228723374649041,0.42987344371144415,UTA,2025-12-15,0.4228723374649041,2.14,1.74,1.0,0.22,0.4540540540540541,True,920,0,,0.4672897196261682,0.4484536082474227,-0.025581270782518595,False,False,0.42987344371144415,False,PASS,0.4672897196261682
PHO,LAL,0.4047123041743233,2.02,1.82,LAL,2025-12-14,1.0,0.4540540540540541,,0.34375,,0.4047123041743233,0.4047123041743233,0.4047123041743233,0.4448189558298,LAL,2025-12-14,0.4047123041743233,2.02,1.82,0.0,0.86,0.4540540540540541,True,920,0,,0.49504950495049505,0.4739583333333334,-0.06924602915901013,False,False,0.4448189558298,False,PASS,0.49504950495049505
POR,GSW,0.3776094867388249,2.54,1.54,POR,2025-12-14,0.0,0.4222222222222222,,0.34375,,0.3776094867388249,0.3776094867388249,0.3776094867388249,0.37760917299646685,POR,2025-12-14,0.3776094867388249,2.54,1.54,1.0,0.5,0.4222222222222222,True,920,0,,0.39370078740157477,0.37745098039215685,0.00015850634666803032,False,False,0.37760917299646685,False,PASS,0.39370078740157477
MIN,SAC,0.7492702570862274,1.17,5.4,MIN,2025-12-14,1.0,0.7468354430379747,,0.8461538461538461,,0.7492702570862274,0.7492702570862274,0.7492702570862274,0.7487266866136876,MIN,2025-12-14,0.7492702570862274,1.17,5.4,1.0,0.6,0.7468354430379747,True,920,0,,0.8547008547008548,0.8219178082191781,-0.07264755113295074,False,False,0.7926196313102207,True,PASS,0.8547008547008548
CLE,CHO,0.637258631230552,1.17,5.4,CHO,2025-12-14,0.0,0.6455696202531646,,0.7,,0.637258631230552,0.637258631230552,0.637258631230552,0.7580226115519242,CHO,2025-12-14,0.637258631230552,1.17,5.4,0.0,0.88,0.6455696202531646,True,920,0,,0.8547008547008548,0.8219178082191781,-0.1846591769886261,False,False,0.803556013590499,True,PASS,0.8547008547008548
BRK,MIL,0.4843380836083482,2.05,1.8,BRK,2025-12-14,0.0,0.4540540540540541,,0.43956043956043955,,0.4843380836083482,0.4843380836083482,0.4843380836083482,0.48115387889783673,BRK,2025-12-14,0.4843380836083482,2.05,1.8,1.0,0.33,0.4540540540540541,True,920,0,,0.48780487804878053,0.4675324675324676,0.016805616075880603,False,False,0.48115387889783673,False,PASS,0.48780487804878053
ATL,PHI,0.4241059764263076,1.54,2.54,ATL,2025-12-14,0.0,0.4540540540540541,,0.3225806451612903,,0.4241059764263076,0.4241059764263076,0.4241059764263076,0.5900487432622591,ATL,2025-12-14,0.4241059764263076,1.54,2.54,1.0,0.77,0.4540540540540541,True,920,0,,0.6493506493506493,0.6225490196078431,-0.19844304318153555,False,False,0.605939697955599,True,PASS,0.6493506493506493
IND,WAS,0.6866961236334618,1.25,4.1,WAS,2025-12-14,0.0,0.696078431372549,,0.7096774193548387,,0.6866961236334618,0.6866961236334618,0.6866961236334618,0.7013862950387597,WAS,2025-12-14,0.6866961236334618,1.25,4.1,0.0,0.22,0.696078431372549,True,920,0,,0.8,0.7663551401869159,-0.07965901655345409,False,False,0.7369250529867761,True,PASS,0.8
CHI,NOP,0.2924423756268633,1.57,2.45,NOP,2025-12-14,1.0,0.2828282828282828,,0.16666666666666666,,0.35,0.2924423756268633,0.2924423756268633,0.5993236071557663,NOP,2025-12-14,0.2924423756268633,1.57,2.45,0.0,0.11,0.2828282828282828,True,920,0,,0.6369426751592356,0.609452736318408,-0.25945273631840804,False,False,0.5993236071557663,False,PASS,0.6369426751592356
ORL,NYK,0.5491172932866707,2.64,1.51,NYK,2025-12-13,0.0,0.5172413793103449,,0.5,,0.5491172932866707,0.5491172932866707,0.5491172932866707,0.41749721878461377,NYK,2025-12-13,0.5491172932866707,2.64,1.51,0.0,0.73,0.5172413793103449,True,920,0,,0.3787878787878788,0.363855421686747,0.1852618715999237,True,False,0.38213888397801965,True,PASS,0.3787878787878788
OKC,SAS,0.784729037613859,1.19,4.9,SAS,2025-12-13,0.0,0.7468354430379747,,1.0,,0.784729037613859,0.784729037613859,0.784729037613859,0.7457337643141915,SAS,2025-12-13,0.784729037613859,1.19,4.9,0.0,0.73,0.7468354430379747,True,920,0,,0.8403361344537815,0.8045977011494254,-0.019868663535566378,False,False,0.7890985462519899,True,PASS,0.8403361344537815
PHI,IND,0.4982087344074586,1.34,3.35,PHI,2025-12-12,0.0,0.4540540540540541,,0.4117647058823529,,0.4982087344074586,0.4982087344074586,0.4982087344074586,0.6698113991899443,PHI,2025-12-12,0.4982087344074586,1.34,3.35,1.0,0.78,0.4540540540540541,True,920,0,,0.7462686567164178,0.7142857142857143,-0.2160769798782557,False,False,0.6997781166940521,True,PASS,0.7462686567164178
DET,ATL,0.5243991127021357,1.35,3.3,DET,2025-12-12,1.0,0.5094339622641508,,0.4117647058823529,,0.5243991127021357,0.5243991127021357,0.5243991127021357,0.6626866774853699,DET,2025-12-12,0.5243991127021357,1.35,3.3,1.0,0.7,0.5094339622641508,True,920,0,,0.7407407407407407,0.7096774193548387,-0.18527830665270306,False,False,0.6913960911592587,True,PASS,0.7407407407407407
CHO,CHI,0.4746380976637648,2.24,1.68,CHI,2025-12-12,1.0,0.4540540540540541,,0.4117647058823529,,0.4746380976637648,0.4746380976637648,0.4746380976637648,0.45447177415643436,CHI,2025-12-12,0.4746380976637648,2.24,1.68,0.0,0.67,0.4540540540540541,True,920,0,,0.4464285714285714,0.4285714285714286,0.0460666690923362,False,False,0.45447177415643436,False,PASS,0.4464285714285714
MEM,UTA,0.704155830247829,1.41,3.0,UTA,2025-12-12,0.0,0.7037037037037037,,0.7954545454545454,,0.704155830247829,0.704155830247829,0.704155830247829,0.6682926396138377,UTA,2025-12-12,0.704155830247829,1.41,3.0,0.0,0.25,0.7037037037037037,True,920,0,,0.7092198581560284,0.6802721088435374,0.023883721404291625,False,False,0.697991340722162,True,PASS,0.7092198581560284
DAL,BRK,0.4740722832361979,1.32,3.5,DAL,2025-12-12,0.0,0.4540540540540541,,0.4117647058823529,,0.4740722832361979,0.4740722832361979,0.4740722832361979,0.6830463777377157,DAL,2025-12-12,0.4740722832361979,1.32,3.5,1.0,0.0,0.4540540540540541,True,920,0,,0.7575757575757576,0.7261410788381742,-0.25206879560197637,False,False,0.7153486796914302,True,PASS,0.7575757575757576
WAS,CLE,0.3225161912844935,8.5,1.08,CLE,2025-12-12,1.0,0.2828282828282828,,0.3235294117647059,,0.35,0.3225161912844935,0.3225161912844935,0.35,CLE,2025-12-12,0.3225161912844935,8.5,1.08,0.0,0.3,0.2828282828282828,True,920,0,,0.11764705882352941,0.1127348643006263,0.23726513569937369,True,False,0.1249584096154416,True,PASS,0.11764705882352941
GSW,MIN,0.5426715356665905,1.57,2.45,MIN,2025-12-12,0.0,0.5094339622641508,,0.43956043956043955,,0.5426715356665905,0.5426715356665905,0.5426715356665905,0.5804712679073171,MIN,2025-12-12,0.5426715356665905,1.57,2.45,0.0,0.2,0.5094339622641508,True,920,0,,0.6369426751592356,0.609452736318408,-0.06678120065181747,False,False,0.5804712679073171,False,PASS,0.6369426751592356
HOU,LAC,0.6640738322904403,1.24,4.2,HOU,2025-12-11,1.0,0.696078431372549,,0.7241379310344828,,0.6640738322904403,0.6640738322904403,0.6640738322904403,0.7074505867390437,HOU,2025-12-11,0.6640738322904403,1.24,4.2,1.0,0.64,0.696078431372549,True,920,0,,0.8064516129032259,0.7720588235294118,-0.10798499123897154,False,False,0.7440595138106396,True,PASS,0.8064516129032259
NOP,POR,0.5368536502500362,2.45,1.57,NOP,2025-12-11,1.0,0.5094339622641508,,0.4117647058823529,,0.5368536502500362,0.5368536502500362,0.5368536502500362,0.4398309907526589,NOP,2025-12-11,0.5368536502500362,2.45,1.57,1.0,0.75,0.5094339622641508,True,920,0,,0.4081632653061224,0.39054726368159204,0.14630638656844414,True,False,0.41404427250379844,True,PASS,0.4081632653061224
MIL,BOS,0.5094551028232459,4.2,1.24,MIL,2025-12-11,1.0,0.5094339622641508,,0.4117647058823529,,0.5094551028232459,0.5094551028232459,0.5094551028232459,0.35,MIL,2025-12-11,0.5094551028232459,4.2,1.24,1.0,0.55,0.5094339622641508,True,920,0,,0.23809523809523808,0.22794117647058823,0.2815139263526577,True,False,0.23628279978038852,True,PASS,0.23809523809523808
SAC,DEN,0.3729629239579561,4.7,1.21,DEN,2025-12-11,1.0,0.4222222222222222,,0.3333333333333333,,0.3729629239579561,0.3729629239579561,0.3729629239579561,0.35,DEN,2025-12-11,0.3729629239579561,4.7,1.21,0.0,0.29,0.4222222222222222,True,920,0,,0.2127659574468085,0.20473773265651438,0.16822519130144173,True,False,0.22528008278223838,True,PASS,0.2127659574468085
LAL,SAS,0.6828062439136431,1.36,3.25,SAS,2025-12-10,0.0,0.696078431372549,,0.7241379310344828,,0.6828062439136431,0.6828062439136431,0.6828062439136431,0.6599513970912526,SAS,2025-12-10,0.6828062439136431,1.36,3.25,0.0,0.73,0.696078431372549,True,920,0,,0.7352941176470588,0.7049891540130152,-0.022182910099372122,False,False,0.6881781142250031,True,PASS,0.7352941176470588
OKC,PHO,0.7839672881752769,1.1,7.75,OKC,2025-12-10,1.0,0.7468354430379747,,1.0,,0.7839672881752769,0.7839672881752769,0.7839672881752769,0.7945788449597864,OKC,2025-12-10,0.7839672881752769,1.1,7.75,1.0,0.73,0.7468354430379747,True,920,0,,0.9090909090909091,0.8757062146892656,-0.09173892651398863,False,False,0.8465633470115134,True,PASS,0.9090909090909091
ORL,MIA,0.6960493023746125,1.89,1.93,ORL,2025-12-09,1.0,0.7037037037037037,,0.7857142857142857,,0.6960493023746125,0.6960493023746125,0.6960493023746125,0.5159631024430225,ORL,2025-12-09,0.6960493023746125,1.89,1.93,1.0,0.73,0.7037037037037037,True,920,0,,0.5291005291005292,0.5052356020942408,0.1908137002803717,True,False,0.5228044320614607,True,PASS,0.5291005291005292
TOR,NYK,0.4367227194394134,2.8,1.46,NYK,2025-12-09,1.0,0.4540540540540541,,0.37037037037037035,,0.4367227194394134,0.4367227194394134,0.4367227194394134,0.37175200420153054,NYK,2025-12-09,0.4367227194394134,2.8,1.46,0.0,0.4,0.4540540540540541,True,920,0,,0.35714285714285715,0.34272300469483574,0.09399971474457763,False,False,0.37175200420153054,False,PASS,0.35714285714285715
IND,SAC,0.5742137729435185,1.56,2.5,IND,2025-12-08,1.0,0.5454545454545454,,0.6511627906976745,,0.5742137729435185,0.5742137729435185,0.5742137729435185,0.5910458389085275,IND,2025-12-08,0.5742137729435185,1.56,2.5,1.0,0.22,0.5454545454545454,True,920,0,,0.641025641025641,0.6157635467980296,-0.041549773854511085,False,False,0.5910458389085275,False,PASS,0.641025641025641
MIN,PHO,0.7210080117451217,1.29,3.75,PHO,2025-12-08,0.0,0.7468354430379747,,0.8260869565217391,,0.7210080117451217,0.7210080117451217,0.7210080117451217,0.6927573233578547,PHO,2025-12-08,0.7210080117451217,1.29,3.75,0.0,0.6,0.7468354430379747,True,920,0,,0.7751937984496123,0.744047619047619,-0.02303960730249721,False,False,0.7267733215974761,True,PASS,0.7751937984496123
NOP,SAS,0.4311120312219246,4.4,1.23,SAS,2025-12-08,1.0,0.4540540540540541,,0.37037037037037035,,0.4311120312219246,0.4311120312219246,0.4311120312219246,0.35,SAS,2025-12-08,0.4311120312219246,4.4,1.23,0.0,0.75,0.4540540540540541,True,920,0,,0.22727272727272727,0.21847246891651864,0.21263956230540595,True,False,0.23337608699840565,True,PASS,0.22727272727272727
UTA,OKC,0.373669804871983,4.8,1.2,OKC,2025-12-07,1.0,0.4222222222222222,,0.37037037037037035,,0.373669804871983,0.373669804871983,0.373669804871983,0.35,OKC,2025-12-07,0.373669804871983,4.8,1.2,0.0,0.22,0.4222222222222222,True,920,0,,0.20833333333333334,0.19999999999999998,0.173669804871983,True,False,0.21981190980758786,True,PASS,0.20833333333333334
CHO,DEN,0.3637560695963289,4.8,1.2,DEN,2025-12-07,1.0,0.2828282828282828,,0.34615384615384615,,0.3637560695963289,0.3637560695963289,0.3637560695963289,0.35,DEN,2025-12-07,0.3637560695963289,4.8,1.2,0.0,0.67,0.2828282828282828,True,920,0,,0.20833333333333334,0.19999999999999998,0.1637560695963289,True,False,0.22114549901069688,True,PASS,0.20833333333333334
CHI,GSW,0.3363838418950795,1.93,1.89,GSW,2025-12-07,1.0,0.2828282828282828,,0.34615384615384615,,0.35,0.3363838418950795,0.3363838418950795,0.47106255973498223,GSW,2025-12-07,0.3363838418950795,1.93,1.89,0.0,0.11,0.2828282828282828,True,920,0,,0.5181347150259068,0.4947643979057591,-0.14476439790575912,False,False,0.47106255973498223,False,PASS,0.5181347150259068
NYK,ORL,0.7524579369686818,1.62,2.24,NYK,2025-12-07,1.0,0.7468354430379747,,0.8333333333333334,,0.7524579369686818,0.7524579369686818,0.7524579369686818,0.5702285214180745,NYK,2025-12-07,0.7524579369686818,1.62,2.24,1.0,0.71,0.7468354430379747,True,920,0,,0.6172839506172839,0.5803108808290156,0.1721470561396662,True,False,0.6003264591686779,True,PASS,0.6172839506172839
PHI,LAL,0.624214118191619,2.4,1.6,LAL,2025-12-07,0.0,0.6455696202531646,,0.7222222222222222,,0.624214118191619,0.624214118191619,0.624214118191619,0.4363679899654421,LAL,2025-12-07,0.624214118191619,2.4,1.6,0.0,0.78,0.6455696202531646,True,920,0,,0.4166666666666667,0.39999999999999997,0.22421411819161902,True,True,0.4090971285220602,True,MODEL_MARKET_GAP,0.4166666666666667
MEM,POR,0.5609849272385484,1.85,1.98,MEM,2025-12-07,1.0,0.5172413793103449,,0.6428571428571429,,0.5609849272385484,0.5609849272385484,0.5609849272385484,0.5423606134162531,MEM,2025-12-07,0.5609849272385484,1.85,1.98,1.0,0.25,0.5172413793103449,True,920,0,,0.5405405405405405,0.5169712793733681,0.04401364786518036,False,False,0.5423606134162531,False,PASS,0.5405405405405405
TOR,BOS,0.4175628880046949,2.3,1.65,BOS,2025-12-07,1.0,0.4540540540540541,,0.36,,0.4175628880046949,0.4175628880046949,0.4175628880046949,0.4175632022404031,BOS,2025-12-07,0.4175628880046949,2.3,1.65,0.0,0.4,0.4540540540540541,True,920,0,,0.4347826086956522,0.4177215189873418,-0.00015863098264690123,False,False,0.4175632022404031,False,PASS,0.4347826086956522
WAS,ATL,0.3142286123979808,4.3,1.24,ATL,2025-12-06,1.0,0.2828282828282828,,0.25785685946504633,,0.35,0.3142286123979808,0.3142286123979808,0.35,ATL,2025-12-06,0.3142286123979808,4.3,1.24,0.0,0.3,0.2828282828282828,True,920,0,,0.23255813953488372,0.223826714801444,0.12617328519855597,True,False,0.24988902394472606,True,PASS,0.23255813953488372
DET,MIL,0.6209386954223907,1.15,5.9,DET,2025-12-06,1.0,0.6455696202531646,,0.7222222222222222,,0.6209386954223907,0.6209386954223907,0.6209386954223907,0.7740028295869847,DET,2025-12-06,0.6209386954223907,1.15,5.9,1.0,0.7,0.6455696202531646,True,920,0,,0.8695652173913044,0.8368794326241135,-0.2159407372017228,False,False,0.822356270102335,True,PASS,0.8695652173913044
MIN,LAC,0.7622944863964465,1.27,3.95,MIN,2025-12-06,1.0,0.7468354430379747,,0.8235294117647058,,0.7622944863964465,0.7622944863964465,0.7622944863964465,0.7226296922377572,MIN,2025-12-06,0.7622944863964465,1.27,3.95,1.0,0.6,0.7468354430379747,True,920,0,,0.7874015748031495,0.7567049808429118,0.005589505553534657,False,False,0.7619172849855967,True,PASS,0.7874015748031495
MIA,SAC,0.650067277573942,1.25,4.1,SAC,2025-12-06,0.0,0.6455696202531646,,0.7321428571428571,,0.650067277573942,0.650067277573942,0.650067277573942,0.7032991232916325,SAC,2025-12-06,0.650067277573942,1.25,4.1,0.0,0.67,0.6455696202531646,True,920,0,,0.8,0.7663551401869159,-0.11628786261297386,False,False,0.7391754391666264,True,PASS,0.8
DAL,HOU,0.3736331396429546,3.35,1.34,DAL,2025-12-06,0.0,0.4222222222222222,,0.36,,0.3736331396429546,0.3736331396429546,0.3736331396429546,0.35,DAL,2025-12-06,0.3736331396429546,3.35,1.34,1.0,0.0,0.4222222222222222,True,920,0,,0.29850746268656714,0.2857142857142857,0.08791885392866888,False,False,0.3150096298598201,False,PASS,0.29850746268656714
CLE,GSW,0.6458256248268818,1.32,3.5,GSW,2025-12-06,0.0,0.6455696202531646,,0.7321428571428571,,0.6458256248268818,0.6458256248268818,0.6458256248268818,0.6672043089830246,GSW,2025-12-06,0.6458256248268818,1.32,3.5,0.0,0.88,0.6455696202531646,True,920,0,,0.7575757575757576,0.7261410788381742,-0.08031545401129248,False,False,0.6967109517447349,True,PASS,0.7575757575757576
BRK,NOP,0.6119847469737508,1.59,2.42,BRK,2025-12-06,1.0,0.6455696202531646,,0.7222222222222222,,0.6119847469737508,0.6119847469737508,0.6119847469737508,0.5944598421681992,BRK,2025-12-06,0.6119847469737508,1.59,2.42,1.0,0.33,0.6455696202531646,True,920,0,,0.6289308176100629,0.6034912718204488,0.00849347515330201,False,False,0.6111292260802345,True,PASS,0.6289308176100629
DET,POR,0.4589620704278608,1.33,3.45,DET,2025-12-05,0.0,0.4540540540540541,,0.4,,0.4589620704278608,0.4589620704278608,0.4589620704278608,0.68012990065741,DET,2025-12-05,0.4589620704278608,1.33,3.45,1.0,0.7,0.4540540540540541,True,920,0,,0.7518796992481203,0.7217573221757322,-0.2627952517478714,False,False,0.7119175301851882,True,PASS,0.7518796992481203
OKC,DAL,0.8301101308549798,1.1,7.75,OKC,2025-12-05,1.0,0.8571428571428571,,1.0,,0.8,0.8301101308549798,0.8301101308549798,0.7943718278119323,OKC,2025-12-05,0.8301101308549798,1.1,7.75,1.0,0.73,0.8571428571428571,True,920,0,,0.9090909090909091,0.8757062146892656,-0.07570621468926553,False,False,0.8463197974258028,True,PASS,0.9090909090909091
MEM,LAC,0.4776589192369966,2.1,1.77,MEM,2025-12-05,0.0,0.4540540540540541,,0.4074074074074074,,0.4776589192369966,0.4776589192369966,0.4776589192369966,0.4731116822700382,MEM,2025-12-05,0.4776589192369966,2.1,1.77,1.0,0.25,0.4540540540540541,True,920,0,,0.47619047619047616,0.4573643410852713,0.020294578151725307,False,False,0.4731116822700382,False,PASS,0.47619047619047616
CHI,IND,0.3279963860965866,1.51,2.64,IND,2025-12-05,1.0,0.2828282828282828,,0.36,,0.35,0.3279963860965866,0.3279963860965866,0.6089212020251258,IND,2025-12-05,0.3279963860965866,1.51,2.64,0.0,0.11,0.2828282828282828,True,920,0,,0.6622516556291391,0.6361445783132531,-0.28614457831325313,False,False,0.6281425906177951,True,PASS,0.6622516556291391
ATL,DEN,0.4531806521558069,2.7,1.49,DEN,2025-12-05,1.0,0.4540540540540541,,0.4074074074074074,,0.4531806521558069,0.4531806521558069,0.4531806521558069,0.38442486975663914,DEN,2025-12-05,0.4531806521558069,2.7,1.49,0.0,0.77,0.4540540540540541,True,920,0,,0.37037037037037035,0.3556085918854415,0.09757206027036536,False,False,0.38442486975663914,False,PASS,0.37037037037037035
MIL,PHI,0.4952853815097947,1.93,1.89,PHI,2025-12-05,1.0,0.4540540540540541,,0.4074074074074074,,0.4952853815097947,0.4952853815097947,0.4952853815097947,0.4952819997343602,PHI,2025-12-05,0.4952853815097947,1.93,1.89,0.0,0.55,0.4540540540540541,True,920,0,,0.5181347150259068,0.4947643979057591,0.0005209836040355742,False,False,0.4952819997343602,False,PASS,0.5181347150259068
TOR,CHO,0.6413079181299723,1.34,3.35,CHO,2025-12-05,0.0,0.6455696202531646,,0.7307692307692307,,0.6413079181299723,0.6413079181299723,0.6413079181299723,0.6572292568418512,CHO,2025-12-05,0.6413079181299723,1.34,3.35,0.0,0.4,0.6455696202531646,True,920,0,,0.7462686567164178,0.7142857142857143,-0.07297779615574196,False,False,0.6849755962845309,True,PASS,0.7462686567164178
ORL,MIA,0.6489855242522913,1.46,2.8,ORL,2025-12-05,1.0,0.6455696202531646,,0.7307692307692307,,0.6489855242522913,0.6489855242522913,0.6489855242522913,0.6273315695999755,ORL,2025-12-05,0.6489855242522913,1.46,2.8,1.0,0.73,0.6455696202531646,True,920,0,,0.684931506849315,0.6572769953051644,-0.00829147105287309,False,False,0.6498018465882065,True,PASS,0.684931506849315
BOS,LAL,0.5231033760699162,1.32,3.5,BOS,2025-12-05,1.0,0.5094339622641508,,0.4074074074074074,,0.5231033760699162,0.5231033760699162,0.5231033760699162,0.678581351548523,BOS,2025-12-05,0.5231033760699162,1.32,3.5,1.0,0.75,0.5094339622641508,True,920,0,,0.7575757575757576,0.7261410788381742,-0.20303770276825805,False,False,0.7100957077041447,True,PASS,0.7575757575757576
NYK,UTA,0.6182657629469036,1.08,8.5,NYK,2025-12-05,1.0,0.6455696202531646,,0.7058823529411765,,0.6182657629469036,0.6182657629469036,0.6182657629469036,0.8,NYK,2025-12-05,0.6182657629469036,1.08,8.5,1.0,0.71,0.6455696202531646,True,920,0,,0.9259259259259258,0.8872651356993737,-0.2689993727524701,False,False,0.8779446299850584,True,PASS,0.9259259259259258
CLE,SAS,0.6306544590124109,1.6,2.4,CLE,2025-12-05,1.0,0.6455696202531646,,0.7307692307692307,,0.6306544590124109,0.6306544590124109,0.6306544590124109,0.6027623041316724,CLE,2025-12-05,0.6306544590124109,1.6,2.4,1.0,0.88,0.6455696202531646,True,920,0,,0.625,0.6,0.03065445901241093,False,False,0.6208968283902029,True,PASS,0.625
HOU,PHO,0.6283484395263004,1.18,5.1,HOU,2025-12-05,1.0,0.6455696202531646,,0.7307692307692307,,0.6283484395263004,0.6283484395263004,0.6283484395263004,0.749578819423716,HOU,2025-12-05,0.6283484395263004,1.18,5.1,1.0,0.64,0.6455696202531646,True,920,0,,0.8474576271186441,0.8121019108280254,-0.18375347130172504,False,False,0.7936221404984893,True,PASS,0.8474576271186441
BRK,UTA,0.7221489191876569,2.7,1.49,UTA,2025-12-04,0.0,0.7468354430379747,,0.84375,,0.7221489191876569,0.7221489191876569,0.7221489191876569,0.40031899337494936,UTA,2025-12-04,0.7221489191876569,2.7,1.49,0.0,0.33,0.7468354430379747,True,920,0,,0.37037037037037035,0.3556085918854415,0.36654032730221536,True,True,0.3575985619642134,True,MODEL_MARKET_GAP,0.37037037037037035
NOP,MIN,0.3716049054781383,5.25,1.17,MIN,2025-12-04,1.0,0.4,,0.375,,0.3716049054781383,0.3716049054781383,0.3716049054781383,0.35,MIN,2025-12-04,0.3716049054781383,5.25,1.17,0.0,0.75,0.4,True,920,0,,0.19047619047619047,0.1822429906542056,0.1893619148239327,True,False,0.1999974398235134,True,PASS,0.19047619047619047
TOR,LAL,0.6207314332501827,1.7,2.2,LAL,2025-12-04,0.0,0.6455696202531646,,0.7313432835820896,,0.6207314332501827,0.6207314332501827,0.6207314332501827,0.5920034389937139,LAL,2025-12-04,0.6207314332501827,1.7,2.2,0.0,0.4,0.6455696202531646,True,920,0,,0.5882352941176471,0.5641025641025641,0.056628869147618555,False,False,0.5920034389937139,False,PASS,0.5882352941176471
WAS,BOS,0.2475722423137321,4.5,1.22,BOS,2025-12-04,1.0,0.2828282828282828,,0.1875,,0.35,0.2475722423137321,0.2475722423137321,0.35,BOS,2025-12-04,0.2475722423137321,4.5,1.22,0.0,0.3,0.2828282828282828,True,920,0,,0.2222222222222222,0.21328671328671325,0.13671328671328672,True,False,0.2380402865096411,True,PASS,0.2222222222222222
PHI,GSW,0.6746544074842185,1.62,2.36,PHI,2025-12-04,1.0,0.696078431372549,,0.7313432835820896,,0.6746544074842185,0.6746544074842185,0.6746544074842185,0.6040304013419955,PHI,2025-12-04,0.6746544074842185,1.62,2.36,1.0,0.78,0.696078431372549,True,920,0,,0.6172839506172839,0.5929648241206029,0.08168958336361554,False,False,0.6223887074611711,True,PASS,0.6172839506172839
IND,DEN,0.3578316569330641,3.7,1.29,DEN,2025-12-03,1.0,0.2828282828282828,,0.375,,0.3578316569330641,0.3578316569330641,0.3578316569330641,0.35,DEN,2025-12-03,0.3578316569330641,3.7,1.29,0.0,0.22,0.2828282828282828,True,920,0,,0.27027027027027023,0.25851703406813625,0.09931462286492787,False,False,0.2872159696363848,False,PASS,0.27027027027027023
CLE,POR,0.5871290893995311,1.17,5.4,POR,2025-12-03,0.0,0.5925925925925926,,0.6585365853658537,,0.5871290893995311,0.5871290893995311,0.5871290893995311,0.76302532216785,POR,2025-12-03,0.5871290893995311,1.17,5.4,0.0,0.88,0.5925925925925926,True,920,0,,0.8547008547008548,0.8219178082191781,-0.23478871881964702,False,False,0.8094415554915884,True,PASS,0.8547008547008548
HOU,SAC,0.7271163152424641,1.07,9.0,HOU,2025-12-03,1.0,0.7468354430379747,,0.84375,,0.7271163152424641,0.7271163152424641,0.7271163152424641,0.8,HOU,2025-12-03,0.7271163152424641,1.07,9.0,1.0,0.64,0.7468354430379747,True,920,0,,0.9345794392523364,0.893743793445879,-0.16662747820341484,False,False,0.8729860952807554,True,PASS,0.9345794392523364
ORL,SAS,0.6794109921989704,1.29,3.7,SAS,2025-12-03,0.0,0.696078431372549,,0.746268656716418,,0.6794109921989704,0.6794109921989704,0.6794109921989704,0.6809751057294962,SAS,2025-12-03,0.6794109921989704,1.29,3.7,0.0,0.73,0.696078431372549,True,920,0,,0.7751937984496123,0.7414829659318637,-0.062071973732893304,False,False,0.7129118890935249,True,PASS,0.7751937984496123
DAL,MIA,0.3471792253556039,2.6,1.52,DAL,2025-12-03,0.0,0.2828282828282828,,0.3617021276595745,,0.35,0.3471792253556039,0.3471792253556039,0.35398960344356695,DAL,2025-12-03,0.3471792253556039,2.6,1.52,1.0,0.0,0.2828282828282828,True,920,0,,0.3846153846153846,0.3689320388349514,-0.018932038834951426,False,False,0.35398960344356695,False,PASS,0.3846153846153846
MIL,DET,0.4951982487009827,2.54,1.54,MIL,2025-12-03,0.0,0.4540540540540541,,0.38461538461538464,,0.4951982487009827,0.4951982487009827,0.4951982487009827,0.4044742864146371,MIL,2025-12-03,0.4951982487009827,2.54,1.54,1.0,0.55,0.4540540540540541,True,920,0,,0.39370078740157477,0.37745098039215685,0.11774726830882587,False,False,0.4044742864146371,False,PASS,0.39370078740157477
CHI,BRK,0.2925958877182121,1.29,3.7,BRK,2025-12-03,1.0,0.2828282828282828,,0.21428571428571427,,0.35,0.2925958877182121,0.2925958877182121,0.7027665256464334,BRK,2025-12-03,0.2925958877182121,1.29,3.7,0.0,0.11,0.2828282828282828,True,920,0,,0.7751937984496123,0.7414829659318637,-0.3914829659318637,False,False,0.7385488537016863,True,PASS,0.7751937984496123
ATL,LAC,0.5586667484272824,1.62,2.36,LAC,2025-12-03,0.0,0.5172413793103449,,0.6756756756756757,,0.5586667484272824,0.5586667484272824,0.5586667484272824,0.5706251701521246,LAC,2025-12-03,0.5586667484272824,1.62,2.36,0.0,0.77,0.5172413793103449,True,920,0,,0.6172839506172839,0.5929648241206029,-0.03429807569332055,False,False,0.5706251701521246,False,PASS,0.6172839506172839
NYK,CHO,0.7252513670692756,1.25,4.1,NYK,2025-12-03,1.0,0.7468354430379747,,0.8387096774193549,,0.7252513670692756,0.7252513670692756,0.7252513670692756,0.7055011445809724,NYK,2025-12-03,0.7252513670692756,1.25,4.1,1.0,0.71,0.7468354430379747,True,920,0,,0.8,0.7663551401869159,-0.04110377311764024,False,False,0.7417660524482028,True,PASS,0.8
BOS,NYK,0.6454243572825947,1.89,1.93,BOS,2025-12-02,1.0,0.6455696202531646,,0.7368421052631579,,0.6454243572825947,0.6454243572825947,0.6454243572825947,0.5206775407939201,BOS,2025-12-02,0.6454243572825947,1.89,1.93,1.0,0.75,0.6455696202531646,True,920,0,,0.5291005291005292,0.5052356020942408,0.14018875518835394,True,False,0.5295393439913145,True,PASS,0.5291005291005292
TOR,POR,0.619290150542852,1.46,2.8,TOR,2025-12-02,1.0,0.6455696202531646,,0.7368421052631579,,0.619290150542852,0.619290150542852,0.619290150542852,0.613602210349226,TOR,2025-12-02,0.619290150542852,1.46,2.8,1.0,0.4,0.6455696202531646,True,920,0,,0.684931506849315,0.6572769953051644,-0.0379868447623124,False,False,0.6336496592343835,True,PASS,0.684931506849315
GSW,OKC,0.6058517372438283,5.4,1.17,OKC,2025-12-02,0.0,0.6455696202531646,,0.746268656716418,,0.6058517372438283,0.6058517372438283,0.6058517372438283,0.35,OKC,2025-12-02,0.6058517372438283,5.4,1.17,0.0,0.2,0.6455696202531646,True,920,0,,0.18518518518518517,0.1780821917808219,0.42776954546300644,True,True,0.1798532080867161,True,MODEL_MARKET_GAP,0.18518518518518517
SAS,MEM,0.5879329700181527,1.49,2.7,SAS,2025-12-02,1.0,0.5925925925925926,,0.6756756756756757,,0.5879329700181527,0.5879329700181527,0.5879329700181527,0.5990379031040198,SAS,2025-12-02,0.5879329700181527,1.49,2.7,1.0,0.9,0.5925925925925926,True,920,0,,0.6711409395973155,0.6443914081145585,-0.05645843809640583,False,False,0.6165151801223763,True,PASS,0.6711409395973155
NOP,MIN,0.2929085874950088,5.55,1.16,MIN,2025-12-02,1.0,0.2828282828282828,,0.21428571428571427,,0.35,0.2929085874950088,0.2929085874950088,0.35,MIN,2025-12-02,0.2929085874950088,5.55,1.16,0.0,0.75,0.2828282828282828,True,920,0,,0.1801801801801802,0.17287630402384502,0.17712369597615496,True,False,0.1922284271572777,True,PASS,0.1801801801801802
PHI,WAS,0.4616272743617612,1.12,6.75,PHI,2025-12-02,0.0,0.4540540540540541,,0.38461538461538464,,0.4616272743617612,0.4616272743617612,0.4616272743617612,0.8,PHI,2025-12-02,0.4616272743617612,1.12,6.75,1.0,0.78,0.4540540540540541,True,920,0,,0.8928571428571428,0.8576874205844981,-0.3960601462227369,False,False,0.8548840730353663,True,PASS,0.8928571428571428
IND,CLE,0.4833037885877908,2.6,1.52,CLE,2025-12-01,1.0,0.4540540540540541,,0.38961038961038963,,0.4833037885877908,0.4833037885877908,0.4833037885877908,0.39631188588959226,CLE,2025-12-01,0.4833037885877908,2.6,1.52,0.0,0.22,0.4540540540540541,True,920,0,,0.3846153846153846,0.3689320388349514,0.11437174975283937,False,False,0.39631188588959226,False,PASS,0.3846153846153846
ORL,CHI,0.7225119265376123,1.28,3.85,ORL,2025-12-01,1.0,0.7468354430379747,,0.8333333333333334,,0.7225119265376123,0.7225119265376123,0.7225119265376123,0.6961522338622346,ORL,2025-12-01,0.7225119265376123,1.28,3.85,1.0,0.73,0.7468354430379747,True,920,0,,0.78125,0.7504873294346978,-0.027975402897085444,False,False,0.7307673339555701,True,PASS,0.78125
LAL,PHO,0.68772582393989,1.51,2.64,PHO,2025-12-01,0.0,0.696078431372549,,0.7894736842105263,,0.68772582393989,0.68772582393989,0.68772582393989,0.6387316201998301,PHO,2025-12-01,0.68772582393989,1.51,2.64,0.0,0.73,0.696078431372549,True,920,0,,0.6622516556291391,0.6361445783132531,0.05158124562663691,False,False,0.6632136708233296,True,PASS,0.6622516556291391
DET,ATL,0.5794287750816302,1.24,4.3,DET,2025-12-01,1.0,0.5454545454545454,,0.6764705882352942,,0.5794287750816302,0.5794287750816302,0.5794287750816302,0.7204498498759477,DET,2025-12-01,0.5794287750816302,1.24,4.3,1.0,0.7,0.5454545454545454,True,920,0,,0.8064516129032259,0.7761732851985559,-0.19674451011692573,False,False,0.7593527645599385,True,PASS,0.8064516129032259
WAS,MIL,0.2367886358286087,4.2,1.24,WAS,2025-12-01,0.0,0.2828282828282828,,0.15384615384615385,,0.35,0.2367886358286087,0.2367886358286087,0.35,WAS,2025-12-01,0.2367886358286087,4.2,1.24,1.0,0.3,0.2828282828282828,True,920,0,,0.23809523809523808,0.22794117647058823,0.12205882352941175,True,False,0.25448422252405156,True,PASS,0.23809523809523808
DEN,DAL,0.5833413332944934,1.19,4.9,DAL,2025-12-01,0.0,0.5454545454545454,,0.6764705882352942,,0.5833413332944934,0.5833413332944934,0.5833413332944934,0.7470726045932411,DAL,2025-12-01,0.5833413332944934,1.19,4.9,0.0,0.6,0.5454545454545454,True,920,0,,0.8403361344537815,0.8045977011494254,-0.22125636785493197,False,False,0.7906736524626365,True,PASS,0.8403361344537815
UTA,HOU,0.3606706997190304,5.7,1.15,UTA,2025-12-01,0.0,0.2828282828282828,,0.3333333333333333,,0.3606706997190304,0.3606706997190304,0.3606706997190304,0.35,UTA,2025-12-01,0.3606706997190304,5.7,1.15,1.0,0.22,0.2828282828282828,True,920,0,,0.17543859649122806,0.1678832116788321,0.19278748804019827,True,False,0.1852011850175397,True,PASS,0.17543859649122806
MIA,LAC,0.5615011532708953,1.41,3.0,MIA,2025-12-01,1.0,0.5172413793103449,,0.6764705882352942,,0.5615011532708953,0.5615011532708953,0.5615011532708953,0.6303563746379066,MIA,2025-12-01,0.5615011532708953,1.41,3.0,1.0,0.67,0.5172413793103449,True,920,0,,0.7092198581560284,0.6802721088435374,-0.11877095557264206,False,False,0.6533604407504784,True,PASS,0.7092198581560284
BRK,CHO,0.4511071280813796,2.6,1.52,BRK,2025-12-01,0.0,0.4540540540540541,,0.3972602739726027,,0.4511071280813796,0.4511071280813796,0.4511071280813796,0.3983517115348393,BRK,2025-12-01,0.4511071280813796,2.6,1.52,1.0,0.33,0.4540540540540541,True,920,0,,0.3846153846153846,0.3689320388349514,0.08217508924642819,False,False,0.3983517115348393,False,PASS,0.3846153846153846
LAL,NOP,0.7430172245363171,1.1,7.75,LAL,2025-11-30,1.0,0.7468354430379747,,0.8484848484848485,,0.7430172245363171,0.7430172245363171,0.7430172245363171,0.7978755574571982,LAL,2025-11-30,0.7430172245363171,1.1,7.75,1.0,0.73,0.7468354430379747,True,920,0,,0.9090909090909091,0.8757062146892656,-0.13268899015294844,False,False,0.8504418323025861,True,PASS,0.9090909090909091
MIN,SAS,0.5867727799673934,1.6,2.4,MIN,2025-11-30,1.0,0.5925925925925926,,0.6666666666666666,,0.5867727799673934,0.5867727799673934,0.5867727799673934,0.588788538765073,MIN,2025-11-30,0.5867727799673934,1.6,2.4,1.0,0.6,0.5925925925925926,True,920,0,,0.625,0.6,-0.013227220032606568,False,False,0.588788538765073,False,PASS,0.625
UTA,HOU,0.431107122576301,5.4,1.17,HOU,2025-11-30,1.0,0.4540540540540541,,0.391304347826087,,0.431107122576301,0.431107122576301,0.431107122576301,0.35,HOU,2025-11-30,0.431107122576301,5.4,1.17,0.0,0.22,0.4540540540540541,True,920,0,,0.18518518518518517,0.1780821917808219,0.2530249307954791,True,False,0.18878682211766099,True,PASS,0.18518518518518517
POR,OKC,0.4644389576593696,5.7,1.15,OKC,2025-11-30,1.0,0.4540540540540541,,0.3972602739726027,,0.4644389576593696,0.4644389576593696,0.4644389576593696,0.35,OKC,2025-11-30,0.4644389576593696,5.7,1.15,0.0,0.5,0.4540540540540541,True,920,0,,0.17543859649122806,0.1678832116788321,0.29655574598053747,True,False,0.1751643585673626,True,PASS,0.17543859649122806
PHI,ATL,0.4699258419334549,1.77,2.1,ATL,2025-11-30,1.0,0.4540540540540541,,0.3972602739726027,,0.4699258419334549,0.4699258419334549,0.4699258419334549,0.5133351847998413,ATL,2025-11-30,0.4699258419334549,1.77,2.1,0.0,0.78,0.4540540540540541,True,920,0,,0.5649717514124294,0.5426356589147286,-0.07270981698127377,False,False,0.5133351847998413,False,PASS,0.5649717514124294
NYK,TOR,0.6945936319704816,1.31,3.6,NYK,2025-11-30,1.0,0.7037037037037037,,0.7777777777777778,,0.6945936319704816,0.6945936319704816,0.6945936319704816,0.6779652665077567,NYK,2025-11-30,0.6945936319704816,1.31,3.6,1.0,0.71,0.7037037037037037,True,920,0,,0.7633587786259541,0.7331975560081467,-0.038603924037665105,False,False,0.7093709017738313,True,PASS,0.7633587786259541
SAC,MEM,0.3978553681461099,2.2,1.7,MEM,2025-11-30,1.0,0.4222222222222222,,0.391304347826087,,0.3978553681461099,0.3978553681461099,0.3978553681461099,0.41225207955271087,MEM,2025-11-30,0.3978553681461099,2.2,1.7,0.0,0.29,0.4222222222222222,True,920,0,,0.45454545454545453,0.4358974358974359,-0.038042067751326014,False,False,0.41225207955271087,False,PASS,0.45454545454545453
CLE,BOS,0.5430492233509335,1.35,3.3,BOS,2025-11-30,0.0,0.5094339622641508,,0.3972602739726027,,0.5430492233509335,0.5430492233509335,0.5430492233509335,0.6605818453152278,BOS,2025-11-30,0.5430492233509335,1.35,3.3,0.0,0.88,0.5094339622641508,True,920,0,,0.7407407407407407,0.7096774193548387,-0.16662819600390522,False,False,0.688919818017915,True,PASS,0.7407407407407407
MIN,BOS,0.735731818834182,1.34,3.4,MIN,2025-11-29,1.0,0.7468354430379747,,0.8333333333333334,,0.735731818834182,0.735731818834182,0.735731818834182,0.6971479050492143,MIN,2025-11-29,0.735731818834182,1.34,3.4,1.0,0.6,0.7468354430379747,True,920,0,,0.7462686567164178,0.7172995780590716,0.01843224077511041,False,False,0.7319387118226051,True,PASS,0.7462686567164178
GSW,NOP,0.7421205170553727,1.27,3.95,GSW,2025-11-29,1.0,0.7468354430379747,,0.8333333333333334,,0.7421205170553727,0.7421205170553727,0.7421205170553727,0.7078684090601394,GSW,2025-11-29,0.7421205170553727,1.27,3.95,1.0,0.2,0.7468354430379747,True,920,0,,0.7874015748031495,0.7567049808429118,-0.014584463787539081,False,False,0.7445510694825169,True,PASS,0.7874015748031495
IND,CHI,0.4541692306207022,2.45,1.57,IND,2025-11-29,0.0,0.4540540540540541,,0.3870967741935484,,0.4541692306207022,0.4541692306207022,0.4541692306207022,0.4192698621526029,IND,2025-11-29,0.4541692306207022,2.45,1.57,1.0,0.22,0.4540540540540541,True,920,0,,0.4081632653061224,0.39054726368159204,0.06362196693911015,False,False,0.4192698621526029,False,PASS,0.4081632653061224
CHO,TOR,0.4429800097547309,3.75,1.29,CHO,2025-11-29,0.0,0.4540540540540541,,0.3870967741935484,,0.4429800097547309,0.4429800097547309,0.4429800097547309,0.35,CHO,2025-11-29,0.4429800097547309,3.75,1.29,1.0,0.67,0.4540540540540541,True,920,0,,0.26666666666666666,0.25595238095238093,0.18702762880234997,True,False,0.27400717041043193,True,PASS,0.26666666666666666
PHO,DEN,0.7102849395345799,2.36,1.62,DEN,2025-11-29,0.0,0.7037037037037037,,0.8484848484848485,,0.7102849395345799,0.7102849395345799,0.7102849395345799,0.4371844803150226,DEN,2025-11-29,0.7102849395345799,2.36,1.62,0.0,0.86,0.7037037037037037,True,920,0,,0.42372881355932207,0.40703517587939697,0.30324976365518297,True,True,0.4102635433071751,True,MODEL_MARKET_GAP,0.42372881355932207
MIA,DET,0.5457599890210781,1.59,2.42,DET,2025-11-29,0.0,0.5094339622641508,,0.3870967741935484,,0.5457599890210781,0.5457599890210781,0.5457599890210781,0.5754365163102222,DET,2025-11-29,0.5457599890210781,1.59,2.42,0.0,0.67,0.5094339622641508,True,920,0,,0.6289308176100629,0.6034912718204488,-0.057731282799370676,False,False,0.5754365163102222,False,PASS,0.6289308176100629
MIL,BRK,0.5559347651232434,1.18,5.1,MIL,2025-11-29,1.0,0.5172413793103449,,0.7,,0.5559347651232434,0.5559347651232434,0.5559347651232434,0.7564295020941871,MIL,2025-11-29,0.5559347651232434,1.18,5.1,1.0,0.55,0.5172413793103449,True,920,0,,0.8474576271186441,0.8121019108280254,-0.25616714570478205,False,False,0.8016817671696319,True,PASS,0.8474576271186441
LAC,DAL,0.5850873936231079,1.36,3.25,DAL,2025-11-29,0.0,0.5454545454545454,,0.7,,0.5850873936231079,0.5850873936231079,0.5850873936231079,0.6514721942095381,DAL,2025-11-29,0.5850873936231079,1.36,3.25,0.0,0.5,0.5454545454545454,True,920,0,,0.7352941176470588,0.7049891540130152,-0.1199017603899073,False,False,0.678202581422986,True,PASS,0.7352941176470588
NYK,MIL,0.7258049728378868,1.29,3.7,NYK,2025-11-28,1.0,0.7468354430379747,,0.8214285714285714,,0.7258049728378868,0.7258049728378868,0.7258049728378868,0.6943058694158952,NYK,2025-11-28,0.7258049728378868,1.29,3.7,1.0,0.71,0.7468354430379747,True,920,0,,0.7751937984496123,0.7414829659318637,-0.015677993093976883,False,False,0.7285951404892885,True,PASS,0.7751937984496123
LAC,MEM,0.5268618316960656,1.4,3.05,MEM,2025-11-28,0.0,0.5094339622641508,,0.38235294117647056,,0.5268618316960656,0.5268618316960656,0.5268618316960656,0.6390097434061226,MEM,2025-11-28,0.5268618316960656,1.4,3.05,0.0,0.5,0.5094339622641508,True,920,0,,0.7142857142857143,0.6853932584269663,-0.1585314267309007,False,False,0.6635408745954383,True,PASS,0.7142857142857143
CHO,CHI,0.4068744118123351,2.3,1.65,CHO,2025-11-28,0.0,0.4540540540540541,,0.36363636363636365,,0.4068744118123351,0.4068744118123351,0.4068744118123351,0.40824980781459674,CHO,2025-11-28,0.4068744118123351,2.3,1.65,1.0,0.67,0.4540540540540541,True,920,0,,0.4347826086956522,0.4177215189873418,-0.010847107175006698,False,False,0.40824980781459674,False,PASS,0.4347826086956522
BRK,PHI,0.625579600067617,3.1,1.39,PHI,2025-11-28,0.0,0.6455696202531646,,0.7560975609756098,,0.625579600067617,0.625579600067617,0.625579600067617,0.36994416769586774,PHI,2025-11-28,0.625579600067617,3.1,1.39,0.0,0.33,0.6455696202531646,True,920,0,,0.3225806451612903,0.309576837416481,0.316002762651136,True,True,0.3142059538512396,True,MODEL_MARKET_GAP,0.3225806451612903
UTA,SAC,0.4577463489933706,1.85,1.98,UTA,2025-11-28,0.0,0.4540540540540541,,0.38235294117647056,,0.4577463489933706,0.4577463489933706,0.4577463489933706,0.4887230453052058,UTA,2025-11-28,0.4577463489933706,1.85,1.98,1.0,0.22,0.4540540540540541,True,920,0,,0.5405405405405405,0.5169712793733681,-0.05922493037999749,False,False,0.4887230453052058,False,PASS,0.5405405405405405
DET,ORL,0.562638911989562,1.62,2.36,ORL,2025-11-28,0.0,0.5172413793103449,,0.7,,0.562638911989562,0.562638911989562,0.562638911989562,0.5722068881233533,ORL,2025-11-28,0.562638911989562,1.62,2.36,0.0,0.7,0.5172413793103449,True,920,0,,0.6172839506172839,0.5929648241206029,-0.030325912131040966,False,False,0.5722068881233533,False,PASS,0.6172839506172839
OKC,PHO,0.7727780846528022,1.1,7.75,OKC,2025-11-28,1.0,0.7468354430379747,,0.8214285714285714,,0.7727780846528022,0.7727780846528022,0.7727780846528022,0.7951851588141567,OKC,2025-11-28,0.7727780846528022,1.1,7.75,1.0,0.73,0.7468354430379747,True,920,0,,0.9090909090909091,0.8757062146892656,-0.1029281300364634,False,False,0.8472766574284196,True,PASS,0.9090909090909091
DEN,SAS,0.6995937500182207,1.32,3.5,SAS,2025-11-28,0.0,0.7037037037037037,,0.8333333333333334,,0.6995937500182207,0.6995937500182207,0.6995937500182207,0.6760270863357722,SAS,2025-11-28,0.6995937500182207,1.32,3.5,0.0,0.6,0.7037037037037037,True,920,0,,0.7575757575757576,0.7261410788381742,-0.026547328819953586,False,False,0.7070906898067909,True,PASS,0.7575757575757576
LAL,DAL,0.7393090579730536,1.24,4.2,LAL,2025-11-28,1.0,0.7468354430379747,,0.8333333333333334,,0.7393090579730536,0.7393090579730536,0.7393090579730536,0.7127641642348781,LAL,2025-11-28,0.7393090579730536,1.24,4.2,1.0,0.73,0.7468354430379747,True,920,0,,0.8064516129032259,0.7720588235294118,-0.032749765556358224,False,False,0.7503107814527977,True,PASS,0.8064516129032259
ATL,CLE,0.6938959287762491,2.5,1.56,ATL,2025-11-28,1.0,0.7037037037037037,,0.8181818181818182,,0.6938959287762491,0.6938959287762491,0.6938959287762491,0.4213840086657151,ATL,2025-11-28,0.6938959287762491,2.5,1.56,1.0,0.77,0.7037037037037037,True,920,0,,0.4,0.38423645320197053,0.30965947557427853,True,True,0.38769144095102165,True,MODEL_MARKET_GAP,0.4
IND,WAS,0.3561882266562023,1.36,3.25,IND,2025-11-28,0.0,0.2828282828282828,,0.3076923076923077,,0.3561882266562023,0.3561882266562023,0.3561882266562023,0.6704522783845474,IND,2025-11-28,0.3561882266562023,1.36,3.25,1.0,0.22,0.2828282828282828,True,920,0,,0.7352941176470588,0.7049891540130152,-0.3488009273568129,False,False,0.7005320922171145,True,PASS,0.7352941176470588
NOP,MEM,0.3665741191569344,2.3,1.65,MEM,2025-11-26,1.0,0.2828282828282828,,0.34782608695652173,,0.3665741191569344,0.3665741191569344,0.3665741191569344,0.39073414412324814,MEM,2025-11-26,0.3665741191569344,2.3,1.65,0.0,0.75,0.2828282828282828,True,920,0,,0.4347826086956522,0.4177215189873418,-0.05114739983040739,False,False,0.39073414412324814,False,PASS,0.4347826086956522
POR,SAS,0.5565155599051146,1.83,2.0,SAS,2025-11-26,0.0,0.5172413793103449,,0.7407407407407407,,0.5565155599051146,0.5565155599051146,0.5565155599051146,0.5445418933928048,SAS,2025-11-26,0.5565155599051146,1.83,2.0,0.0,0.5,0.5172413793103449,True,920,0,,0.5464480874316939,0.5221932114882506,0.03432234841686399,False,False,0.5445418933928048,False,PASS,0.5464480874316939
MIA,MIL,0.5867514777006497,1.31,3.6,MIA,2025-11-26,1.0,0.5925925925925926,,0.7407407407407407,,0.5867514777006497,0.5867514777006497,0.5867514777006497,0.678261273303886,MIA,2025-11-26,0.5867514777006497,1.31,3.6,1.0,0.67,0.5925925925925926,True,920,0,,0.7633587786259541,0.7331975560081467,-0.146446078307497,False,False,0.7097191450633953,True,PASS,0.7633587786259541
CHO,NYK,0.3208448447630296,3.15,1.38,NYK,2025-11-26,1.0,0.2828282828282828,,0.34782608695652173,,0.35,0.3208448447630296,0.3208448447630296,0.35,NYK,2025-11-26,0.3208448447630296,3.15,1.38,0.0,0.67,0.2828282828282828,True,920,0,,0.31746031746031744,0.3046357615894039,0.04536423841059606,False,False,0.3303661086383767,False,PASS,0.31746031746031744
OKC,MIN,0.8073251773858775,1.22,4.5,OKC,2025-11-26,1.0,0.8571428571428571,,1.0,,0.8,0.8073251773858775,0.8073251773858775,0.7532717823603896,OKC,2025-11-26,0.8073251773858775,1.22,4.5,1.0,0.73,0.8571428571428571,True,920,0,,0.819672131147541,0.7867132867132867,0.01328671328671338,False,False,0.797966802776929,True,PASS,0.819672131147541
SAC,PHO,0.3212320157133465,2.54,1.54,PHO,2025-11-26,1.0,0.2828282828282828,,0.34782608695652173,,0.35,0.3212320157133465,0.3212320157133465,0.35797338933941936,PHO,2025-11-26,0.3212320157133465,2.54,1.54,0.0,0.29,0.2828282828282828,True,920,0,,0.39370078740157477,0.37745098039215685,-0.027450980392156876,False,False,0.35797338933941936,False,PASS,0.39370078740157477
TOR,IND,0.7248393107039552,1.21,4.7,TOR,2025-11-26,1.0,0.7468354430379747,,0.8148148148148148,,0.7248393107039552,0.7248393107039552,0.7248393107039552,0.7261513478611112,TOR,2025-11-26,0.7248393107039552,1.21,4.7,1.0,0.4,0.7468354430379747,True,920,0,,0.8264462809917356,0.7952622673434856,-0.07042295663953035,False,False,0.7660604092483662,True,PASS,0.8264462809917356
GSW,HOU,0.5809261480059171,1.68,2.24,HOU,2025-11-26,0.0,0.5454545454545454,,0.7241379310344828,,0.5809261480059171,0.5809261480059171,0.5809261480059171,0.5798629577686059,HOU,2025-11-26,0.5809261480059171,1.68,2.24,0.0,0.2,0.5454545454545454,True,920,0,,0.5952380952380952,0.5714285714285715,0.009497576577345623,False,False,0.5798629577686059,False,PASS,0.5952380952380952
BOS,DET,0.6979409304193159,2.24,1.68,BOS,2025-11-26,1.0,0.7037037037037037,,0.8,,0.6979409304193159,0.6979409304193159,0.6979409304193159,0.45293155348854786,BOS,2025-11-26,0.6979409304193159,2.24,1.68,1.0,0.75,0.7037037037037037,True,920,0,,0.4464285714285714,0.4285714285714286,0.2693695018478873,True,True,0.43275936212649696,True,MODEL_MARKET_GAP,0.4464285714285714
WAS,ATL,0.2578109292415598,5.0,1.19,WAS,2025-11-25,0.0,0.2828282828282828,,0.08333333333333333,,0.35,0.2578109292415598,0.2578109292415598,0.35,WAS,2025-11-25,0.2578109292415598,5.0,1.19,1.0,0.3,0.2828282828282828,True,920,0,,0.2,0.19224555735056542,0.15775444264943456,True,False,0.21420306533635947,True,PASS,0.2
LAL,LAC,0.6183566580062562,1.39,3.1,LAL,2025-11-25,1.0,0.6455696202531646,,0.75,,0.6183566580062562,0.6183566580062562,0.6183566580062562,0.6369753372293567,LAL,2025-11-25,0.6183566580062562,1.39,3.1,1.0,0.73,0.6455696202531646,True,920,0,,0.7194244604316548,0.6904231625835189,-0.07206650457726271,False,False,0.6611474555639492,True,PASS,0.7194244604316548
PHI,ORL,0.5436046425122454,2.45,1.57,ORL,2025-11-25,0.0,0.5094339622641508,,0.3880597014925373,,0.5436046425122454,0.5436046425122454,0.5436046425122454,0.4391974810889496,ORL,2025-11-25,0.5436046425122454,2.45,1.57,0.0,0.78,0.5094339622641508,True,920,0,,0.4081632653061224,0.39054726368159204,0.15305737883065335,True,False,0.41313925869849943,True,PASS,0.4081632653061224
BRK,NYK,0.5228836699195674,6.75,1.12,NYK,2025-11-24,0.0,0.5094339622641508,,0.4,,0.5228836699195674,0.5228836699195674,0.5228836699195674,0.35,NYK,2025-11-24,0.5228836699195674,6.75,1.12,0.0,0.33,0.5094339622641508,True,920,0,,0.14814814814814814,0.1423125794155019,0.38057109050406546,True,False,0.1455817436386477,True,PASS,0.14814814814814814
GSW,UTA,0.6069409090761148,1.1,7.5,GSW,2025-11-24,1.0,0.6455696202531646,,0.75,,0.6069409090761148,0.6069409090761148,0.6069409090761148,0.8,GSW,2025-11-24,0.6069409090761148,1.1,7.5,1.0,0.2,0.6455696202531646,True,920,0,,0.9090909090909091,0.8720930232558138,-0.2651521141796991,False,False,0.8624532050528743,True,PASS,0.9090909090909091
SAC,MIN,0.2164996819537854,4.1,1.25,SAC,2025-11-24,0.0,0.2828282828282828,,0.0,,0.35,0.2164996819537854,0.2164996819537854,0.35,SAC,2025-11-24,0.2164996819537854,4.1,1.25,1.0,0.29,0.2828282828282828,True,920,0,,0.24390243902439027,0.23364485981308414,0.11635514018691584,False,False,0.26081742455542745,False,PASS,0.24390243902439027
NOP,CHI,0.3175450772637698,2.8,1.46,NOP,2025-11-24,0.0,0.2828282828282828,,0.0,,0.35,0.3175450772637698,0.3175450772637698,0.35,NOP,2025-11-24,0.3175450772637698,2.8,1.46,1.0,0.75,0.2828282828282828,True,920,0,,0.35714285714285715,0.34272300469483574,0.0072769953051642355,False,False,0.34936727983613525,False,PASS,0.35714285714285715
PHO,HOU,0.7666323397776689,2.9,1.43,HOU,2025-11-24,0.0,0.7468354430379747,,0.8461538461538461,,0.7666323397776689,0.7666323397776689,0.7666323397776689,0.38183557833122295,HOU,2025-11-24,0.7666323397776689,2.9,1.43,0.0,0.86,0.7468354430379747,True,920,0,,0.3448275862068966,0.3302540415704388,0.43637829820723006,True,True,0.3311936833303185,True,MODEL_MARKET_GAP,0.3448275862068966
IND,DET,0.3438515137498653,4.5,1.22,DET,2025-11-24,1.0,0.2828282828282828,,0.35,,0.35,0.3438515137498653,0.3438515137498653,0.35,DET,2025-11-24,0.3438515137498653,4.5,1.22,0.0,0.22,0.2828282828282828,True,920,0,,0.2222222222222222,0.21328671328671325,0.13671328671328672,True,False,0.2380402865096411,True,PASS,0.2222222222222222
MIL,POR,0.640018442511149,1.77,2.1,POR,2025-11-24,0.0,0.6455696202531646,,0.76,,0.640018442511149,0.640018442511149,0.640018442511149,0.5714641635018798,POR,2025-11-24,0.640018442511149,1.77,2.1,0.0,0.55,0.6455696202531646,True,920,0,,0.5649717514124294,0.5426356589147286,0.09738278359642039,False,False,0.5714641635018798,False,PASS,0.5649717514124294
TOR,CLE,0.6308937513462158,1.87,1.95,TOR,2025-11-24,1.0,0.6455696202531646,,0.76,,0.6308937513462158,0.6308937513462158,0.6308937513462158,0.5260396906405971,TOR,2025-11-24,0.6308937513462158,1.87,1.95,1.0,0.4,0.6455696202531646,True,920,0,,0.53475935828877,0.5104712041884817,0.12042254715773415,True,False,0.5371995580579958,True,PASS,0.53475935828877
MIA,DAL,0.5733875828751145,1.34,3.35,MIA,2025-11-24,1.0,0.5454545454545454,,0.7307692307692307,,0.5733875828751145,0.5733875828751145,0.5733875828751145,0.6615634363697567,MIA,2025-11-24,0.5733875828751145,1.34,3.35,1.0,0.67,0.5454545454545454,True,920,0,,0.7462686567164178,0.7142857142857143,-0.14089813141059981,False,False,0.6900746310232432,True,PASS,0.7462686567164178
MEM,DEN,0.4940226262844469,3.7,1.29,DEN,2025-11-24,1.0,0.4540540540540541,,0.4,,0.4940226262844469,0.4940226262844469,0.4940226262844469,0.35,DEN,2025-11-24,0.4940226262844469,3.7,1.29,0.0,0.25,0.4540540540540541,True,920,0,,0.27027027027027023,0.25851703406813625,0.23550559221631062,True,False,0.2709197410851885,True,PASS,0.27027027027027023
PHI,MIA,0.5424938069718963,2.02,1.82,MIA,2025-11-23,0.0,0.5094339622641508,,0.4074074074074074,,0.5424938069718963,0.5424938069718963,0.5424938069718963,0.5030560019318335,MIA,2025-11-23,0.5424938069718963,2.02,1.82,0.0,0.78,0.5094339622641508,True,920,0,,0.49504950495049505,0.4739583333333334,0.06853547363856288,False,False,0.5030560019318335,False,PASS,0.49504950495049505
TOR,BRK,0.6319331535147021,1.14,6.0,TOR,2025-11-23,1.0,0.6455696202531646,,0.7419354838709677,,0.6319331535147021,0.6319331535147021,0.6319331535147021,0.7761948131057264,TOR,2025-11-23,0.6319331535147021,1.14,6.0,1.0,0.4,0.6455696202531646,True,920,0,,0.8771929824561404,0.8403361344537814,-0.20840298093907927,False,False,0.8249350742420309,True,PASS,0.8771929824561404
BOS,ORL,0.7213422905784349,1.52,2.6,BOS,2025-11-23,1.0,0.7468354430379747,,0.8235294117647058,,0.7213422905784349,0.7213422905784349,0.7213422905784349,0.6362341046413853,BOS,2025-11-23,0.7213422905784349,1.52,2.6,1.0,0.75,0.7468354430379747,True,920,0,,0.6578947368421053,0.6310679611650486,0.09027432941338631,False,False,0.6602754172251591,True,PASS,0.6578947368421053
UTA,LAL,0.345531925384462,4.3,1.24,LAL,2025-11-23,1.0,0.2828282828282828,,0.35555555555555557,,0.35,0.345531925384462,0.345531925384462,0.35,LAL,2025-11-23,0.345531925384462,4.3,1.24,0.0,0.22,0.2828282828282828,True,920,0,,0.23255813953488372,0.223826714801444,0.12617328519855597,True,False,0.24988902394472606,True,PASS,0.23255813953488372
CLE,LAC,0.5877184540682966,1.26,4.0,CLE,2025-11-23,1.0,0.5925925925925926,,0.72,,0.5877184540682966,0.5877184540682966,0.5877184540682966,0.7044418079852828,CLE,2025-11-23,0.5877184540682966,1.26,4.0,1.0,0.88,0.5925925925925926,True,920,0,,0.7936507936507936,0.7604562737642586,-0.17273781969596202,False,False,0.7405197741003327,True,PASS,0.7936507936507936
PHO,SAS,0.6367809127968677,1.68,2.24,PHO,2025-11-23,1.0,0.6455696202531646,,0.7419354838709677,,0.6367809127968677,0.6367809127968677,0.6367809127968677,0.5852558963684247,PHO,2025-11-23,0.6367809127968677,1.68,2.24,1.0,0.86,0.6455696202531646,True,920,0,,0.5952380952380952,0.5714285714285715,0.06535234136829615,False,False,0.6003010545510878,True,PASS,0.5952380952380952
ATL,CHO,0.7279782344473199,1.34,3.35,ATL,2025-11-23,1.0,0.7468354430379747,,0.8235294117647058,,0.7279782344473199,0.7279782344473199,0.7279782344473199,0.691950620767208,ATL,2025-11-23,0.7279782344473199,1.34,3.35,1.0,0.77,0.7468354430379747,True,920,0,,0.7462686567164178,0.7142857142857143,0.013692520161605604,False,False,0.7258242597261271,True,PASS,0.7462686567164178
OKC,POR,0.7286067682101035,1.09,8.0,OKC,2025-11-23,1.0,0.7468354430379747,,0.8235294117647058,,0.7286067682101035,0.7286067682101035,0.7286067682101035,0.8,OKC,2025-11-23,0.7286067682101035,1.09,8.0,1.0,0.73,0.7468354430379747,True,920,0,,0.9174311926605504,0.8800880088008802,-0.15148124059077672,False,False,0.8572837733199694,True,PASS,0.9174311926605504
CHI,WAS,0.4412408425463915,1.14,6.0,CHI,2025-11-22,0.0,0.4540540540540541,,0.35555555555555557,,0.4412408425463915,0.4412408425463915,0.4412408425463915,0.7869739982141066,CHI,2025-11-22,0.4412408425463915,1.14,6.0,1.0,0.11,0.4540540540540541,True,920,0,,0.8771929824561404,0.8403361344537814,-0.3990952919073899,False,False,0.8376164684871843,True,PASS,0.8771929824561404
DAL,MEM,0.2981127075279954,1.87,1.95,MEM,2025-11-22,1.0,0.2828282828282828,,0.0,,0.35,0.2981127075279954,0.2981127075279954,0.48888132905528914,MEM,2025-11-22,0.2981127075279954,1.87,1.95,0.0,0.0,0.2828282828282828,True,920,0,,0.53475935828877,0.5104712041884817,-0.1604712041884817,False,False,0.48888132905528914,False,PASS,0.53475935828877
DEN,SAC,0.7816392019063639,1.18,5.1,SAC,2025-11-22,0.0,0.7468354430379747,,1.0,,0.7816392019063639,0.7816392019063639,0.7816392019063639,0.747593068544639,SAC,2025-11-22,0.7816392019063639,1.18,5.1,0.0,0.6,0.7468354430379747,True,920,0,,0.8474576271186441,0.8121019108280254,-0.030462708921661474,False,False,0.791285962993693,True,PASS,0.8474576271186441
ORL,NYK,0.6667776830140433,1.87,1.95,ORL,2025-11-22,1.0,0.696078431372549,,0.7692307692307693,,0.6667776830140433,0.6667776830140433,0.6667776830140433,0.5228371720505283,ORL,2025-11-22,0.6667776830140433,1.87,1.95,1.0,0.73,0.696078431372549,True,920,0,,0.53475935828877,0.5104712041884817,0.1563064788255616,True,False,0.5326245315007547,True,PASS,0.53475935828877
NOP,ATL,0.4220500278491884,4.1,1.25,ATL,2025-11-22,1.0,0.4540540540540541,,0.375,,0.4220500278491884,0.4220500278491884,0.4220500278491884,0.35,ATL,2025-11-22,0.4220500278491884,4.1,1.25,0.0,0.75,0.4540540540540541,True,920,0,,0.24390243902439027,0.23364485981308414,0.18840516803610424,True,False,0.25152213194012385,True,PASS,0.24390243902439027
MIL,DET,0.5608269939310925,3.8,1.28,DET,2025-11-22,0.0,0.5172413793103449,,0.7407407407407407,,0.5608269939310925,0.5608269939310925,0.5608269939310925,0.35,DET,2025-11-22,0.5608269939310925,3.8,1.28,0.0,0.55,0.5172413793103449,True,920,0,,0.2631578947368421,0.25196850393700787,0.3088584899940846,True,False,0.258470778743405,True,PASS,0.2631578947368421
CHO,LAC,0.4719422296194962,1.95,1.87,LAC,2025-11-22,1.0,0.4540540540540541,,0.41379310344827586,,0.4719422296194962,0.4719422296194962,0.4719422296194962,0.47541287566781043,LAC,2025-11-22,0.4719422296194962,1.95,1.87,0.0,0.67,0.4540540540540541,True,920,0,,0.5128205128205129,0.4895287958115184,-0.0175865661920222,False,False,0.47541287566781043,False,PASS,0.5128205128205129
UTA,OKC,0.3874301055932168,9.5,1.07,OKC,2025-11-21,1.0,0.4222222222222222,,0.3684210526315789,,0.3874301055932168,0.3874301055932168,0.3874301055932168,0.35,OKC,2025-11-21,0.3874301055932168,9.5,1.07,0.0,0.22,0.4222222222222222,True,920,0,,0.10526315789473684,0.10122989593188268,0.2862002096613341,True,False,0.10922787568497196,True,PASS,0.10526315789473684
GSW,POR,0.5252079282850365,1.24,4.3,POR,2025-11-21,0.0,0.5094339622641508,,0.4230769230769231,,0.5252079282850365,0.5252079282850365,0.5252079282850365,0.7254870611958489,POR,2025-11-21,0.5252079282850365,1.24,4.3,0.0,0.2,0.5094339622641508,True,920,0,,0.8064516129032259,0.7761732851985559,-0.2509653569135194,False,False,0.7652788955245282,True,PASS,0.8064516129032259
TOR,WAS,0.785704218264216,1.11,7.25,TOR,2025-11-21,1.0,0.7468354430379747,,1.0,,0.785704218264216,0.785704218264216,0.785704218264216,0.7871298087495553,TOR,2025-11-21,0.785704218264216,1.11,7.25,1.0,0.4,0.7468354430379747,True,920,0,,0.9009009009009008,0.867224880382775,-0.08152066211855902,False,False,0.8377997749994769,True,PASS,0.9009009009009008
DAL,NOP,0.3294824413367516,1.56,2.5,DAL,2025-11-21,0.0,0.2828282828282828,,0.3333333333333333,,0.35,0.3294824413367516,0.3294824413367516,0.5902488045062763,DAL,2025-11-21,0.3294824413367516,1.56,2.5,1.0,0.0,0.2828282828282828,True,920,0,,0.641025641025641,0.6157635467980296,-0.2657635467980296,False,False,0.6061750641250309,True,PASS,0.641025641025641
CHI,MIA,0.4004434296409951,1.7,2.2,MIA,2025-11-21,1.0,0.4222222222222222,,0.375,,0.4004434296409951,0.4004434296409951,0.4004434296409951,0.5429439600094821,MIA,2025-11-21,0.4004434296409951,1.7,2.2,0.0,0.11,0.4222222222222222,True,920,0,,0.5882352941176471,0.5641025641025641,-0.163659134461569,False,False,0.5429439600094821,False,PASS,0.5882352941176471
CLE,IND,0.6609249908764857,1.1,7.75,CLE,2025-11-21,1.0,0.696078431372549,,0.7692307692307693,,0.6609249908764857,0.6609249908764857,0.6609249908764857,0.8,CLE,2025-11-21,0.6609249908764857,1.1,7.75,1.0,0.88,0.696078431372549,True,920,0,,0.9090909090909091,0.8757062146892656,-0.21478122381277986,False,False,0.8610501437422518,True,PASS,0.9090909090909091
PHO,MIN,0.6082955521794886,2.54,1.54,PHO,2025-11-21,1.0,0.6455696202531646,,0.7407407407407407,,0.6082955521794886,0.6082955521794886,0.6082955521794886,0.4209583110148119,PHO,2025-11-21,0.6082955521794886,2.54,1.54,1.0,0.86,0.6455696202531646,True,920,0,,0.39370078740157477,0.37745098039215685,0.23084457178733175,True,True,0.3870833014497313,True,MODEL_MARKET_GAP,0.39370078740157477
BOS,BRK,0.6753812887902401,1.1,7.75,BRK,2025-11-21,0.0,0.696078431372549,,0.8333333333333334,,0.6753812887902401,0.6753812887902401,0.6753812887902401,0.8,BRK,2025-11-21,0.6753812887902401,1.1,7.75,0.0,0.75,0.696078431372549,True,920,0,,0.9090909090909091,0.8757062146892656,-0.2003249258990255,False,False,0.859329195158785,True,PASS,0.9090909090909091
HOU,DEN,0.6997622437963672,1.74,2.14,DEN,2025-11-21,0.0,0.7037037037037037,,0.8461538461538461,,0.6997622437963672,0.6997622437963672,0.6997622437963672,0.5523520456039035,DEN,2025-11-21,0.6997622437963672,1.74,2.14,0.0,0.64,0.7037037037037037,True,920,0,,0.5747126436781609,0.5515463917525772,0.14821585204378995,True,False,0.5747886365770051,True,PASS,0.5747126436781609
MIL,PHI,0.4218667547160461,2.14,1.74,PHI,2025-11-20,1.0,0.4540540540540541,,0.3684210526315789,,0.4218667547160461,0.4218667547160461,0.4218667547160461,0.4293842799435731,PHI,2025-11-20,0.4218667547160461,2.14,1.74,0.0,0.55,0.4540540540540541,True,920,0,,0.4672897196261682,0.4484536082474227,-0.026586853531376575,False,False,0.4293842799435731,False,PASS,0.4672897196261682
SAS,ATL,0.6519022225297415,1.91,1.91,SAS,2025-11-20,1.0,0.696078431372549,,0.7321428571428571,,0.6519022225297415,0.6519022225297415,0.6519022225297415,0.5159233138548511,SAS,2025-11-20,0.6519022225297415,1.91,1.91,1.0,0.9,0.696078431372549,True,920,0,,0.5235602094240838,0.5,0.1519022225297415,True,False,0.5227475912212158,True,PASS,0.5235602094240838
ORL,LAC,0.5762548034592,1.46,2.8,ORL,2025-11-20,1.0,0.5454545454545454,,0.7321428571428571,,0.5762548034592,0.5762548034592,0.5762548034592,0.6086716687616573,ORL,2025-11-20,0.5762548034592,1.46,2.8,1.0,0.73,0.5454545454545454,True,920,0,,0.684931506849315,0.6572769953051644,-0.08102219184596438,False,False,0.627849022072538,True,PASS,0.684931506849315
MEM,SAC,0.3924271463672985,1.68,2.24,MEM,2025-11-20,0.0,0.4222222222222222,,0.3684210526315789,,0.3924271463672985,0.3924271463672985,0.3924271463672985,0.5523249875747025,MEM,2025-11-20,0.3924271463672985,1.68,2.24,1.0,0.25,0.4222222222222222,True,920,0,,0.5952380952380952,0.5714285714285715,-0.17900142506127303,False,False,0.5523249875747025,False,PASS,0.5952380952380952
OKC,SAC,0.8317322482012603,1.05,12.0,OKC,2025-11-19,1.0,0.8571428571428571,,1.0,,0.8,0.8317322482012603,0.8317322482012603,0.8,OKC,2025-11-19,0.8317322482012603,1.05,12.0,1.0,0.73,0.8571428571428571,True,920,0,,0.9523809523809523,0.9195402298850576,-0.11954022988505753,False,False,0.8927134646240841,True,PASS,0.9523809523809523
MIN,WAS,0.7167042232727754,1.07,9.0,MIN,2025-11-19,1.0,0.7468354430379747,,0.8571428571428571,,0.7167042232727754,0.7167042232727754,0.7167042232727754,0.8,MIN,2025-11-19,0.7167042232727754,1.07,9.0,1.0,0.6,0.7468354430379747,True,920,0,,0.9345794392523364,0.893743793445879,-0.17703957017310357,False,False,0.8743805105077267,True,PASS,0.9345794392523364
MIA,GSW,0.4166274930485827,1.22,4.5,MIA,2025-11-19,0.0,0.4540540540540541,,0.35294117647058826,,0.4166274930485827,0.4166274930485827,0.4166274930485827,0.7406256348046151,MIA,2025-11-19,0.4166274930485827,1.22,4.5,1.0,0.67,0.4540540540540541,True,920,0,,0.819672131147541,0.7867132867132867,-0.37008579366470395,False,False,0.7830889821230765,True,PASS,0.819672131147541
PHI,TOR,0.6635558086581727,2.14,1.74,TOR,2025-11-19,0.0,0.696078431372549,,0.8571428571428571,,0.6635558086581727,0.6635558086581727,0.6635558086581727,0.46874857321876384,TOR,2025-11-19,0.6635558086581727,2.14,1.74,0.0,0.78,0.696078431372549,True,920,0,,0.4672897196261682,0.4484536082474227,0.21510220041074996,True,True,0.45535510459823403,True,MODEL_MARKET_GAP,0.4672897196261682
CLE,HOU,0.6649952849665081,2.0,1.83,HOU,2025-11-19,0.0,0.696078431372549,,0.8571428571428571,,0.6649952849665081,0.6649952849665081,0.6649952849665081,0.4893333930820673,HOU,2025-11-19,0.6649952849665081,2.0,1.83,0.0,0.88,0.696078431372549,True,920,0,,0.5,0.47780678851174935,0.1871884964547587,True,True,0.484761990117239,True,MODEL_MARKET_GAP,0.5
DAL,NYK,0.4361568985903687,3.4,1.34,NYK,2025-11-19,1.0,0.4540540540540541,,0.3684210526315789,,0.4361568985903687,0.4361568985903687,0.4361568985903687,0.3636670256018207,NYK,2025-11-19,0.4361568985903687,3.4,1.34,0.0,0.0,0.4540540540540541,True,920,0,,0.29411764705882354,0.28270042194092826,0.15345647664944045,True,False,0.30523860800260094,True,PASS,0.29411764705882354
NOP,DEN,0.3861486268694939,7.25,1.11,DEN,2025-11-19,1.0,0.4222222222222222,,0.35294117647058826,,0.3861486268694939,0.3861486268694939,0.3861486268694939,0.35,DEN,2025-11-19,0.3861486268694939,7.25,1.11,0.0,0.75,0.4222222222222222,True,920,0,,0.13793103448275862,0.13277511961722488,0.25337350725226904,True,False,0.14344789212159512,True,PASS,0.13793103448275862
POR,CHI,0.4924207455272665,2.2,1.7,CHI,2025-11-19,1.0,0.4540540540540541,,0.4375,,0.4924207455272665,0.4924207455272665,0.4924207455272665,0.46378307259394747,CHI,2025-11-19,0.4924207455272665,2.2,1.7,0.0,0.5,0.4540540540540541,True,920,0,,0.45454545454545453,0.4358974358974359,0.0565233096298306,False,False,0.46378307259394747,False,PASS,0.45454545454545453
IND,CHO,0.3733119347155008,2.05,1.8,IND,2025-11-19,0.0,0.4222222222222222,,0.3684210526315789,,0.3733119347155008,0.3733119347155008,0.3733119347155008,0.4385154790538576,IND,2025-11-19,0.3733119347155008,2.05,1.8,1.0,0.22,0.4222222222222222,True,920,0,,0.48780487804878053,0.4675324675324676,-0.0942205328169668,False,False,0.4385154790538576,False,PASS,0.48780487804878053
SAS,MEM,0.6381276961826782,1.43,2.9,SAS,2025-11-18,1.0,0.6455696202531646,,0.7419354838709677,,0.6381276961826782,0.6381276961826782,0.6381276961826782,0.6261826939543207,SAS,2025-11-18,0.6381276961826782,1.43,2.9,1.0,0.9,0.6455696202531646,True,920,0,,0.6993006993006994,0.6697459584295612,-0.03161826224688302,False,False,0.6484502281815537,True,PASS,0.6993006993006994
ATL,DET,0.6240297878509508,1.87,1.95,DET,2025-11-18,0.0,0.6455696202531646,,0.7419354838709677,,0.6240297878509508,0.6240297878509508,0.6240297878509508,0.5379341195862083,DET,2025-11-18,0.6240297878509508,1.87,1.95,0.0,0.77,0.6455696202531646,True,920,0,,0.53475935828877,0.5104712041884817,0.11355858366246907,False,False,0.5379341195862083,False,PASS,0.53475935828877
POR,PHO,0.5039676226789848,1.7,2.2,PHO,2025-11-18,0.0,0.5094339622641508,,0.4375,,0.5039676226789848,0.5039676226789848,0.5039676226789848,0.5357447026148917,PHO,2025-11-18,0.5039676226789848,1.7,2.2,0.0,0.5,0.5094339622641508,True,920,0,,0.5882352941176471,0.5641025641025641,-0.060134941423579336,False,False,0.5357447026148917,False,PASS,0.5882352941176471
BRK,BOS,0.4531476458733325,5.1,1.18,BOS,2025-11-18,1.0,0.4540540540540541,,0.35714285714285715,,0.4531476458733325,0.4531476458733325,0.4531476458733325,0.35,BOS,2025-11-18,0.4531476458733325,5.1,1.18,0.0,0.33,0.4540540540540541,True,920,0,,0.19607843137254904,0.1878980891719745,0.26524955670135797,True,False,0.1975297112092196,True,PASS,0.19607843137254904
LAL,UTA,0.6425109409900865,1.15,5.9,LAL,2025-11-18,1.0,0.6455696202531646,,0.7254901960784313,,0.6425109409900865,0.6425109409900865,0.6425109409900865,0.7717969396434758,LAL,2025-11-18,0.6425109409900865,1.15,5.9,1.0,0.73,0.6455696202531646,True,920,0,,0.8695652173913044,0.8368794326241135,-0.19436849163402692,False,False,0.8197611054629128,True,PASS,0.8695652173913044
ORL,GSW,0.6550214093420926,2.36,1.62,ORL,2025-11-18,1.0,0.696078431372549,,0.8666666666666667,,0.6550214093420926,0.6550214093420926,0.6550214093420926,0.43943371488894906,ORL,2025-11-18,0.6550214093420926,2.36,1.62,1.0,0.73,0.696078431372549,True,920,0,,0.42372881355932207,0.40703517587939697,0.24798623346269566,True,True,0.4134767355556415,True,MODEL_MARKET_GAP,0.42372881355932207
PHI,LAC,0.5561960209156651,1.49,2.7,PHI,2025-11-17,1.0,0.5172413793103449,,0.7142857142857143,,0.5561960209156651,0.5561960209156651,0.5561960209156651,0.5978395287849412,PHI,2025-11-17,0.5561960209156651,1.49,2.7,1.0,0.78,0.5172413793103449,True,920,0,,0.6711409395973155,0.6443914081145585,-0.08819538719889342,False,False,0.6151053279822837,True,PASS,0.6711409395973155
MIN,DAL,0.6661300361616589,1.11,7.0,MIN,2025-11-17,1.0,0.696078431372549,,0.8666666666666667,,0.6661300361616589,0.6661300361616589,0.6661300361616589,0.7943919847547205,MIN,2025-11-17,0.6661300361616589,1.11,7.0,1.0,0.6,0.696078431372549,True,920,0,,0.9009009009009008,0.8631319358816276,-0.19700189971996873,False,False,0.8463435114761417,True,PASS,0.9009009009009008
NOP,OKC,0.4102266023794135,11.0,1.06,OKC,2025-11-17,1.0,0.4540540540540541,,0.35714285714285715,,0.4102266023794135,0.4102266023794135,0.4102266023794135,0.35,OKC,2025-11-17,0.4102266023794135,11.0,1.06,0.0,0.75,0.4540540540540541,True,920,0,,0.09090909090909091,0.087893864013267,0.3223327383661465,True,False,0.09362793146805025,True,PASS,0.09090909090909091
TOR,CHO,0.5880827684802333,1.28,3.8,TOR,2025-11-17,1.0,0.5925925925925926,,0.7254901960784313,,0.5880827684802333,0.5880827684802333,0.5880827684802333,0.6924152750117247,TOR,2025-11-17,0.5880827684802333,1.28,3.8,1.0,0.4,0.5925925925925926,True,920,0,,0.78125,0.7480314960629921,-0.1599487275827588,False,False,0.7263709117784997,True,PASS,0.78125
MIA,NYK,0.4417334268849293,1.8,2.05,MIA,2025-11-17,0.0,0.4540540540540541,,0.35714285714285715,,0.4417334268849293,0.4417334268849293,0.4417334268849293,0.5032795521103474,MIA,2025-11-17,0.4417334268849293,1.8,2.05,1.0,0.67,0.4540540540540541,True,920,0,,0.5555555555555556,0.5324675324675325,-0.09073410558260325,False,False,0.5032795521103474,False,PASS,0.5555555555555556
DEN,CHI,0.7364155786763281,1.12,6.75,CHI,2025-11-17,0.0,0.7468354430379747,,0.8832932320659722,,0.7364155786763281,0.7364155786763281,0.7364155786763281,0.7813965839168168,CHI,2025-11-17,0.7364155786763281,1.12,6.75,0.0,0.6,0.7468354430379747,True,920,0,,0.8928571428571428,0.8576874205844981,-0.12127184190816997,False,False,0.8310548046080197,True,PASS,0.8928571428571428
CLE,MIL,0.6293195660979071,1.34,3.4,CLE,2025-11-17,1.0,0.6455696202531646,,0.7254901960784313,,0.6293195660979071,0.6293195660979071,0.6293195660979071,0.6598053193831485,CLE,2025-11-17,0.6293195660979071,1.34,3.4,1.0,0.88,0.6455696202531646,True,920,0,,0.7462686567164178,0.7172995780590716,-0.08798001196116456,False,False,0.6880062580978217,True,PASS,0.7462686567164178
DET,IND,0.6935460609945833,1.18,5.1,DET,2025-11-17,1.0,0.7037037037037037,,0.8695652173913043,,0.6935460609945833,0.6935460609945833,0.6935460609945833,0.7423916572268229,DET,2025-11-17,0.6935460609945833,1.18,5.1,1.0,0.7,0.7037037037037037,True,920,0,,0.8474576271186441,0.8121019108280254,-0.11855584983344214,False,False,0.7851666555609681,True,PASS,0.8474576271186441
PHO,ATL,0.6347441961964095,1.95,1.87,ATL,2025-11-16,0.0,0.6455696202531646,,0.7307692307692307,,0.6347441961964095,0.6347441961964095,0.6347441961964095,0.5092195713648291,ATL,2025-11-16,0.6347441961964095,1.95,1.87,0.0,0.86,0.6455696202531646,True,920,0,,0.5128205128205129,0.4895287958115184,0.1452154003848911,True,False,0.5131708162354701,True,PASS,0.5128205128205129
NOP,GSW,0.2617468788427212,4.8,1.2,GSW,2025-11-16,1.0,0.2828282828282828,,0.0,,0.35,0.2617468788427212,0.2617468788427212,0.35,GSW,2025-11-16,0.2617468788427212,4.8,1.2,0.0,0.75,0.2828282828282828,True,920,0,,0.20833333333333334,0.19999999999999998,0.15,True,False,0.22300324502673927,True,PASS,0.20833333333333334
HOU,ORL,0.7829589481097589,1.32,3.5,HOU,2025-11-16,1.0,0.7468354430379747,,1.0,,0.7829589481097589,0.7829589481097589,0.7829589481097589,0.7159586633724409,HOU,2025-11-16,0.7829589481097589,1.32,3.5,1.0,0.64,0.7468354430379747,True,920,0,,0.7575757575757576,0.7261410788381742,0.05681786927158461,False,False,0.7540690157322834,True,PASS,0.7575757575757576
BOS,LAC,0.652537883108183,1.46,2.8,BOS,2025-11-16,1.0,0.696078431372549,,0.7307692307692307,,0.652537883108183,0.652537883108183,0.652537883108183,0.6298888989464766,BOS,2025-11-16,0.652537883108183,1.46,2.8,1.0,0.75,0.696078431372549,True,920,0,,0.684931506849315,0.6572769953051644,-0.004739112196981421,False,False,0.6528104693487959,True,PASS,0.684931506849315
SAS,SAC,0.6395957115238391,1.29,3.75,SAS,2025-11-16,1.0,0.6455696202531646,,0.7307692307692307,,0.6395957115238391,0.6395957115238391,0.6395957115238391,0.6833802773025146,SAS,2025-11-16,0.6395957115238391,1.29,3.75,1.0,0.9,0.6455696202531646,True,920,0,,0.7751937984496123,0.744047619047619,-0.10445190752377986,False,False,0.7157415027088407,True,PASS,0.7751937984496123
UTA,CHI,0.3720581233611365,2.6,1.52,UTA,2025-11-16,0.0,0.4222222222222222,,0.3103448275862069,,0.3720581233611365,0.3720581233611365,0.3720581233611365,0.3719383241883916,UTA,2025-11-16,0.3720581233611365,2.6,1.52,1.0,0.22,0.4222222222222222,True,920,0,,0.3846153846153846,0.3689320388349514,0.003126084526185069,False,False,0.3719383241883916,False,PASS,0.3846153846153846
WAS,BRK,0.2487969350647437,1.68,2.24,BRK,2025-11-16,1.0,0.2828282828282828,,0.0,,0.35,0.2487969350647437,0.2487969350647437,0.5575236488748271,BRK,2025-11-16,0.2487969350647437,1.68,2.24,0.0,0.3,0.2828282828282828,True,920,0,,0.5952380952380952,0.5714285714285715,-0.22142857142857153,False,False,0.5575236488748271,False,PASS,0.5952380952380952
DAL,POR,0.4105428388487596,2.5,1.56,DAL,2025-11-16,0.0,0.4540540540540541,,0.3103448275862069,,0.4105428388487596,0.4105428388487596,0.4105428388487596,0.4031708819043755,DAL,2025-11-16,0.4105428388487596,2.5,1.56,1.0,0.0,0.4540540540540541,True,920,0,,0.4,0.38423645320197053,0.026306385646789054,False,False,0.4031708819043755,False,PASS,0.4
IND,TOR,0.3017992814967251,3.4,1.34,TOR,2025-11-15,1.0,0.2828282828282828,,0.0,,0.35,0.3017992814967251,0.3017992814967251,0.35,TOR,2025-11-15,0.3017992814967251,3.4,1.34,0.0,0.22,0.2828282828282828,True,920,0,,0.29411764705882354,0.28270042194092826,0.06729957805907172,False,False,0.3117182163272463,False,PASS,0.29411764705882354
CLE,MEM,0.7155037791337401,1.18,5.1,CLE,2025-11-15,1.0,0.7468354430379747,,0.8571428571428571,,0.7155037791337401,0.7155037791337401,0.7155037791337401,0.7407402580596776,CLE,2025-11-15,0.7155037791337401,1.18,5.1,1.0,0.88,0.7468354430379747,True,920,0,,0.8474576271186441,0.8121019108280254,-0.09659813169428533,False,False,0.7832238330113854,True,PASS,0.8474576271186441
CHO,OKC,0.3700161829993335,9.5,1.07,OKC,2025-11-15,1.0,0.4,,0.3103448275862069,,0.3700161829993335,0.3700161829993335,0.3700161829993335,0.35,OKC,2025-11-15,0.3700161829993335,9.5,1.07,0.0,0.67,0.4,True,920,0,,0.10526315789473684,0.10122989593188268,0.2687862870674508,True,False,0.11056785771228998,True,PASS,0.10526315789473684
MIL,LAL,0.4367386943639073,2.0,1.83,LAL,2025-11-15,1.0,0.4540540540540541,,0.32142857142857145,,0.4367386943639073,0.4367386943639073,0.4367386943639073,0.4532280852953623,LAL,2025-11-15,0.4367386943639073,2.0,1.83,0.0,0.55,0.4540540540540541,True,920,0,,0.5,0.47780678851174935,-0.04106809414784207,False,False,0.4532280852953623,False,PASS,0.5
MIN,DEN,0.5010352666728234,1.82,2.02,DEN,2025-11-15,0.0,0.4540540540540541,,0.4318181818181818,,0.5010352666728234,0.5010352666728234,0.5010352666728234,0.5077480571533739,DEN,2025-11-15,0.5010352666728234,1.82,2.02,0.0,0.6,0.4540540540540541,True,920,0,,0.5494505494505494,0.5260416666666667,-0.025006399993843353,False,False,0.5077480571533739,False,PASS,0.5494505494505494
DET,PHI,0.7199655027381294,1.62,2.36,DET,2025-11-14,1.0,0.7468354430379747,,0.84375,,0.7199655027381294,0.7199655027381294,0.7199655027381294,0.5832496858806415,DET,2025-11-14,0.7199655027381294,1.62,2.36,1.0,0.7,0.7468354430379747,True,920,0,,0.6172839506172839,0.5929648241206029,0.1270006786175265,True,False,0.6189281226866307,True,PASS,0.6172839506172839
DAL,LAC,0.6185515436190341,2.14,1.74,LAC,2025-11-14,0.0,0.6455696202531646,,0.76,,0.6185515436190341,0.6185515436190341,0.6185515436190341,0.4723967301302167,LAC,2025-11-14,0.6185515436190341,2.14,1.74,0.0,0.0,0.6455696202531646,True,920,0,,0.4672897196261682,0.4484536082474227,0.1700979353716114,True,True,0.460566757328881,True,MODEL_MARKET_GAP,0.4672897196261682
MIN,SAC,0.7054447551716919,1.16,5.55,MIN,2025-11-14,1.0,0.7037037037037037,,0.8571428571428571,,0.7054447551716919,0.7054447551716919,0.7054447551716919,0.7554567156755119,MIN,2025-11-14,0.7054447551716919,1.16,5.55,1.0,0.6,0.7037037037037037,True,920,0,,0.8620689655172414,0.827123695976155,-0.12167894080446306,False,False,0.8005373125594257,True,PASS,0.8620689655172414
ORL,BRK,0.5164012596954913,1.11,7.25,ORL,2025-11-14,1.0,0.5094339622641508,,0.4318181818181818,,0.5164012596954913,0.5164012596954913,0.5164012596954913,0.8,ORL,2025-11-14,0.5164012596954913,1.11,7.25,1.0,0.73,0.5094339622641508,True,920,0,,0.9009009009009008,0.867224880382775,-0.3508236206872837,False,False,0.8628538956046197,True,PASS,0.9009009009009008
NYK,MIA,0.7155599340355069,1.4,3.05,NYK,2025-11-14,1.0,0.7468354430379747,,0.8571428571428571,,0.7155599340355069,0.7155599340355069,0.7155599340355069,0.6751708386300855,NYK,2025-11-14,0.7155599340355069,1.4,3.05,1.0,0.71,0.7468354430379747,True,920,0,,0.7142857142857143,0.6853932584269663,0.030166675608540583,False,False,0.7060833395648065,True,PASS,0.7142857142857143
SAS,GSW,0.4992273676726272,1.68,2.24,GSW,2025-11-14,1.0,0.4540540540540541,,0.4318181818181818,,0.4992273676726272,0.4992273676726272,0.4992273676726272,0.5421474885686377,GSW,2025-11-14,0.4992273676726272,1.68,2.24,0.0,0.9,0.4540540540540541,True,920,0,,0.5952380952380952,0.5714285714285715,-0.0722012037559443,False,False,0.5421474885686377,False,PASS,0.5952380952380952
MIL,CHO,0.590337852427655,1.26,4.0,MIL,2025-11-14,1.0,0.5925925925925926,,0.7,,0.590337852427655,0.590337852427655,0.590337852427655,0.7041432923064873,MIL,2025-11-14,0.590337852427655,1.26,4.0,1.0,0.55,0.5925925925925926,True,920,0,,0.7936507936507936,0.7604562737642586,-0.1701184213366036,False,False,0.7401685791841027,True,PASS,0.7936507936507936
NOP,LAL,0.3416893981065324,4.6,1.21,LAL,2025-11-14,1.0,0.2828282828282828,,0.36,,0.35,0.3416893981065324,0.3416893981065324,0.35,LAL,2025-11-14,0.3416893981065324,4.6,1.21,0.0,0.75,0.2828282828282828,True,920,0,,0.2173913043478261,0.20826161790017214,0.14173838209982784,True,False,0.2323626147452147,True,PASS,0.2173913043478261
HOU,POR,0.4708917171979225,1.32,3.5,HOU,2025-11-14,0.0,0.4540540540540541,,0.4318181818181818,,0.4708917171979225,0.4708917171979225,0.4708917171979225,0.6832926972812459,HOU,2025-11-14,0.4708917171979225,1.32,3.5,1.0,0.64,0.4540540540540541,True,920,0,,0.7575757575757576,0.7261410788381742,-0.25524936164025175,False,False,0.715638467389701,True,PASS,0.7575757575757576
CLE,TOR,0.5462887408745011,1.35,3.3,TOR,2025-11-13,0.0,0.5172413793103449,,0.4418604651162791,,0.5462887408745011,0.5462887408745011,0.5462887408745011,0.6602099103960641,TOR,2025-11-13,0.5462887408745011,1.35,3.3,0.0,0.88,0.5172413793103449,True,920,0,,0.7407407407407407,0.7096774193548387,-0.16338867848033767,False,False,0.6884822475247814,True,PASS,0.7407407407407407
PHO,IND,0.6633117436802723,1.54,2.54,PHO,2025-11-13,1.0,0.696078431372549,,0.84375,,0.6633117436802723,0.6633117436802723,0.6633117436802723,0.624982523785108,PHO,2025-11-13,0.6633117436802723,1.54,2.54,1.0,0.86,0.696078431372549,True,920,0,,0.6493506493506493,0.6225490196078431,0.0407627240724292,False,False,0.6470382632765976,True,PASS,0.6493506493506493
UTA,ATL,0.3587003616855442,2.14,1.74,ATL,2025-11-13,1.0,0.2828282828282828,,0.36,,0.3587003616855442,0.3587003616855442,0.3587003616855442,0.4192249808864231,ATL,2025-11-13,0.3587003616855442,2.14,1.74,0.0,0.22,0.2828282828282828,True,920,0,,0.4672897196261682,0.4484536082474227,-0.0897532465618785,False,False,0.4192249808864231,False,PASS,0.4672897196261682
LAC,DEN,0.5389823609701524,2.36,1.62,DEN,2025-11-12,0.0,0.5094339622641508,,0.4523809523809524,,0.5389823609701524,0.5389823609701524,0.5389823609701524,0.4526746489609529,DEN,2025-11-12,0.5389823609701524,2.36,1.62,0.0,0.5,0.5094339622641508,True,920,0,,0.42372881355932207,0.40703517587939697,0.13194718509075543,True,False,0.4323923556585041,True,PASS,0.42372881355932207
NYK,ORL,0.703071543837119,1.57,2.45,ORL,2025-11-12,0.0,0.7037037037037037,,0.9333333333333333,,0.703071543837119,0.703071543837119,0.703071543837119,0.6177267757537023,ORL,2025-11-12,0.703071543837119,1.57,2.45,0.0,0.71,0.7037037037037037,True,920,0,,0.6369426751592356,0.609452736318408,0.09361880751871099,False,False,0.6385020891220027,True,PASS,0.6369426751592356
BOS,MEM,0.6328511537229082,1.34,3.4,BOS,2025-11-12,1.0,0.6455696202531646,,0.7727272727272727,,0.6328511537229082,0.6328511537229082,0.6328511537229082,0.6597261089637071,BOS,2025-11-12,0.6328511537229082,1.34,3.4,1.0,0.75,0.6455696202531646,True,920,0,,0.7462686567164178,0.7172995780590716,-0.0844484243361634,False,False,0.6879130693690672,True,PASS,0.7462686567164178
SAC,ATL,0.4514234957350022,2.4,1.6,ATL,2025-11-12,1.0,0.4540540540540541,,0.391304347826087,,0.4514234957350022,0.4514234957350022,0.4514234957350022,0.42703957373453416,ATL,2025-11-12,0.4514234957350022,2.4,1.6,0.0,0.29,0.4540540540540541,True,920,0,,0.4166666666666667,0.39999999999999997,0.05142349573500221,False,False,0.42703957373453416,False,PASS,0.4166666666666667
HOU,WAS,0.6646212039618211,1.06,10.0,HOU,2025-11-12,1.0,0.696078431372549,,0.8461538461538461,,0.6646212039618211,0.6646212039618211,0.6646212039618211,0.8,HOU,2025-11-12,0.6646212039618211,1.06,10.0,1.0,0.64,0.696078431372549,True,920,0,,0.9433962264150942,0.9041591320072333,-0.23953792804541219,False,False,0.8921641587452593,True,PASS,0.9433962264150942
SAS,GSW,0.7352251782418444,1.62,2.36,GSW,2025-11-12,0.0,0.7468354430379747,,1.0,,0.7352251782418444,0.7352251782418444,0.7352251782418444,0.5818980823224074,GSW,2025-11-12,0.7352251782418444,1.62,2.36,0.0,0.9,0.7468354430379747,True,920,0,,0.6172839506172839,0.5929648241206029,0.1422603541212415,True,False,0.616997260460582,True,PASS,0.6172839506172839
CHO,MIL,0.627190734671952,2.14,1.74,CHO,2025-11-12,1.0,0.6455696202531646,,0.75,,0.627190734671952,0.627190734671952,0.627190734671952,0.47152877056312015,CHO,2025-11-12,0.627190734671952,2.14,1.74,1.0,0.67,0.6455696202531646,True,920,0,,0.4672897196261682,0.4484536082474227,0.17873712642452927,True,True,0.45932681509017165,True,MODEL_MARKET_GAP,0.4672897196261682
NOP,POR,0.3474817057488915,3.75,1.29,POR,2025-11-12,1.0,0.2828282828282828,,0.391304347826087,,0.35,0.3474817057488915,0.3474817057488915,0.35,POR,2025-11-12,0.3474817057488915,3.75,1.29,0.0,0.75,0.2828282828282828,True,920,0,,0.26666666666666666,0.25595238095238093,0.09404761904761905,False,False,0.28497878794237574,False,PASS,0.26666666666666666
MIA,CLE,0.6460983895391259,1.46,2.8,CLE,2025-11-12,0.0,0.6455696202531646,,0.7727272727272727,,0.6460983895391259,0.6460983895391259,0.6460983895391259,0.6254227555951445,CLE,2025-11-12,0.6460983895391259,1.46,2.8,0.0,0.67,0.6455696202531646,True,920,0,,0.684931506849315,0.6572769953051644,-0.011178605766038463,False,False,0.6475561830531111,True,PASS,0.684931506849315
DET,CHI,0.6884772230872925,2.02,1.82,DET,2025-11-12,1.0,0.7037037037037037,,0.84375,,0.6884772230872925,0.6884772230872925,0.6884772230872925,0.4854149732306644,DET,2025-11-12,0.6884772230872925,2.02,1.82,1.0,0.7,0.7037037037037037,True,920,0,,0.49504950495049505,0.4739583333333334,0.2145188897539591,True,True,0.47916424747237774,True,MODEL_MARKET_GAP,0.49504950495049505
OKC,LAL,0.7465355989813921,1.33,3.45,OKC,2025-11-12,1.0,0.7468354430379747,,0.9938221123237592,,0.7465355989813921,0.7465355989813921,0.7465355989813921,0.7039454379851844,OKC,2025-11-12,0.7465355989813921,1.33,3.45,1.0,0.73,0.7468354430379747,True,920,0,,0.7518796992481203,0.7217573221757322,0.024778276805659916,False,False,0.7399358093943346,True,PASS,0.7518796992481203
DAL,PHO,0.3664953839103627,2.14,1.74,PHO,2025-11-12,1.0,0.2828282828282828,,0.36,,0.3664953839103627,0.3664953839103627,0.3664953839103627,0.4190319271772216,PHO,2025-11-12,0.3664953839103627,2.14,1.74,0.0,0.0,0.2828282828282828,True,920,0,,0.4672897196261682,0.4484536082474227,-0.08195822433706001,False,False,0.4190319271772216,False,PASS,0.4672897196261682
UTA,IND,0.5164903670434183,2.2,1.7,UTA,2025-11-11,1.0,0.5094339622641508,,0.4642857142857143,,0.5164903670434183,0.5164903670434183,0.5164903670434183,0.4653269868341677,UTA,2025-11-11,0.5164903670434183,2.2,1.7,1.0,0.22,0.5094339622641508,True,920,0,,0.45454545454545453,0.4358974358974359,0.08059293114598243,False,False,0.4653269868341677,False,PASS,0.45454545454545453
NYK,MEM,0.6932149006391758,1.24,4.3,NYK,2025-11-11,1.0,0.7037037037037037,,0.9166666666666666,,0.6932149006391758,0.6932149006391758,0.6932149006391758,0.7097481791568184,NYK,2025-11-11,0.6932149006391758,1.24,4.3,1.0,0.71,0.7037037037037037,True,920,0,,0.8064516129032259,0.7761732851985559,-0.0829583845593801,False,False,0.746762563713904,True,PASS,0.8064516129032259
BRK,TOR,0.5778994078145944,4.5,1.22,TOR,2025-11-11,0.0,0.5454545454545454,,0.7222222222222222,,0.5778994078145944,0.5778994078145944,0.5778994078145944,0.35,TOR,2025-11-11,0.5778994078145944,4.5,1.22,0.0,0.33,0.5454545454545454,True,920,0,,0.2222222222222222,0.21328671328671325,0.36461269452788114,True,False,0.21711025444393986,True,PASS,0.2222222222222222
OKC,GSW,0.7236070734174316,1.33,3.45,OKC,2025-11-11,1.0,0.7468354430379747,,0.9166666666666666,,0.7236070734174316,0.7236070734174316,0.7236070734174316,0.6900300751901951,OKC,2025-11-11,0.7236070734174316,1.33,3.45,1.0,0.73,0.7468354430379747,True,920,0,,0.7518796992481203,0.7217573221757322,0.0018497512416993933,False,False,0.723564794341406,True,PASS,0.7518796992481203
PHI,BOS,0.5935056827013689,2.02,1.82,PHI,2025-11-11,1.0,0.5925925925925926,,0.7222222222222222,,0.5935056827013689,0.5935056827013689,0.5935056827013689,0.5007843088770045,PHI,2025-11-11,0.5935056827013689,2.02,1.82,1.0,0.78,0.5925925925925926,True,920,0,,0.49504950495049505,0.4739583333333334,0.11954734936803552,False,False,0.5007843088770045,False,PASS,0.49504950495049505
SAC,DEN,0.5092156401051425,3.95,1.27,DEN,2025-11-11,0.0,0.5094339622641508,,0.4642857142857143,,0.5092156401051425,0.5092156401051425,0.5092156401051425,0.35,DEN,2025-11-11,0.5092156401051425,3.95,1.27,0.0,0.29,0.5094339622641508,True,920,0,,0.2531645569620253,0.2432950191570881,0.26592062094805446,True,False,0.2528703499775251,True,PASS,0.2531645569620253
DAL,MIL,0.3605978240699241,2.24,1.68,MIL,2025-11-10,1.0,0.2828282828282828,,0.42857142857142855,,0.3605978240699241,0.3605978240699241,0.3605978240699241,0.3995089076142466,MIL,2025-11-10,0.3605978240699241,2.24,1.68,0.0,0.0,0.2828282828282828,True,920,0,,0.4464285714285714,0.4285714285714286,-0.06797360450150453,False,False,0.3995089076142466,False,PASS,0.4464285714285714
UTA,MIN,0.416881741710885,3.45,1.33,MIN,2025-11-10,1.0,0.4540540540540541,,0.42857142857142855,,0.416881741710885,0.416881741710885,0.416881741710885,0.3619235188470119,MIN,2025-11-10,0.416881741710885,3.45,1.33,0.0,0.22,0.4540540540540541,True,920,0,,0.2898550724637681,0.2782426778242678,0.13863906388661718,True,False,0.3027478840671598,True,PASS,0.2898550724637681
CHI,SAS,0.4651731109225595,2.5,1.56,SAS,2025-11-10,1.0,0.4540540540540541,,0.4375,,0.4651731109225595,0.4651731109225595,0.4651731109225595,0.4136648069793127,SAS,2025-11-10,0.4651731109225595,2.5,1.56,0.0,0.11,0.4540540540540541,True,920,0,,0.4,0.38423645320197053,0.08093665772058894,False,False,0.4136648069793127,False,PASS,0.4
DET,WAS,0.7058761298143654,1.15,5.7,DET,2025-11-10,1.0,0.7037037037037037,,0.9166666666666666,,0.7058761298143654,0.7058761298143654,0.7058761298143654,0.7601531367695309,DET,2025-11-10,0.7058761298143654,1.15,5.7,1.0,0.7,0.7037037037037037,True,920,0,,0.8695652173913044,0.832116788321168,-0.12624065850680255,False,False,0.806062513846507,True,PASS,0.8695652173913044
CHO,LAL,0.5407293330532569,3.8,1.28,LAL,2025-11-10,0.0,0.5094339622641508,,0.4642857142857143,,0.5407293330532569,0.5407293330532569,0.5407293330532569,0.35,LAL,2025-11-10,0.5407293330532569,3.8,1.28,0.0,0.67,0.5094339622641508,True,920,0,,0.2631578947368421,0.25196850393700787,0.288760829116249,True,False,0.2597838434024966,True,PASS,0.2631578947368421
ORL,POR,0.469559661970318,1.77,2.1,ORL,2025-11-10,0.0,0.4540540540540541,,0.4375,,0.469559661970318,0.469559661970318,0.469559661970318,0.5133221052389597,ORL,2025-11-10,0.469559661970318,1.77,2.1,1.0,0.73,0.4540540540540541,True,920,0,,0.5649717514124294,0.5426356589147286,-0.07307599694441064,False,False,0.5133221052389597,False,PASS,0.5649717514124294
MIA,CLE,0.5673203422888953,3.4,1.34,MIA,2025-11-10,1.0,0.5454545454545454,,0.7058823529411765,,0.5673203422888953,0.5673203422888953,0.5673203422888953,0.3535690430361649,MIA,2025-11-10,0.5673203422888953,3.4,1.34,1.0,0.67,0.5454545454545454,True,920,0,,0.29411764705882354,0.28270042194092826,0.284619920347967,True,False,0.29081291862309266,True,PASS,0.29411764705882354
LAC,ATL,0.5486662615757796,1.54,2.54,ATL,2025-11-10,0.0,0.5172413793103449,,0.5913382647014198,,0.5486662615757796,0.5486662615757796,0.5486662615757796,0.5932092180113138,ATL,2025-11-10,0.5486662615757796,1.54,2.54,0.0,0.5,0.5172413793103449,True,920,0,,0.6493506493506493,0.6225490196078431,-0.07388275803206357,False,False,0.5932092180113138,False,PASS,0.6493506493506493
PHO,NOP,0.6311135023315002,1.28,3.85,PHO,2025-11-10,1.0,0.6455696202531646,,0.7894736842105263,,0.6311135023315002,0.6311135023315002,0.6311135023315002,0.6900958077233803,PHO,2025-11-10,0.6311135023315002,1.28,3.85,1.0,0.86,0.6455696202531646,True,920,0,,0.78125,0.7504873294346978,-0.11937382710319755,False,False,0.7236421267333886,True,PASS,0.78125
NYK,BRK,0.6976841158110793,1.08,8.5,NYK,2025-11-09,1.0,0.7037037037037037,,0.9090909090909091,,0.6976841158110793,0.6976841158110793,0.6976841158110793,0.8,NYK,2025-11-09,0.6976841158110793,1.08,8.5,1.0,0.71,0.7037037037037037,True,920,0,,0.9259259259259258,0.8872651356993737,-0.18958101988829446,False,False,0.8695387591629496,True,PASS,0.9259259259259258
SAC,MIN,0.3733640223820654,2.8,1.46,MIN,2025-11-09,1.0,0.4222222222222222,,0.45714285714285713,,0.3733640223820654,0.3733640223820654,0.3733640223820654,0.3636141800410192,MIN,2025-11-09,0.3733640223820654,2.8,1.46,0.0,0.29,0.4222222222222222,True,920,0,,0.35714285714285715,0.34272300469483574,0.030641017687229655,False,False,0.3636141800410192,False,PASS,0.35714285714285715
PHI,DET,0.538949161299764,2.36,1.62,DET,2025-11-09,0.0,0.5094339622641508,,0.5,,0.538949161299764,0.538949161299764,0.538949161299764,0.4526775486803319,DET,2025-11-09,0.538949161299764,2.36,1.62,0.0,0.78,0.5094339622641508,True,920,0,,0.42372881355932207,0.40703517587939697,0.13191398542036703,True,False,0.43239649811475983,True,PASS,0.42372881355932207
MIL,HOU,0.6503297938132581,2.45,1.57,HOU,2025-11-09,0.0,0.6455696202531646,,0.7894736842105263,,0.6503297938132581,0.6503297938132581,0.6503297938132581,0.42772272279066775,HOU,2025-11-09,0.6503297938132581,2.45,1.57,0.0,0.55,0.6455696202531646,True,920,0,,0.4081632653061224,0.39054726368159204,0.259782530131666,True,True,0.39674674684381106,True,MODEL_MARKET_GAP,0.4081632653061224
MEM,OKC,0.4066614141868198,4.8,1.2,OKC,2025-11-09,1.0,0.4540540540540541,,0.45714285714285713,,0.4066614141868198,0.4066614141868198,0.4066614141868198,0.35,OKC,2025-11-09,0.4066614141868198,4.8,1.2,0.0,0.25,0.4540540540540541,True,920,0,,0.20833333333333334,0.19999999999999998,0.2066614141868198,True,False,0.21560847594460594,True,PASS,0.20833333333333334
GSW,IND,0.622717900862762,1.14,6.0,GSW,2025-11-09,1.0,0.6455696202531646,,0.7894736842105263,,0.622717900862762,0.622717900862762,0.622717900862762,0.7771032756801626,GSW,2025-11-09,0.622717900862762,1.14,6.0,1.0,0.2,0.6455696202531646,True,920,0,,0.8771929824561404,0.8403361344537814,-0.2176182335910194,False,False,0.8260038537413678,True,PASS,0.8771929824561404
ORL,BOS,0.5534013386289546,1.65,2.3,BOS,2025-11-09,0.0,0.5172413793103449,,0.6,,0.5534013386289546,0.5534013386289546,0.5534013386289546,0.5621510002906083,BOS,2025-11-09,0.5534013386289546,1.65,2.3,0.0,0.73,0.5172413793103449,True,920,0,,0.6060606060606061,0.5822784810126582,-0.028877142383703647,False,False,0.5621510002906083,False,PASS,0.6060606060606061
SAS,NOP,0.7080034964934491,1.17,5.25,SAS,2025-11-08,1.0,0.7037037037037037,,0.8888888888888888,,0.7080034964934491,0.7080034964934491,0.7080034964934491,0.746433141832219,SAS,2025-11-08,0.7080034964934491,1.17,5.25,1.0,0.9,0.7037037037037037,True,920,0,,0.8547008547008548,0.8177570093457944,-0.10975351285234536,False,False,0.7899213433320224,True,PASS,0.8547008547008548
DEN,IND,0.7128766497631749,1.17,5.4,DEN,2025-11-08,1.0,0.7468354430379747,,0.8888888888888888,,0.7128766497631749,0.7128766497631749,0.7128766497631749,0.7499131391044849,DEN,2025-11-08,0.7128766497631749,1.17,5.4,1.0,0.6,0.7468354430379747,True,920,0,,0.8547008547008548,0.8219178082191781,-0.10904115845600326,False,False,0.7940154577699823,True,PASS,0.8547008547008548
PHI,TOR,0.5705954453899591,1.52,2.6,PHI,2025-11-08,1.0,0.5454545454545454,,0.6428571428571429,,0.5705954453899591,0.5705954453899591,0.5705954453899591,0.5872703405451568,PHI,2025-11-08,0.5705954453899591,1.52,2.6,1.0,0.78,0.5454545454545454,True,920,0,,0.6578947368421053,0.6310679611650486,-0.0604725157750895,False,False,0.602670988876655,True,PASS,0.6578947368421053
CLE,CHI,0.6546367596810898,1.29,3.75,CLE,2025-11-08,1.0,0.696078431372549,,0.8333333333333334,,0.6546367596810898,0.6546367596810898,0.6546367596810898,0.6825847669901355,CLE,2025-11-08,0.6546367596810898,1.29,3.75,1.0,0.88,0.696078431372549,True,920,0,,0.7751937984496123,0.744047619047619,-0.08941085936652915,False,False,0.7148056082236889,True,PASS,0.7751937984496123
LAC,PHO,0.5419451883641284,1.54,2.54,PHO,2025-11-08,0.0,0.5094339622641508,,0.5454545454545454,,0.5419451883641284,0.5419451883641284,0.5419451883641284,0.5931194984408725,PHO,2025-11-08,0.5419451883641284,1.54,2.54,0.0,0.5,0.5094339622641508,True,920,0,,0.6493506493506493,0.6225490196078431,-0.08060383124371473,False,False,0.5931194984408725,False,PASS,0.6493506493506493
ATL,LAL,0.610435958286012,2.3,1.65,ATL,2025-11-08,1.0,0.6455696202531646,,0.7647058823529411,,0.610435958286012,0.610435958286012,0.610435958286012,0.45073040407272585,ATL,2025-11-08,0.610435958286012,2.3,1.65,1.0,0.77,0.6455696202531646,True,920,0,,0.4347826086956522,0.4177215189873418,0.19271443929867027,True,True,0.42961486296103696,True,MODEL_MARKET_GAP,0.4347826086956522
MIA,POR,0.5550670678251212,2.3,1.65,MIA,2025-11-08,1.0,0.5172413793103449,,0.6369607968647442,,0.5550670678251212,0.5550670678251212,0.5550670678251212,0.459675664435833,MIA,2025-11-08,0.5550670678251212,2.3,1.65,1.0,0.67,0.5172413793103449,True,920,0,,0.4347826086956522,0.4177215189873418,0.13734554883777939,True,False,0.4423938063369043,True,PASS,0.4347826086956522
WAS,DAL,0.2831689899957275,2.5,1.56,DAL,2025-11-08,1.0,0.2828282828282828,,0.0,,0.35,0.2831689899957275,0.2831689899957275,0.36191975281427397,DAL,2025-11-08,0.2831689899957275,2.5,1.56,0.0,0.3,0.2828282828282828,True,920,0,,0.4,0.38423645320197053,-0.03423645320197055,False,False,0.36191975281427397,False,PASS,0.4
DEN,GSW,0.747001205201082,1.23,4.4,DEN,2025-11-07,1.0,0.7468354430379747,,1.0,,0.747001205201082,0.747001205201082,0.747001205201082,0.7202377876628884,DEN,2025-11-07,0.747001205201082,1.23,4.4,1.0,0.6,0.7468354430379747,True,920,0,,0.8130081300813008,0.7815275310834814,-0.034526325882399345,False,False,0.7591032796033981,True,PASS,0.8130081300813008
MIN,UTA,0.579499043203572,1.15,5.9,MIN,2025-11-07,1.0,0.5454545454545454,,0.6153846153846154,,0.579499043203572,0.579499043203572,0.579499043203572,0.777582388099969,MIN,2025-11-07,0.579499043203572,1.15,5.9,1.0,0.6,0.5454545454545454,True,920,0,,0.8695652173913044,0.8368794326241135,-0.2573803894205414,False,False,0.8265675154117283,True,PASS,0.8695652173913044
ATL,TOR,0.5027526959136438,1.74,2.14,TOR,2025-11-07,0.0,0.4540540540540541,,0.5384615384615384,,0.5027526959136438,0.5027526959136438,0.5027526959136438,0.5250322054241926,TOR,2025-11-07,0.5027526959136438,1.74,2.14,0.0,0.77,0.4540540540540541,True,920,0,,0.5747126436781609,0.5515463917525772,-0.04879369583893345,False,False,0.5250322054241926,False,PASS,0.5747126436781609
ORL,BOS,0.4552407515770399,1.62,2.36,ORL,2025-11-07,0.0,0.4540540540540541,,0.4375,,0.4552407515770399,0.4552407515770399,0.4552407515770399,0.5683413233590952,ORL,2025-11-07,0.4552407515770399,1.62,2.36,1.0,0.73,0.4540540540540541,True,920,0,,0.6172839506172839,0.5929648241206029,-0.137724072543563,False,False,0.5683413233590952,False,PASS,0.6172839506172839
MIL,CHI,0.6314874787116254,1.57,2.45,MIL,2025-11-07,1.0,0.6455696202531646,,0.8,,0.6314874787116254,0.6314874787116254,0.6314874787116254,0.6072550786140155,MIL,2025-11-07,0.6314874787116254,1.57,2.45,1.0,0.55,0.6455696202531646,True,920,0,,0.6369426751592356,0.609452736318408,0.022034742393217344,False,False,0.6261824454282535,True,PASS,0.6369426751592356
SAS,HOU,0.5557058375026426,2.45,1.57,SAS,2025-11-07,1.0,0.5172413793103449,,0.6428571428571429,,0.5557058375026426,0.5557058375026426,0.5557058375026426,0.438052268316846,SAS,2025-11-07,0.5557058375026426,2.45,1.57,1.0,0.9,0.5172413793103449,True,920,0,,0.4081632653061224,0.39054726368159204,0.16515857382105054,True,False,0.41150324045263714,True,PASS,0.4081632653061224
MEM,DAL,0.4772347100151228,1.56,2.5,MEM,2025-11-07,0.0,0.4540540540540541,,0.4375,,0.4772347100151228,0.4772347100151228,0.4772347100151228,0.5912440631612432,MEM,2025-11-07,0.4772347100151228,1.56,2.5,1.0,0.25,0.4540540540540541,True,920,0,,0.641025641025641,0.6157635467980296,-0.13852883678290678,False,False,0.5912440631612432,False,PASS,0.641025641025641
WAS,CLE,0.2274323176982816,6.75,1.12,CLE,2025-11-07,1.0,0.2828282828282828,,0.0,,0.35,0.2274323176982816,0.2274323176982816,0.35,CLE,2025-11-07,0.2274323176982816,6.75,1.12,0.0,0.3,0.2828282828282828,True,920,0,,0.14814814814814814,0.1423125794155019,0.20768742058449807,True,False,0.1577986571006613,True,PASS,0.14814814814814814
SAC,OKC,0.62188098132539,5.25,1.17,OKC,2025-11-07,0.0,0.6455696202531646,,0.8,,0.62188098132539,0.62188098132539,0.62188098132539,0.35,OKC,2025-11-07,0.62188098132539,5.25,1.17,0.0,0.29,0.6455696202531646,True,920,0,,0.19047619047619047,0.1822429906542056,0.4396379906711845,True,True,0.18375274588064902,True,MODEL_MARKET_GAP,0.19047619047619047
BRK,DET,0.4568638201369034,4.7,1.21,DET,2025-11-07,1.0,0.4540540540540541,,0.4375,,0.4568638201369034,0.4568638201369034,0.4568638201369034,0.35,DET,2025-11-07,0.4568638201369034,4.7,1.21,0.0,0.33,0.4540540540540541,True,920,0,,0.2127659574468085,0.20473773265651438,0.252126087480389,True,False,0.21552485682234923,True,PASS,0.2127659574468085
MIA,CHO,0.5999896218330998,1.4,3.05,MIA,2025-11-07,1.0,0.6455696202531646,,0.6473370775065984,,0.5999896218330998,0.5999896218330998,0.5999896218330998,0.6326230278088325,MIA,2025-11-07,0.5999896218330998,1.4,3.05,1.0,0.67,0.6455696202531646,True,920,0,,0.7142857142857143,0.6853932584269663,-0.08540363659386652,False,False,0.6560270915398029,True,PASS,0.7142857142857143
PHO,LAC,0.6835258342045505,1.74,2.14,PHO,2025-11-06,1.0,0.696078431372549,,0.8181818181818182,,0.6835258342045505,0.6835258342045505,0.6835258342045505,0.5538296820332653,PHO,2025-11-06,0.6835258342045505,1.74,2.14,1.0,0.86,0.696078431372549,True,920,0,,0.5747126436781609,0.5515463917525772,0.13197944245197324,True,False,0.5768995457618076,True,PASS,0.5747126436781609
SAC,GSW,0.5553876015483552,1.7,2.2,SAC,2025-11-05,1.0,0.5172413793103449,,0.6,,0.5553876015483552,0.5553876015483552,0.5553876015483552,0.5562870999836302,SAC,2025-11-05,0.5553876015483552,1.7,2.2,1.0,0.29,0.5172413793103449,True,920,0,,0.5882352941176471,0.5641025641025641,-0.008714962554208894,False,False,0.5562870999836302,False,PASS,0.5882352941176471
DAL,NOP,0.4533253510804735,1.32,3.5,NOP,2025-11-05,1.0,0.4540540540540541,,0.4827586206896552,,0.4533253510804735,0.4533253510804735,0.4533253510804735,0.6845593879397576,NOP,2025-11-05,0.4533253510804735,1.32,3.5,0.0,0.0,0.4540540540540541,True,920,0,,0.7575757575757576,0.7261410788381742,-0.27281572775770074,False,False,0.7171286916938324,True,PASS,0.7575757575757576
POR,OKC,0.5263048426930239,2.6,1.52,POR,2025-11-05,1.0,0.5094339622641508,,0.5217391304347826,,0.5263048426930239,0.5263048426930239,0.5263048426930239,0.42365882006309163,POR,2025-11-05,0.5263048426930239,2.6,1.52,1.0,0.5,0.5094339622641508,True,920,0,,0.3846153846153846,0.3689320388349514,0.1573728038580725,True,False,0.39094117151870234,True,PASS,0.3846153846153846
DET,UTA,0.5571330538748205,1.22,4.5,DET,2025-11-05,1.0,0.5172413793103449,,0.5882352941176471,,0.5571330538748205,0.5571330538748205,0.5571330538748205,0.7326391496177883,DET,2025-11-05,0.5571330538748205,1.22,4.5,1.0,0.7,0.5172413793103449,True,920,0,,0.819672131147541,0.7867132867132867,-0.22958023283846618,False,False,0.773693117197398,True,PASS,0.819672131147541
DEN,MIA,0.7524935187800198,1.25,4.1,DEN,2025-11-05,1.0,0.7468354430379747,,1.0,,0.7524935187800198,0.7524935187800198,0.7524935187800198,0.7164939458184322,DEN,2025-11-05,0.7524935187800198,1.25,4.1,1.0,0.6,0.7468354430379747,True,920,0,,0.8,0.7663551401869159,-0.013861621406896063,False,False,0.7546987597863908,True,PASS,0.8
NYK,MIN,0.6920965492994933,1.65,2.3,NYK,2025-11-05,1.0,0.7037037037037037,,0.8415752814941339,,0.6920965492994933,0.6920965492994933,0.6920965492994933,0.5935918455803744,NYK,2025-11-05,0.6920965492994933,1.65,2.3,1.0,0.71,0.7037037037037037,True,920,0,,0.6060606060606061,0.5822784810126582,0.10981806828683505,False,False,0.6101080536239699,True,PASS,0.6060606060606061
LAL,SAS,0.7065662934327936,1.74,2.14,LAL,2025-11-05,1.0,0.7037037037037037,,0.8571428571428571,,0.7065662934327936,0.7065662934327936,0.7065662934327936,0.5517114996835326,LAL,2025-11-05,0.7065662934327936,1.74,2.14,1.0,0.73,0.7037037037037037,True,920,0,,0.5747126436781609,0.5515463917525772,0.1550199016802164,True,False,0.5738735709764752,True,PASS,0.5747126436781609
CLE,PHI,0.6177731617101003,1.24,4.2,CLE,2025-11-05,1.0,0.6455696202531646,,0.7857142857142857,,0.6177731617101003,0.6177731617101003,0.6177731617101003,0.7121876320188677,CLE,2025-11-05,0.6177731617101003,1.24,4.2,1.0,0.88,0.6455696202531646,True,920,0,,0.8064516129032259,0.7720588235294118,-0.15428566181931147,False,False,0.7496325082574914,True,PASS,0.8064516129032259
MEM,HOU,0.4844785965564552,3.6,1.31,HOU,2025-11-05,1.0,0.4540540540540541,,0.4827586206896552,,0.4844785965564552,0.4844785965564552,0.4844785965564552,0.35,HOU,2025-11-05,0.4844785965564552,3.6,1.31,0.0,0.25,0.4540540540540541,True,920,0,,0.2777777777777778,0.26680244399185343,0.21767615256460177,True,False,0.2811281638401821,True,PASS,0.2777777777777778
IND,BRK,0.471733248743537,1.37,3.2,BRK,2025-11-05,1.0,0.4540540540540541,,0.4827586206896552,,0.471733248743537,0.471733248743537,0.471733248743537,0.6590198721390865,BRK,2025-11-05,0.471733248743537,1.37,3.2,0.0,0.22,0.4540540540540541,True,920,0,,0.7299270072992701,0.700218818380744,-0.22848556963720695,False,False,0.6870822025165724,True,PASS,0.7299270072992701
BOS,WAS,0.6532282128986501,1.15,5.9,BOS,2025-11-05,1.0,0.696078431372549,,0.7865814788209659,,0.6532282128986501,0.6532282128986501,0.6532282128986501,0.7706283752212766,BOS,2025-11-05,0.6532282128986501,1.15,5.9,1.0,0.75,0.696078431372549,True,920,0,,0.8695652173913044,0.8368794326241135,-0.1836512197254634,False,False,0.8183863237897372,True,PASS,0.8695652173913044
TOR,MIL,0.6147809401462493,1.65,2.3,TOR,2025-11-04,1.0,0.6455696202531646,,0.7692307692307693,,0.6147809401462493,0.6147809401462493,0.6147809401462493,0.5883397528191642,TOR,2025-11-04,0.6147809401462493,1.65,2.3,1.0,0.4,0.6455696202531646,True,920,0,,0.6060606060606061,0.5822784810126582,0.032502459133591066,False,False,0.6039291209637225,True,PASS,0.6060606060606061
CHI,PHI,0.5072738274955686,1.87,1.95,CHI,2025-11-04,1.0,0.5094339622641508,,0.5,,0.5072738274955686,0.5072738274955686,0.5072738274955686,0.5073990976921063,CHI,2025-11-04,0.5072738274955686,1.87,1.95,1.0,0.11,0.5094339622641508,True,920,0,,0.53475935828877,0.5104712041884817,-0.00319737669291309,False,False,0.5073990976921063,False,PASS,0.53475935828877
LAC,OKC,0.4779194882186819,3.4,1.34,OKC,2025-11-04,1.0,0.4540540540540541,,0.4666666666666667,,0.4779194882186819,0.4779194882186819,0.4779194882186819,0.3597982790357474,OKC,2025-11-04,0.4779194882186819,3.4,1.34,0.0,0.5,0.4540540540540541,True,920,0,,0.29411764705882354,0.28270042194092826,0.19521906627775365,True,False,0.29971182719392486,True,PASS,0.29411764705882354
ATL,ORL,0.4853208569147099,2.36,1.62,ATL,2025-11-04,0.0,0.4540540540540541,,0.4666666666666667,,0.4853208569147099,0.4853208569147099,0.4853208569147099,0.43645867662772936,ATL,2025-11-04,0.4853208569147099,2.36,1.62,1.0,0.77,0.4540540540540541,True,920,0,,0.42372881355932207,0.40703517587939697,0.07828568103531292,False,False,0.43645867662772936,False,PASS,0.42372881355932207
NOP,CHO,0.3454983672038794,1.56,2.5,NOP,2025-11-04,0.0,0.2828282828282828,,0.45454545454545453,,0.35,0.3454983672038794,0.3454983672038794,0.5902488045062763,NOP,2025-11-04,0.3454983672038794,1.56,2.5,1.0,0.75,0.2828282828282828,True,920,0,,0.641025641025641,0.6157635467980296,-0.2657635467980296,False,False,0.6061750641250309,True,PASS,0.641025641025641
GSW,PHO,0.6734516215887786,1.27,3.95,GSW,2025-11-04,1.0,0.696078431372549,,0.7777777777777778,,0.6734516215887786,0.6734516215887786,0.6734516215887786,0.6932035649811142,GSW,2025-11-04,0.6734516215887786,1.27,3.95,1.0,0.2,0.696078431372549,True,920,0,,0.7874015748031495,0.7567049808429118,-0.08325335925413324,False,False,0.7272983117424874,True,PASS,0.7874015748031495
MEM,DET,0.5116766961476504,2.6,1.52,DET,2025-11-03,0.0,0.5094339622641508,,0.5,,0.5116766961476504,0.5116766961476504,0.5116766961476504,0.42503052376198025,DET,2025-11-03,0.5116766961476504,2.6,1.52,0.0,0.25,0.5094339622641508,True,920,0,,0.3846153846153846,0.3689320388349514,0.14274465731269903,True,False,0.3929007482314003,True,PASS,0.3846153846153846
DEN,SAC,0.7155677281852099,1.17,5.4,DEN,2025-11-03,1.0,0.7468354430379747,,0.8,,0.7155677281852099,0.7155677281852099,0.7155677281852099,0.7497071124652681,DEN,2025-11-03,0.7155677281852099,1.17,5.4,1.0,0.6,0.7468354430379747,True,920,0,,0.8547008547008548,0.8219178082191781,-0.10635008003396829,False,False,0.7937730734885508,True,PASS,0.8547008547008548
LAC,MIA,0.5799624496213974,1.31,3.6,MIA,2025-11-03,0.0,0.5454545454545454,,0.7,,0.5799624496213974,0.5799624496213974,0.5799624496213974,0.6790350922696636,MIA,2025-11-03,0.5799624496213974,1.31,3.6,0.0,0.5,0.5454545454545454,True,920,0,,0.7633587786259541,0.7331975560081467,-0.1532351063867493,False,False,0.7106295203172514,True,PASS,0.7633587786259541
HOU,DAL,0.7753343552205606,1.14,6.0,HOU,2025-11-03,1.0,0.7468354430379747,,1.0,,0.7753343552205606,0.7753343552205606,0.7753343552205606,0.7647685495812597,HOU,2025-11-03,0.7753343552205606,1.14,6.0,1.0,0.64,0.7468354430379747,True,920,0,,0.8771929824561404,0.8403361344537814,-0.06500177923322081,False,False,0.8114924112720703,True,PASS,0.8771929824561404
IND,MIL,0.5456080787604752,2.85,1.44,MIL,2025-11-03,0.0,0.5094339622641508,,0.5724642472164375,,0.5456080787604752,0.5456080787604752,0.5456080787604752,0.39561831545732373,MIL,2025-11-03,0.5456080787604752,2.85,1.44,0.0,0.22,0.5094339622641508,True,920,0,,0.3508771929824561,0.3356643356643357,0.20994374309613956,True,False,0.3508833077961767,True,PASS,0.3508771929824561
BOS,UTA,0.5919683367907562,1.21,4.6,UTA,2025-11-03,0.0,0.5925925925925926,,0.7,,0.5919683367907562,0.5919683367907562,0.5919683367907562,0.7339990968163083,UTA,2025-11-03,0.5919683367907562,1.21,4.6,0.0,0.75,0.5925925925925926,True,920,0,,0.8264462809917356,0.7917383820998279,-0.19977004530907172,False,False,0.7752930550780097,True,PASS,0.8264462809917356
NYK,WAS,0.7241969928644688,1.15,5.9,NYK,2025-11-03,1.0,0.7468354430379747,,0.8333333333333334,,0.7241969928644688,0.7241969928644688,0.7241969928644688,0.7629290678438453,NYK,2025-11-03,0.7241969928644688,1.15,5.9,1.0,0.71,0.7468354430379747,True,920,0,,0.8695652173913044,0.8368794326241135,-0.11268243975964465,False,False,0.8093283151104063,True,PASS,0.8695652173913044
BRK,MIN,0.2987019065839347,3.95,1.27,MIN,2025-11-03,1.0,0.2828282828282828,,0.0,,0.35,0.2987019065839347,0.2987019065839347,0.35,MIN,2025-11-03,0.2987019065839347,3.95,1.27,0.0,0.33,0.2828282828282828,True,920,0,,0.2531645569620253,0.2432950191570881,0.10670498084291188,False,False,0.2714086791086969,False,PASS,0.2531645569620253
POR,LAL,0.5538324849125705,1.31,3.6,LAL,2025-11-03,0.0,0.5172413793103449,,0.6,,0.5538324849125705,0.5538324849125705,0.5538324849125705,0.6820206816892082,LAL,2025-11-03,0.5538324849125705,1.31,3.6,0.0,0.5,0.5172413793103449,True,920,0,,0.7633587786259541,0.7331975560081467,-0.1793650710955762,False,False,0.714141978457892,True,PASS,0.7633587786259541
NYK,CHI,0.5505220794678681,1.37,3.2,NYK,2025-11-02,1.0,0.5172413793103449,,0.5263157894736842,,0.5505220794678681,0.5505220794678681,0.5505220794678681,0.6505986575440441,NYK,2025-11-02,0.5505220794678681,1.37,3.2,1.0,0.71,0.5172413793103449,True,920,0,,0.7299270072992701,0.700218818380744,-0.14969673891287583,False,False,0.6771748912282872,True,PASS,0.7299270072992701
BRK,PHI,0.4653185378976165,2.7,1.49,PHI,2025-11-02,1.0,0.4540540540540541,,0.46153846153846156,,0.4653185378976165,0.4653185378976165,0.4653185378976165,0.3834483654946869,PHI,2025-11-02,0.4653185378976165,2.7,1.49,0.0,0.33,0.4540540540540541,True,920,0,,0.37037037037037035,0.3556085918854415,0.10970994601217499,False,False,0.3834483654946869,False,PASS,0.37037037037037035
CHO,UTA,0.5839043500989103,1.83,2.0,CHO,2025-11-02,1.0,0.5454545454545454,,0.625,,0.5839043500989103,0.5839043500989103,0.5839043500989103,0.5507266080526907,CHO,2025-11-02,0.5839043500989103,1.83,2.0,1.0,0.67,0.5454545454545454,True,920,0,,0.5464480874316939,0.5221932114882506,0.06171113861065969,False,False,0.5507266080526907,False,PASS,0.5464480874316939
OKC,NOP,0.7995394676642023,1.14,6.0,OKC,2025-11-02,1.0,0.8571428571428571,,1.0,,0.7995394676642023,0.7995394676642023,0.7995394676642023,0.7684613613226039,OKC,2025-11-02,0.7995394676642023,1.14,6.0,1.0,0.73,0.8571428571428571,True,920,0,,0.8771929824561404,0.8403361344537814,-0.04079666678957916,False,False,0.8158368956736517,True,PASS,0.8771929824561404
PHO,SAS,0.4600147860823708,2.9,1.43,PHO,2025-11-02,0.0,0.4540540540540541,,0.44,,0.4600147860823708,0.4600147860823708,0.4600147860823708,0.39911738456936596,PHO,2025-11-02,0.4600147860823708,2.9,1.43,1.0,0.86,0.4540540540540541,True,920,0,,0.3448275862068966,0.3302540415704388,0.12976074451193198,True,False,0.35588197795623705,True,PASS,0.3448275862068966
LAL,MIA,0.644215535665562,1.51,2.64,LAL,2025-11-02,1.0,0.6455696202531646,,0.75,,0.644215535665562,0.644215535665562,0.644215535665562,0.6219248567680762,LAL,2025-11-02,0.644215535665562,1.51,2.64,1.0,0.73,0.6455696202531646,True,920,0,,0.6622516556291391,0.6361445783132531,0.008070957352308894,False,False,0.6434410079624425,True,PASS,0.6622516556291391
CLE,ATL,0.5206512580703963,1.41,3.0,CLE,2025-11-02,1.0,0.5094339622641508,,0.5,,0.5206512580703963,0.5206512580703963,0.5206512580703963,0.6347820787326884,CLE,2025-11-02,0.5206512580703963,1.41,3.0,1.0,0.88,0.5094339622641508,True,920,0,,0.7092198581560284,0.6802721088435374,-0.15962085077314114,False,False,0.6585671514502217,True,PASS,0.7092198581560284
TOR,MEM,0.5141737851662117,1.54,2.54,TOR,2025-11-02,1.0,0.5094339622641508,,0.5,,0.5141737851662117,0.5141737851662117,0.5141737851662117,0.5945852657130916,TOR,2025-11-02,0.5141737851662117,1.54,2.54,1.0,0.4,0.5094339622641508,True,920,0,,0.6493506493506493,0.6225490196078431,-0.10837523444163144,False,False,0.5945852657130916,False,PASS,0.6493506493506493
DET,DAL,0.661284652318056,1.33,3.45,DET,2025-11-01,1.0,0.696078431372549,,0.8260869565217391,,0.661284652318056,0.661284652318056,0.661284652318056,0.6643562823921648,DET,2025-11-01,0.661284652318056,1.33,3.45,1.0,0.7,0.696078431372549,True,920,0,,0.7518796992481203,0.7217573221757322,-0.06047266985767619,False,False,0.6933603322260763,True,PASS,0.7518796992481203
BOS,HOU,0.5435520757893509,2.8,1.46,HOU,2025-11-01,0.0,0.5094339622641508,,0.5263157894736842,,0.5435520757893509,0.5435520757893509,0.5435520757893509,0.40132666992495564,HOU,2025-11-01,0.5435520757893509,2.8,1.46,0.0,0.75,0.5094339622641508,True,920,0,,0.35714285714285715,0.34272300469483574,0.2008290710945152,True,False,0.3590380998927938,True,PASS,0.35714285714285715
IND,GSW,0.579071211353252,4.7,1.21,IND,2025-11-01,1.0,0.5454545454545454,,0.625,,0.579071211353252,0.579071211353252,0.579071211353252,0.35,IND,2025-11-01,0.579071211353252,4.7,1.21,1.0,0.22,0.5454545454545454,True,920,0,,0.2127659574468085,0.20473773265651438,0.3743334786967376,True,False,0.20821406763142894,True,PASS,0.2127659574468085
CHO,MIN,0.6487068804796248,2.8,1.46,MIN,2025-11-01,0.0,0.6455696202531646,,0.8260869565217391,,0.6487068804796248,0.6487068804796248,0.6487068804796248,0.39307246324183576,MIN,2025-11-01,0.6487068804796248,2.8,1.46,0.0,0.67,0.6455696202531646,True,920,0,,0.35714285714285715,0.34272300469483574,0.30598387578478903,True,True,0.3472463760597654,True,MODEL_MARKET_GAP,0.35714285714285715
MIL,SAC,0.652997097583327,1.44,2.85,SAC,2025-11-01,0.0,0.696078431372549,,0.8260869565217391,,0.652997097583327,0.652997097583327,0.652997097583327,0.6313211297873426,SAC,2025-11-01,0.652997097583327,1.44,2.85,0.0,0.55,0.696078431372549,True,920,0,,0.6944444444444444,0.6643356643356644,-0.011338566752337353,False,False,0.6544954468086384,True,PASS,0.6944444444444444
WAS,ORL,0.236669385025153,3.95,1.27,ORL,2025-11-01,1.0,0.2828282828282828,,0.0,,0.35,0.236669385025153,0.236669385025153,0.35,ORL,2025-11-01,0.236669385025153,3.95,1.27,0.0,0.3,0.2828282828282828,True,920,0,,0.2531645569620253,0.2432950191570881,0.10670498084291188,False,False,0.2714086791086969,False,PASS,0.2531645569620253
PHO,UTA,0.5554960444064578,1.65,2.3,PHO,2025-10-31,1.0,0.5172413793103449,,0.6666666666666666,,0.5554960444064578,0.5554960444064578,0.5554960444064578,0.5631157774983456,PHO,2025-10-31,0.5554960444064578,1.65,2.3,1.0,0.86,0.5172413793103449,True,920,0,,0.6060606060606061,0.5822784810126582,-0.026782436606200388,False,False,0.5631157774983456,False,PASS,0.6060606060606061
PHI,BOS,0.5007377252378408,1.7,2.2,BOS,2025-10-31,0.0,0.4540540540540541,,0.5625,,0.5007377252378408,0.5007377252378408,0.5007377252378408,0.5354039558183084,BOS,2025-10-31,0.5007377252378408,1.7,2.2,0.0,0.78,0.4540540540540541,True,920,0,,0.5882352941176471,0.5641025641025641,-0.06336483886472333,False,False,0.5354039558183084,False,PASS,0.5882352941176471
LAC,NOP,0.6401064419763015,1.19,5.0,LAC,2025-10-31,1.0,0.6455696202531646,,0.8571428571428571,,0.6401064419763015,0.6401064419763015,0.6401064419763015,0.7440641875610037,LAC,2025-10-31,0.6401064419763015,1.19,5.0,1.0,0.5,0.6455696202531646,True,920,0,,0.8403361344537815,0.8077544426494345,-0.167648000673133,False,False,0.7871343383070631,True,PASS,0.8403361344537815
MEM,LAL,0.551317823857397,1.8,2.05,LAL,2025-10-31,0.0,0.5172413793103449,,0.6666666666666666,,0.551317823857397,0.551317823857397,0.551317823857397,0.547360657954182,LAL,2025-10-31,0.551317823857397,1.8,2.05,0.0,0.25,0.5172413793103449,True,920,0,,0.5555555555555556,0.5324675324675325,0.018850291389864493,False,False,0.547360657954182,False,PASS,0.5555555555555556
IND,ATL,0.5884088246940468,2.24,1.68,ATL,2025-10-31,0.0,0.5925925925925926,,0.6666666666666666,,0.5884088246940468,0.5884088246940468,0.5884088246940468,0.46517295594114394,ATL,2025-10-31,0.5884088246940468,2.24,1.68,0.0,0.22,0.5925925925925926,True,920,0,,0.4464285714285714,0.4285714285714286,0.15983739612261816,True,False,0.45024707991591995,True,PASS,0.4464285714285714
POR,DEN,0.5552640205054257,2.7,1.49,POR,2025-10-31,1.0,0.5172413793103449,,0.6666666666666666,,0.5552640205054257,0.5552640205054257,0.5552640205054257,0.4104476337639333,POR,2025-10-31,0.5552640205054257,2.7,1.49,1.0,0.5,0.5172413793103449,True,920,0,,0.37037037037037035,0.3556085918854415,0.19965542861998414,True,False,0.3720680482341904,True,PASS,0.37037037037037035
CHI,NYK,0.6968210291210132,2.6,1.52,CHI,2025-10-31,1.0,0.7037037037037037,,0.9090909090909091,,0.6968210291210132,0.6968210291210132,0.6968210291210132,0.4103558903530911,CHI,2025-10-31,0.6968210291210132,2.6,1.52,1.0,0.11,0.7037037037037037,True,920,0,,0.3846153846153846,0.3689320388349514,0.3278889902860618,True,True,0.3719369862187016,True,MODEL_MARKET_GAP,0.3846153846153846
CLE,TOR,0.6685391732946139,1.35,3.3,TOR,2025-10-31,0.0,0.696078431372549,,0.9090909090909091,,0.6685391732946139,0.6685391732946139,0.6685391732946139,0.6573165648188122,TOR,2025-10-31,0.6685391732946139,1.35,3.3,0.0,0.88,0.696078431372549,True,920,0,,0.7407407407407407,0.7096774193548387,-0.04113824606022487,False,False,0.6850783115515438,True,PASS,0.7407407407407407
MIL,GSW,0.6367808565490992,2.3,1.65,MIL,2025-10-30,1.0,0.6455696202531646,,0.8571428571428571,,0.6367808565490992,0.6367808565490992,0.6367808565490992,0.4483944722830312,MIL,2025-10-30,0.6367808565490992,2.3,1.65,1.0,0.55,0.6455696202531646,True,920,0,,0.4347826086956522,0.4177215189873418,0.21905933756175744,True,True,0.4262778175471874,True,MODEL_MARKET_GAP,0.4347826086956522
CHO,ORL,0.6841786759261168,2.24,1.68,ORL,2025-10-30,0.0,0.696078431372549,,0.9090909090909091,,0.6841786759261168,0.6841786759261168,0.6841786759261168,0.45348183921613205,ORL,2025-10-30,0.6841786759261168,2.24,1.68,0.0,0.67,0.696078431372549,True,920,0,,0.4464285714285714,0.4285714285714286,0.2556072473546882,True,True,0.43354548459447434,True,MODEL_MARKET_GAP,0.4464285714285714
SAS,MIA,0.7164390958770491,1.42,2.95,SAS,2025-10-30,1.0,0.7468354430379747,,0.8888888888888888,,0.7164390958770491,0.7164390958770491,0.7164390958770491,0.6697677445730756,SAS,2025-10-30,0.7164390958770491,1.42,2.95,1.0,0.9,0.7468354430379747,True,920,0,,0.7042253521126761,0.6750572082379863,0.04138188763906281,False,False,0.6997267583212654,True,PASS,0.7042253521126761
OKC,WAS,0.7303121018259949,1.09,8.0,OKC,2025-10-30,1.0,0.7468354430379747,,0.9069424764854712,,0.7303121018259949,0.7303121018259949,0.7303121018259949,0.8,OKC,2025-10-30,0.7303121018259949,1.09,8.0,1.0,0.73,0.7468354430379747,True,920,0,,0.9174311926605504,0.8800880088008802,-0.1497759069748853,False,False,0.8570546997851443,True,PASS,0.9174311926605504
DAL,IND,0.3279269420237086,1.4,3.05,DAL,2025-10-29,0.0,0.2828282828282828,,0.5294117647058824,,0.35,0.3279269420237086,0.3279269420237086,0.6532767205578573,DAL,2025-10-29,0.3279269420237086,1.4,3.05,1.0,0.0,0.2828282828282828,True,920,0,,0.7142857142857143,0.6853932584269663,-0.3353932584269663,False,False,0.6803255535974793,True,PASS,0.7142857142857143
DEN,NOP,0.6124042184991795,1.14,6.0,DEN,2025-10-29,1.0,0.6455696202531646,,0.8333333333333334,,0.6124042184991795,0.6124042184991795,0.6124042184991795,0.7780692907514231,DEN,2025-10-29,0.6124042184991795,1.14,6.0,1.0,0.6,0.6455696202531646,True,920,0,,0.8771929824561404,0.8403361344537814,-0.22793191595460194,False,False,0.8271403420604977,True,PASS,0.8771929824561404
CHI,SAC,0.695061342039007,1.51,2.64,CHI,2025-10-29,1.0,0.7037037037037037,,0.8571428571428571,,0.695061342039007,0.695061342039007,0.695061342039007,0.6397011419973575,CHI,2025-10-29,0.695061342039007,1.51,2.64,1.0,0.11,0.7037037037037037,True,920,0,,0.6622516556291391,0.6361445783132531,0.05891676372575394,False,False,0.6643542847027735,True,PASS,0.6622516556291391
DET,ORL,0.5129327492872349,1.98,1.85,DET,2025-10-29,1.0,0.5094339622641508,,0.6363636363636364,,0.5129327492872349,0.5129327492872349,0.5129327492872349,0.5036061096115437,DET,2025-10-29,0.5129327492872349,1.98,1.85,1.0,0.7,0.5094339622641508,True,920,0,,0.5050505050505051,0.4830287206266319,0.029904028660602988,False,False,0.5036061096115437,False,PASS,0.5050505050505051
PHO,MEM,0.5067430714098696,2.02,1.82,MEM,2025-10-29,0.0,0.5094339622641508,,0.6363636363636364,,0.5067430714098696,0.5067430714098696,0.5067430714098696,0.4957200841396896,MEM,2025-10-29,0.5067430714098696,2.02,1.82,0.0,0.86,0.5094339622641508,True,920,0,,0.49504950495049505,0.4739583333333334,0.0327847380765362,False,False,0.4957200841396896,False,PASS,0.49504950495049505
MIN,LAL,0.4978313353935233,1.37,3.2,LAL,2025-10-29,1.0,0.4540540540540541,,0.6363636363636364,,0.4978313353935233,0.4978313353935233,0.4978313353935233,0.6564801610190936,LAL,2025-10-29,0.4978313353935233,1.37,3.2,0.0,0.6,0.4540540540540541,True,920,0,,0.7299270072992701,0.700218818380744,-0.20238748298722065,False,False,0.6840943070812865,True,PASS,0.7299270072992701
BRK,ATL,0.354995792983917,3.6,1.31,ATL,2025-10-29,1.0,0.2828282828282828,,0.5,,0.354995792983917,0.354995792983917,0.354995792983917,0.35,ATL,2025-10-29,0.354995792983917,3.6,1.31,0.0,0.33,0.2828282828282828,True,920,0,,0.2777777777777778,0.26680244399185343,0.08819334899206355,False,False,0.29608859344988864,False,PASS,0.2777777777777778
BOS,CLE,0.6568043780336956,2.45,1.57,BOS,2025-10-29,1.0,0.696078431372549,,0.8888888888888888,,0.6568043780336956,0.6568043780336956,0.6568043780336956,0.42738534249346727,BOS,2025-10-29,0.6568043780336956,2.45,1.57,1.0,0.75,0.696078431372549,True,920,0,,0.4081632653061224,0.39054726368159204,0.2662571143521036,True,True,0.39626477499066753,True,MODEL_MARKET_GAP,0.4081632653061224
UTA,POR,0.5420583033237949,2.24,1.68,POR,2025-10-29,0.0,0.5094339622641508,,0.7142857142857143,,0.5420583033237949,0.5420583033237949,0.5420583033237949,0.4560416141257095,POR,2025-10-29,0.5420583033237949,2.24,1.68,0.0,0.22,0.5094339622641508,True,920,0,,0.4464285714285714,0.4285714285714286,0.1134868747523663,False,False,0.4560416141257095,False,PASS,0.4464285714285714
TOR,HOU,0.4134066798759074,2.7,1.49,HOU,2025-10-29,1.0,0.4540540540540541,,0.5,,0.4134066798759074,0.4134066798759074,0.4134066798759074,0.3836723667937243,HOU,2025-10-29,0.4134066798759074,2.7,1.49,0.0,0.4,0.4540540540540541,True,920,0,,0.37037037037037035,0.3556085918854415,0.057798087990465874,False,False,0.3836723667937243,False,PASS,0.37037037037037035
WAS,PHI,0.3342717835225763,2.5,1.56,PHI,2025-10-28,1.0,0.2828282828282828,,0.5294117647058824,,0.35,0.3342717835225763,0.3342717835225763,0.36191975281427397,PHI,2025-10-28,0.3342717835225763,2.5,1.56,0.0,0.3,0.2828282828282828,True,920,0,,0.4,0.38423645320197053,-0.03423645320197055,False,False,0.36191975281427397,False,PASS,0.4
MIL,NYK,0.6100791721032666,2.05,1.8,MIL,2025-10-28,1.0,0.6455696202531646,,0.7202161594993994,,0.6100791721032666,0.6100791721032666,0.6100791721032666,0.48698991180130086,MIL,2025-10-28,0.6100791721032666,2.05,1.8,1.0,0.55,0.6455696202531646,True,920,0,,0.48780487804878053,0.4675324675324676,0.142546704570799,True,True,0.4814141597161441,True,MODEL_MARKET_GAP,0.48780487804878053
MIA,CHO,0.6335698262948327,1.44,2.85,MIA,2025-10-28,1.0,0.6455696202531646,,0.75,,0.6335698262948327,0.6335698262948327,0.6335698262948327,0.6218832754434492,MIA,2025-10-28,0.6335698262948327,1.44,2.85,1.0,0.67,0.6455696202531646,True,920,0,,0.6944444444444444,0.6643356643356644,-0.03076583804083166,False,False,0.643392088756999,True,PASS,0.6944444444444444
GSW,LAC,0.5489562733263578,2.05,1.8,GSW,2025-10-28,1.0,0.5172413793103449,,0.6875,,0.5489562733263578,0.5489562733263578,0.5489562733263578,0.4969582166775647,GSW,2025-10-28,0.5489562733263578,2.05,1.8,1.0,0.2,0.5172413793103449,True,920,0,,0.48780487804878053,0.4675324675324676,0.08142380579389019,False,False,0.4969582166775647,False,PASS,0.48780487804878053
OKC,SAC,0.6956613608047013,1.22,4.5,OKC,2025-10-28,1.0,0.7037037037037037,,0.8571428571428571,,0.6956613608047013,0.6956613608047013,0.6956613608047013,0.718908319743047,OKC,2025-10-28,0.6956613608047013,1.22,4.5,1.0,0.73,0.7037037037037037,True,920,0,,0.819672131147541,0.7867132867132867,-0.09105192590858535,False,False,0.7575391996977024,True,PASS,0.819672131147541
LAL,POR,0.7267535356091751,2.2,1.7,POR,2025-10-27,0.0,0.7468354430379747,,,,0.7267535356091751,0.7267535356091751,0.7267535356091751,0.4572340600824152,POR,2025-10-27,0.7267535356091751,2.2,1.7,0.0,0.73,0.7468354430379747,True,920,0,,0.45454545454545453,0.4358974358974359,0.2908560997117392,True,True,0.438905800117736,True,MODEL_MARKET_GAP,0.45454545454545453
PHI,ORL,0.659285394953311,2.9,1.43,PHI,2025-10-27,1.0,0.696078431372549,,,,0.659285394953311,0.659285394953311,0.659285394953311,0.38369442028951495,PHI,2025-10-27,0.659285394953311,2.9,1.43,1.0,0.78,0.696078431372549,True,920,0,,0.3448275862068966,0.3302540415704388,0.32903135338287215,True,True,0.33384917184216417,True,MODEL_MARKET_GAP,0.3448275862068966
MIN,DEN,0.6417247580306555,3.05,1.4,DEN,2025-10-27,0.0,0.6455696202531646,,,,0.6417247580306555,0.6417247580306555,0.6417247580306555,0.3729857590613965,DEN,2025-10-27,0.6417247580306555,3.05,1.4,0.0,0.6,0.6455696202531646,True,920,0,,0.3278688524590164,0.3146067415730337,0.32711801645762184,True,True,0.31855108437342355,True,MODEL_MARKET_GAP,0.3278688524590164
UTA,PHO,0.5011426492879132,1.85,1.98,UTA,2025-10-27,1.0,0.4540540540540541,,,,0.5011426492879132,0.5011426492879132,0.5011426492879132,0.5039841027773485,UTA,2025-10-27,0.5011426492879132,1.85,1.98,1.0,0.22,0.4540540540540541,True,920,0,,0.5405405405405405,0.5169712793733681,-0.015828630085454876,False,False,0.5039841027773485,False,PASS,0.5405405405405405
GSW,MEM,0.6635216003488732,1.29,3.7,GSW,2025-10-27,1.0,0.696078431372549,,,,0.6635216003488732,0.6635216003488732,0.6635216003488732,0.6802529807354475,GSW,2025-10-27,0.6635216003488732,1.29,3.7,1.0,0.2,0.696078431372549,True,920,0,,0.7751937984496123,0.7414829659318637,-0.0779613655829905,False,False,0.7120623302769971,True,PASS,0.7751937984496123
DET,CLE,0.513076019664289,2.2,1.7,CLE,2025-10-27,0.0,0.5094339622641508,,0.6875,,0.513076019664289,0.513076019664289,0.513076019664289,0.46530905221388985,CLE,2025-10-27,0.513076019664289,2.2,1.7,0.0,0.7,0.5094339622641508,True,920,0,,0.45454545454545453,0.4358974358974359,0.07717858376685305,False,False,0.46530905221388985,False,PASS,0.45454545454545453
SAS,TOR,0.748654791755525,1.49,2.7,SAS,2025-10-27,1.0,0.7468354430379747,,,,0.748654791755525,0.748654791755525,0.748654791755525,0.6468061332767572,SAS,2025-10-27,0.748654791755525,1.49,2.7,1.0,0.9,0.7468354430379747,True,920,0,,0.6711409395973155,0.6443914081145585,0.10426338364096643,False,False,0.6727130979726555,True,PASS,0.6711409395973155
HOU,BRK,0.4805730839885264,1.07,9.0,HOU,2025-10-27,0.0,0.4540540540540541,,,,0.4805730839885264,0.4805730839885264,0.4805730839885264,0.8,HOU,2025-10-27,0.4805730839885264,1.07,9.0,1.0,0.64,0.4540540540540541,True,920,0,,0.9345794392523364,0.893743793445879,-0.41317070945735257,False,False,0.8913824588181082,True,PASS,0.9345794392523364
CHI,ATL,0.6255320227537459,2.14,1.74,CHI,2025-10-27,1.0,0.6455696202531646,,,,0.6255320227537459,0.6255320227537459,0.6255320227537459,0.47168822872593197,CHI,2025-10-27,0.6255320227537459,2.14,1.74,1.0,0.11,0.6455696202531646,True,920,0,,0.4672897196261682,0.4484536082474227,0.17707841450632317,True,True,0.4595546124656171,True,MODEL_MARKET_GAP,0.4672897196261682
DAL,OKC,0.3106524687964385,3.7,1.29,OKC,2025-10-27,1.0,0.2828282828282828,,0.0,,0.35,0.3106524687964385,0.3106524687964385,0.35,OKC,2025-10-27,0.3106524687964385,3.7,1.29,0.0,0.0,0.2828282828282828,True,920,0,,0.27027027027027023,0.25851703406813625,0.09148296593186372,False,False,0.28767172186200873,False,PASS,0.27027027027027023
NOP,BOS,0.3443896899698273,1.74,2.14,BOS,2025-10-27,1.0,0.2828282828282828,,0.5294117647058824,,0.35,0.3443896899698273,0.3443896899698273,0.535319178066805,BOS,2025-10-27,0.3443896899698273,1.74,2.14,0.0,0.75,0.2828282828282828,True,920,0,,0.5747126436781609,0.5515463917525772,-0.20154639175257727,False,False,0.535319178066805,False,PASS,0.5747126436781609
CLE,MIL,0.6196150031502539,1.39,3.1,CLE,2025-10-26,1.0,0.6455696202531646,,,,0.6196150031502539,0.6196150031502539,0.6196150031502539,0.6370222202363361,CLE,2025-10-26,0.6196150031502539,1.39,3.1,1.0,0.88,0.6455696202531646,True,920,0,,0.7194244604316548,0.6904231625835189,-0.07080815943326502,False,False,0.6612026120427484,True,PASS,0.7194244604316548
MIN,IND,0.6837240315306252,1.17,5.4,MIN,2025-10-26,1.0,0.696078431372549,,,,0.6837240315306252,0.6837240315306252,0.6837240315306252,0.7527517242652566,MIN,2025-10-26,0.6837240315306252,1.17,5.4,1.0,0.6,0.696078431372549,True,920,0,,0.8547008547008548,0.8219178082191781,-0.13819377668855293,False,False,0.7973549697238314,True,PASS,0.8547008547008548
MIA,NYK,0.5535571090181824,2.2,1.7,MIA,2025-10-26,1.0,0.5172413793103449,,,,0.5535571090181824,0.5535571090181824,0.5535571090181824,0.46293022167079023,MIA,2025-10-26,0.5535571090181824,2.2,1.7,1.0,0.67,0.5172413793103449,True,920,0,,0.45454545454545453,0.4358974358974359,0.11765967312074654,False,False,0.46293022167079023,False,PASS,0.45454545454545453
LAC,POR,0.4940595446935642,1.32,3.5,LAC,2025-10-26,0.0,0.4540540540540541,,,,0.4940595446935642,0.4940595446935642,0.4940595446935642,0.68137658159631,LAC,2025-10-26,0.4940595446935642,1.32,3.5,1.0,0.5,0.4540540540540541,True,920,0,,0.7575757575757576,0.7261410788381742,-0.23208153414461002,False,False,0.7133842136427176,True,PASS,0.7575757575757576
WAS,CHO,0.5290155118953928,1.77,2.1,CHO,2025-10-26,0.0,0.5094339622641508,,,,0.5290155118953928,0.5290155118953928,0.5290155118953928,0.531147713540191,CHO,2025-10-26,0.5290155118953928,1.77,2.1,0.0,0.3,0.5094339622641508,True,920,0,,0.5649717514124294,0.5426356589147286,-0.013620147019335893,False,False,0.531147713540191,False,PASS,0.5649717514124294
SAC,LAL,0.459462502237683,2.24,1.68,LAL,2025-10-26,1.0,0.4540540540540541,,,,0.459462502237683,0.459462502237683,0.459462502237683,0.44956736348051557,LAL,2025-10-26,0.459462502237683,2.24,1.68,0.0,0.29,0.4540540540540541,True,920,0,,0.4464285714285714,0.4285714285714286,0.030891073666254376,False,False,0.44956736348051557,False,PASS,0.4464285714285714
SAS,BRK,0.6782102457876245,1.16,5.55,SAS,2025-10-26,1.0,0.696078431372549,,,,0.6782102457876245,0.6782102457876245,0.6782102457876245,0.758378579031525,SAS,2025-10-26,0.6782102457876245,1.16,5.55,1.0,0.9,0.696078431372549,True,920,0,,0.8620689655172414,0.827123695976155,-0.14891345018853053,False,False,0.8039747988606176,True,PASS,0.8620689655172414
DET,BOS,0.5182374162309578,1.51,2.64,DET,2025-10-26,1.0,0.5094339622641508,,,,0.5182374162309578,0.5182374162309578,0.5182374162309578,0.5927678153655492,DET,2025-10-26,0.5182374162309578,1.51,2.64,1.0,0.7,0.5094339622641508,True,920,0,,0.6622516556291391,0.6361445783132531,-0.11790716208229535,False,False,0.6091386063124109,True,PASS,0.6622516556291391
DAL,TOR,0.3187522368890158,1.87,1.95,DAL,2025-10-26,0.0,0.2828282828282828,,,,0.35,0.3187522368890158,0.3187522368890158,0.48888132905528914,DAL,2025-10-26,0.3187522368890158,1.87,1.95,1.0,0.0,0.2828282828282828,True,920,0,,0.53475935828877,0.5104712041884817,-0.1604712041884817,False,False,0.48888132905528914,False,PASS,0.53475935828877
MEM,IND,0.5286262464380135,1.74,2.14,MEM,2025-10-25,1.0,0.5094339622641508,,,,0.5286262464380135,0.5286262464380135,0.5286262464380135,0.5343359820593845,MEM,2025-10-25,0.5286262464380135,1.74,2.14,1.0,0.25,0.5094339622641508,True,920,0,,0.5747126436781609,0.5515463917525772,-0.022920145314563767,False,False,0.5343359820593845,False,PASS,0.5747126436781609
ATL,OKC,0.5140803937138909,3.5,1.32,OKC,2025-10-25,0.0,0.5094339622641508,,,,0.5140803937138909,0.5140803937138909,0.5140803937138909,0.35005004592635813,OKC,2025-10-25,0.5140803937138909,3.5,1.32,0.0,0.77,0.5094339622641508,True,920,0,,0.2857142857142857,0.2738589211618257,0.24022147255206522,True,False,0.2857857798947973,True,PASS,0.2857142857142857
DEN,PHO,0.682780981492606,1.12,6.75,DEN,2025-10-25,1.0,0.696078431372549,,,,0.682780981492606,0.682780981492606,0.682780981492606,0.7873344234006641,DEN,2025-10-25,0.682780981492606,1.12,6.75,1.0,0.6,0.696078431372549,True,920,0,,0.8928571428571428,0.8576874205844981,-0.17490643909189207,False,False,0.8380404981184284,True,PASS,0.8928571428571428
PHI,CHO,0.6268269368540074,1.51,2.64,PHI,2025-10-25,1.0,0.6455696202531646,,,,0.6268269368540074,0.6268269368540074,0.6268269368540074,0.6086736496134417,PHI,2025-10-25,0.6268269368540074,1.51,2.64,1.0,0.78,0.6455696202531646,True,920,0,,0.6622516556291391,0.6361445783132531,-0.00931764145924574,False,False,0.627851352486402,True,PASS,0.6622516556291391
ORL,CHI,0.4893812844699602,1.41,3.0,CHI,2025-10-25,1.0,0.4540540540540541,,,,0.4893812844699602,0.4893812844699602,0.4893812844699602,0.6383061466835747,CHI,2025-10-25,0.4893812844699602,1.41,3.0,0.0,0.73,0.4540540540540541,True,920,0,,0.7092198581560284,0.6802721088435374,-0.19089082437357718,False,False,0.6627131137453819,True,PASS,0.7092198581560284
ORL,ATL,0.5996045065044405,1.42,2.94,ATL,2025-10-24,0.0,0.6455696202531646,,,,0.5996045065044405,0.5996045065044405,0.5996045065044405,0.6232065554284005,ATL,2025-10-24,0.5996045065044405,1.42,2.94,0.0,0.73,0.6455696202531646,True,920,0,,0.7042253521126761,0.6743119266055045,-0.07470742010106401,False,False,0.6449488887392948,True,PASS,0.7042253521126761
BRK,CLE,0.3944473868173287,2.1,1.77,CLE,2025-10-24,1.0,0.4222222222222222,,,,0.3944473868173287,0.3944473868173287,0.3944473868173287,0.42870860194168525,CLE,2025-10-24,0.3944473868173287,2.1,1.77,0.0,0.33,0.4222222222222222,True,920,0,,0.47619047619047616,0.4573643410852713,-0.06291695426794258,False,False,0.42870860194168525,False,PASS,0.47619047619047616
LAC,PHO,0.3248311083559236,1.23,4.4,LAC,2025-10-24,0.0,0.2828282828282828,,,,0.35,0.3248311083559236,0.3248311083559236,0.7376319137115389,LAC,2025-10-24,0.3248311083559236,1.23,4.4,1.0,0.5,0.2828282828282828,True,920,0,,0.8130081300813008,0.7815275310834814,-0.4315275310834814,False,False,0.7795669573076929,True,PASS,0.8130081300813008
MEM,MIA,0.5985323798415145,1.71,2.15,MIA,2025-10-24,0.0,0.6455696202531646,,,,0.5985323798415145,0.5985323798415145,0.5985323798415145,0.5817090338443645,MIA,2025-10-24,0.5985323798415145,1.71,2.15,0.0,0.25,0.6455696202531646,True,920,0,,0.5847953216374269,0.5569948186528497,0.04153756118866481,False,False,0.5817090338443645,False,PASS,0.5847953216374269
LAL,MIN,0.5743413818589066,2.05,1.81,LAL,2025-10-24,1.0,0.5454545454545454,,,,0.5743413818589066,0.5743413818589066,0.5743413818589066,0.49713594982466736,LAL,2025-10-24,0.5743413818589066,2.05,1.81,1.0,0.73,0.5454545454545454,True,920,0,,0.48780487804878053,0.4689119170984456,0.105429464760461,False,False,0.49713594982466736,False,PASS,0.48780487804878053
TOR,MIL,0.4861625495813919,1.75,2.2,MIL,2025-10-24,1.0,0.4540540540540541,,,,0.4861625495813919,0.4861625495813919,0.4861625495813919,0.52774188673182,MIL,2025-10-24,0.4861625495813919,1.75,2.2,0.0,0.4,0.4540540540540541,True,920,0,,0.5714285714285714,0.5569620253164557,-0.07079947573506379,False,False,0.52774188673182,False,PASS,0.5714285714285714
SAC,UTA,0.3782020573579452,1.83,2.05,SAC,2025-10-24,0.0,0.4222222222222222,,,,0.3782020573579452,0.3782020573579452,0.3782020573579452,0.505367194002478,SAC,2025-10-24,0.3782020573579452,1.83,2.05,1.0,0.29,0.4222222222222222,True,920,0,,0.5464480874316939,0.5283505154639175,-0.15014845810597233,False,False,0.505367194002478,False,PASS,0.5464480874316939
NOP,SAS,0.3606290989589318,1.56,2.5,SAS,2025-10-24,1.0,0.2828282828282828,,,,0.3606290989589318,0.3606290989589318,0.3606290989589318,0.5894629874038543,SAS,2025-10-24,0.3606290989589318,1.56,2.5,0.0,0.75,0.2828282828282828,True,920,0,,0.641025641025641,0.6157635467980296,-0.2551344478390978,False,False,0.6052505734162992,True,PASS,0.641025641025641
POR,GSW,0.4031212023317619,1.68,2.25,POR,2025-10-24,0.0,0.4540540540540541,,,,0.4031212023317619,0.4031212023317619,0.4031212023317619,0.552134544251312,POR,2025-10-24,0.4031212023317619,1.68,2.25,1.0,0.5,0.4540540540540541,True,920,0,,0.5952380952380952,0.5725190839694657,-0.1693978816377038,False,False,0.552134544251312,False,PASS,0.5952380952380952
NYK,BOS,0.6512124624794146,1.67,2.25,NYK,2025-10-24,1.0,0.696078431372549,,,,0.6512124624794146,0.6512124624794146,0.6512124624794146,0.5878831409294163,NYK,2025-10-24,0.6512124624794146,1.67,2.25,1.0,0.71,0.696078431372549,True,920,0,,0.5988023952095809,0.5739795918367347,0.07723287064267981,False,False,0.6033919305051957,True,PASS,0.5988023952095809
DAL,WAS,0.3183073897438852,1.24,4.43,WAS,2025-10-24,1.0,0.2828282828282828,,,,0.35,0.3183073897438852,0.3183073897438852,0.7374390814350316,WAS,2025-10-24,0.3183073897438852,1.24,4.43,0.0,0.0,0.2828282828282828,True,920,0,,0.8064516129032259,0.7813051146384479,-0.4313051146384479,False,False,0.7793400958059196,True,PASS,0.8064516129032259
HOU,DET,0.5202169222878452,1.95,2.25,DET,2025-10-24,0.0,0.5094339622641508,,,,0.5202169222878452,0.5202169222878452,0.5202169222878452,0.5229461475076194,DET,2025-10-24,0.5202169222878452,1.95,2.25,0.0,0.64,0.5094339622641508,True,920,0,,0.5128205128205129,0.5357142857142858,-0.015497363426440591,False,False,0.5229461475076194,False,PASS,0.5128205128205129
GSW,DEN,0.3516259026276808,1.77,2.1,GSW,2025-10-23,0.0,0.2828282828282828,,,,0.3516259026276808,0.3516259026276808,0.3516259026276808,0.5250918248437748,GSW,2025-10-23,0.3516259026276808,1.77,2.1,1.0,0.2,0.2828282828282828,True,920,0,,0.5649717514124294,0.5426356589147286,-0.19100975628704786,False,False,0.5250918248437748,False,PASS,0.5649717514124294
IND,OKC,0.3213069213176888,3.45,1.33,OKC,2025-10-23,1.0,0.2828282828282828,,,,0.35,0.3213069213176888,0.3213069213176888,0.35,OKC,2025-10-23,0.3213069213176888,3.45,1.33,0.0,0.22,0.2828282828282828,True,920,0,,0.2898550724637681,0.2782426778242678,0.07175732217573216,False,False,0.30750566184900907,False,PASS,0.2898550724637681
ATL,TOR,0.2309843114792933,1.44,2.85,TOR,2025-10-22,1.0,0.2828282828282828,,,,0.35,0.2309843114792933,0.2309843114792933,0.6344325913326618,TOR,2025-10-22,0.2309843114792933,1.44,2.85,0.0,0.77,0.2828282828282828,True,920,0,,0.6944444444444444,0.6643356643356644,-0.3143356643356644,False,False,0.6581559898031316,True,PASS,0.6944444444444444
POR,MIN,0.4301687006041267,2.75,1.6,MIN,2025-10-22,1.0,0.4540540540540541,,,,0.4301687006041267,0.4301687006041267,0.4301687006041267,0.39641583982078155,MIN,2025-10-22,0.4301687006041267,2.75,1.6,0.0,0.5,0.4540540540540541,True,920,0,,0.36363636363636365,0.367816091954023,0.062352608650103725,False,False,0.39641583982078155,False,PASS,0.36363636363636365
ORL,MIA,0.3839393472255353,1.33,4.1,ORL,2025-10-22,0.0,0.4222222222222222,,,,0.3839393472255353,0.3839393472255353,0.3839393472255353,0.7137553529014788,ORL,2025-10-22,0.3839393472255353,1.33,4.1,1.0,0.73,0.4222222222222222,True,920,0,,0.7518796992481203,0.7550644567219152,-0.37112510949637995,False,False,0.7514768857664458,True,PASS,0.7518796992481203
PHO,SAC,0.471660898045118,1.55,2.5,PHO,2025-10-22,0.0,0.4540540540540541,,,,0.471660898045118,0.471660898045118,0.471660898045118,0.593696064168576,PHO,2025-10-22,0.471660898045118,1.55,2.5,1.0,0.86,0.4540540540540541,True,920,0,,0.6451612903225806,0.6172839506172839,-0.1456230525721659,False,False,0.593696064168576,False,PASS,0.6451612903225806
DAL,SAS,0.2982415129131054,1.95,2.2,SAS,2025-10-22,1.0,0.2828282828282828,,,,0.35,0.2982415129131054,0.2982415129131054,0.5111644924896024,SAS,2025-10-22,0.2982415129131054,1.95,2.2,0.0,0.0,0.2828282828282828,True,920,0,,0.5128205128205129,0.5301204819277109,-0.1801204819277109,False,False,0.5111644924896024,False,PASS,0.5128205128205129
NYK,CLE,0.489762379089478,1.62,2.5,NYK,2025-10-22,0.0,0.4540540540540541,,,,0.489762379089478,0.489762379089478,0.489762379089478,0.579695932180015,NYK,2025-10-22,0.489762379089478,1.62,2.5,1.0,0.71,0.4540540540540541,True,920,0,,0.6172839506172839,0.6067961165048543,-0.11703373741537632,False,False,0.579695932180015,False,PASS,0.6172839506172839
CHI,DET,0.4555581422788112,2.17,1.81,CHI,2025-10-22,0.0,0.4540540540540541,,,,0.4555581422788112,0.4555581422788112,0.4555581422788112,0.4555504912925711,CHI,2025-10-22,0.4555581422788112,2.17,1.81,1.0,0.11,0.4540540540540541,True,920,0,,0.4608294930875576,0.4547738693467336,0.0007842729320776121,False,False,0.4555504912925711,False,PASS,0.4608294930875576
MEM,NOP,0.5001195066058592,1.53,2.5,MEM,2025-10-22,1.0,0.4540540540540541,,,,0.5001195066058592,0.5001195066058592,0.5001195066058592,0.5935972357676972,MEM,2025-10-22,0.5001195066058592,1.53,2.5,1.0,0.25,0.4540540540540541,True,920,0,,0.6535947712418301,0.6203473945409429,-0.12022788793508365,False,False,0.5935972357676972,False,PASS,0.6535947712418301
UTA,LAC,0.5069791398501519,1.21,4.6,UTA,2025-10-22,1.0,0.5094339622641508,,,,0.5069791398501519,0.5069791398501519,0.5069791398501519,0.7410906314994212,UTA,2025-10-22,0.5069791398501519,1.21,4.6,1.0,0.22,0.5094339622641508,True,920,0,,0.8264462809917356,0.7917383820998279,-0.2847592422496761,False,False,0.7836360370581427,True,PASS,0.8264462809917356
CHO,BRK,0.338739334693389,1.5,2.75,CHO,2025-10-22,0.0,0.2828282828282828,,,,0.35,0.338739334693389,0.338739334693389,0.6188393890390614,CHO,2025-10-22,0.338739334693389,1.5,2.75,1.0,0.67,0.2828282828282828,True,920,0,,0.6666666666666666,0.6470588235294118,-0.2970588235294118,False,False,0.6398110459283076,True,PASS,0.6666666666666666
MIL,WAS,0.5747770484434845,1.22,4.4,MIL,2025-10-22,1.0,0.5454545454545454,,,,0.5747770484434845,0.5747770484434845,0.5747770484434845,0.7273631066084807,MIL,2025-10-22,0.5747770484434845,1.22,4.4,1.0,0.55,0.5454545454545454,True,920,0,,0.819672131147541,0.7829181494661922,-0.20814110102270766,False,False,0.7674860077746832,True,PASS,0.819672131147541
BOS,PHI,0.4871743630287672,1.6,2.42,PHI,2025-10-22,1.0,0.4540540540540541,,,,0.4871743630287672,0.4871743630287672,0.4871743630287672,0.5746560310028199,PHI,2025-10-22,0.4871743630287672,1.6,2.42,0.0,0.75,0.4540540540540541,True,920,0,,0.625,0.6019900497512438,-0.1148156867224766,False,False,0.5746560310028199,False,PASS,0.625
LAL,GSW,0.3669372941889376,2.1,1.77,GSW,2025-10-21,1.0,0.2828282828282828,,,,0.3669372941889376,0.3669372941889376,0.3669372941889376,0.4281632718054339,GSW,2025-10-21,0.3669372941889376,2.1,1.77,0.0,0.73,0.2828282828282828,True,920,0,,0.47619047619047616,0.4573643410852713,-0.09042704689633368,False,False,0.4281632718054339,False,PASS,0.47619047619047616
OKC,HOU,0.5314516298892457,1.31,3.6,OKC,2025-10-21,1.0,0.5094339622641508,,,,0.5314516298892457,0.5314516298892457,0.5314516298892457,0.6844455292348843,OKC,2025-10-21,0.5314516298892457,1.31,3.6,1.0,0.73,0.5094339622641508,True,920,0,,0.7633587786259541,0.7331975560081467,-0.20174592611890108,False,False,0.7169947402763345,True,PASS,0.7633587786259541
OKC,MIN,0.6323259948509331,1.28,3.85,0,2026-03-15 00:00:00,,0.6455696202531646,,,0.4486417029674348,0.4486417029674348,0.4486417029674348,0.4486417029674348,0.7070179216458014,0,2026-03-15,0.6323259948509331,1.28,3.85,,0.73,0.6455696202531646,True,920,36,0.4486417029674348,0.78125,0.7504873294346978,-0.301845626467263,False,False,0.7435504960538839,True,PASS,0.78125
CLE,DAL,0.699875907840023,1.07,9.0,0,2026-03-15 00:00:00,,0.7037037037037037,,,0.4219996966427768,0.4219996966427768,0.4219996966427768,0.4219996966427768,0.8,0,2026-03-15,0.699875907840023,1.07,9.0,,0.88,0.7037037037037037,True,920,36,0.4219996966427768,0.9345794392523364,0.893743793445879,-0.47174409680310214,False,False,0.8924473360549962,True,PASS,0.9345794392523364
MIL,IND,0.3263526744580715,1.39,3.1,0,2026-03-15 00:00:00,,0.2828282828282828,,,0.16543325013943294,0.35,0.16543325013943294,0.16543325013943294,0.6577539687937759,0,2026-03-15,0.3263526744580715,1.39,3.1,,0.55,0.2828282828282828,True,920,39,0.16543325013943294,0.7194244604316548,0.6904231625835189,-0.3404231625835189,False,False,0.6855929044632658,True,PASS,0.7194244604316548
TOR,DET,0.4061841854820339,2.45,1.57,0,2026-03-15 00:00:00,,0.4540540540540541,,,0.3103832782845773,0.35,0.3103832782845773,0.3103832782845773,0.3661217677458107,0,2026-03-15,0.4061841854820339,2.45,1.57,,0.4,0.4540540540540541,True,920,37,0.3103832782845773,0.4081632653061224,0.39054726368159204,-0.04054726368159206,False,False,0.3661217677458107,False,PASS,0.4081632653061224
PHI,POR,0.3696815013315257,3.7,1.29,0,2026-03-15 00:00:00,,0.4,,,0.23384013155413794,0.35,0.23384013155413794,0.23384013155413794,0.35,0,2026-03-15,0.3696815013315257,3.7,1.29,,0.78,0.4,True,920,38,0.23384013155413794,0.27027027027027023,0.25851703406813625,0.09148296593186372,False,False,0.28767172186200873,False,PASS,0.27027027027027023
NYK,GSW,0.7181561484162591,1.11,7.25,0,2026-03-15 00:00:00,,0.7468354430379747,,,0.46615872621534094,0.46615872621534094,0.46615872621534094,0.46615872621534094,0.8,0,2026-03-15,0.7181561484162591,1.11,7.25,,0.71,0.7468354430379747,True,920,33,0.46615872621534094,0.9009009009009008,0.867224880382775,-0.4010661541674341,False,False,0.8645582931640409,True,PASS,0.9009009009009008
SAC,UTA,0.4797133278231607,1.65,2.3,0,2026-03-15 00:00:00,,0.4540540540540541,,,0.27984333081678914,0.35,0.27984333081678914,0.27984333081678914,0.5695421835057062,0,2026-03-15,0.4797133278231607,1.65,2.3,,0.29,0.4540540540540541,True,920,35,0.27984333081678914,0.6060606060606061,0.5822784810126582,-0.23227848101265824,False,False,0.5695421835057062,False,PASS,0.6060606060606061
