game_date,home_team_raw,away_team_raw,home_team,away_team,tipoff_utc,game_key,source_file
2026-10-20,Detroit Pistons,Boston Celtics,DET,BOS,2026-10-20T19:00:00Z,2026-10-20|DET|BOS,outputs/bbr_schedule_source/20261020T120005000000Z/bbr_nba_2027_schedule_explicit_source.csv
2026-10-20,New York Knicks,Philadelphia 76ers,NYK,PHI,2026-10-20T23:00:00Z,2026-10-20|NYK|PHI,outputs/bbr_schedule_source/20261020T120005000000Z/bbr_nba_2027_schedule_explicit_source.csv
2026-10-20,San Antonio Spurs,Oklahoma City Thunder,SAS,OKC,2026-10-21T01:30:00Z,2026-10-20|SAS|OKC,outputs/bbr_schedule_source/20261020T120005000000Z/bbr_nba_2027_schedule_explicit_source.csv
2026-10-21,Brooklyn Nets,Charlotte Hornets,BRK,CHO,2026-10-21T23:30:00Z,2026-10-21|BRK|CHO,outputs/bbr_schedule_source/20261020T120005000000Z/bbr_nba_2027_schedule_explicit_source.csv
2026-10-21,Houston Rockets,Dallas Mavericks,HOU,DAL,2026-10-22T00:30:00Z,2026-10-21|HOU|DAL,outputs/bbr_schedule_source/20261020T120005000000Z/bbr_nba_2027_schedule_explicit_source.csv
2026-10-21,Los Angeles Clippers,Sacramento Kings,LAC,SAC,2026-10-22T02:30:00Z,2026-10-21|LAC|SAC,outputs/bbr_schedule_source/20261020T120005000000Z/bbr_nba_2027_schedule_explicit_source.csv
2026-10-21,Los Angeles Lakers,Golden State Warriors,LAL,GSW,2026-10-22T02:00:00Z,2026-10-21|LAL|GSW,outputs/bbr_schedule_source/20261020T120005000000Z/bbr_nba_2027_schedule_explicit_source.csv
2026-10-21,Memphis Grizzlies,Utah Jazz,MEM,UTA,2026-10-22T00:00:00Z,2026-10-21|MEM|UTA,outputs/bbr_schedule_source/20261020T120005000000Z/bbr_nba_2027_schedule_explicit_source.csv
2026-10-21,Miami Heat,Minnesota Timberwolves,MIA,MIN,2026-10-21T23:30:00Z,2026-10-21|MIA|MIN,outputs/bbr_schedule_source/20261020T120005000000Z/bbr_nba_2027_schedule_explicit_source.csv
2026-10-21,New Orleans Pelicans,Indiana Pacers,NOP,IND,2026-10-22T00:00:00Z,2026-10-21|NOP|IND,outputs/bbr_schedule_source/20261020T120005000000Z/bbr_nba_2027_schedule_explicit_source.csv
2026-10-21,Orlando Magic,Atlanta Hawks,ORL,ATL,2026-10-21T23:00:00Z,2026-10-21|ORL|ATL,outputs/bbr_schedule_source/20261020T120005000000Z/bbr_nba_2027_schedule_explicit_source.csv
2026-10-21,Portland Trail Blazers,Phoenix Suns,POR,PHX,2026-10-22T02:00:00Z,2026-10-21|POR|PHX,outputs/bbr_schedule_source/20261020T120005000000Z/bbr_nba_2027_schedule_explicit_source.csv
2026-10-21,Toronto Raptors,Chicago Bulls,TOR,CHI,2026-10-21T23:30:00Z,2026-10-21|TOR|CHI,outputs/bbr_schedule_source/20261020T120005000000Z/bbr_nba_2027_schedule_explicit_source.csv
2026-10-21,Washington Wizards,Milwaukee Bucks,WAS,MIL,2026-10-21T23:00:00Z,2026-10-21|WAS|MIL,outputs/bbr_schedule_source/20261020T120005000000Z/bbr_nba_2027_schedule_explicit_source.csv
2026-10-22,Oklahoma City Thunder,Denver Nuggets,OKC,DEN,2026-10-23T01:30:00Z,2026-10-22|OKC|DEN,outputs/bbr_schedule_source/20261020T120005000000Z/bbr_nba_2027_schedule_explicit_source.csv
2026-10-22,Philadelphia 76ers,Cleveland Cavaliers,PHI,CLE,2026-10-22T23:00:00Z,2026-10-22|PHI|CLE,outputs/bbr_schedule_source/20261020T120005000000Z/bbr_nba_2027_schedule_explicit_source.csv
2026-10-23,Boston Celtics,New York Knicks,BOS,NYK,2026-10-23T23:00:00Z,2026-10-23|BOS|NYK,outputs/bbr_schedule_source/20261020T120005000000Z/bbr_nba_2027_schedule_explicit_source.csv
2026-10-23,Charlotte Hornets,Atlanta Hawks,CHO,ATL,2026-10-23T23:00:00Z,2026-10-23|CHO|ATL,outputs/bbr_schedule_source/20261020T120005000000Z/bbr_nba_2027_schedule_explicit_source.csv
2026-10-23,Golden State Warriors,Memphis Grizzlies,GSW,MEM,2026-10-24T02:00:00Z,2026-10-23|GSW|MEM,outputs/bbr_schedule_source/20261020T120005000000Z/bbr_nba_2027_schedule_explicit_source.csv
2026-10-23,Indiana Pacers,Dallas Mavericks,IND,DAL,2026-10-23T23:00:00Z,2026-10-23|IND|DAL,outputs/bbr_schedule_source/20261020T120005000000Z/bbr_nba_2027_schedule_explicit_source.csv
2026-10-23,Los Angeles Lakers,Los Angeles Clippers,LAL,LAC,2026-10-24T02:00:00Z,2026-10-23|LAL|LAC,outputs/bbr_schedule_source/20261020T120005000000Z/bbr_nba_2027_schedule_explicit_source.csv
2026-10-23,Miami Heat,Detroit Pistons,MIA,DET,2026-10-24T00:00:00Z,2026-10-23|MIA|DET,outputs/bbr_schedule_source/20261020T120005000000Z/bbr_nba_2027_schedule_explicit_source.csv
2026-10-23,Milwaukee Bucks,Chicago Bulls,MIL,CHI,2026-10-24T00:00:00Z,2026-10-23|MIL|CHI,outputs/bbr_schedule_source/20261020T120005000000Z/bbr_nba_2027_schedule_explicit_source.csv
2026-10-23,Orlando Magic,Minnesota Timberwolves,ORL,MIN,2026-10-23T23:00:00Z,2026-10-23|ORL|MIN,outputs/bbr_schedule_source/20261020T120005000000Z/bbr_nba_2027_schedule_explicit_source.csv
2026-10-23,Sacramento Kings,Portland Trail Blazers,SAC,POR,2026-10-24T02:00:00Z,2026-10-23|SAC|POR,outputs/bbr_schedule_source/20261020T120005000000Z/bbr_nba_2027_schedule_explicit_source.csv
2026-10-23,San Antonio Spurs,Houston Rockets,SAS,HOU,2026-10-24T01:30:00Z,2026-10-23|SAS|HOU,outputs/bbr_schedule_source/20261020T120005000000Z/bbr_nba_2027_schedule_explicit_source.csv
2026-10-23,Utah Jazz,New Orleans Pelicans,UTA,NOP,2026-10-24T01:30:00Z,2026-10-23|UTA|NOP,outputs/bbr_schedule_source/20261020T120005000000Z/bbr_nba_2027_schedule_explicit_source.csv
2026-10-23,Washington Wizards,Toronto Raptors,WAS,TOR,2026-10-23T23:00:00Z,2026-10-23|WAS|TOR,outputs/bbr_schedule_source/20261020T120005000000Z/bbr_nba_2027_schedule_explicit_source.csv
2026-10-24,Atlanta Hawks,Houston Rockets,ATL,HOU,2026-10-25T00:00:00Z,2026-10-24|ATL|HOU,outputs/bbr_schedule_source/20261020T120005000000Z/bbr_nba_2027_schedule_explicit_source.csv
2026-10-24,Chicago Bulls,Washington Wizards,CHI,WAS,2026-10-25T00:00:00Z,2026-10-24|CHI|WAS,outputs/bbr_schedule_source/20261020T120005000000Z/bbr_nba_2027_schedule_explicit_source.csv
2026-10-24,Charlotte Hornets,Miami Heat,CHO,MIA,2026-10-24T22:00:00Z,2026-10-24|CHO|MIA,outputs/bbr_schedule_source/20261020T120005000000Z/bbr_nba_2027_schedule_explicit_source.csv
2026-10-24,Cleveland Cavaliers,Brooklyn Nets,CLE,BRK,2026-10-24T23:30:00Z,2026-10-24|CLE|BRK,outputs/bbr_schedule_source/20261020T120005000000Z/bbr_nba_2027_schedule_explicit_source.csv
2026-10-24,Dallas Mavericks,San Antonio Spurs,DAL,SAS,2026-10-25T00:00:00Z,2026-10-24|DAL|SAS,outputs/bbr_schedule_source/20261020T120005000000Z/bbr_nba_2027_schedule_explicit_source.csv
2026-10-24,Denver Nuggets,New Orleans Pelicans,DEN,NOP,2026-10-25T01:00:00Z,2026-10-24|DEN|NOP,outputs/bbr_schedule_source/20261020T120005000000Z/bbr_nba_2027_schedule_explicit_source.csv
2026-10-24,Philadelphia 76ers,Milwaukee Bucks,PHI,MIL,2026-10-24T23:30:00Z,2026-10-24|PHI|MIL,outputs/bbr_schedule_source/20261020T120005000000Z/bbr_nba_2027_schedule_explicit_source.csv
2026-10-24,Phoenix Suns,Golden State Warriors,PHX,GSW,2026-10-25T02:00:00Z,2026-10-24|PHX|GSW,outputs/bbr_schedule_source/20261020T120005000000Z/bbr_nba_2027_schedule_explicit_source.csv
2026-10-25,Brooklyn Nets,Indiana Pacers,BRK,IND,2026-10-25T22:00:00Z,2026-10-25|BRK|IND,outputs/bbr_schedule_source/20261020T120005000000Z/bbr_nba_2027_schedule_explicit_source.csv
2026-10-25,Minnesota Timberwolves,Toronto Raptors,MIN,TOR,2026-10-25T23:00:00Z,2026-10-25|MIN|TOR,outputs/bbr_schedule_source/20261020T120005000000Z/bbr_nba_2027_schedule_explicit_source.csv
2026-10-25,New York Knicks,Orlando Magic,NYK,ORL,2026-10-25T23:00:00Z,2026-10-25|NYK|ORL,outputs/bbr_schedule_source/20261020T120005000000Z/bbr_nba_2027_schedule_explicit_source.csv
2026-10-25,Oklahoma City Thunder,Los Angeles Clippers,OKC,LAC,2026-10-25T23:00:00Z,2026-10-25|OKC|LAC,outputs/bbr_schedule_source/20261020T120005000000Z/bbr_nba_2027_schedule_explicit_source.csv
2026-10-25,Philadelphia 76ers,Detroit Pistons,PHI,DET,2026-10-25T23:30:00Z,2026-10-25|PHI|DET,outputs/bbr_schedule_source/20261020T120005000000Z/bbr_nba_2027_schedule_explicit_source.csv
2026-10-25,Sacramento Kings,Memphis Grizzlies,SAC,MEM,2026-10-26T01:00:00Z,2026-10-25|SAC|MEM,outputs/bbr_schedule_source/20261020T120005000000Z/bbr_nba_2027_schedule_explicit_source.csv
2026-10-25,Utah Jazz,Los Angeles Lakers,UTA,LAL,2026-10-25T21:00:00Z,2026-10-25|UTA|LAL,outputs/bbr_schedule_source/20261020T120005000000Z/bbr_nba_2027_schedule_explicit_source.csv
2026-10-26,Boston Celtics,Chicago Bulls,BOS,CHI,2026-10-26T23:30:00Z,2026-10-26|BOS|CHI,outputs/bbr_schedule_source/20261020T120005000000Z/bbr_nba_2027_schedule_explicit_source.csv
2026-10-26,Charlotte Hornets,Washington Wizards,CHO,WAS,2026-10-26T23:00:00Z,2026-10-26|CHO|WAS,outputs/bbr_schedule_source/20261020T120005000000Z/bbr_nba_2027_schedule_explicit_source.csv
2026-10-26,Cleveland Cavaliers,Minnesota Timberwolves,CLE,MIN,2026-10-26T23:00:00Z,2026-10-26|CLE|MIN,outputs/bbr_schedule_source/20261020T120005000000Z/bbr_nba_2027_schedule_explicit_source.csv
2026-10-26,Denver Nuggets,Golden State Warriors,DEN,GSW,2026-10-27T02:00:00Z,2026-10-26|DEN|GSW,outputs/bbr_schedule_source/20261020T120005000000Z/bbr_nba_2027_schedule_explicit_source.csv
2026-10-26,Houston Rockets,Atlanta Hawks,HOU,ATL,2026-10-27T00:30:00Z,2026-10-26|HOU|ATL,outputs/bbr_schedule_source/20261020T120005000000Z/bbr_nba_2027_schedule_explicit_source.csv
2026-10-26,Miami Heat,Dallas Mavericks,MIA,DAL,2026-10-26T23:30:00Z,2026-10-26|MIA|DAL,outputs/bbr_schedule_source/20261020T120005000000Z/bbr_nba_2027_schedule_explicit_source.csv
2026-10-26,Milwaukee Bucks,Indiana Pacers,MIL,IND,2026-10-27T00:00:00Z,2026-10-26|MIL|IND,outputs/bbr_schedule_source/20261020T120005000000Z/bbr_nba_2027_schedule_explicit_source.csv
2026-10-26,Oklahoma City Thunder,Phoenix Suns,OKC,PHX,2026-10-27T00:00:00Z,2026-10-26|OKC|PHX,outputs/bbr_schedule_source/20261020T120005000000Z/bbr_nba_2027_schedule_explicit_source.csv
2026-10-26,Utah Jazz,Memphis Grizzlies,UTA,MEM,2026-10-27T01:00:00Z,2026-10-26|UTA|MEM,outputs/bbr_schedule_source/20261020T120005000000Z/bbr_nba_2027_schedule_explicit_source.csv
2026-10-27,Boston Celtics,Brooklyn Nets,BOS,BRK,2026-10-27T23:30:00Z,2026-10-27|BOS|BRK,outputs/bbr_schedule_source/20261020T120005000000Z/bbr_nba_2027_schedule_explicit_source.csv
2026-10-27,Los Angeles Lakers,Portland Trail Blazers,LAL,POR,2026-10-28T03:00:00Z,2026-10-27|LAL|POR,outputs/bbr_schedule_source/20261020T120005000000Z/bbr_nba_2027_schedule_explicit_source.csv
2026-10-27,New York Knicks,Detroit Pistons,NYK,DET,2026-10-28T00:00:00Z,2026-10-27|NYK|DET,outputs/bbr_schedule_source/20261020T120005000000Z/bbr_nba_2027_schedule_explicit_source.csv
2026-10-27,San Antonio Spurs,Sacramento Kings,SAS,SAC,2026-10-28T00:00:00Z,2026-10-27|SAS|SAC,outputs/bbr_schedule_source/20261020T120005000000Z/bbr_nba_2027_schedule_explicit_source.csv
2026-10-28,Atlanta Hawks,Miami Heat,ATL,MIA,2026-10-28T23:00:00Z,2026-10-28|ATL|MIA,outputs/bbr_schedule_source/20261020T120005000000Z/bbr_nba_2027_schedule_explicit_source.csv
2026-10-28,Chicago Bulls,New York Knicks,CHI,NYK,2026-10-29T00:00:00Z,2026-10-28|CHI|NYK,outputs/bbr_schedule_source/20261020T120005000000Z/bbr_nba_2027_schedule_explicit_source.csv
2026-10-28,Cleveland Cavaliers,Washington Wizards,CLE,WAS,2026-10-28T23:00:00Z,2026-10-28|CLE|WAS,outputs/bbr_schedule_source/20261020T120005000000Z/bbr_nba_2027_schedule_explicit_source.csv
2026-10-28,Dallas Mavericks,Oklahoma City Thunder,DAL,OKC,2026-10-29T01:30:00Z,2026-10-28|DAL|OKC,outputs/bbr_schedule_source/20261020T120005000000Z/bbr_nba_2027_schedule_explicit_source.csv
2026-10-28,Detroit Pistons,Charlotte Hornets,DET,CHO,2026-10-28T23:00:00Z,2026-10-28|DET|CHO,outputs/bbr_schedule_source/20261020T120005000000Z/bbr_nba_2027_schedule_explicit_source.csv
2026-10-28,Indiana Pacers,Philadelphia 76ers,IND,PHI,2026-10-28T23:00:00Z,2026-10-28|IND|PHI,outputs/bbr_schedule_source/20261020T120005000000Z/bbr_nba_2027_schedule_explicit_source.csv
2026-10-28,Los Angeles Clippers,Los Angeles Lakers,LAC,LAL,2026-10-29T02:30:00Z,2026-10-28|LAC|LAL,outputs/bbr_schedule_source/20261020T120005000000Z/bbr_nba_2027_schedule_explicit_source.csv
2026-10-28,Milwaukee Bucks,Houston Rockets,MIL,HOU,2026-10-29T00:00:00Z,2026-10-28|MIL|HOU,outputs/bbr_schedule_source/20261020T120005000000Z/bbr_nba_2027_schedule_explicit_source.csv
2026-10-28,Minnesota Timberwolves,Golden State Warriors,MIN,GSW,2026-10-29T00:00:00Z,2026-10-28|MIN|GSW,outputs/bbr_schedule_source/20261020T120005000000Z/bbr_nba_2027_schedule_explicit_source.csv
2026-10-28,New Orleans Pelicans,Denver Nuggets,NOP,DEN,2026-10-29T00:00:00Z,2026-10-28|NOP|DEN,outputs/bbr_schedule_source/20261020T120005000000Z/bbr_nba_2027_schedule_explicit_source.csv
2026-10-28,Toronto Raptors,Orlando Magic,TOR,ORL,2026-10-28T23:30:00Z,2026-10-28|TOR|ORL,outputs/bbr_schedule_source/20261020T120005000000Z/bbr_nba_2027_schedule_explicit_source.csv
2026-10-28,Utah Jazz,San Antonio Spurs,UTA,SAS,2026-10-29T01:00:00Z,2026-10-28|UTA|SAS,outputs/bbr_schedule_source/20261020T120005000000Z/bbr_nba_2027_schedule_explicit_source.csv
2026-10-29,Atlanta Hawks,Cleveland Cavaliers,ATL,CLE,2026-10-29T23:00:00Z,2026-10-29|ATL|CLE,outputs/bbr_schedule_source/20261020T120005000000Z/bbr_nba_2027_schedule_explicit_source.csv
2026-10-29,New Orleans Pelicans,Sacramento Kings,NOP,SAC,2026-10-30T00:00:00Z,2026-10-29|NOP|SAC,outputs/bbr_schedule_source/20261020T120005000000Z/bbr_nba_2027_schedule_explicit_source.csv
2026-10-29,Portland Trail Blazers,Memphis Grizzlies,POR,MEM,2026-10-30T02:00:00Z,2026-10-29|POR|MEM,outputs/bbr_schedule_source/20261020T120005000000Z/bbr_nba_2027_schedule_explicit_source.csv
2026-10-30,Boston Celtics,Chicago Bulls,BOS,CHI,2026-10-30T23:30:00Z,2026-10-30|BOS|CHI,outputs/bbr_schedule_source/20261020T120005000000Z/bbr_nba_2027_schedule_explicit_source.csv
2026-10-30,Brooklyn Nets,Detroit Pistons,BRK,DET,2026-10-30T23:30:00Z,2026-10-30|BRK|DET,outputs/bbr_schedule_source/20261020T120005000000Z/bbr_nba_2027_schedule_explicit_source.csv
2026-10-30,Dallas Mavericks,Houston Rockets,DAL,HOU,2026-10-31T00:00:00Z,2026-10-30|DAL|HOU,outputs/bbr_schedule_source/20261020T120005000000Z/bbr_nba_2027_schedule_explicit_source.csv
2026-10-30,Golden State Warriors,Los Angeles Lakers,GSW,LAL,2026-10-31T02:00:00Z,2026-10-30|GSW|LAL,outputs/bbr_schedule_source/20261020T120005000000Z/bbr_nba_2027_schedule_explicit_source.csv
2026-10-30,Miami Heat,Indiana Pacers,MIA,IND,2026-10-31T00:00:00Z,2026-10-30|MIA|IND,outputs/bbr_schedule_source/20261020T120005000000Z/bbr_nba_2027_schedule_explicit_source.csv
2026-10-30,Minnesota Timberwolves,Los Angeles Clippers,MIN,LAC,2026-10-31T00:00:00Z,2026-10-30|MIN|LAC,outputs/bbr_schedule_source/20261020T120005000000Z/bbr_nba_2027_schedule_explicit_source.csv
2026-10-30,Philadelphia 76ers,New York Knicks,PHI,NYK,2026-10-30T23:30:00Z,2026-10-30|PHI|NYK,outputs/bbr_schedule_source/20261020T120005000000Z/bbr_nba_2027_schedule_explicit_source.csv
2026-10-30,Phoenix Suns,Denver Nuggets,PHX,DEN,2026-10-31T02:00:00Z,2026-10-30|PHX|DEN,outputs/bbr_schedule_source/20261020T120005000000Z/bbr_nba_2027_schedule_explicit_source.csv
2026-10-30,Toronto Raptors,Orlando Magic,TOR,ORL,2026-10-30T23:30:00Z,2026-10-30|TOR|ORL,outputs/bbr_schedule_source/20261020T120005000000Z/bbr_nba_2027_schedule_explicit_source.csv
2026-10-30,Washington Wizards,Charlotte Hornets,WAS,CHO,2026-10-30T23:00:00Z,2026-10-30|WAS|CHO,outputs/bbr_schedule_source/20261020T120005000000Z/bbr_nba_2027_schedule_explicit_source.csv
2026-10-31,Charlotte Hornets,Philadelphia 76ers,CHO,PHI,2026-10-31T22:00:00Z,2026-10-31|CHO|PHI,outputs/bbr_schedule_source/20261020T120005000000Z/bbr_nba_2027_schedule_explicit_source.csv
2026-10-31,Houston Rockets,Oklahoma City Thunder,HOU,OKC,2026-11-01T00:30:00Z,2026-10-31|HOU|OKC,outputs/bbr_schedule_source/20261020T120005000000Z/bbr_nba_2027_schedule_explicit_source.csv
2026-10-31,Memphis Grizzlies,Sacramento Kings,MEM,SAC,2026-11-01T00:00:00Z,2026-10-31|MEM|SAC,outputs/bbr_schedule_source/20261020T120005000000Z/bbr_nba_2027_schedule_explicit_source.csv
2026-10-31,Milwaukee Bucks,Cleveland Cavaliers,MIL,CLE,2026-11-01T00:00:00Z,2026-10-31|MIL|CLE,outputs/bbr_schedule_source/20261020T120005000000Z/bbr_nba_2027_schedule_explicit_source.csv
2026-10-31,New Orleans Pelicans,Atlanta Hawks,NOP,ATL,2026-10-31T23:00:00Z,2026-10-31|NOP|ATL,outputs/bbr_schedule_source/20261020T120005000000Z/bbr_nba_2027_schedule_explicit_source.csv
2026-10-31,San Antonio Spurs,Minnesota Timberwolves,SAS,MIN,2026-11-01T00:00:00Z,2026-10-31|SAS|MIN,outputs/bbr_schedule_source/20261020T120005000000Z/bbr_nba_2027_schedule_explicit_source.csv
2026-10-31,Utah Jazz,Portland Trail Blazers,UTA,POR,2026-10-31T19:00:00Z,2026-10-31|UTA|POR,outputs/bbr_schedule_source/20261020T120005000000Z/bbr_nba_2027_schedule_explicit_source.csv
2026-11-01,Golden State Warriors,Los Angeles Clippers,GSW,LAC,2026-11-02T01:30:00Z,2026-11-01|GSW|LAC,outputs/bbr_schedule_source/20261020T120005000000Z/bbr_nba_2027_schedule_explicit_source.csv
2026-11-01,Indiana Pacers,Brooklyn Nets,IND,BRK,2026-11-01T22:00:00Z,2026-11-01|IND|BRK,outputs/bbr_schedule_source/20261020T120005000000Z/bbr_nba_2027_schedule_explicit_source.csv
2026-11-01,Los Angeles Lakers,Toronto Raptors,LAL,TOR,2026-11-02T02:00:00Z,2026-11-01|LAL|TOR,outputs/bbr_schedule_source/20261020T120005000000Z/bbr_nba_2027_schedule_explicit_source.csv
2026-11-01,Orlando Magic,Boston Celtics,ORL,BOS,2026-11-01T20:30:00Z,2026-11-01|ORL|BOS,outputs/bbr_schedule_source/20261020T120005000000Z/bbr_nba_2027_schedule_explicit_source.csv
2026-11-02,Charlotte Hornets,Detroit Pistons,CHO,DET,2026-11-03T00:30:00Z,2026-11-02|CHO|DET,outputs/bbr_schedule_source/20261020T120005000000Z/bbr_nba_2027_schedule_explicit_source.csv
2026-11-02,Cleveland Cavaliers,Oklahoma City Thunder,CLE,OKC,2026-11-03T00:00:00Z,2026-11-02|CLE|OKC,outputs/bbr_schedule_source/20261020T120005000000Z/bbr_nba_2027_schedule_explicit_source.csv
2026-11-02,Dallas Mavericks,Sacramento Kings,DAL,SAC,2026-11-03T01:00:00Z,2026-11-02|DAL|SAC,outputs/bbr_schedule_source/20261020T120005000000Z/bbr_nba_2027_schedule_explicit_source.csv
2026-11-02,Denver Nuggets,Portland Trail Blazers,DEN,POR,2026-11-03T02:00:00Z,2026-11-02|DEN|POR,outputs/bbr_schedule_source/20261020T120005000000Z/bbr_nba_2027_schedule_explicit_source.csv
2026-11-02,Golden State Warriors,Phoenix Suns,GSW,PHX,2026-11-03T03:00:00Z,2026-11-02|GSW|PHX,outputs/bbr_schedule_source/20261020T120005000000Z/bbr_nba_2027_schedule_explicit_source.csv
2026-11-02,Houston Rockets,Boston Celtics,HOU,BOS,2026-11-03T01:30:00Z,2026-11-02|HOU|BOS,outputs/bbr_schedule_source/20261020T120005000000Z/bbr_nba_2027_schedule_explicit_source.csv
2026-11-02,Indiana Pacers,Atlanta Hawks,IND,ATL,2026-11-03T00:30:00Z,2026-11-02|IND|ATL,outputs/bbr_schedule_source/20261020T120005000000Z/bbr_nba_2027_schedule_explicit_source.csv
2026-11-02,Los Angeles Clippers,Toronto Raptors,LAC,TOR,2026-11-03T03:00:00Z,2026-11-02|LAC|TOR,outputs/bbr_schedule_source/20261020T120005000000Z/bbr_nba_2027_schedule_explicit_source.csv
2026-11-02,Los Angeles Lakers,Miami Heat,LAL,MIA,2026-11-03T03:00:00Z,2026-11-02|LAL|MIA,outputs/bbr_schedule_source/20261020T120005000000Z/bbr_nba_2027_schedule_explicit_source.csv
2026-11-02,Memphis Grizzlies,New Orleans Pelicans,MEM,NOP,2026-11-03T01:00:00Z,2026-11-02|MEM|NOP,outputs/bbr_schedule_source/20261020T120005000000Z/bbr_nba_2027_schedule_explicit_source.csv
2026-11-02,Minnesota Timberwolves,Milwaukee Bucks,MIN,MIL,2026-11-03T01:00:00Z,2026-11-02|MIN|MIL,outputs/bbr_schedule_source/20261020T120005000000Z/bbr_nba_2027_schedule_explicit_source.csv
2026-11-02,New York Knicks,Brooklyn Nets,NYK,BRK,2026-11-03T00:30:00Z,2026-11-02|NYK|BRK,outputs/bbr_schedule_source/20261020T120005000000Z/bbr_nba_2027_schedule_explicit_source.csv
2026-11-02,Orlando Magic,Washington Wizards,ORL,WAS,2026-11-03T00:30:00Z,2026-11-02|ORL|WAS,outputs/bbr_schedule_source/20261020T120005000000Z/bbr_nba_2027_schedule_explicit_source.csv
2026-11-02,Philadelphia 76ers,Chicago Bulls,PHI,CHI,2026-11-03T00:30:00Z,2026-11-02|PHI|CHI,outputs/bbr_schedule_source/20261020T120005000000Z/bbr_nba_2027_schedule_explicit_source.csv
2026-11-02,San Antonio Spurs,Utah Jazz,SAS,UTA,2026-11-03T01:30:00Z,2026-11-02|SAS|UTA,outputs/bbr_schedule_source/20261020T120005000000Z/bbr_nba_2027_schedule_explicit_source.csv
2026-11-04,Boston Celtics,Milwaukee Bucks,BOS,MIL,2026-11-05T00:30:00Z,2026-11-04|BOS|MIL,outputs/bbr_schedule_source/20261020T120005000000Z/bbr_nba_2027_schedule_explicit_source.csv
2026-11-04,Brooklyn Nets,Charlotte Hornets,BRK,CHO,2026-11-05T00:30:00Z,2026-11-04|BRK|CHO,outputs/bbr_schedule_source/20261020T120005000000Z/bbr_nba_2027_schedule_explicit_source.csv
2026-11-04,Denver Nuggets,Toronto Raptors,DEN,TOR,2026-11-05T02:00:00Z,2026-11-04|DEN|TOR,outputs/bbr_schedule_source/20261020T120005000000Z/bbr_nba_2027_schedule_explicit_source.csv
2026-11-04,Detroit Pistons,Philadelphia 76ers,DET,PHI,2026-11-05T00:00:00Z,2026-11-04|DET|PHI,outputs/bbr_schedule_source/20261020T120005000000Z/bbr_nba_2027_schedule_explicit_source.csv
2026-11-04,Houston Rockets,Minnesota Timberwolves,HOU,MIN,2026-11-05T01:30:00Z,2026-11-04|HOU|MIN,outputs/bbr_schedule_source/20261020T120005000000Z/bbr_nba_2027_schedule_explicit_source.csv
2026-11-04,Los Angeles Clippers,Miami Heat,LAC,MIA,2026-11-05T03:30:00Z,2026-11-04|LAC|MIA,outputs/bbr_schedule_source/20261020T120005000000Z/bbr_nba_2027_schedule_explicit_source.csv
2026-11-04,Memphis Grizzlies,Indiana Pacers,MEM,IND,2026-11-05T01:00:00Z,2026-11-04|MEM|IND,outputs/bbr_schedule_source/20261020T120005000000Z/bbr_nba_2027_schedule_explicit_source.csv
2026-11-04,New Orleans Pelicans,Utah Jazz,NOP,UTA,2026-11-05T01:00:00Z,2026-11-04|NOP|UTA,outputs/bbr_schedule_source/20261020T120005000000Z/bbr_nba_2027_schedule_explicit_source.csv
2026-11-04,New York Knicks,Chicago Bulls,NYK,CHI,2026-11-05T00:30:00Z,2026-11-04|NYK|CHI,outputs/bbr_schedule_source/20261020T120005000000Z/bbr_nba_2027_schedule_explicit_source.csv
2026-11-04,Oklahoma City Thunder,Cleveland Cavaliers,OKC,CLE,2026-11-05T01:00:00Z,2026-11-04|OKC|CLE,outputs/bbr_schedule_source/20261020T120005000000Z/bbr_nba_2027_schedule_explicit_source.csv
2026-11-04,Phoenix Suns,Portland Trail Blazers,PHX,POR,2026-11-05T02:00:00Z,2026-11-04|PHX|POR,outputs/bbr_schedule_source/20261020T120005000000Z/bbr_nba_2027_schedule_explicit_source.csv
2026-11-04,Sacramento Kings,Los Angeles Lakers,SAC,LAL,2026-11-05T03:00:00Z,2026-11-04|SAC|LAL,outputs/bbr_schedule_source/20261020T120005000000Z/bbr_nba_2027_schedule_explicit_source.csv
2026-11-04,San Antonio Spurs,Dallas Mavericks,SAS,DAL,2026-11-05T02:30:00Z,2026-11-04|SAS|DAL,outputs/bbr_schedule_source/20261020T120005000000Z/bbr_nba_2027_schedule_explicit_source.csv
2026-11-04,Washington Wizards,Atlanta Hawks,WAS,ATL,2026-11-05T00:00:00Z,2026-11-04|WAS|ATL,outputs/bbr_schedule_source/20261020T120005000000Z/bbr_nba_2027_schedule_explicit_source.csv
2026-11-05,Golden State Warriors,Miami Heat,GSW,MIA,2026-11-06T03:00:00Z,2026-11-05|GSW|MIA,outputs/bbr_schedule_source/20261020T120005000000Z/bbr_nba_2027_schedule_explicit_source.csv
2026-11-05,Phoenix Suns,Orlando Magic,PHX,ORL,2026-11-06T02:00:00Z,2026-11-05|PHX|ORL,outputs/bbr_schedule_source/20261020T120005000000Z/bbr_nba_2027_schedule_explicit_source.csv
2026-11-06,Atlanta Hawks,Washington Wizards,ATL,WAS,2026-11-07T00:00:00Z,2026-11-06|ATL|WAS,outputs/bbr_schedule_source/20261020T120005000000Z/bbr_nba_2027_schedule_explicit_source.csv
2026-11-06,Charlotte Hornets,Boston Celtics,CHO,BOS,2026-11-07T00:00:00Z,2026-11-06|CHO|BOS,outputs/bbr_schedule_source/20261020T120005000000Z/bbr_nba_2027_schedule_explicit_source.csv
2026-11-06,Cleveland Cavaliers,Philadelphia 76ers,CLE,PHI,2026-11-07T00:30:00Z,2026-11-06|CLE|PHI,outputs/bbr_schedule_source/20261020T120005000000Z/bbr_nba_2027_schedule_explicit_source.csv
2026-11-06,Dallas Mavericks,Utah Jazz,DAL,UTA,2026-11-07T01:00:00Z,2026-11-06|DAL|UTA,outputs/bbr_schedule_source/20261020T120005000000Z/bbr_nba_2027_schedule_explicit_source.csv
2026-11-06,Los Angeles Lakers,Portland Trail Blazers,LAL,POR,2026-11-07T03:00:00Z,2026-11-06|LAL|POR,outputs/bbr_schedule_source/20261020T120005000000Z/bbr_nba_2027_schedule_explicit_source.csv
2026-11-06,Memphis Grizzlies,Oklahoma City Thunder,MEM,OKC,2026-11-07T01:00:00Z,2026-11-06|MEM|OKC,outputs/bbr_schedule_source/20261020T120005000000Z/bbr_nba_2027_schedule_explicit_source.csv
2026-11-06,Milwaukee Bucks,Toronto Raptors,MIL,TOR,2026-11-07T01:00:00Z,2026-11-06|MIL|TOR,outputs/bbr_schedule_source/20261020T120005000000Z/bbr_nba_2027_schedule_explicit_source.csv
2026-11-06,New Orleans Pelicans,Minnesota Timberwolves,NOP,MIN,2026-11-07T01:00:00Z,2026-11-06|NOP|MIN,outputs/bbr_schedule_source/20261020T120005000000Z/bbr_nba_2027_schedule_explicit_source.csv
2026-11-06,Sacramento Kings,San Antonio Spurs,SAC,SAS,2026-11-07T03:00:00Z,2026-11-06|SAC|SAS,outputs/bbr_schedule_source/20261020T120005000000Z/bbr_nba_2027_schedule_explicit_source.csv
2026-11-07,Atlanta Hawks,Brooklyn Nets,ATL,BRK,2026-11-08T00:30:00Z,2026-11-07|ATL|BRK,outputs/bbr_schedule_source/20261020T120005000000Z/bbr_nba_2027_schedule_explicit_source.csv
2026-11-07,Cleveland Cavaliers,New York Knicks,CLE,NYK,2026-11-08T01:00:00Z,2026-11-07|CLE|NYK,outputs/bbr_schedule_source/20261020T120005000000Z/bbr_nba_2027_schedule_explicit_source.csv
2026-11-07,Golden State Warriors,Orlando Magic,GSW,ORL,2026-11-08T01:30:00Z,2026-11-07|GSW|ORL,outputs/bbr_schedule_source/20261020T120005000000Z/bbr_nba_2027_schedule_explicit_source.csv
2026-11-07,Indiana Pacers,Denver Nuggets,IND,DEN,2026-11-07T22:00:00Z,2026-11-07|IND|DEN,outputs/bbr_schedule_source/20261020T120005000000Z/bbr_nba_2027_schedule_explicit_source.csv
2026-11-07,Oklahoma City Thunder,Washington Wizards,OKC,WAS,2026-11-08T01:00:00Z,2026-11-07|OKC|WAS,outputs/bbr_schedule_source/20261020T120005000000Z/bbr_nba_2027_schedule_explicit_source.csv
2026-11-07,Phoenix Suns,Houston Rockets,PHX,HOU,2026-11-08T02:00:00Z,2026-11-07|PHX|HOU,outputs/bbr_schedule_source/20261020T120005000000Z/bbr_nba_2027_schedule_explicit_source.csv
2026-11-07,Portland Trail Blazers,San Antonio Spurs,POR,SAS,2026-11-08T03:00:00Z,2026-11-07|POR|SAS,outputs/bbr_schedule_source/20261020T120005000000Z/bbr_nba_2027_schedule_explicit_source.csv
2026-11-08,Chicago Bulls,Philadelphia 76ers,CHI,PHI,2026-11-08T20:30:00Z,2026-11-08|CHI|PHI,outputs/bbr_schedule_source/20261020T120005000000Z/bbr_nba_2027_schedule_explicit_source.csv
2026-11-08,Dallas Mavericks,Brooklyn Nets,DAL,BRK,2026-11-09T00:30:00Z,2026-11-08|DAL|BRK,outputs/bbr_schedule_source/20261020T120005000000Z/bbr_nba_2027_schedule_explicit_source.csv
2026-11-08,Detroit Pistons,Los Angeles Lakers,DET,LAL,2026-11-08T23:00:00Z,2026-11-08|DET|LAL,outputs/bbr_schedule_source/20261020T120005000000Z/bbr_nba_2027_schedule_explicit_source.csv
2026-11-08,Los Angeles Clippers,New Orleans Pelicans,LAC,NOP,2026-11-09T02:00:00Z,2026-11-08|LAC|NOP,outputs/bbr_schedule_source/20261020T120005000000Z/bbr_nba_2027_schedule_explicit_source.csv
2026-11-08,Milwaukee Bucks,Boston Celtics,MIL,BOS,2026-11-09T01:00:00Z,2026-11-08|MIL|BOS,outputs/bbr_schedule_source/20261020T120005000000Z/bbr_nba_2027_schedule_explicit_source.csv
2026-11-08,Minnesota Timberwolves,Utah Jazz,MIN,UTA,2026-11-09T00:00:00Z,2026-11-08|MIN|UTA,outputs/bbr_schedule_source/20261020T120005000000Z/bbr_nba_2027_schedule_explicit_source.csv
2026-11-08,Sacramento Kings,Miami Heat,SAC,MIA,2026-11-09T02:00:00Z,2026-11-08|SAC|MIA,outputs/bbr_schedule_source/20261020T120005000000Z/bbr_nba_2027_schedule_explicit_source.csv
2026-11-09,Atlanta Hawks,Los Angeles Lakers,ATL,LAL,2026-11-10T00:00:00Z,2026-11-09|ATL|LAL,outputs/bbr_schedule_source/20261020T120005000000Z/bbr_nba_2027_schedule_explicit_source.csv
2026-11-09,Charlotte Hornets,Cleveland Cavaliers,CHO,CLE,2026-11-10T00:00:00Z,2026-11-09|CHO|CLE,outputs/bbr_schedule_source/20261020T120005000000Z/bbr_nba_2027_schedule_explicit_source.csv
2026-11-09,Dallas Mavericks,Indiana Pacers,DAL,IND,2026-11-10T01:00:00Z,2026-11-09|DAL|IND,outputs/bbr_schedule_source/20261020T120005000000Z/bbr_nba_2027_schedule_explicit_source.csv
2026-11-09,Detroit Pistons,Washington Wizards,DET,WAS,2026-11-10T00:00:00Z,2026-11-09|DET|WAS,outputs/bbr_schedule_source/20261020T120005000000Z/bbr_nba_2027_schedule_explicit_source.csv
2026-11-09,Golden State Warriors,New Orleans Pelicans,GSW,NOP,2026-11-10T03:00:00Z,2026-11-09|GSW|NOP,outputs/bbr_schedule_source/20261020T120005000000Z/bbr_nba_2027_schedule_explicit_source.csv
2026-11-09,Houston Rockets,Denver Nuggets,HOU,DEN,2026-11-10T01:30:00Z,2026-11-09|HOU|DEN,outputs/bbr_schedule_source/20261020T120005000000Z/bbr_nba_2027_schedule_explicit_source.csv
2026-11-09,Phoenix Suns,San Antonio Spurs,PHX,SAS,2026-11-10T02:00:00Z,2026-11-09|PHX|SAS,outputs/bbr_schedule_source/20261020T120005000000Z/bbr_nba_2027_schedule_explicit_source.csv
2026-11-09,Toronto Raptors,Memphis Grizzlies,TOR,MEM,2026-11-10T00:30:00Z,2026-11-09|TOR|MEM,outputs/bbr_schedule_source/20261020T120005000000Z/bbr_nba_2027_schedule_explicit_source.csv
2026-11-10,New York Knicks,Milwaukee Bucks,NYK,MIL,2026-11-11T00:30:00Z,2026-11-10|NYK|MIL,outputs/bbr_schedule_source/20261020T120005000000Z/bbr_nba_2027_schedule_explicit_source.csv
2026-11-10,Philadelphia 76ers,Boston Celtics,PHI,BOS,2026-11-11T01:00:00Z,2026-11-10|PHI|BOS,outputs/bbr_schedule_source/20261020T120005000000Z/bbr_nba_2027_schedule_explicit_source.csv
2026-11-10,Phoenix Suns,Los Angeles Clippers,PHX,LAC,2026-11-11T02:00:00Z,2026-11-10|PHX|LAC,outputs/bbr_schedule_source/20261020T120005000000Z/bbr_nba_2027_schedule_explicit_source.csv
2026-11-10,Portland Trail Blazers,Oklahoma City Thunder,POR,OKC,2026-11-11T04:00:00Z,2026-11-10|POR|OKC,outputs/bbr_schedule_source/20261020T120005000000Z/bbr_nba_2027_schedule_explicit_source.csv
2026-11-10,Sacramento Kings,Orlando Magic,SAC,ORL,2026-11-11T03:00:00Z,2026-11-10|SAC|ORL,outputs/bbr_schedule_source/20261020T120005000000Z/bbr_nba_2027_schedule_explicit_source.csv
2026-11-10,Utah Jazz,Miami Heat,UTA,MIA,2026-11-11T02:00:00Z,2026-11-10|UTA|MIA,outputs/bbr_schedule_source/20261020T120005000000Z/bbr_nba_2027_schedule_explicit_source.csv
2026-11-11,Chicago Bulls,San Antonio Spurs,CHI,SAS,2026-11-12T01:00:00Z,2026-11-11|CHI|SAS,outputs/bbr_schedule_source/20261020T120005000000Z/bbr_nba_2027_schedule_explicit_source.csv
2026-11-11,Houston Rockets,Golden State Warriors,HOU,GSW,2026-11-12T02:30:00Z,2026-11-11|HOU|GSW,outputs/bbr_schedule_source/20261020T120005000000Z/bbr_nba_2027_schedule_explicit_source.csv
2026-11-11,Indiana Pacers,Washington Wizards,IND,WAS,2026-11-12T00:00:00Z,2026-11-11|IND|WAS,outputs/bbr_schedule_source/20261020T120005000000Z/bbr_nba_2027_schedule_explicit_source.csv
2026-11-11,Memphis Grizzlies,Denver Nuggets,MEM,DEN,2026-11-12T01:00:00Z,2026-11-11|MEM|DEN,outputs/bbr_schedule_source/20261020T120005000000Z/bbr_nba_2027_schedule_explicit_source.csv
2026-11-11,Milwaukee Bucks,Los Angeles Lakers,MIL,LAL,2026-11-12T01:00:00Z,2026-11-11|MIL|LAL,outputs/bbr_schedule_source/20261020T120005000000Z/bbr_nba_2027_schedule_explicit_source.csv
2026-11-11,New Orleans Pelicans,Brooklyn Nets,NOP,BRK,2026-11-12T01:00:00Z,2026-11-11|NOP|BRK,outputs/bbr_schedule_source/20261020T120005000000Z/bbr_nba_2027_schedule_explicit_source.csv
2026-11-11,New York Knicks,Cleveland Cavaliers,NYK,CLE,2026-11-12T00:00:00Z,2026-11-11|NYK|CLE,outputs/bbr_schedule_source/20261020T120005000000Z/bbr_nba_2027_schedule_explicit_source.csv
2026-11-11,Portland Trail Blazers,Oklahoma City Thunder,POR,OKC,2026-11-12T03:00:00Z,2026-11-11|POR|OKC,outputs/bbr_schedule_source/20261020T120005000000Z/bbr_nba_2027_schedule_explicit_source.csv
2026-11-11,Toronto Raptors,Boston Celtics,TOR,BOS,2026-11-12T00:00:00Z,2026-11-11|TOR|BOS,outputs/bbr_schedule_source/20261020T120005000000Z/bbr_nba_2027_schedule_explicit_source.csv
2026-11-11,Utah Jazz,Orlando Magic,UTA,ORL,2026-11-12T02:00:00Z,2026-11-11|UTA|ORL,outputs/bbr_schedule_source/20261020T120005000000Z/bbr_nba_2027_schedule_explicit_source.csv
2026-11-12,Minnesota Timberwolves,Dallas Mavericks,MIN,DAL,2026-11-13T01:00:00Z,2026-11-12|MIN|DAL,outputs/bbr_schedule_source/20261020T120005000000Z/bbr_nba_2027_schedule_explicit_source.csv
2026-11-12,Philadelphia 76ers,Toronto Raptors,PHI,TOR,2026-11-13T00:00:00Z,2026-11-12|PHI|TOR,outputs/bbr_schedule_source/20261020T120005000000Z/bbr_nba_2027_schedule_explicit_source.csv
2026-11-12,Phoenix Suns,Charlotte Hornets,PHX,CHO,2026-11-13T02:00:00Z,2026-11-12|PHX|CHO,outputs/bbr_schedule_source/20261020T120005000000Z/bbr_nba_2027_schedule_explicit_source.csv
2026-11-12,Washington Wizards,Detroit Pistons,WAS,DET,2026-11-13T00:00:00Z,2026-11-12|WAS|DET,outputs/bbr_schedule_source/20261020T120005000000Z/bbr_nba_2027_schedule_explicit_source.csv
2026-11-13,Chicago Bulls,Atlanta Hawks,CHI,ATL,2026-11-14T01:00:00Z,2026-11-13|CHI|ATL,outputs/bbr_schedule_source/20261020T120005000000Z/bbr_nba_2027_schedule_explicit_source.csv
2026-11-13,Houston Rockets,Utah Jazz,HOU,UTA,2026-11-14T01:30:00Z,2026-11-13|HOU|UTA,outputs/bbr_schedule_source/20261020T120005000000Z/bbr_nba_2027_schedule_explicit_source.csv
2026-11-13,Indiana Pacers,New York Knicks,IND,NYK,2026-11-14T00:00:00Z,2026-11-13|IND|NYK,outputs/bbr_schedule_source/20261020T120005000000Z/bbr_nba_2027_schedule_explicit_source.csv
2026-11-13,Los Angeles Clippers,Oklahoma City Thunder,LAC,OKC,2026-11-14T03:30:00Z,2026-11-13|LAC|OKC,outputs/bbr_schedule_source/20261020T120005000000Z/bbr_nba_2027_schedule_explicit_source.csv
2026-11-13,Miami Heat,Cleveland Cavaliers,MIA,CLE,2026-11-14T01:00:00Z,2026-11-13|MIA|CLE,outputs/bbr_schedule_source/20261020T120005000000Z/bbr_nba_2027_schedule_explicit_source.csv
2026-11-13,New Orleans Pelicans,Memphis Grizzlies,NOP,MEM,2026-11-14T01:00:00Z,2026-11-13|NOP|MEM,outputs/bbr_schedule_source/20261020T120005000000Z/bbr_nba_2027_schedule_explicit_source.csv
2026-11-13,Orlando Magic,Milwaukee Bucks,ORL,MIL,2026-11-14T00:00:00Z,2026-11-13|ORL|MIL,outputs/bbr_schedule_source/20261020T120005000000Z/bbr_nba_2027_schedule_explicit_source.csv
2026-11-13,Sacramento Kings,Portland Trail Blazers,SAC,POR,2026-11-14T03:00:00Z,2026-11-13|SAC|POR,outputs/bbr_schedule_source/20261020T120005000000Z/bbr_nba_2027_schedule_explicit_source.csv
2026-11-13,San Antonio Spurs,Golden State Warriors,SAS,GSW,2026-11-14T02:30:00Z,2026-11-13|SAS|GSW,outputs/bbr_schedule_source/20261020T120005000000Z/bbr_nba_2027_schedule_explicit_source.csv
2026-11-14,Cleveland Cavaliers,Dallas Mavericks,CLE,DAL,2026-11-15T00:30:00Z,2026-11-14|CLE|DAL,outputs/bbr_schedule_source/20261020T120005000000Z/bbr_nba_2027_schedule_explicit_source.csv
2026-11-14,Memphis Grizzlies,Brooklyn Nets,MEM,BRK,2026-11-15T01:00:00Z,2026-11-14|MEM|BRK,outputs/bbr_schedule_source/20261020T120005000000Z/bbr_nba_2027_schedule_explicit_source.csv
2026-11-14,Miami Heat,Detroit Pistons,MIA,DET,2026-11-15T01:00:00Z,2026-11-14|MIA|DET,outputs/bbr_schedule_source/20261020T120005000000Z/bbr_nba_2027_schedule_explicit_source.csv
2026-11-14,Minnesota Timberwolves,Chicago Bulls,MIN,CHI,2026-11-15T01:00:00Z,2026-11-14|MIN|CHI,outputs/bbr_schedule_source/20261020T120005000000Z/bbr_nba_2027_schedule_explicit_source.csv
2026-11-14,New Orleans Pelicans,Denver Nuggets,NOP,DEN,2026-11-15T00:00:00Z,2026-11-14|NOP|DEN,outputs/bbr_schedule_source/20261020T120005000000Z/bbr_nba_2027_schedule_explicit_source.csv
2026-11-15,Boston Celtics,Dallas Mavericks,BOS,DAL,2026-11-15T23:00:00Z,2026-11-15|BOS|DAL,outputs/bbr_schedule_source/20261020T120005000000Z/bbr_nba_2027_schedule_explicit_source.csv
2026-11-15,Los Angeles Clippers,Charlotte Hornets,LAC,CHO,2026-11-15T21:30:00Z,2026-11-15|LAC|CHO,outputs/bbr_schedule_source/20261020T120005000000Z/bbr_nba_2027_schedule_explicit_source.csv
2026-11-15,Milwaukee Bucks,Atlanta Hawks,MIL,ATL,2026-11-16T01:00:00Z,2026-11-15|MIL|ATL,outputs/bbr_schedule_source/20261020T120005000000Z/bbr_nba_2027_schedule_explicit_source.csv
2026-11-15,Philadelphia 76ers,Indiana Pacers,PHI,IND,2026-11-15T18:00:00Z,2026-11-15|PHI|IND,outputs/bbr_schedule_source/20261020T120005000000Z/bbr_nba_2027_schedule_explicit_source.csv
2026-11-15,Phoenix Suns,Los Angeles Lakers,PHX,LAL,2026-11-15T21:00:00Z,2026-11-15|PHX|LAL,outputs/bbr_schedule_source/20261020T120005000000Z/bbr_nba_2027_schedule_explicit_source.csv
2026-11-15,Sacramento Kings,Oklahoma City Thunder,SAC,OKC,2026-11-16T02:00:00Z,2026-11-15|SAC|OKC,outputs/bbr_schedule_source/20261020T120005000000Z/bbr_nba_2027_schedule_explicit_source.csv
2026-11-15,Toronto Raptors,New York Knicks,TOR,NYK,2026-11-15T23:00:00Z,2026-11-15|TOR|NYK,outputs/bbr_schedule_source/20261020T120005000000Z/bbr_nba_2027_schedule_explicit_source.csv
2026-11-15,Utah Jazz,San Antonio Spurs,UTA,SAS,2026-11-15T22:00:00Z,2026-11-15|UTA|SAS,outputs/bbr_schedule_source/20261020T120005000000Z/bbr_nba_2027_schedule_explicit_source.csv
2026-11-15,Washington Wizards,Houston Rockets,WAS,HOU,2026-11-16T00:00:00Z,2026-11-15|WAS|HOU,outputs/bbr_schedule_source/20261020T120005000000Z/bbr_nba_2027_schedule_explicit_source.csv
2026-11-16,Boston Celtics,Orlando Magic,BOS,ORL,2026-11-17T00:00:00Z,2026-11-16|BOS|ORL,outputs/bbr_schedule_source/20261020T120005000000Z/bbr_nba_2027_schedule_explicit_source.csv
2026-11-16,Brooklyn Nets,Philadelphia 76ers,BRK,PHI,2026-11-17T00:30:00Z,2026-11-16|BRK|PHI,outputs/bbr_schedule_source/20261020T120005000000Z/bbr_nba_2027_schedule_explicit_source.csv
2026-11-16,Cleveland Cavaliers,Chicago Bulls,CLE,CHI,2026-11-17T00:00:00Z,2026-11-16|CLE|CHI,outputs/bbr_schedule_source/20261020T120005000000Z/bbr_nba_2027_schedule_explicit_source.csv
2026-11-16,Denver Nuggets,Phoenix Suns,DEN,PHX,2026-11-17T02:00:00Z,2026-11-16|DEN|PHX,outputs/bbr_schedule_source/20261020T120005000000Z/bbr_nba_2027_schedule_explicit_source.csv
2026-11-16,Miami Heat,Houston Rockets,MIA,HOU,2026-11-17T00:30:00Z,2026-11-16|MIA|HOU,outputs/bbr_schedule_source/20261020T120005000000Z/bbr_nba_2027_schedule_explicit_source.csv
2026-11-16,Minnesota Timberwolves,Portland Trail Blazers,MIN,POR,2026-11-17T01:00:00Z,2026-11-16|MIN|POR,outputs/bbr_schedule_source/20261020T120005000000Z/bbr_nba_2027_schedule_explicit_source.csv
2026-11-16,New Orleans Pelicans,Golden State Warriors,NOP,GSW,2026-11-17T01:00:00Z,2026-11-16|NOP|GSW,outputs/bbr_schedule_source/20261020T120005000000Z/bbr_nba_2027_schedule_explicit_source.csv
2026-11-16,Washington Wizards,Memphis Grizzlies,WAS,MEM,2026-11-17T00:00:00Z,2026-11-16|WAS|MEM,outputs/bbr_schedule_source/20261020T120005000000Z/bbr_nba_2027_schedule_explicit_source.csv
2026-11-17,Los Angeles Clippers,Utah Jazz,LAC,UTA,2026-11-18T04:00:00Z,2026-11-17|LAC|UTA,outputs/bbr_schedule_source/20261020T120005000000Z/bbr_nba_2027_schedule_explicit_source.csv
2026-11-17,Los Angeles Lakers,Charlotte Hornets,LAL,CHO,2026-11-18T03:00:00Z,2026-11-17|LAL|CHO,outputs/bbr_schedule_source/20261020T120005000000Z/bbr_nba_2027_schedule_explicit_source.csv
2026-11-17,Minnesota Timberwolves,Portland Trail Blazers,MIN,POR,2026-11-18T01:00:00Z,2026-11-17|MIN|POR,outputs/bbr_schedule_source/20261020T120005000000Z/bbr_nba_2027_schedule_explicit_source.csv
2026-11-17,San Antonio Spurs,Detroit Pistons,SAS,DET,2026-11-18T01:00:00Z,2026-11-17|SAS|DET,outputs/bbr_schedule_source/20261020T120005000000Z/bbr_nba_2027_schedule_explicit_source.csv
2026-11-17,Toronto Raptors,New York Knicks,TOR,NYK,2026-11-18T00:30:00Z,2026-11-17|TOR|NYK,outputs/bbr_schedule_source/20261020T120005000000Z/bbr_nba_2027_schedule_explicit_source.csv
2026-11-18,Brooklyn Nets,Chicago Bulls,BRK,CHI,2026-11-19T00:30:00Z,2026-11-18|BRK|CHI,outputs/bbr_schedule_source/20261020T120005000000Z/bbr_nba_2027_schedule_explicit_source.csv
2026-11-18,Cleveland Cavaliers,Memphis Grizzlies,CLE,MEM,2026-11-19T00:00:00Z,2026-11-18|CLE|MEM,outputs/bbr_schedule_source/20261020T120005000000Z/bbr_nba_2027_schedule_explicit_source.csv
2026-11-18,Dallas Mavericks,Golden State Warriors,DAL,GSW,2026-11-19T02:30:00Z,2026-11-18|DAL|GSW,outputs/bbr_schedule_source/20261020T120005000000Z/bbr_nba_2027_schedule_explicit_source.csv
2026-11-18,Denver Nuggets,Boston Celtics,DEN,BOS,2026-11-19T02:00:00Z,2026-11-18|DEN|BOS,outputs/bbr_schedule_source/20261020T120005000000Z/bbr_nba_2027_schedule_explicit_source.csv
2026-11-18,Indiana Pacers,Houston Rockets,IND,HOU,2026-11-19T00:00:00Z,2026-11-18|IND|HOU,outputs/bbr_schedule_source/20261020T120005000000Z/bbr_nba_2027_schedule_explicit_source.csv
2026-11-18,Los Angeles Lakers,Utah Jazz,LAL,UTA,2026-11-19T03:00:00Z,2026-11-18|LAL|UTA,outputs/bbr_schedule_source/20261020T120005000000Z/bbr_nba_2027_schedule_explicit_source.csv
2026-11-18,Miami Heat,Milwaukee Bucks,MIA,MIL,2026-11-19T00:00:00Z,2026-11-18|MIA|MIL,outputs/bbr_schedule_source/20261020T120005000000Z/bbr_nba_2027_schedule_explicit_source.csv
2026-11-18,New Orleans Pelicans,Detroit Pistons,NOP,DET,2026-11-19T01:00:00Z,2026-11-18|NOP|DET,outputs/bbr_schedule_source/20261020T120005000000Z/bbr_nba_2027_schedule_explicit_source.csv
2026-11-18,Oklahoma City Thunder,Atlanta Hawks,OKC,ATL,2026-11-19T01:00:00Z,2026-11-18|OKC|ATL,outputs/bbr_schedule_source/20261020T120005000000Z/bbr_nba_2027_schedule_explicit_source.csv
2026-11-18,Orlando Magic,Philadelphia 76ers,ORL,PHI,2026-11-19T00:00:00Z,2026-11-18|ORL|PHI,outputs/bbr_schedule_source/20261020T120005000000Z/bbr_nba_2027_schedule_explicit_source.csv
2026-11-18,Sacramento Kings,Phoenix Suns,SAC,PHX,2026-11-19T03:00:00Z,2026-11-18|SAC|PHX,outputs/bbr_schedule_source/20261020T120005000000Z/bbr_nba_2027_schedule_explicit_source.csv
2026-11-18,Toronto Raptors,Washington Wizards,TOR,WAS,2026-11-19T00:30:00Z,2026-11-18|TOR|WAS,outputs/bbr_schedule_source/20261020T120005000000Z/bbr_nba_2027_schedule_explicit_source.csv
2026-11-19,Memphis Grizzlies,Golden State Warriors,MEM,GSW,2026-11-20T01:00:00Z,2026-11-19|MEM|GSW,outputs/bbr_schedule_source/20261020T120005000000Z/bbr_nba_2027_schedule_explicit_source.csv
2026-11-19,Milwaukee Bucks,Portland Trail Blazers,MIL,POR,2026-11-20T01:00:00Z,2026-11-19|MIL|POR,outputs/bbr_schedule_source/20261020T120005000000Z/bbr_nba_2027_schedule_explicit_source.csv
2026-11-19,Minnesota Timberwolves,New York Knicks,MIN,NYK,2026-11-20T01:00:00Z,2026-11-19|MIN|NYK,outputs/bbr_schedule_source/20261020T120005000000Z/bbr_nba_2027_schedule_explicit_source.csv
2026-11-19,San Antonio Spurs,Los Angeles Clippers,SAS,LAC,2026-11-20T01:00:00Z,2026-11-19|SAS|LAC,outputs/bbr_schedule_source/20261020T120005000000Z/bbr_nba_2027_schedule_explicit_source.csv
2026-11-20,Atlanta Hawks,Charlotte Hornets,ATL,CHO,2026-11-21T00:00:00Z,2026-11-20|ATL|CHO,outputs/bbr_schedule_source/20261020T120005000000Z/bbr_nba_2027_schedule_explicit_source.csv
2026-11-20,Brooklyn Nets,Orlando Magic,BRK,ORL,2026-11-21T00:30:00Z,2026-11-20|BRK|ORL,outputs/bbr_schedule_source/20261020T120005000000Z/bbr_nba_2027_schedule_explicit_source.csv
2026-11-20,Chicago Bulls,Washington Wizards,CHI,WAS,2026-11-21T01:00:00Z,2026-11-20|CHI|WAS,outputs/bbr_schedule_source/20261020T120005000000Z/bbr_nba_2027_schedule_explicit_source.csv
2026-11-20,Cleveland Cavaliers,Indiana Pacers,CLE,IND,2026-11-21T00:30:00Z,2026-11-20|CLE|IND,outputs/bbr_schedule_source/20261020T120005000000Z/bbr_nba_2027_schedule_explicit_source.csv
2026-11-20,Denver Nuggets,Houston Rockets,DEN,HOU,2026-11-21T03:00:00Z,2026-11-20|DEN|HOU,outputs/bbr_schedule_source/20261020T120005000000Z/bbr_nba_2027_schedule_explicit_source.csv
2026-11-20,Detroit Pistons,Toronto Raptors,DET,TOR,2026-11-21T00:30:00Z,2026-11-20|DET|TOR,outputs/bbr_schedule_source/20261020T120005000000Z/bbr_nba_2027_schedule_explicit_source.csv
2026-11-20,Los Angeles Lakers,Sacramento Kings,LAL,SAC,2026-11-21T03:00:00Z,2026-11-20|LAL|SAC,outputs/bbr_schedule_source/20261020T120005000000Z/bbr_nba_2027_schedule_explicit_source.csv
2026-11-20,Oklahoma City Thunder,New Orleans Pelicans,OKC,NOP,2026-11-21T01:00:00Z,2026-11-20|OKC|NOP,outputs/bbr_schedule_source/20261020T120005000000Z/bbr_nba_2027_schedule_explicit_source.csv
2026-11-20,Utah Jazz,Phoenix Suns,UTA,PHX,2026-11-21T02:30:00Z,2026-11-20|UTA|PHX,outputs/bbr_schedule_source/20261020T120005000000Z/bbr_nba_2027_schedule_explicit_source.csv
2026-11-21,Dallas Mavericks,Los Angeles Clippers,DAL,LAC,2026-11-22T01:00:00Z,2026-11-21|DAL|LAC,outputs/bbr_schedule_source/20261020T120005000000Z/bbr_nba_2027_schedule_explicit_source.csv
2026-11-21,Minnesota Timberwolves,Memphis Grizzlies,MIN,MEM,2026-11-22T01:00:00Z,2026-11-21|MIN|MEM,outputs/bbr_schedule_source/20261020T120005000000Z/bbr_nba_2027_schedule_explicit_source.csv
2026-11-21,New York Knicks,Portland Trail Blazers,NYK,POR,2026-11-22T00:30:00Z,2026-11-21|NYK|POR,outputs/bbr_schedule_source/20261020T120005000000Z/bbr_nba_2027_schedule_explicit_source.csv
2026-11-21,Philadelphia 76ers,Milwaukee Bucks,PHI,MIL,2026-11-21T18:00:00Z,2026-11-21|PHI|MIL,outputs/bbr_schedule_source/20261020T120005000000Z/bbr_nba_2027_schedule_explicit_source.csv
2026-11-21,Sacramento Kings,Boston Celtics,SAC,BOS,2026-11-22T03:00:00Z,2026-11-21|SAC|BOS,outputs/bbr_schedule_source/20261020T120005000000Z/bbr_nba_2027_schedule_explicit_source.csv
2026-11-21,San Antonio Spurs,New Orleans Pelicans,SAS,NOP,2026-11-22T01:00:00Z,2026-11-21|SAS|NOP,outputs/bbr_schedule_source/20261020T120005000000Z/bbr_nba_2027_schedule_explicit_source.csv
2026-11-22,Atlanta Hawks,Detroit Pistons,ATL,DET,2026-11-22T20:30:00Z,2026-11-22|ATL|DET,outputs/bbr_schedule_source/20261020T120005000000Z/bbr_nba_2027_schedule_explicit_source.csv
2026-11-22,Chicago Bulls,Denver Nuggets,CHI,DEN,2026-11-23T00:00:00Z,2026-11-22|CHI|DEN,outputs/bbr_schedule_source/20261020T120005000000Z/bbr_nba_2027_schedule_explicit_source.csv
2026-11-22,Golden State Warriors,Boston Celtics,GSW,BOS,2026-11-23T01:30:00Z,2026-11-22|GSW|BOS,outputs/bbr_schedule_source/20261020T120005000000Z/bbr_nba_2027_schedule_explicit_source.csv
2026-11-22,Miami Heat,Oklahoma City Thunder,MIA,OKC,2026-11-22T23:00:00Z,2026-11-22|MIA|OKC,outputs/bbr_schedule_source/20261020T120005000000Z/bbr_nba_2027_schedule_explicit_source.csv
2026-11-22,New York Knicks,Indiana Pacers,NYK,IND,2026-11-23T01:00:00Z,2026-11-22|NYK|IND,outputs/bbr_schedule_source/20261020T120005000000Z/bbr_nba_2027_schedule_explicit_source.csv
2026-11-22,Utah Jazz,Dallas Mavericks,UTA,DAL,2026-11-23T00:00:00Z,2026-11-22|UTA|DAL,outputs/bbr_schedule_source/20261020T120005000000Z/bbr_nba_2027_schedule_explicit_source.csv
2026-11-22,Washington Wizards,Orlando Magic,WAS,ORL,2026-11-23T00:00:00Z,2026-11-22|WAS|ORL,outputs/bbr_schedule_source/20261020T120005000000Z/bbr_nba_2027_schedule_explicit_source.csv
2026-11-23,Chicago Bulls,Cleveland Cavaliers,CHI,CLE,2026-11-24T01:00:00Z,2026-11-23|CHI|CLE,outputs/bbr_schedule_source/20261020T120005000000Z/bbr_nba_2027_schedule_explicit_source.csv
2026-11-23,Charlotte Hornets,Memphis Grizzlies,CHO,MEM,2026-11-24T00:00:00Z,2026-11-23|CHO|MEM,outputs/bbr_schedule_source/20261020T120005000000Z/bbr_nba_2027_schedule_explicit_source.csv
2026-11-23,Houston Rockets,Los Angeles Clippers,HOU,LAC,2026-11-24T01:30:00Z,2026-11-23|HOU|LAC,outputs/bbr_schedule_source/20261020T120005000000Z/bbr_nba_2027_schedule_explicit_source.csv
2026-11-23,Indiana Pacers,Oklahoma City Thunder,IND,OKC,2026-11-24T00:30:00Z,2026-11-23|IND|OKC,outputs/bbr_schedule_source/20261020T120005000000Z/bbr_nba_2027_schedule_explicit_source.csv
2026-11-23,Los Angeles Lakers,Utah Jazz,LAL,UTA,2026-11-24T03:00:00Z,2026-11-23|LAL|UTA,outputs/bbr_schedule_source/20261020T120005000000Z/bbr_nba_2027_schedule_explicit_source.csv
2026-11-23,Minnesota Timberwolves,Brooklyn Nets,MIN,BRK,2026-11-24T00:30:00Z,2026-11-23|MIN|BRK,outputs/bbr_schedule_source/20261020T120005000000Z/bbr_nba_2027_schedule_explicit_source.csv
2026-11-23,New Orleans Pelicans,Phoenix Suns,NOP,PHX,2026-11-24T01:00:00Z,2026-11-23|NOP|PHX,outputs/bbr_schedule_source/20261020T120005000000Z/bbr_nba_2027_schedule_explicit_source.csv
2026-11-23,Philadelphia 76ers,Portland Trail Blazers,PHI,POR,2026-11-24T00:00:00Z,2026-11-23|PHI|POR,outputs/bbr_schedule_source/20261020T120005000000Z/bbr_nba_2027_schedule_explicit_source.csv
2026-11-23,Sacramento Kings,San Antonio Spurs,SAC,SAS,2026-11-24T03:00:00Z,2026-11-23|SAC|SAS,outputs/bbr_schedule_source/20261020T120005000000Z/bbr_nba_2027_schedule_explicit_source.csv
2026-11-23,Toronto Raptors,Milwaukee Bucks,TOR,MIL,2026-11-24T00:30:00Z,2026-11-23|TOR|MIL,outputs/bbr_schedule_source/20261020T120005000000Z/bbr_nba_2027_schedule_explicit_source.csv
2026-11-24,Denver Nuggets,Dallas Mavericks,DEN,DAL,2026-11-25T03:00:00Z,2026-11-24|DEN|DAL,outputs/bbr_schedule_source/20261020T120005000000Z/bbr_nba_2027_schedule_explicit_source.csv
2026-11-24,Orlando Magic,Detroit Pistons,ORL,DET,2026-11-25T00:00:00Z,2026-11-24|ORL|DET,outputs/bbr_schedule_source/20261020T120005000000Z/bbr_nba_2027_schedule_explicit_source.csv
2026-11-24,Washington Wizards,Boston Celtics,WAS,BOS,2026-11-25T01:00:00Z,2026-11-24|WAS|BOS,outputs/bbr_schedule_source/20261020T120005000000Z/bbr_nba_2027_schedule_explicit_source.csv
2026-11-25,Charlotte Hornets,Chicago Bulls,CHO,CHI,2026-11-26T00:00:00Z,2026-11-25|CHO|CHI,outputs/bbr_schedule_source/20261020T120005000000Z/bbr_nba_2027_schedule_explicit_source.csv
2026-11-25,Golden State Warriors,Sacramento Kings,GSW,SAC,2026-11-26T03:00:00Z,2026-11-25|GSW|SAC,outputs/bbr_schedule_source/20261020T120005000000Z/bbr_nba_2027_schedule_explicit_source.csv
2026-11-25,Houston Rockets,Phoenix Suns,HOU,PHX,2026-11-26T01:30:00Z,2026-11-25|HOU|PHX,outputs/bbr_schedule_source/20261020T120005000000Z/bbr_nba_2027_schedule_explicit_source.csv
2026-11-25,Memphis Grizzlies,Los Angeles Clippers,MEM,LAC,2026-11-26T01:00:00Z,2026-11-25|MEM|LAC,outputs/bbr_schedule_source/20261020T120005000000Z/bbr_nba_2027_schedule_explicit_source.csv
2026-11-25,Milwaukee Bucks,Brooklyn Nets,MIL,BRK,2026-11-26T01:00:00Z,2026-11-25|MIL|BRK,outputs/bbr_schedule_source/20261020T120005000000Z/bbr_nba_2027_schedule_explicit_source.csv
2026-11-25,New York Knicks,Cleveland Cavaliers,NYK,CLE,2026-11-26T00:30:00Z,2026-11-25|NYK|CLE,outputs/bbr_schedule_source/20261020T120005000000Z/bbr_nba_2027_schedule_explicit_source.csv
2026-11-25,Oklahoma City Thunder,Minnesota Timberwolves,OKC,MIN,2026-11-26T00:30:00Z,2026-11-25|OKC|MIN,outputs/bbr_schedule_source/20261020T120005000000Z/bbr_nba_2027_schedule_explicit_source.csv
2026-11-25,Philadelphia 76ers,Miami Heat,PHI,MIA,2026-11-25T22:00:00Z,2026-11-25|PHI|MIA,outputs/bbr_schedule_source/20261020T120005000000Z/bbr_nba_2027_schedule_explicit_source.csv
2026-11-25,Portland Trail Blazers,San Antonio Spurs,POR,SAS,2026-11-26T03:00:00Z,2026-11-25|POR|SAS,outputs/bbr_schedule_source/20261020T120005000000Z/bbr_nba_2027_schedule_explicit_source.csv
2026-11-27,Boston Celtics,Atlanta Hawks,BOS,ATL,2026-11-28T01:00:00Z,2026-11-27|BOS|ATL,outputs/bbr_schedule_source/20261020T120005000000Z/bbr_nba_2027_schedule_explicit_source.csv
2026-11-27,Detroit Pistons,Milwaukee Bucks,DET,MIL,2026-11-28T00:30:00Z,2026-11-27|DET|MIL,outputs/bbr_schedule_source/20261020T120005000000Z/bbr_nba_2027_schedule_explicit_source.csv
2026-11-27,Indiana Pacers,Philadelphia 76ers,IND,PHI,2026-11-28T00:30:00Z,2026-11-27|IND|PHI,outputs/bbr_schedule_source/20261020T120005000000Z/bbr_nba_2027_schedule_explicit_source.csv
2026-11-27,Los Angeles Clippers,New Orleans Pelicans,LAC,NOP,2026-11-28T02:30:00Z,2026-11-27|LAC|NOP,outputs/bbr_schedule_source/20261020T120005000000Z/bbr_nba_2027_schedule_explicit_source.csv
2026-11-27,Minnesota Timberwolves,Memphis Grizzlies,MIN,MEM,2026-11-28T01:30:00Z,2026-11-27|MIN|MEM,outputs/bbr_schedule_source/20261020T120005000000Z/bbr_nba_2027_schedule_explicit_source.csv
2026-11-27,New York Knicks,Miami Heat,NYK,MIA,2026-11-28T00:00:00Z,2026-11-27|NYK|MIA,outputs/bbr_schedule_source/20261020T120005000000Z/bbr_nba_2027_schedule_explicit_source.csv
2026-11-27,Phoenix Suns,Dallas Mavericks,PHX,DAL,2026-11-28T02:00:00Z,2026-11-27|PHX|DAL,outputs/bbr_schedule_source/20261020T120005000000Z/bbr_nba_2027_schedule_explicit_source.csv
2026-11-27,Portland Trail Blazers,Golden State Warriors,POR,GSW,2026-11-28T02:30:00Z,2026-11-27|POR|GSW,outputs/bbr_schedule_source/20261020T120005000000Z/bbr_nba_2027_schedule_explicit_source.csv
2026-11-27,San Antonio Spurs,Los Angeles Lakers,SAS,LAL,2026-11-28T02:30:00Z,2026-11-27|SAS|LAL,outputs/bbr_schedule_source/20261020T120005000000Z/bbr_nba_2027_schedule_explicit_source.csv
2026-11-27,Toronto Raptors,Brooklyn Nets,TOR,BRK,2026-11-28T00:30:00Z,2026-11-27|TOR|BRK,outputs/bbr_schedule_source/20261020T120005000000Z/bbr_nba_2027_schedule_explicit_source.csv
2026-11-27,Utah Jazz,Denver Nuggets,UTA,DEN,2026-11-28T02:30:00Z,2026-11-27|UTA|DEN,outputs/bbr_schedule_source/20261020T120005000000Z/bbr_nba_2027_schedule_explicit_source.csv
2026-11-28,Chicago Bulls,Indiana Pacers,CHI,IND,2026-11-29T01:00:00Z,2026-11-28|CHI|IND,outputs/bbr_schedule_source/20261020T120005000000Z/bbr_nba_2027_schedule_explicit_source.csv
2026-11-28,Charlotte Hornets,Brooklyn Nets,CHO,BRK,2026-11-28T23:00:00Z,2026-11-28|CHO|BRK,outputs/bbr_schedule_source/20261020T120005000000Z/bbr_nba_2027_schedule_explicit_source.csv
2026-11-28,Houston Rockets,Philadelphia 76ers,HOU,PHI,2026-11-29T01:30:00Z,2026-11-28|HOU|PHI,outputs/bbr_schedule_source/20261020T120005000000Z/bbr_nba_2027_schedule_explicit_source.csv
2026-11-28,Milwaukee Bucks,Oklahoma City Thunder,MIL,OKC,2026-11-29T01:00:00Z,2026-11-28|MIL|OKC,outputs/bbr_schedule_source/20261020T120005000000Z/bbr_nba_2027_schedule_explicit_source.csv
2026-11-28,Washington Wizards,Orlando Magic,WAS,ORL,2026-11-28T22:00:00Z,2026-11-28|WAS|ORL,outputs/bbr_schedule_source/20261020T120005000000Z/bbr_nba_2027_schedule_explicit_source.csv
2026-11-29,Cleveland Cavaliers,Miami Heat,CLE,MIA,2026-11-29T23:00:00Z,2026-11-29|CLE|MIA,outputs/bbr_schedule_source/20261020T120005000000Z/bbr_nba_2027_schedule_explicit_source.csv
2026-11-29,Detroit Pistons,Orlando Magic,DET,ORL,2026-11-29T23:00:00Z,2026-11-29|DET|ORL,outputs/bbr_schedule_source/20261020T120005000000Z/bbr_nba_2027_schedule_explicit_source.csv
2026-11-29,Golden State Warriors,Los Angeles Clippers,GSW,LAC,2026-11-30T01:30:00Z,2026-11-29|GSW|LAC,outputs/bbr_schedule_source/20261020T120005000000Z/bbr_nba_2027_schedule_explicit_source.csv
2026-11-29,Memphis Grizzlies,Los Angeles Lakers,MEM,LAL,2026-11-29T21:00:00Z,2026-11-29|MEM|LAL,outputs/bbr_schedule_source/20261020T120005000000Z/bbr_nba_2027_schedule_explicit_source.csv
2026-11-29,New York Knicks,Atlanta Hawks,NYK,ATL,2026-11-29T23:00:00Z,2026-11-29|NYK|ATL,outputs/bbr_schedule_source/20261020T120005000000Z/bbr_nba_2027_schedule_explicit_source.csv
2026-11-29,Portland Trail Blazers,New Orleans Pelicans,POR,NOP,2026-11-29T23:00:00Z,2026-11-29|POR|NOP,outputs/bbr_schedule_source/20261020T120005000000Z/bbr_nba_2027_schedule_explicit_source.csv
2026-11-29,Sacramento Kings,Minnesota Timberwolves,SAC,MIN,2026-11-30T02:00:00Z,2026-11-29|SAC|MIN,outputs/bbr_schedule_source/20261020T120005000000Z/bbr_nba_2027_schedule_explicit_source.csv
2026-11-29,San Antonio Spurs,Boston Celtics,SAS,BOS,2026-11-29T21:00:00Z,2026-11-29|SAS|BOS,outputs/bbr_schedule_source/20261020T120005000000Z/bbr_nba_2027_schedule_explicit_source.csv
2026-11-29,Toronto Raptors,Denver Nuggets,TOR,DEN,2026-11-29T23:00:00Z,2026-11-29|TOR|DEN,outputs/bbr_schedule_source/20261020T120005000000Z/bbr_nba_2027_schedule_explicit_source.csv
2026-11-29,Utah Jazz,Phoenix Suns,UTA,PHX,2026-11-29T22:00:00Z,2026-11-29|UTA|PHX,outputs/bbr_schedule_source/20261020T120005000000Z/bbr_nba_2027_schedule_explicit_source.csv
2026-11-30,Brooklyn Nets,Oklahoma City Thunder,BRK,OKC,2026-12-01T00:30:00Z,2026-11-30|BRK|OKC,outputs/bbr_schedule_source/20261020T120005000000Z/bbr_nba_2027_schedule_explicit_source.csv
2026-11-30,Charlotte Hornets,Washington Wizards,CHO,WAS,2026-12-01T00:00:00Z,2026-11-30|CHO|WAS,outputs/bbr_schedule_source/20261020T120005000000Z/bbr_nba_2027_schedule_explicit_source.csv
2026-11-30,Dallas Mavericks,Boston Celtics,DAL,BOS,2026-12-01T01:00:00Z,2026-11-30|DAL|BOS,outputs/bbr_schedule_source/20261020T120005000000Z/bbr_nba_2027_schedule_explicit_source.csv
2026-11-30,Detroit Pistons,Denver Nuggets,DET,DEN,2026-12-01T00:00:00Z,2026-11-30|DET|DEN,outputs/bbr_schedule_source/20261020T120005000000Z/bbr_nba_2027_schedule_explicit_source.csv
2026-11-30,Houston Rockets,Los Angeles Lakers,HOU,LAL,2026-12-01T00:30:00Z,2026-11-30|HOU|LAL,outputs/bbr_schedule_source/20261020T120005000000Z/bbr_nba_2027_schedule_explicit_source.csv
2026-11-30,Milwaukee Bucks,San Antonio Spurs,MIL,SAS,2026-12-01T01:00:00Z,2026-11-30|MIL|SAS,outputs/bbr_schedule_source/20261020T120005000000Z/bbr_nba_2027_schedule_explicit_source.csv
2026-11-30,Sacramento Kings,New Orleans Pelicans,SAC,NOP,2026-12-01T03:00:00Z,2026-11-30|SAC|NOP,outputs/bbr_schedule_source/20261020T120005000000Z/bbr_nba_2027_schedule_explicit_source.csv
2026-12-01,Chicago Bulls,New York Knicks,CHI,NYK,2026-12-02T01:00:00Z,2026-12-01|CHI|NYK,outputs/bbr_schedule_source/20261020T120005000000Z/bbr_nba_2027_schedule_explicit_source.csv
2026-12-01,Cleveland Cavaliers,Indiana Pacers,CLE,IND,2026-12-02T00:00:00Z,2026-12-01|CLE|IND,outputs/bbr_schedule_source/20261020T120005000000Z/bbr_nba_2027_schedule_explicit_source.csv
2026-12-01,Golden State Warriors,Utah Jazz,GSW,UTA,2026-12-02T04:00:00Z,2026-12-01|GSW|UTA,outputs/bbr_schedule_source/20261020T120005000000Z/bbr_nba_2027_schedule_explicit_source.csv
2026-12-01,Houston Rockets,Toronto Raptors,HOU,TOR,2026-12-02T01:30:00Z,2026-12-01|HOU|TOR,outputs/bbr_schedule_source/20261020T120005000000Z/bbr_nba_2027_schedule_explicit_source.csv
2026-12-01,Miami Heat,Atlanta Hawks,MIA,ATL,2026-12-02T00:30:00Z,2026-12-01|MIA|ATL,outputs/bbr_schedule_source/20261020T120005000000Z/bbr_nba_2027_schedule_explicit_source.csv
2026-12-01,Philadelphia 76ers,Memphis Grizzlies,PHI,MEM,2026-12-02T00:00:00Z,2026-12-01|PHI|MEM,outputs/bbr_schedule_source/20261020T120005000000Z/bbr_nba_2027_schedule_explicit_source.csv
2026-12-01,Phoenix Suns,Los Angeles Clippers,PHX,LAC,2026-12-02T02:00:00Z,2026-12-01|PHX|LAC,outputs/bbr_schedule_source/20261020T120005000000Z/bbr_nba_2027_schedule_explicit_source.csv
2026-12-01,Portland Trail Blazers,Minnesota Timberwolves,POR,MIN,2026-12-02T03:00:00Z,2026-12-01|POR|MIN,outputs/bbr_schedule_source/20261020T120005000000Z/bbr_nba_2027_schedule_explicit_source.csv
2026-12-02,Boston Celtics,Charlotte Hornets,BOS,CHO,2026-12-03T00:30:00Z,2026-12-02|BOS|CHO,outputs/bbr_schedule_source/20261020T120005000000Z/bbr_nba_2027_schedule_explicit_source.csv
2026-12-02,Dallas Mavericks,Orlando Magic,DAL,ORL,2026-12-03T01:00:00Z,2026-12-02|DAL|ORL,outputs/bbr_schedule_source/20261020T120005000000Z/bbr_nba_2027_schedule_explicit_source.csv
2026-12-02,Detroit Pistons,Memphis Grizzlies,DET,MEM,2026-12-03T00:00:00Z,2026-12-02|DET|MEM,outputs/bbr_schedule_source/20261020T120005000000Z/bbr_nba_2027_schedule_explicit_source.csv
2026-12-02,Los Angeles Clippers,Minnesota Timberwolves,LAC,MIN,2026-12-03T03:30:00Z,2026-12-02|LAC|MIN,outputs/bbr_schedule_source/20261020T120005000000Z/bbr_nba_2027_schedule_explicit_source.csv
2026-12-02,Milwaukee Bucks,New York Knicks,MIL,NYK,2026-12-03T01:00:00Z,2026-12-02|MIL|NYK,outputs/bbr_schedule_source/20261020T120005000000Z/bbr_nba_2027_schedule_explicit_source.csv
2026-12-02,New Orleans Pelicans,Los Angeles Lakers,NOP,LAL,2026-12-03T01:00:00Z,2026-12-02|NOP|LAL,outputs/bbr_schedule_source/20261020T120005000000Z/bbr_nba_2027_schedule_explicit_source.csv
2026-12-02,Oklahoma City Thunder,Brooklyn Nets,OKC,BRK,2026-12-03T01:00:00Z,2026-12-02|OKC|BRK,outputs/bbr_schedule_source/20261020T120005000000Z/bbr_nba_2027_schedule_explicit_source.csv
2026-12-02,Philadelphia 76ers,Denver Nuggets,PHI,DEN,2026-12-03T00:00:00Z,2026-12-02|PHI|DEN,outputs/bbr_schedule_source/20261020T120005000000Z/bbr_nba_2027_schedule_explicit_source.csv
2026-12-02,Phoenix Suns,Sacramento Kings,PHX,SAC,2026-12-03T02:00:00Z,2026-12-02|PHX|SAC,outputs/bbr_schedule_source/20261020T120005000000Z/bbr_nba_2027_schedule_explicit_source.csv
2026-12-03,Atlanta Hawks,Indiana Pacers,ATL,IND,2026-12-04T00:00:00Z,2026-12-03|ATL|IND,outputs/bbr_schedule_source/20261020T120005000000Z/bbr_nba_2027_schedule_explicit_source.csv
2026-12-03,Chicago Bulls,Cleveland Cavaliers,CHI,CLE,2026-12-04T01:00:00Z,2026-12-03|CHI|CLE,outputs/bbr_schedule_source/20261020T120005000000Z/bbr_nba_2027_schedule_explicit_source.csv
2026-12-03,Miami Heat,Washington Wizards,MIA,WAS,2026-12-04T00:30:00Z,2026-12-03|MIA|WAS,outputs/bbr_schedule_source/20261020T120005000000Z/bbr_nba_2027_schedule_explicit_source.csv
2026-12-03,Portland Trail Blazers,Utah Jazz,POR,UTA,2026-12-04T03:00:00Z,2026-12-03|POR|UTA,outputs/bbr_schedule_source/20261020T120005000000Z/bbr_nba_2027_schedule_explicit_source.csv
2026-12-03,San Antonio Spurs,Toronto Raptors,SAS,TOR,2026-12-04T01:00:00Z,2026-12-03|SAS|TOR,outputs/bbr_schedule_source/20261020T120005000000Z/bbr_nba_2027_schedule_explicit_source.csv
2026-12-12,Cleveland Cavaliers,Golden State Warriors,CLE,GSW,2026-12-13T01:00:00Z,2026-12-12|CLE|GSW,outputs/bbr_schedule_source/20261020T120005000000Z/bbr_nba_2027_schedule_explicit_source.csv
2026-12-12,Memphis Grizzlies,Milwaukee Bucks,MEM,MIL,2026-12-12T22:00:00Z,2026-12-12|MEM|MIL,outputs/bbr_schedule_source/20261020T120005000000Z/bbr_nba_2027_schedule_explicit_source.csv
2026-12-12,Miami Heat,New York Knicks,MIA,NYK,2026-12-13T01:30:00Z,2026-12-12|MIA|NYK,outputs/bbr_schedule_source/20261020T120005000000Z/bbr_nba_2027_schedule_explicit_source.csv
2026-12-12,Philadelphia 76ers,Orlando Magic,PHI,ORL,2026-12-13T00:30:00Z,2026-12-12|PHI|ORL,outputs/bbr_schedule_source/20261020T120005000000Z/bbr_nba_2027_schedule_explicit_source.csv
2026-12-12,Phoenix Suns,Minnesota Timberwolves,PHX,MIN,2026-12-13T02:00:00Z,2026-12-12|PHX|MIN,outputs/bbr_schedule_source/20261020T120005000000Z/bbr_nba_2027_schedule_explicit_source.csv
2026-12-12,Portland Trail Blazers,Atlanta Hawks,POR,ATL,2026-12-13T03:00:00Z,2026-12-12|POR|ATL,outputs/bbr_schedule_source/20261020T120005000000Z/bbr_nba_2027_schedule_explicit_source.csv
2026-12-12,Utah Jazz,Denver Nuggets,UTA,DEN,2026-12-13T02:30:00Z,2026-12-12|UTA|DEN,outputs/bbr_schedule_source/20261020T120005000000Z/bbr_nba_2027_schedule_explicit_source.csv
2026-12-12,Washington Wizards,Charlotte Hornets,WAS,CHO,2026-12-13T00:00:00Z,2026-12-12|WAS|CHO,outputs/bbr_schedule_source/20261020T120005000000Z/bbr_nba_2027_schedule_explicit_source.csv
2026-12-13,Brooklyn Nets,Boston Celtics,BRK,BOS,2026-12-13T20:00:00Z,2026-12-13|BRK|BOS,outputs/bbr_schedule_source/20261020T120005000000Z/bbr_nba_2027_schedule_explicit_source.csv
2026-12-13,Chicago Bulls,Houston Rockets,CHI,HOU,2026-12-13T23:00:00Z,2026-12-13|CHI|HOU,outputs/bbr_schedule_source/20261020T120005000000Z/bbr_nba_2027_schedule_explicit_source.csv
2026-12-13,Indiana Pacers,Detroit Pistons,IND,DET,2026-12-13T22:00:00Z,2026-12-13|IND|DET,outputs/bbr_schedule_source/20261020T120005000000Z/bbr_nba_2027_schedule_explicit_source.csv
2026-12-13,Oklahoma City Thunder,Toronto Raptors,OKC,TOR,2026-12-13T20:30:00Z,2026-12-13|OKC|TOR,outputs/bbr_schedule_source/20261020T120005000000Z/bbr_nba_2027_schedule_explicit_source.csv
2026-12-13,Sacramento Kings,New Orleans Pelicans,SAC,NOP,2026-12-14T02:00:00Z,2026-12-13|SAC|NOP,outputs/bbr_schedule_source/20261020T120005000000Z/bbr_nba_2027_schedule_explicit_source.csv
2026-12-13,San Antonio Spurs,Los Angeles Clippers,SAS,LAC,2026-12-14T00:00:00Z,2026-12-13|SAS|LAC,outputs/bbr_schedule_source/20261020T120005000000Z/bbr_nba_2027_schedule_explicit_source.csv
2026-12-14,Boston Celtics,Washington Wizards,BOS,WAS,2026-12-15T00:30:00Z,2026-12-14|BOS|WAS,outputs/bbr_schedule_source/20261020T120005000000Z/bbr_nba_2027_schedule_explicit_source.csv
2026-12-14,Chicago Bulls,Miami Heat,CHI,MIA,2026-12-15T01:00:00Z,2026-12-14|CHI|MIA,outputs/bbr_schedule_source/20261020T120005000000Z/bbr_nba_2027_schedule_explicit_source.csv
2026-12-14,Charlotte Hornets,Toronto Raptors,CHO,TOR,2026-12-15T00:00:00Z,2026-12-14|CHO|TOR,outputs/bbr_schedule_source/20261020T120005000000Z/bbr_nba_2027_schedule_explicit_source.csv
2026-12-14,Dallas Mavericks,Milwaukee Bucks,DAL,MIL,2026-12-15T01:00:00Z,2026-12-14|DAL|MIL,outputs/bbr_schedule_source/20261020T120005000000Z/bbr_nba_2027_schedule_explicit_source.csv
2026-12-14,Detroit Pistons,Brooklyn Nets,DET,BRK,2026-12-15T00:00:00Z,2026-12-14|DET|BRK,outputs/bbr_schedule_source/20261020T120005000000Z/bbr_nba_2027_schedule_explicit_source.csv
2026-12-14,Houston Rockets,New York Knicks,HOU,NYK,2026-12-15T01:30:00Z,2026-12-14|HOU|NYK,outputs/bbr_schedule_source/20261020T120005000000Z/bbr_nba_2027_schedule_explicit_source.csv
2026-12-14,Los Angeles Lakers,New Orleans Pelicans,LAL,NOP,2026-12-15T03:00:00Z,2026-12-14|LAL|NOP,outputs/bbr_schedule_source/20261020T120005000000Z/bbr_nba_2027_schedule_explicit_source.csv
2026-12-14,Memphis Grizzlies,Golden State Warriors,MEM,GSW,2026-12-15T01:00:00Z,2026-12-14|MEM|GSW,outputs/bbr_schedule_source/20261020T120005000000Z/bbr_nba_2027_schedule_explicit_source.csv
2026-12-14,Orlando Magic,Philadelphia 76ers,ORL,PHI,2026-12-15T00:00:00Z,2026-12-14|ORL|PHI,outputs/bbr_schedule_source/20261020T120005000000Z/bbr_nba_2027_schedule_explicit_source.csv
2026-12-14,Phoenix Suns,Atlanta Hawks,PHX,ATL,2026-12-15T02:00:00Z,2026-12-14|PHX|ATL,outputs/bbr_schedule_source/20261020T120005000000Z/bbr_nba_2027_schedule_explicit_source.csv
2026-12-14,Utah Jazz,Minnesota Timberwolves,UTA,MIN,2026-12-15T02:00:00Z,2026-12-14|UTA|MIN,outputs/bbr_schedule_source/20261020T120005000000Z/bbr_nba_2027_schedule_explicit_source.csv
2026-12-15,Cleveland Cavaliers,San Antonio Spurs,CLE,SAS,2026-12-16T01:00:00Z,2026-12-15|CLE|SAS,outputs/bbr_schedule_source/20261020T120005000000Z/bbr_nba_2027_schedule_explicit_source.csv
2026-12-15,Portland Trail Blazers,Denver Nuggets,POR,DEN,2026-12-16T04:00:00Z,2026-12-15|POR|DEN,outputs/bbr_schedule_source/20261020T120005000000Z/bbr_nba_2027_schedule_explicit_source.csv
2026-12-16,Boston Celtics,Washington Wizards,BOS,WAS,2026-12-17T00:00:00Z,2026-12-16|BOS|WAS,outputs/bbr_schedule_source/20261020T120005000000Z/bbr_nba_2027_schedule_explicit_source.csv
2026-12-16,Brooklyn Nets,Dallas Mavericks,BRK,DAL,2026-12-17T00:30:00Z,2026-12-16|BRK|DAL,outputs/bbr_schedule_source/20261020T120005000000Z/bbr_nba_2027_schedule_explicit_source.csv
2026-12-16,Chicago Bulls,Utah Jazz,CHI,UTA,2026-12-17T01:00:00Z,2026-12-16|CHI|UTA,outputs/bbr_schedule_source/20261020T120005000000Z/bbr_nba_2027_schedule_explicit_source.csv
2026-12-16,Charlotte Hornets,Los Angeles Clippers,CHO,LAC,2026-12-17T00:00:00Z,2026-12-16|CHO|LAC,outputs/bbr_schedule_source/20261020T120005000000Z/bbr_nba_2027_schedule_explicit_source.csv
2026-12-16,Detroit Pistons,Phoenix Suns,DET,PHX,2026-12-17T00:00:00Z,2026-12-16|DET|PHX,outputs/bbr_schedule_source/20261020T120005000000Z/bbr_nba_2027_schedule_explicit_source.csv
2026-12-16,Houston Rockets,Milwaukee Bucks,HOU,MIL,2026-12-17T01:30:00Z,2026-12-16|HOU|MIL,outputs/bbr_schedule_source/20261020T120005000000Z/bbr_nba_2027_schedule_explicit_source.csv
2026-12-16,Indiana Pacers,Golden State Warriors,IND,GSW,2026-12-17T00:00:00Z,2026-12-16|IND|GSW,outputs/bbr_schedule_source/20261020T120005000000Z/bbr_nba_2027_schedule_explicit_source.csv
2026-12-16,Memphis Grizzlies,Miami Heat,MEM,MIA,2026-12-17T01:00:00Z,2026-12-16|MEM|MIA,outputs/bbr_schedule_source/20261020T120005000000Z/bbr_nba_2027_schedule_explicit_source.csv
2026-12-16,Minnesota Timberwolves,Los Angeles Lakers,MIN,LAL,2026-12-17T02:30:00Z,2026-12-16|MIN|LAL,outputs/bbr_schedule_source/20261020T120005000000Z/bbr_nba_2027_schedule_explicit_source.csv
2026-12-16,New Orleans Pelicans,New York Knicks,NOP,NYK,2026-12-17T01:00:00Z,2026-12-16|NOP|NYK,outputs/bbr_schedule_source/20261020T120005000000Z/bbr_nba_2027_schedule_explicit_source.csv
2026-12-16,Oklahoma City Thunder,Sacramento Kings,OKC,SAC,2026-12-17T01:00:00Z,2026-12-16|OKC|SAC,outputs/bbr_schedule_source/20261020T120005000000Z/bbr_nba_2027_schedule_explicit_source.csv
2026-12-16,Orlando Magic,Cleveland Cavaliers,ORL,CLE,2026-12-17T00:00:00Z,2026-12-16|ORL|CLE,outputs/bbr_schedule_source/20261020T120005000000Z/bbr_nba_2027_schedule_explicit_source.csv
2026-12-16,Toronto Raptors,San Antonio Spurs,TOR,SAS,2026-12-17T00:30:00Z,2026-12-16|TOR|SAS,outputs/bbr_schedule_source/20261020T120005000000Z/bbr_nba_2027_schedule_explicit_source.csv
2026-12-17,Denver Nuggets,Atlanta Hawks,DEN,ATL,2026-12-18T02:00:00Z,2026-12-17|DEN|ATL,outputs/bbr_schedule_source/20261020T120005000000Z/bbr_nba_2027_schedule_explicit_source.csv
2026-12-17,Indiana Pacers,Portland Trail Blazers,IND,POR,2026-12-18T00:00:00Z,2026-12-17|IND|POR,outputs/bbr_schedule_source/20261020T120005000000Z/bbr_nba_2027_schedule_explicit_source.csv
2026-12-17,Philadelphia 76ers,Dallas Mavericks,PHI,DAL,2026-12-18T00:00:00Z,2026-12-17|PHI|DAL,outputs/bbr_schedule_source/20261020T120005000000Z/bbr_nba_2027_schedule_explicit_source.csv
2026-12-18,Boston Celtics,Utah Jazz,BOS,UTA,2026-12-19T00:30:00Z,2026-12-18|BOS|UTA,outputs/bbr_schedule_source/20261020T120005000000Z/bbr_nba_2027_schedule_explicit_source.csv
2026-12-18,Brooklyn Nets,Orlando Magic,BRK,ORL,2026-12-19T00:30:00Z,2026-12-18|BRK|ORL,outputs/bbr_schedule_source/20261020T120005000000Z/bbr_nba_2027_schedule_explicit_source.csv
2026-12-18,Charlotte Hornets,Oklahoma City Thunder,CHO,OKC,2026-12-19T00:00:00Z,2026-12-18|CHO|OKC,outputs/bbr_schedule_source/20261020T120005000000Z/bbr_nba_2027_schedule_explicit_source.csv
2026-12-18,Detroit Pistons,Cleveland Cavaliers,DET,CLE,2026-12-19T00:30:00Z,2026-12-18|DET|CLE,outputs/bbr_schedule_source/20261020T120005000000Z/bbr_nba_2027_schedule_explicit_source.csv
2026-12-18,Memphis Grizzlies,Houston Rockets,MEM,HOU,2026-12-19T01:00:00Z,2026-12-18|MEM|HOU,outputs/bbr_schedule_source/20261020T120005000000Z/bbr_nba_2027_schedule_explicit_source.csv
2026-12-18,Miami Heat,Los Angeles Clippers,MIA,LAC,2026-12-19T00:00:00Z,2026-12-18|MIA|LAC,outputs/bbr_schedule_source/20261020T120005000000Z/bbr_nba_2027_schedule_explicit_source.csv
2026-12-18,Milwaukee Bucks,Phoenix Suns,MIL,PHX,2026-12-19T01:00:00Z,2026-12-18|MIL|PHX,outputs/bbr_schedule_source/20261020T120005000000Z/bbr_nba_2027_schedule_explicit_source.csv
2026-12-18,Minnesota Timberwolves,Los Angeles Lakers,MIN,LAL,2026-12-19T01:00:00Z,2026-12-18|MIN|LAL,outputs/bbr_schedule_source/20261020T120005000000Z/bbr_nba_2027_schedule_explicit_source.csv
2026-12-18,New Orleans Pelicans,Sacramento Kings,NOP,SAC,2026-12-19T01:00:00Z,2026-12-18|NOP|SAC,outputs/bbr_schedule_source/20261020T120005000000Z/bbr_nba_2027_schedule_explicit_source.csv
2026-12-18,San Antonio Spurs,Chicago Bulls,SAS,CHI,2026-12-19T01:00:00Z,2026-12-18|SAS|CHI,outputs/bbr_schedule_source/20261020T120005000000Z/bbr_nba_2027_schedule_explicit_source.csv
2026-12-18,Toronto Raptors,Golden State Warriors,TOR,GSW,2026-12-19T00:30:00Z,2026-12-18|TOR|GSW,outputs/bbr_schedule_source/20261020T120005000000Z/bbr_nba_2027_schedule_explicit_source.csv
2026-12-18,Washington Wizards,New York Knicks,WAS,NYK,2026-12-19T00:00:00Z,2026-12-18|WAS|NYK,outputs/bbr_schedule_source/20261020T120005000000Z/bbr_nba_2027_schedule_explicit_source.csv
2026-12-19,Atlanta Hawks,Orlando Magic,ATL,ORL,2026-12-20T00:00:00Z,2026-12-19|ATL|ORL,outputs/bbr_schedule_source/20261020T120005000000Z/bbr_nba_2027_schedule_explicit_source.csv
2026-12-19,Charlotte Hornets,Portland Trail Blazers,CHO,POR,2026-12-19T23:00:00Z,2026-12-19|CHO|POR,outputs/bbr_schedule_source/20261020T120005000000Z/bbr_nba_2027_schedule_explicit_source.csv
2026-12-19,Dallas Mavericks,Chicago Bulls,DAL,CHI,2026-12-20T01:00:00Z,2026-12-19|DAL|CHI,outputs/bbr_schedule_source/20261020T120005000000Z/bbr_nba_2027_schedule_explicit_source.csv
2026-12-19,Denver Nuggets,Los Angeles Lakers,DEN,LAL,2026-12-20T02:00:00Z,2026-12-19|DEN|LAL,outputs/bbr_schedule_source/20261020T120005000000Z/bbr_nba_2027_schedule_explicit_source.csv
2026-12-20,Atlanta Hawks,Oklahoma City Thunder,ATL,OKC,2026-12-21T00:00:00Z,2026-12-20|ATL|OKC,outputs/bbr_schedule_source/20261020T120005000000Z/bbr_nba_2027_schedule_explicit_source.csv
2026-12-20,Boston Celtics,Detroit Pistons,BOS,DET,2026-12-21T01:00:00Z,2026-12-20|BOS|DET,outputs/bbr_schedule_source/20261020T120005000000Z/bbr_nba_2027_schedule_explicit_source.csv
2026-12-20,Brooklyn Nets,Washington Wizards,BRK,WAS,2026-12-20T20:00:00Z,2026-12-20|BRK|WAS,outputs/bbr_schedule_source/20261020T120005000000Z/bbr_nba_2027_schedule_explicit_source.csv
2026-12-20,Cleveland Cavaliers,Utah Jazz,CLE,UTA,2026-12-20T23:00:00Z,2026-12-20|CLE|UTA,outputs/bbr_schedule_source/20261020T120005000000Z/bbr_nba_2027_schedule_explicit_source.csv
2026-12-20,Los Angeles Clippers,Indiana Pacers,LAC,IND,2026-12-21T03:00:00Z,2026-12-20|LAC|IND,outputs/bbr_schedule_source/20261020T120005000000Z/bbr_nba_2027_schedule_explicit_source.csv
2026-12-20,Memphis Grizzlies,Phoenix Suns,MEM,PHX,2026-12-20T21:00:00Z,2026-12-20|MEM|PHX,outputs/bbr_schedule_source/20261020T120005000000Z/bbr_nba_2027_schedule_explicit_source.csv
2026-12-20,Miami Heat,Sacramento Kings,MIA,SAC,2026-12-20T23:00:00Z,2026-12-20|MIA|SAC,outputs/bbr_schedule_source/20261020T120005000000Z/bbr_nba_2027_schedule_explicit_source.csv
2026-12-20,Milwaukee Bucks,Golden State Warriors,MIL,GSW,2026-12-21T01:00:00Z,2026-12-20|MIL|GSW,outputs/bbr_schedule_source/20261020T120005000000Z/bbr_nba_2027_schedule_explicit_source.csv
2026-12-20,New Orleans Pelicans,San Antonio Spurs,NOP,SAS,2026-12-21T00:00:00Z,2026-12-20|NOP|SAS,outputs/bbr_schedule_source/20261020T120005000000Z/bbr_nba_2027_schedule_explicit_source.csv
2026-12-20,Toronto Raptors,Houston Rockets,TOR,HOU,2026-12-20T20:30:00Z,2026-12-20|TOR|HOU,outputs/bbr_schedule_source/20261020T120005000000Z/bbr_nba_2027_schedule_explicit_source.csv
2026-12-21,Brooklyn Nets,Portland Trail Blazers,BRK,POR,2026-12-22T00:30:00Z,2026-12-21|BRK|POR,outputs/bbr_schedule_source/20261020T120005000000Z/bbr_nba_2027_schedule_explicit_source.csv
2026-12-21,Charlotte Hornets,Philadelphia 76ers,CHO,PHI,2026-12-22T00:00:00Z,2026-12-21|CHO|PHI,outputs/bbr_schedule_source/20261020T120005000000Z/bbr_nba_2027_schedule_explicit_source.csv
2026-12-21,Cleveland Cavaliers,New York Knicks,CLE,NYK,2026-12-22T00:00:00Z,2026-12-21|CLE|NYK,outputs/bbr_schedule_source/20261020T120005000000Z/bbr_nba_2027_schedule_explicit_source.csv
2026-12-21,Los Angeles Clippers,Denver Nuggets,LAC,DEN,2026-12-22T03:30:00Z,2026-12-21|LAC|DEN,outputs/bbr_schedule_source/20261020T120005000000Z/bbr_nba_2027_schedule_explicit_source.csv
2026-12-21,Los Angeles Lakers,Indiana Pacers,LAL,IND,2026-12-22T03:00:00Z,2026-12-21|LAL|IND,outputs/bbr_schedule_source/20261020T120005000000Z/bbr_nba_2027_schedule_explicit_source.csv
2026-12-21,Miami Heat,Chicago Bulls,MIA,CHI,2026-12-22T00:30:00Z,2026-12-21|MIA|CHI,outputs/bbr_schedule_source/20261020T120005000000Z/bbr_nba_2027_schedule_explicit_source.csv
2026-12-21,Minnesota Timberwolves,Phoenix Suns,MIN,PHX,2026-12-22T01:00:00Z,2026-12-21|MIN|PHX,outputs/bbr_schedule_source/20261020T120005000000Z/bbr_nba_2027_schedule_explicit_source.csv
2026-12-21,New Orleans Pelicans,Memphis Grizzlies,NOP,MEM,2026-12-22T01:00:00Z,2026-12-21|NOP|MEM,outputs/bbr_schedule_source/20261020T120005000000Z/bbr_nba_2027_schedule_explicit_source.csv
2026-12-21,Orlando Magic,Sacramento Kings,ORL,SAC,2026-12-22T00:00:00Z,2026-12-21|ORL|SAC,outputs/bbr_schedule_source/20261020T120005000000Z/bbr_nba_2027_schedule_explicit_source.csv
2026-12-21,San Antonio Spurs,Milwaukee Bucks,SAS,MIL,2026-12-22T01:00:00Z,2026-12-21|SAS|MIL,outputs/bbr_schedule_source/20261020T120005000000Z/bbr_nba_2027_schedule_explicit_source.csv
2026-12-22,Golden State Warriors,Dallas Mavericks,GSW,DAL,2026-12-23T03:30:00Z,2026-12-22|GSW|DAL,outputs/bbr_schedule_source/20261020T120005000000Z/bbr_nba_2027_schedule_explicit_source.csv
2026-12-22,Oklahoma City Thunder,Detroit Pistons,OKC,DET,2026-12-23T01:00:00Z,2026-12-22|OKC|DET,outputs/bbr_schedule_source/20261020T120005000000Z/bbr_nba_2027_schedule_explicit_source.csv
2026-12-22,Washington Wizards,Toronto Raptors,WAS,TOR,2026-12-23T00:00:00Z,2026-12-22|WAS|TOR,outputs/bbr_schedule_source/20261020T120005000000Z/bbr_nba_2027_schedule_explicit_source.csv
2026-12-23,Atlanta Hawks,Detroit Pistons,ATL,DET,2026-12-24T00:00:00Z,2026-12-23|ATL|DET,outputs/bbr_schedule_source/20261020T120005000000Z/bbr_nba_2027_schedule_explicit_source.csv
2026-12-23,Boston Celtics,Portland Trail Blazers,BOS,POR,2026-12-24T00:30:00Z,2026-12-23|BOS|POR,outputs/bbr_schedule_source/20261020T120005000000Z/bbr_nba_2027_schedule_explicit_source.csv
2026-12-23,Brooklyn Nets,San Antonio Spurs,BRK,SAS,2026-12-24T00:30:00Z,2026-12-23|BRK|SAS,outputs/bbr_schedule_source/20261020T120005000000Z/bbr_nba_2027_schedule_explicit_source.csv
2026-12-23,Los Angeles Clippers,Golden State Warriors,LAC,GSW,2026-12-24T03:30:00Z,2026-12-23|LAC|GSW,outputs/bbr_schedule_source/20261020T120005000000Z/bbr_nba_2027_schedule_explicit_source.csv
2026-12-23,Los Angeles Lakers,Denver Nuggets,LAL,DEN,2026-12-24T03:00:00Z,2026-12-23|LAL|DEN,outputs/bbr_schedule_source/20261020T120005000000Z/bbr_nba_2027_schedule_explicit_source.csv
2026-12-23,Memphis Grizzlies,Toronto Raptors,MEM,TOR,2026-12-24T01:00:00Z,2026-12-23|MEM|TOR,outputs/bbr_schedule_source/20261020T120005000000Z/bbr_nba_2027_schedule_explicit_source.csv
2026-12-23,Miami Heat,Chicago Bulls,MIA,CHI,2026-12-24T00:30:00Z,2026-12-23|MIA|CHI,outputs/bbr_schedule_source/20261020T120005000000Z/bbr_nba_2027_schedule_explicit_source.csv
2026-12-23,Milwaukee Bucks,Minnesota Timberwolves,MIL,MIN,2026-12-24T01:00:00Z,2026-12-23|MIL|MIN,outputs/bbr_schedule_source/20261020T120005000000Z/bbr_nba_2027_schedule_explicit_source.csv
2026-12-23,New Orleans Pelicans,Oklahoma City Thunder,NOP,OKC,2026-12-24T01:00:00Z,2026-12-23|NOP|OKC,outputs/bbr_schedule_source/20261020T120005000000Z/bbr_nba_2027_schedule_explicit_source.csv
2026-12-23,New York Knicks,Utah Jazz,NYK,UTA,2026-12-24T00:30:00Z,2026-12-23|NYK|UTA,outputs/bbr_schedule_source/20261020T120005000000Z/bbr_nba_2027_schedule_explicit_source.csv
2026-12-23,Orlando Magic,Charlotte Hornets,ORL,CHO,2026-12-24T00:00:00Z,2026-12-23|ORL|CHO,outputs/bbr_schedule_source/20261020T120005000000Z/bbr_nba_2027_schedule_explicit_source.csv
2026-12-23,Philadelphia 76ers,Houston Rockets,PHI,HOU,2026-12-24T00:30:00Z,2026-12-23|PHI|HOU,outputs/bbr_schedule_source/20261020T120005000000Z/bbr_nba_2027_schedule_explicit_source.csv
2026-12-23,Phoenix Suns,Indiana Pacers,PHX,IND,2026-12-24T02:00:00Z,2026-12-23|PHX|IND,outputs/bbr_schedule_source/20261020T120005000000Z/bbr_nba_2027_schedule_explicit_source.csv
2026-12-23,Sacramento Kings,Dallas Mavericks,SAC,DAL,2026-12-24T03:00:00Z,2026-12-23|SAC|DAL,outputs/bbr_schedule_source/20261020T120005000000Z/bbr_nba_2027_schedule_explicit_source.csv
2026-12-23,Washington Wizards,Cleveland Cavaliers,WAS,CLE,2026-12-24T00:00:00Z,2026-12-23|WAS|CLE,outputs/bbr_schedule_source/20261020T120005000000Z/bbr_nba_2027_schedule_explicit_source.csv
2026-12-25,Boston Celtics,Miami Heat,BOS,MIA,2026-12-25T19:30:00Z,2026-12-25|BOS|MIA,outputs/bbr_schedule_source/20261020T120005000000Z/bbr_nba_2027_schedule_explicit_source.csv
2026-12-25,Golden State Warriors,Denver Nuggets,GSW,DEN,2026-12-26T03:30:00Z,2026-12-25|GSW|DEN,outputs/bbr_schedule_source/20261020T120005000000Z/bbr_nba_2027_schedule_explicit_source.csv
2026-12-25,Los Angeles Lakers,Philadelphia 76ers,LAL,PHI,2026-12-25T22:00:00Z,2026-12-25|LAL|PHI,outputs/bbr_schedule_source/20261020T120005000000Z/bbr_nba_2027_schedule_explicit_source.csv
2026-12-25,Minnesota Timberwolves,Oklahoma City Thunder,MIN,OKC,2026-12-26T01:00:00Z,2026-12-25|MIN|OKC,outputs/bbr_schedule_source/20261020T120005000000Z/bbr_nba_2027_schedule_explicit_source.csv
2026-12-25,New York Knicks,San Antonio Spurs,NYK,SAS,2026-12-25T17:00:00Z,2026-12-25|NYK|SAS,outputs/bbr_schedule_source/20261020T120005000000Z/bbr_nba_2027_schedule_explicit_source.csv
2026-12-26,Atlanta Hawks,Charlotte Hornets,ATL,CHO,2026-12-26T20:30:00Z,2026-12-26|ATL|CHO,outputs/bbr_schedule_source/20261020T120005000000Z/bbr_nba_2027_schedule_explicit_source.csv
2026-12-26,Brooklyn Nets,New Orleans Pelicans,BRK,NOP,2026-12-26T23:00:00Z,2026-12-26|BRK|NOP,outputs/bbr_schedule_source/20261020T120005000000Z/bbr_nba_2027_schedule_explicit_source.csv
2026-12-26,Chicago Bulls,Detroit Pistons,CHI,DET,2026-12-27T01:00:00Z,2026-12-26|CHI|DET,outputs/bbr_schedule_source/20261020T120005000000Z/bbr_nba_2027_schedule_explicit_source.csv
2026-12-26,Dallas Mavericks,Phoenix Suns,DAL,PHX,2026-12-27T01:00:00Z,2026-12-26|DAL|PHX,outputs/bbr_schedule_source/20261020T120005000000Z/bbr_nba_2027_schedule_explicit_source.csv
2026-12-26,Los Angeles Clippers,Memphis Grizzlies,LAC,MEM,2026-12-27T03:30:00Z,2026-12-26|LAC|MEM,outputs/bbr_schedule_source/20261020T120005000000Z/bbr_nba_2027_schedule_explicit_source.csv
2026-12-26,Orlando Magic,Toronto Raptors,ORL,TOR,2026-12-27T00:00:00Z,2026-12-26|ORL|TOR,outputs/bbr_schedule_source/20261020T120005000000Z/bbr_nba_2027_schedule_explicit_source.csv
2026-12-26,Utah Jazz,Indiana Pacers,UTA,IND,2026-12-26T22:00:00Z,2026-12-26|UTA|IND,outputs/bbr_schedule_source/20261020T120005000000Z/bbr_nba_2027_schedule_explicit_source.csv
2026-12-26,Washington Wizards,Portland Trail Blazers,WAS,POR,2026-12-26T18:00:00Z,2026-12-26|WAS|POR,outputs/bbr_schedule_source/20261020T120005000000Z/bbr_nba_2027_schedule_explicit_source.csv
2026-12-27,Cleveland Cavaliers,Washington Wizards,CLE,WAS,2026-12-27T23:00:00Z,2026-12-27|CLE|WAS,outputs/bbr_schedule_source/20261020T120005000000Z/bbr_nba_2027_schedule_explicit_source.csv
2026-12-27,Denver Nuggets,Indiana Pacers,DEN,IND,2026-12-28T01:00:00Z,2026-12-27|DEN|IND,outputs/bbr_schedule_source/20261020T120005000000Z/bbr_nba_2027_schedule_explicit_source.csv
2026-12-27,Detroit Pistons,Portland Trail Blazers,DET,POR,2026-12-28T00:00:00Z,2026-12-27|DET|POR,outputs/bbr_schedule_source/20261020T120005000000Z/bbr_nba_2027_schedule_explicit_source.csv
2026-12-27,Golden State Warriors,Minnesota Timberwolves,GSW,MIN,2026-12-28T01:30:00Z,2026-12-27|GSW|MIN,outputs/bbr_schedule_source/20261020T120005000000Z/bbr_nba_2027_schedule_explicit_source.csv
2026-12-27,Houston Rockets,Oklahoma City Thunder,HOU,OKC,2026-12-27T20:30:00Z,2026-12-27|HOU|OKC,outputs/bbr_schedule_source/20261020T120005000000Z/bbr_nba_2027_schedule_explicit_source.csv
2026-12-27,Los Angeles Clippers,Philadelphia 76ers,LAC,PHI,2026-12-28T02:00:00Z,2026-12-27|LAC|PHI,outputs/bbr_schedule_source/20261020T120005000000Z/bbr_nba_2027_schedule_explicit_source.csv
2026-12-27,Los Angeles Lakers,Memphis Grizzlies,LAL,MEM,2026-12-28T02:00:00Z,2026-12-27|LAL|MEM,outputs/bbr_schedule_source/20261020T120005000000Z/bbr_nba_2027_schedule_explicit_source.csv
2026-12-27,Miami Heat,Charlotte Hornets,MIA,CHO,2026-12-27T23:00:00Z,2026-12-27|MIA|CHO,outputs/bbr_schedule_source/20261020T120005000000Z/bbr_nba_2027_schedule_explicit_source.csv
2026-12-27,New York Knicks,Brooklyn Nets,NYK,BRK,2026-12-27T23:00:00Z,2026-12-27|NYK|BRK,outputs/bbr_schedule_source/20261020T120005000000Z/bbr_nba_2027_schedule_explicit_source.csv
2026-12-27,Orlando Magic,Milwaukee Bucks,ORL,MIL,2026-12-27T23:00:00Z,2026-12-27|ORL|MIL,outputs/bbr_schedule_source/20261020T120005000000Z/bbr_nba_2027_schedule_explicit_source.csv
2026-12-27,Sacramento Kings,Utah Jazz,SAC,UTA,2026-12-27T23:00:00Z,2026-12-27|SAC|UTA,outputs/bbr_schedule_source/20261020T120005000000Z/bbr_nba_2027_schedule_explicit_source.csv
2026-12-27,San Antonio Spurs,Atlanta Hawks,SAS,ATL,2026-12-28T00:00:00Z,2026-12-27|SAS|ATL,outputs/bbr_schedule_source/20261020T120005000000Z/bbr_nba_2027_schedule_explicit_source.csv
2026-12-28,Boston Celtics,Cleveland Cavaliers,BOS,CLE,2026-12-29T01:00:00Z,2026-12-28|BOS|CLE,outputs/bbr_schedule_source/20261020T120005000000Z/bbr_nba_2027_schedule_explicit_source.csv
2026-12-28,Denver Nuggets,Minnesota Timberwolves,DEN,MIN,2026-12-29T03:30:00Z,2026-12-28|DEN|MIN,outputs/bbr_schedule_source/20261020T120005000000Z/bbr_nba_2027_schedule_explicit_source.csv
2026-12-28,Phoenix Suns,Golden State Warriors,PHX,GSW,2026-12-29T02:00:00Z,2026-12-28|PHX|GSW,outputs/bbr_schedule_source/20261020T120005000000Z/bbr_nba_2027_schedule_explicit_source.csv
2026-12-28,Toronto Raptors,New Orleans Pelicans,TOR,NOP,2026-12-29T00:30:00Z,2026-12-28|TOR|NOP,outputs/bbr_schedule_source/20261020T120005000000Z/bbr_nba_2027_schedule_explicit_source.csv
2026-12-29,Atlanta Hawks,Chicago Bulls,ATL,CHI,2026-12-30T00:00:00Z,2026-12-29|ATL|CHI,outputs/bbr_schedule_source/20261020T120005000000Z/bbr_nba_2027_schedule_explicit_source.csv
2026-12-29,Charlotte Hornets,Orlando Magic,CHO,ORL,2026-12-30T00:00:00Z,2026-12-29|CHO|ORL,outputs/bbr_schedule_source/20261020T120005000000Z/bbr_nba_2027_schedule_explicit_source.csv
2026-12-29,Dallas Mavericks,Miami Heat,DAL,MIA,2026-12-30T01:00:00Z,2026-12-29|DAL|MIA,outputs/bbr_schedule_source/20261020T120005000000Z/bbr_nba_2027_schedule_explicit_source.csv
2026-12-29,Indiana Pacers,Los Angeles Clippers,IND,LAC,2026-12-30T00:00:00Z,2026-12-29|IND|LAC,outputs/bbr_schedule_source/20261020T120005000000Z/bbr_nba_2027_schedule_explicit_source.csv
2026-12-29,Los Angeles Lakers,Houston Rockets,LAL,HOU,2026-12-30T03:30:00Z,2026-12-29|LAL|HOU,outputs/bbr_schedule_source/20261020T120005000000Z/bbr_nba_2027_schedule_explicit_source.csv
2026-12-29,Memphis Grizzlies,San Antonio Spurs,MEM,SAS,2026-12-30T01:00:00Z,2026-12-29|MEM|SAS,outputs/bbr_schedule_source/20261020T120005000000Z/bbr_nba_2027_schedule_explicit_source.csv
2026-12-29,Oklahoma City Thunder,Milwaukee Bucks,OKC,MIL,2026-12-30T01:00:00Z,2026-12-29|OKC|MIL,outputs/bbr_schedule_source/20261020T120005000000Z/bbr_nba_2027_schedule_explicit_source.csv
2026-12-29,Portland Trail Blazers,Brooklyn Nets,POR,BRK,2026-12-30T03:00:00Z,2026-12-29|POR|BRK,outputs/bbr_schedule_source/20261020T120005000000Z/bbr_nba_2027_schedule_explicit_source.csv
2026-12-29,Sacramento Kings,Philadelphia 76ers,SAC,PHI,2026-12-30T03:00:00Z,2026-12-29|SAC|PHI,outputs/bbr_schedule_source/20261020T120005000000Z/bbr_nba_2027_schedule_explicit_source.csv
2026-12-30,Chicago Bulls,Boston Celtics,CHI,BOS,2026-12-31T01:00:00Z,2026-12-30|CHI|BOS,outputs/bbr_schedule_source/20261020T120005000000Z/bbr_nba_2027_schedule_explicit_source.csv
2026-12-30,Detroit Pistons,New Orleans Pelicans,DET,NOP,2026-12-31T00:00:00Z,2026-12-30|DET|NOP,outputs/bbr_schedule_source/20261020T120005000000Z/bbr_nba_2027_schedule_explicit_source.csv
2026-12-30,Golden State Warriors,Houston Rockets,GSW,HOU,2026-12-31T03:00:00Z,2026-12-30|GSW|HOU,outputs/bbr_schedule_source/20261020T120005000000Z/bbr_nba_2027_schedule_explicit_source.csv
2026-12-30,Phoenix Suns,Philadelphia 76ers,PHX,PHI,2026-12-31T02:00:00Z,2026-12-30|PHX|PHI,outputs/bbr_schedule_source/20261020T120005000000Z/bbr_nba_2027_schedule_explicit_source.csv
2026-12-30,Toronto Raptors,Washington Wizards,TOR,WAS,2026-12-31T00:30:00Z,2026-12-30|TOR|WAS,outputs/bbr_schedule_source/20261020T120005000000Z/bbr_nba_2027_schedule_explicit_source.csv
2026-12-30,Utah Jazz,New York Knicks,UTA,NYK,2026-12-31T02:00:00Z,2026-12-30|UTA|NYK,outputs/bbr_schedule_source/20261020T120005000000Z/bbr_nba_2027_schedule_explicit_source.csv
2026-12-31,Atlanta Hawks,Milwaukee Bucks,ATL,MIL,2026-12-31T20:00:00Z,2026-12-31|ATL|MIL,outputs/bbr_schedule_source/20261020T120005000000Z/bbr_nba_2027_schedule_explicit_source.csv
2026-12-31,Charlotte Hornets,San Antonio Spurs,CHO,SAS,2026-12-31T18:00:00Z,2026-12-31|CHO|SAS,outputs/bbr_schedule_source/20261020T120005000000Z/bbr_nba_2027_schedule_explicit_source.csv
2026-12-31,Cleveland Cavaliers,Los Angeles Clippers,CLE,LAC,2026-12-31T20:00:00Z,2026-12-31|CLE|LAC,outputs/bbr_schedule_source/20261020T120005000000Z/bbr_nba_2027_schedule_explicit_source.csv
2026-12-31,Indiana Pacers,Orlando Magic,IND,ORL,2026-12-31T20:00:00Z,2026-12-31|IND|ORL,outputs/bbr_schedule_source/20261020T120005000000Z/bbr_nba_2027_schedule_explicit_source.csv
2026-12-31,Minnesota Timberwolves,Denver Nuggets,MIN,DEN,2026-12-31T21:00:00Z,2026-12-31|MIN|DEN,outputs/bbr_schedule_source/20261020T120005000000Z/bbr_nba_2027_schedule_explicit_source.csv
2026-12-31,New Orleans Pelicans,Los Angeles Lakers,NOP,LAL,2027-01-01T01:00:00Z,2026-12-31|NOP|LAL,outputs/bbr_schedule_source/20261020T120005000000Z/bbr_nba_2027_schedule_explicit_source.csv
2026-12-31,Oklahoma City Thunder,Miami Heat,OKC,MIA,2027-01-01T01:00:00Z,2026-12-31|OKC|MIA,outputs/bbr_schedule_source/20261020T120005000000Z/bbr_nba_2027_schedule_explicit_source.csv
2026-12-31,Phoenix Suns,New York Knicks,PHX,NYK,2027-01-01T02:00:00Z,2026-12-31|PHX|NYK,outputs/bbr_schedule_source/20261020T120005000000Z/bbr_nba_2027_schedule_explicit_source.csv
2026-12-31,Sacramento Kings,Brooklyn Nets,SAC,BRK,2026-12-31T23:00:00Z,2026-12-31|SAC|BRK,outputs/bbr_schedule_source/20261020T120005000000Z/bbr_nba_2027_schedule_explicit_source.csv
2027-01-01,Detroit Pistons,Orlando Magic,DET,ORL,2027-01-02T00:30:00Z,2027-01-01|DET|ORL,outputs/bbr_schedule_source/20261020T120005000000Z/bbr_nba_2027_schedule_explicit_source.csv
2027-01-01,Houston Rockets,Dallas Mavericks,HOU,DAL,2027-01-02T01:30:00Z,2027-01-01|HOU|DAL,outputs/bbr_schedule_source/20261020T120005000000Z/bbr_nba_2027_schedule_explicit_source.csv
2027-01-01,Milwaukee Bucks,Philadelphia 76ers,MIL,PHI,2027-01-02T01:00:00Z,2027-01-01|MIL|PHI,outputs/bbr_schedule_source/20261020T120005000000Z/bbr_nba_2027_schedule_explicit_source.csv
2027-01-01,Toronto Raptors,Los Angeles Clippers,TOR,LAC,2027-01-02T00:30:00Z,2027-01-01|TOR|LAC,outputs/bbr_schedule_source/20261020T120005000000Z/bbr_nba_2027_schedule_explicit_source.csv
2027-01-01,Utah Jazz,Boston Celtics,UTA,BOS,2027-01-02T02:30:00Z,2027-01-01|UTA|BOS,outputs/bbr_schedule_source/20261020T120005000000Z/bbr_nba_2027_schedule_explicit_source.csv
2027-01-01,Washington Wizards,San Antonio Spurs,WAS,SAS,2027-01-01T22:00:00Z,2027-01-01|WAS|SAS,outputs/bbr_schedule_source/20261020T120005000000Z/bbr_nba_2027_schedule_explicit_source.csv
2027-01-02,Atlanta Hawks,Dallas Mavericks,ATL,DAL,2027-01-03T00:30:00Z,2027-01-02|ATL|DAL,outputs/bbr_schedule_source/20261020T120005000000Z/bbr_nba_2027_schedule_explicit_source.csv
2027-01-02,Chicago Bulls,Los Angeles Lakers,CHI,LAL,2027-01-03T01:00:00Z,2027-01-02|CHI|LAL,outputs/bbr_schedule_source/20261020T120005000000Z/bbr_nba_2027_schedule_explicit_source.csv
2027-01-02,Charlotte Hornets,Cleveland Cavaliers,CHO,CLE,2027-01-02T18:00:00Z,2027-01-02|CHO|CLE,outputs/bbr_schedule_source/20261020T120005000000Z/bbr_nba_2027_schedule_explicit_source.csv
2027-01-02,Denver Nuggets,New York Knicks,DEN,NYK,2027-01-02T22:00:00Z,2027-01-02|DEN|NYK,outputs/bbr_schedule_source/20261020T120005000000Z/bbr_nba_2027_schedule_explicit_source.csv
2027-01-02,Golden State Warriors,Brooklyn Nets,GSW,BRK,2027-01-03T01:30:00Z,2027-01-02|GSW|BRK,outputs/bbr_schedule_source/20261020T120005000000Z/bbr_nba_2027_schedule_explicit_source.csv
2027-01-02,Indiana Pacers,Minnesota Timberwolves,IND,MIN,2027-01-03T00:00:00Z,2027-01-02|IND|MIN,outputs/bbr_schedule_source/20261020T120005000000Z/bbr_nba_2027_schedule_explicit_source.csv
2027-01-02,New Orleans Pelicans,Miami Heat,NOP,MIA,2027-01-03T00:00:00Z,2027-01-02|NOP|MIA,outputs/bbr_schedule_source/20261020T120005000000Z/bbr_nba_2027_schedule_explicit_source.csv
2027-01-02,Oklahoma City Thunder,Utah Jazz,OKC,UTA,2027-01-03T01:00:00Z,2027-01-02|OKC|UTA,outputs/bbr_schedule_source/20261020T120005000000Z/bbr_nba_2027_schedule_explicit_source.csv
2027-01-02,Phoenix Suns,Sacramento Kings,PHX,SAC,2027-01-03T02:00:00Z,2027-01-02|PHX|SAC,outputs/bbr_schedule_source/20261020T120005000000Z/bbr_nba_2027_schedule_explicit_source.csv
2027-01-02,Portland Trail Blazers,Boston Celtics,POR,BOS,2027-01-03T03:00:00Z,2027-01-02|POR|BOS,outputs/bbr_schedule_source/20261020T120005000000Z/bbr_nba_2027_schedule_explicit_source.csv
2027-01-03,Denver Nuggets,Detroit Pistons,DEN,DET,2027-01-03T22:00:00Z,2027-01-03|DEN|DET,outputs/bbr_schedule_source/20261020T120005000000Z/bbr_nba_2027_schedule_explicit_source.csv
2027-01-03,Houston Rockets,Cleveland Cavaliers,HOU,CLE,2027-01-04T00:00:00Z,2027-01-03|HOU|CLE,outputs/bbr_schedule_source/20261020T120005000000Z/bbr_nba_2027_schedule_explicit_source.csv
2027-01-03,Milwaukee Bucks,Charlotte Hornets,MIL,CHO,2027-01-03T22:30:00Z,2027-01-03|MIL|CHO,outputs/bbr_schedule_source/20261020T120005000000Z/bbr_nba_2027_schedule_explicit_source.csv
2027-01-03,Minnesota Timberwolves,San Antonio Spurs,MIN,SAS,2027-01-04T00:00:00Z,2027-01-03|MIN|SAS,outputs/bbr_schedule_source/20261020T120005000000Z/bbr_nba_2027_schedule_explicit_source.csv
2027-01-03,Oklahoma City Thunder,Sacramento Kings,OKC,SAC,2027-01-04T01:00:00Z,2027-01-03|OKC|SAC,outputs/bbr_schedule_source/20261020T120005000000Z/bbr_nba_2027_schedule_explicit_source.csv
2027-01-03,Orlando Magic,Memphis Grizzlies,ORL,MEM,2027-01-03T23:00:00Z,2027-01-03|ORL|MEM,outputs/bbr_schedule_source/20261020T120005000000Z/bbr_nba_2027_schedule_explicit_source.csv
2027-01-03,Toronto Raptors,Los Angeles Lakers,TOR,LAL,2027-01-04T00:00:00Z,2027-01-03|TOR|LAL,outputs/bbr_schedule_source/20261020T120005000000Z/bbr_nba_2027_schedule_explicit_source.csv
2027-01-03,Washington Wizards,Los Angeles Clippers,WAS,LAC,2027-01-04T00:00:00Z,2027-01-03|WAS|LAC,outputs/bbr_schedule_source/20261020T120005000000Z/bbr_nba_2027_schedule_explicit_source.csv
2027-01-04,Indiana Pacers,Chicago Bulls,IND,CHI,2027-01-05T00:00:00Z,2027-01-04|IND|CHI,outputs/bbr_schedule_source/20261020T120005000000Z/bbr_nba_2027_schedule_explicit_source.csv
2027-01-04,New Orleans Pelicans,Dallas Mavericks,NOP,DAL,2027-01-05T01:00:00Z,2027-01-04|NOP|DAL,outputs/bbr_schedule_source/20261020T120005000000Z/bbr_nba_2027_schedule_explicit_source.csv
2027-01-04,Philadelphia 76ers,Atlanta Hawks,PHI,ATL,2027-01-05T00:00:00Z,2027-01-04|PHI|ATL,outputs/bbr_schedule_source/20261020T120005000000Z/bbr_nba_2027_schedule_explicit_source.csv
2027-01-04,Phoenix Suns,Boston Celtics,PHX,BOS,2027-01-05T02:00:00Z,2027-01-04|PHX|BOS,outputs/bbr_schedule_source/20261020T120005000000Z/bbr_nba_2027_schedule_explicit_source.csv
2027-01-04,Portland Trail Blazers,New York Knicks,POR,NYK,2027-01-05T03:00:00Z,2027-01-04|POR|NYK,outputs/bbr_schedule_source/20261020T120005000000Z/bbr_nba_2027_schedule_explicit_source.csv
2027-01-04,Utah Jazz,Brooklyn Nets,UTA,BRK,2027-01-05T02:00:00Z,2027-01-04|UTA|BRK,outputs/bbr_schedule_source/20261020T120005000000Z/bbr_nba_2027_schedule_explicit_source.csv
2027-01-05,Chicago Bulls,Milwaukee Bucks,CHI,MIL,2027-01-06T01:00:00Z,2027-01-05|CHI|MIL,outputs/bbr_schedule_source/20261020T120005000000Z/bbr_nba_2027_schedule_explicit_source.csv
2027-01-05,Charlotte Hornets,Atlanta Hawks,CHO,ATL,2027-01-06T00:00:00Z,2027-01-05|CHO|ATL,outputs/bbr_schedule_source/20261020T120005000000Z/bbr_nba_2027_schedule_explicit_source.csv
2027-01-05,Cleveland Cavaliers,Toronto Raptors,CLE,TOR,2027-01-06T00:00:00Z,2027-01-05|CLE|TOR,outputs/bbr_schedule_source/20261020T120005000000Z/bbr_nba_2027_schedule_explicit_source.csv
2027-01-05,Denver Nuggets,Phoenix Suns,DEN,PHX,2027-01-06T03:00:00Z,2027-01-05|DEN|PHX,outputs/bbr_schedule_source/20261020T120005000000Z/bbr_nba_2027_schedule_explicit_source.csv
2027-01-05,Houston Rockets,Minnesota Timberwolves,HOU,MIN,2027-01-06T01:00:00Z,2027-01-05|HOU|MIN,outputs/bbr_schedule_source/20261020T120005000000Z/bbr_nba_2027_schedule_explicit_source.csv
2027-01-05,Miami Heat,Memphis Grizzlies,MIA,MEM,2027-01-06T00:30:00Z,2027-01-05|MIA|MEM,outputs/bbr_schedule_source/20261020T120005000000Z/bbr_nba_2027_schedule_explicit_source.csv
2027-01-05,Orlando Magic,Los Angeles Clippers,ORL,LAC,2027-01-06T00:00:00Z,2027-01-05|ORL|LAC,outputs/bbr_schedule_source/20261020T120005000000Z/bbr_nba_2027_schedule_explicit_source.csv
2027-01-05,Sacramento Kings,Detroit Pistons,SAC,DET,2027-01-06T03:00:00Z,2027-01-05|SAC|DET,outputs/bbr_schedule_source/20261020T120005000000Z/bbr_nba_2027_schedule_explicit_source.csv
2027-01-05,Washington Wizards,Los Angeles Lakers,WAS,LAL,2027-01-06T00:00:00Z,2027-01-05|WAS|LAL,outputs/bbr_schedule_source/20261020T120005000000Z/bbr_nba_2027_schedule_explicit_source.csv
2027-01-06,Brooklyn Nets,Utah Jazz,BRK,UTA,2027-01-07T00:30:00Z,2027-01-06|BRK|UTA,outputs/bbr_schedule_source/20261020T120005000000Z/bbr_nba_2027_schedule_explicit_source.csv
2027-01-06,Golden State Warriors,New York Knicks,GSW,NYK,2027-01-07T03:00:00Z,2027-01-06|GSW|NYK,outputs/bbr_schedule_source/20261020T120005000000Z/bbr_nba_2027_schedule_explicit_source.csv
2027-01-06,New Orleans Pelicans,Portland Trail Blazers,NOP,POR,2027-01-07T01:00:00Z,2027-01-06|NOP|POR,outputs/bbr_schedule_source/20261020T120005000000Z/bbr_nba_2027_schedule_explicit_source.csv
2027-01-06,Philadelphia 76ers,Oklahoma City Thunder,PHI,OKC,2027-01-07T00:30:00Z,2027-01-06|PHI|OKC,outputs/bbr_schedule_source/20261020T120005000000Z/bbr_nba_2027_schedule_explicit_source.csv
2027-01-06,San Antonio Spurs,Indiana Pacers,SAS,IND,2027-01-07T01:00:00Z,2027-01-06|SAS|IND,outputs/bbr_schedule_source/20261020T120005000000Z/bbr_nba_2027_schedule_explicit_source.csv
2027-01-07,Atlanta Hawks,Indiana Pacers,ATL,IND,2027-01-08T00:00:00Z,2027-01-07|ATL|IND,outputs/bbr_schedule_source/20261020T120005000000Z/bbr_nba_2027_schedule_explicit_source.csv
2027-01-07,Brooklyn Nets,Miami Heat,BRK,MIA,2027-01-08T00:30:00Z,2027-01-07|BRK|MIA,outputs/bbr_schedule_source/20261020T120005000000Z/bbr_nba_2027_schedule_explicit_source.csv
2027-01-07,Charlotte Hornets,Denver Nuggets,CHO,DEN,2027-01-08T00:00:00Z,2027-01-07|CHO|DEN,outputs/bbr_schedule_source/20261020T120005000000Z/bbr_nba_2027_schedule_explicit_source.csv
2027-01-07,Dallas Mavericks,Portland Trail Blazers,DAL,POR,2027-01-08T01:00:00Z,2027-01-07|DAL|POR,outputs/bbr_schedule_source/20261020T120005000000Z/bbr_nba_2027_schedule_explicit_source.csv
2027-01-07,Golden State Warriors,Detroit Pistons,GSW,DET,2027-01-08T03:00:00Z,2027-01-07|GSW|DET,outputs/bbr_schedule_source/20261020T120005000000Z/bbr_nba_2027_schedule_explicit_source.csv
2027-01-07,Houston Rockets,Memphis Grizzlies,HOU,MEM,2027-01-08T01:30:00Z,2027-01-07|HOU|MEM,outputs/bbr_schedule_source/20261020T120005000000Z/bbr_nba_2027_schedule_explicit_source.csv
2027-01-07,Los Angeles Lakers,Boston Celtics,LAL,BOS,2027-01-08T03:00:00Z,2027-01-07|LAL|BOS,outputs/bbr_schedule_source/20261020T120005000000Z/bbr_nba_2027_schedule_explicit_source.csv
2027-01-07,Milwaukee Bucks,Los Angeles Clippers,MIL,LAC,2027-01-08T01:00:00Z,2027-01-07|MIL|LAC,outputs/bbr_schedule_source/20261020T120005000000Z/bbr_nba_2027_schedule_explicit_source.csv
2027-01-07,Orlando Magic,Cleveland Cavaliers,ORL,CLE,2027-01-08T00:00:00Z,2027-01-07|ORL|CLE,outputs/bbr_schedule_source/20261020T120005000000Z/bbr_nba_2027_schedule_explicit_source.csv
2027-01-07,Sacramento Kings,Chicago Bulls,SAC,CHI,2027-01-08T03:00:00Z,2027-01-07|SAC|CHI,outputs/bbr_schedule_source/20261020T120005000000Z/bbr_nba_2027_schedule_explicit_source.csv
2027-01-07,Toronto Raptors,Minnesota Timberwolves,TOR,MIN,2027-01-08T00:30:00Z,2027-01-07|TOR|MIN,outputs/bbr_schedule_source/20261020T120005000000Z/bbr_nba_2027_schedule_explicit_source.csv
2027-01-07,Washington Wizards,Oklahoma City Thunder,WAS,OKC,2027-01-08T00:00:00Z,2027-01-07|WAS|OKC,outputs/bbr_schedule_source/20261020T120005000000Z/bbr_nba_2027_schedule_explicit_source.csv
2027-01-08,Dallas Mavericks,Phoenix Suns,DAL,PHX,2027-01-09T02:30:00Z,2027-01-08|DAL|PHX,outputs/bbr_schedule_source/20261020T120005000000Z/bbr_nba_2027_schedule_explicit_source.csv
2027-01-08,Los Angeles Lakers,Detroit Pistons,LAL,DET,2027-01-09T03:00:00Z,2027-01-08|LAL|DET,outputs/bbr_schedule_source/20261020T120005000000Z/bbr_nba_2027_schedule_explicit_source.csv
2027-01-08,New Orleans Pelicans,Orlando Magic,NOP,ORL,2027-01-09T01:00:00Z,2027-01-08|NOP|ORL,outputs/bbr_schedule_source/20261020T120005000000Z/bbr_nba_2027_schedule_explicit_source.csv
2027-01-08,Philadelphia 76ers,Miami Heat,PHI,MIA,2027-01-09T00:00:00Z,2027-01-08|PHI|MIA,outputs/bbr_schedule_source/20261020T120005000000Z/bbr_nba_2027_schedule_explicit_source.csv
2027-01-08,Sacramento Kings,New York Knicks,SAC,NYK,2027-01-09T03:00:00Z,2027-01-08|SAC|NYK,outputs/bbr_schedule_source/20261020T120005000000Z/bbr_nba_2027_schedule_explicit_source.csv
2027-01-08,San Antonio Spurs,Memphis Grizzlies,SAS,MEM,2027-01-09T01:00:00Z,2027-01-08|SAS|MEM,outputs/bbr_schedule_source/20261020T120005000000Z/bbr_nba_2027_schedule_explicit_source.csv
2027-01-08,Toronto Raptors,Utah Jazz,TOR,UTA,2027-01-09T00:30:00Z,2027-01-08|TOR|UTA,outputs/bbr_schedule_source/20261020T120005000000Z/bbr_nba_2027_schedule_explicit_source.csv
2027-01-08,Washington Wizards,Minnesota Timberwolves,WAS,MIN,2027-01-09T00:00:00Z,2027-01-08|WAS|MIN,outputs/bbr_schedule_source/20261020T120005000000Z/bbr_nba_2027_schedule_explicit_source.csv
2027-01-09,Brooklyn Nets,Houston Rockets,BRK,HOU,2027-01-09T23:00:00Z,2027-01-09|BRK|HOU,outputs/bbr_schedule_source/20261020T120005000000Z/bbr_nba_2027_schedule_explicit_source.csv
2027-01-09,Cleveland Cavaliers,Denver Nuggets,CLE,DEN,2027-01-09T22:00:00Z,2027-01-09|CLE|DEN,outputs/bbr_schedule_source/20261020T120005000000Z/bbr_nba_2027_schedule_explicit_source.csv
2027-01-09,Golden State Warriors,Chicago Bulls,GSW,CHI,2027-01-10T01:30:00Z,2027-01-09|GSW|CHI,outputs/bbr_schedule_source/20261020T120005000000Z/bbr_nba_2027_schedule_explicit_source.csv
2027-01-09,Indiana Pacers,Milwaukee Bucks,IND,MIL,2027-01-10T00:00:00Z,2027-01-09|IND|MIL,outputs/bbr_schedule_source/20261020T120005000000Z/bbr_nba_2027_schedule_explicit_source.csv
2027-01-09,Los Angeles Clippers,Boston Celtics,LAC,BOS,2027-01-10T03:30:00Z,2027-01-09|LAC|BOS,outputs/bbr_schedule_source/20261020T120005000000Z/bbr_nba_2027_schedule_explicit_source.csv
2027-01-09,Portland Trail Blazers,Charlotte Hornets,POR,CHO,2027-01-10T03:00:00Z,2027-01-09|POR|CHO,outputs/bbr_schedule_source/20261020T120005000000Z/bbr_nba_2027_schedule_explicit_source.csv
2027-01-10,Atlanta Hawks,San Antonio Spurs,ATL,SAS,2027-01-10T20:00:00Z,2027-01-10|ATL|SAS,outputs/bbr_schedule_source/20261020T120005000000Z/bbr_nba_2027_schedule_explicit_source.csv
2027-01-10,Detroit Pistons,Utah Jazz,DET,UTA,2027-01-10T23:00:00Z,2027-01-10|DET|UTA,outputs/bbr_schedule_source/20261020T120005000000Z/bbr_nba_2027_schedule_explicit_source.csv
2027-01-10,Memphis Grizzlies,Dallas Mavericks,MEM,DAL,2027-01-10T23:00:00Z,2027-01-10|MEM|DAL,outputs/bbr_schedule_source/20261020T120005000000Z/bbr_nba_2027_schedule_explicit_source.csv
2027-01-10,Miami Heat,New Orleans Pelicans,MIA,NOP,2027-01-10T23:00:00Z,2027-01-10|MIA|NOP,outputs/bbr_schedule_source/20261020T120005000000Z/bbr_nba_2027_schedule_explicit_source.csv
2027-01-10,Orlando Magic,Oklahoma City Thunder,ORL,OKC,2027-01-10T23:00:00Z,2027-01-10|ORL|OKC,outputs/bbr_schedule_source/20261020T120005000000Z/bbr_nba_2027_schedule_explicit_source.csv
2027-01-10,Phoenix Suns,Chicago Bulls,PHX,CHI,2027-01-11T00:00:00Z,2027-01-10|PHX|CHI,outputs/bbr_schedule_source/20261020T120005000000Z/bbr_nba_2027_schedule_explicit_source.csv
2027-01-10,Sacramento Kings,Charlotte Hornets,SAC,CHO,2027-01-11T02:00:00Z,2027-01-10|SAC|CHO,outputs/bbr_schedule_source/20261020T120005000000Z/bbr_nba_2027_schedule_explicit_source.csv
2027-01-10,Toronto Raptors,Philadelphia 76ers,TOR,PHI,2027-01-10T23:00:00Z,2027-01-10|TOR|PHI,outputs/bbr_schedule_source/20261020T120005000000Z/bbr_nba_2027_schedule_explicit_source.csv
2027-01-11,Boston Celtics,Houston Rockets,BOS,HOU,2027-01-12T00:30:00Z,2027-01-11|BOS|HOU,outputs/bbr_schedule_source/20261020T120005000000Z/bbr_nba_2027_schedule_explicit_source.csv
2027-01-11,Indiana Pacers,Brooklyn Nets,IND,BRK,2027-01-12T00:00:00Z,2027-01-11|IND|BRK,outputs/bbr_schedule_source/20261020T120005000000Z/bbr_nba_2027_schedule_explicit_source.csv
2027-01-11,Los Angeles Clippers,Los Angeles Lakers,LAC,LAL,2027-01-12T03:00:00Z,2027-01-11|LAC|LAL,outputs/bbr_schedule_source/20261020T120005000000Z/bbr_nba_2027_schedule_explicit_source.csv
2027-01-11,Minnesota Timberwolves,Cleveland Cavaliers,MIN,CLE,2027-01-12T01:00:00Z,2027-01-11|MIN|CLE,outputs/bbr_schedule_source/20261020T120005000000Z/bbr_nba_2027_schedule_explicit_source.csv
2027-01-11,New York Knicks,Denver Nuggets,NYK,DEN,2027-01-12T00:30:00Z,2027-01-11|NYK|DEN,outputs/bbr_schedule_source/20261020T120005000000Z/bbr_nba_2027_schedule_explicit_source.csv
2027-01-11,Washington Wizards,Atlanta Hawks,WAS,ATL,2027-01-12T00:00:00Z,2027-01-11|WAS|ATL,outputs/bbr_schedule_source/20261020T120005000000Z/bbr_nba_2027_schedule_explicit_source.csv
2027-01-12,Golden State Warriors,Sacramento Kings,GSW,SAC,2027-01-13T04:00:00Z,2027-01-12|GSW|SAC,outputs/bbr_schedule_source/20261020T120005000000Z/bbr_nba_2027_schedule_explicit_source.csv
2027-01-12,Memphis Grizzlies,Dallas Mavericks,MEM,DAL,2027-01-13T01:00:00Z,2027-01-12|MEM|DAL,outputs/bbr_schedule_source/20261020T120005000000Z/bbr_nba_2027_schedule_explicit_source.csv
2027-01-12,Miami Heat,Brooklyn Nets,MIA,BRK,2027-01-13T00:30:00Z,2027-01-12|MIA|BRK,outputs/bbr_schedule_source/20261020T120005000000Z/bbr_nba_2027_schedule_explicit_source.csv
2027-01-12,Milwaukee Bucks,Denver Nuggets,MIL,DEN,2027-01-13T01:00:00Z,2027-01-12|MIL|DEN,outputs/bbr_schedule_source/20261020T120005000000Z/bbr_nba_2027_schedule_explicit_source.csv
2027-01-12,Philadelphia 76ers,Washington Wizards,PHI,WAS,2027-01-13T01:00:00Z,2027-01-12|PHI|WAS,outputs/bbr_schedule_source/20261020T120005000000Z/bbr_nba_2027_schedule_explicit_source.csv
2027-01-12,Portland Trail Blazers,Orlando Magic,POR,ORL,2027-01-13T03:00:00Z,2027-01-12|POR|ORL,outputs/bbr_schedule_source/20261020T120005000000Z/bbr_nba_2027_schedule_explicit_source.csv
2027-01-12,Toronto Raptors,Detroit Pistons,TOR,DET,2027-01-13T00:30:00Z,2027-01-12|TOR|DET,outputs/bbr_schedule_source/20261020T120005000000Z/bbr_nba_2027_schedule_explicit_source.csv
2027-01-12,Utah Jazz,Chicago Bulls,UTA,CHI,2027-01-13T02:00:00Z,2027-01-12|UTA|CHI,outputs/bbr_schedule_source/20261020T120005000000Z/bbr_nba_2027_schedule_explicit_source.csv
2027-01-13,Atlanta Hawks,Cleveland Cavaliers,ATL,CLE,2027-01-14T00:00:00Z,2027-01-13|ATL|CLE,outputs/bbr_schedule_source/20261020T120005000000Z/bbr_nba_2027_schedule_explicit_source.csv
2027-01-13,Boston Celtics,New York Knicks,BOS,NYK,2027-01-14T00:00:00Z,2027-01-13|BOS|NYK,outputs/bbr_schedule_source/20261020T120005000000Z/bbr_nba_2027_schedule_explicit_source.csv
2027-01-13,Golden State Warriors,Charlotte Hornets,GSW,CHO,2027-01-14T03:00:00Z,2027-01-13|GSW|CHO,outputs/bbr_schedule_source/20261020T120005000000Z/bbr_nba_2027_schedule_explicit_source.csv
2027-01-13,Indiana Pacers,Milwaukee Bucks,IND,MIL,2027-01-14T00:00:00Z,2027-01-13|IND|MIL,outputs/bbr_schedule_source/20261020T120005000000Z/bbr_nba_2027_schedule_explicit_source.csv
2027-01-13,Oklahoma City Thunder,Houston Rockets,OKC,HOU,2027-01-14T02:30:00Z,2027-01-13|OKC|HOU,outputs/bbr_schedule_source/20261020T120005000000Z/bbr_nba_2027_schedule_explicit_source.csv
2027-01-13,Portland Trail Blazers,Los Angeles Lakers,POR,LAL,2027-01-14T03:00:00Z,2027-01-13|POR|LAL,outputs/bbr_schedule_source/20261020T120005000000Z/bbr_nba_2027_schedule_explicit_source.csv
2027-01-13,Toronto Raptors,Phoenix Suns,TOR,PHX,2027-01-14T00:30:00Z,2027-01-13|TOR|PHX,outputs/bbr_schedule_source/20261020T120005000000Z/bbr_nba_2027_schedule_explicit_source.csv
2027-01-14,Chicago Bulls,Minnesota Timberwolves,CHI,MIN,2027-01-15T01:00:00Z,2027-01-14|CHI|MIN,outputs/bbr_schedule_source/20261020T120005000000Z/bbr_nba_2027_schedule_explicit_source.csv
2027-01-14,Denver Nuggets,Memphis Grizzlies,DEN,MEM,2027-01-15T02:00:00Z,2027-01-14|DEN|MEM,outputs/bbr_schedule_source/20261020T120005000000Z/bbr_nba_2027_schedule_explicit_source.csv
2027-01-14,Detroit Pistons,Dallas Mavericks,DET,DAL,2027-01-15T00:00:00Z,2027-01-14|DET|DAL,outputs/bbr_schedule_source/20261020T120005000000Z/bbr_nba_2027_schedule_explicit_source.csv
2027-01-14,Los Angeles Lakers,Orlando Magic,LAL,ORL,2027-01-15T03:00:00Z,2027-01-14|LAL|ORL,outputs/bbr_schedule_source/20261020T120005000000Z/bbr_nba_2027_schedule_explicit_source.csv
2027-01-14,New York Knicks,Miami Heat,NYK,MIA,2027-01-15T00:30:00Z,2027-01-14|NYK|MIA,outputs/bbr_schedule_source/20261020T120005000000Z/bbr_nba_2027_schedule_explicit_source.csv
2027-01-14,Philadelphia 76ers,Brooklyn Nets,PHI,BRK,2027-01-15T00:00:00Z,2027-01-14|PHI|BRK,outputs/bbr_schedule_source/20261020T120005000000Z/bbr_nba_2027_schedule_explicit_source.csv
2027-01-14,Sacramento Kings,Los Angeles Clippers,SAC,LAC,2027-01-15T03:00:00Z,2027-01-14|SAC|LAC,outputs/bbr_schedule_source/20261020T120005000000Z/bbr_nba_2027_schedule_explicit_source.csv
2027-01-14,San Antonio Spurs,New Orleans Pelicans,SAS,NOP,2027-01-14T19:00:00Z,2027-01-14|SAS|NOP,outputs/bbr_schedule_source/20261020T120005000000Z/bbr_nba_2027_schedule_explicit_source.csv
2027-01-14,Utah Jazz,Charlotte Hornets,UTA,CHO,2027-01-15T02:00:00Z,2027-01-14|UTA|CHO,outputs/bbr_schedule_source/20261020T120005000000Z/bbr_nba_2027_schedule_explicit_source.csv
2027-01-15,Atlanta Hawks,Golden State Warriors,ATL,GSW,2027-01-16T00:00:00Z,2027-01-15|ATL|GSW,outputs/bbr_schedule_source/20261020T120005000000Z/bbr_nba_2027_schedule_explicit_source.csv
2027-01-15,Houston Rockets,Washington Wizards,HOU,WAS,2027-01-16T01:30:00Z,2027-01-15|HOU|WAS,outputs/bbr_schedule_source/20261020T120005000000Z/bbr_nba_2027_schedule_explicit_source.csv
2027-01-15,Indiana Pacers,Phoenix Suns,IND,PHX,2027-01-16T00:00:00Z,2027-01-15|IND|PHX,outputs/bbr_schedule_source/20261020T120005000000Z/bbr_nba_2027_schedule_explicit_source.csv
2027-01-15,Los Angeles Clippers,Orlando Magic,LAC,ORL,2027-01-16T03:30:00Z,2027-01-15|LAC|ORL,outputs/bbr_schedule_source/20261020T120005000000Z/bbr_nba_2027_schedule_explicit_source.csv
2027-01-15,Milwaukee Bucks,Cleveland Cavaliers,MIL,CLE,2027-01-16T01:00:00Z,2027-01-15|MIL|CLE,outputs/bbr_schedule_source/20261020T120005000000Z/bbr_nba_2027_schedule_explicit_source.csv
2027-01-15,Oklahoma City Thunder,Utah Jazz,OKC,UTA,2027-01-16T01:00:00Z,2027-01-15|OKC|UTA,outputs/bbr_schedule_source/20261020T120005000000Z/bbr_nba_2027_schedule_explicit_source.csv
2027-01-15,Portland Trail Blazers,Sacramento Kings,POR,SAC,2027-01-16T03:00:00Z,2027-01-15|POR|SAC,outputs/bbr_schedule_source/20261020T120005000000Z/bbr_nba_2027_schedule_explicit_source.csv
2027-01-15,Toronto Raptors,Miami Heat,TOR,MIA,2027-01-16T00:30:00Z,2027-01-15|TOR|MIA,outputs/bbr_schedule_source/20261020T120005000000Z/bbr_nba_2027_schedule_explicit_source.csv
2027-01-16,Boston Celtics,Brooklyn Nets,BOS,BRK,2027-01-17T00:00:00Z,2027-01-16|BOS|BRK,outputs/bbr_schedule_source/20261020T120005000000Z/bbr_nba_2027_schedule_explicit_source.csv
2027-01-16,Denver Nuggets,Charlotte Hornets,DEN,CHO,2027-01-17T02:00:00Z,2027-01-16|DEN|CHO,outputs/bbr_schedule_source/20261020T120005000000Z/bbr_nba_2027_schedule_explicit_source.csv
2027-01-16,Houston Rockets,Detroit Pistons,HOU,DET,2027-01-17T01:30:00Z,2027-01-16|HOU|DET,outputs/bbr_schedule_source/20261020T120005000000Z/bbr_nba_2027_schedule_explicit_source.csv
2027-01-16,Memphis Grizzlies,Cleveland Cavaliers,MEM,CLE,2027-01-17T01:00:00Z,2027-01-16|MEM|CLE,outputs/bbr_schedule_source/20261020T120005000000Z/bbr_nba_2027_schedule_explicit_source.csv
2027-01-16,New York Knicks,Dallas Mavericks,NYK,DAL,2027-01-17T00:30:00Z,2027-01-16|NYK|DAL,outputs/bbr_schedule_source/20261020T120005000000Z/bbr_nba_2027_schedule_explicit_source.csv
2027-01-16,Philadelphia 76ers,Minnesota Timberwolves,PHI,MIN,2027-01-16T17:30:00Z,2027-01-16|PHI|MIN,outputs/bbr_schedule_source/20261020T120005000000Z/bbr_nba_2027_schedule_explicit_source.csv
2027-01-17,Chicago Bulls,Toronto Raptors,CHI,TOR,2027-01-17T20:30:00Z,2027-01-17|CHI|TOR,outputs/bbr_schedule_source/20261020T120005000000Z/bbr_nba_2027_schedule_explicit_source.csv
2027-01-17,Denver Nuggets,Orlando Magic,DEN,ORL,2027-01-18T01:00:00Z,2027-01-17|DEN|ORL,outputs/bbr_schedule_source/20261020T120005000000Z/bbr_nba_2027_schedule_explicit_source.csv
2027-01-17,Los Angeles Lakers,Milwaukee Bucks,LAL,MIL,2027-01-18T02:00:00Z,2027-01-17|LAL|MIL,outputs/bbr_schedule_source/20261020T120005000000Z/bbr_nba_2027_schedule_explicit_source.csv
2027-01-17,Miami Heat,Golden State Warriors,MIA,GSW,2027-01-17T23:00:00Z,2027-01-17|MIA|GSW,outputs/bbr_schedule_source/20261020T120005000000Z/bbr_nba_2027_schedule_explicit_source.csv
2027-01-17,New Orleans Pelicans,San Antonio Spurs,NOP,SAS,2027-01-17T15:30:00Z,2027-01-17|NOP|SAS,outputs/bbr_schedule_source/20261020T120005000000Z/bbr_nba_2027_schedule_explicit_source.csv
2027-01-17,Oklahoma City Thunder,Portland Trail Blazers,OKC,POR,2027-01-17T20:30:00Z,2027-01-17|OKC|POR,outputs/bbr_schedule_source/20261020T120005000000Z/bbr_nba_2027_schedule_explicit_source.csv
2027-01-17,Utah Jazz,Sacramento Kings,UTA,SAC,2027-01-17T22:00:00Z,2027-01-17|UTA|SAC,outputs/bbr_schedule_source/20261020T120005000000Z/bbr_nba_2027_schedule_explicit_source.csv
2027-01-17,Washington Wizards,Indiana Pacers,WAS,IND,2027-01-17T18:00:00Z,2027-01-17|WAS|IND,outputs/bbr_schedule_source/20261020T120005000000Z/bbr_nba_2027_schedule_explicit_source.csv
2027-01-18,Atlanta Hawks,Philadelphia 76ers,ATL,PHI,2027-01-18T19:30:00Z,2027-01-18|ATL|PHI,outputs/bbr_schedule_source/20261020T120005000000Z/bbr_nba_2027_schedule_explicit_source.csv
2027-01-18,Cleveland Cavaliers,Detroit Pistons,CLE,DET,2027-01-18T17:00:00Z,2027-01-18|CLE|DET,outputs/bbr_schedule_source/20261020T120005000000Z/bbr_nba_2027_schedule_explicit_source.csv
2027-01-18,Dallas Mavericks,Oklahoma City Thunder,DAL,OKC,2027-01-19T01:00:00Z,2027-01-18|DAL|OKC,outputs/bbr_schedule_source/20261020T120005000000Z/bbr_nba_2027_schedule_explicit_source.csv
2027-01-18,Los Angeles Clippers,Phoenix Suns,LAC,PHX,2027-01-19T03:30:00Z,2027-01-18|LAC|PHX,outputs/bbr_schedule_source/20261020T120005000000Z/bbr_nba_2027_schedule_explicit_source.csv
2027-01-18,Memphis Grizzlies,Houston Rockets,MEM,HOU,2027-01-19T00:30:00Z,2027-01-18|MEM|HOU,outputs/bbr_schedule_source/20261020T120005000000Z/bbr_nba_2027_schedule_explicit_source.csv
2027-01-18,New York Knicks,Minnesota Timberwolves,NYK,MIN,2027-01-18T22:00:00Z,2027-01-18|NYK|MIN,outputs/bbr_schedule_source/20261020T120005000000Z/bbr_nba_2027_schedule_explicit_source.csv
2027-01-18,Washington Wizards,Boston Celtics,WAS,BOS,2027-01-18T20:00:00Z,2027-01-18|WAS|BOS,outputs/bbr_schedule_source/20261020T120005000000Z/bbr_nba_2027_schedule_explicit_source.csv
2027-01-19,Dallas Mavericks,Charlotte Hornets,DAL,CHO,2027-01-20T01:00:00Z,2027-01-19|DAL|CHO,outputs/bbr_schedule_source/20261020T120005000000Z/bbr_nba_2027_schedule_explicit_source.csv
2027-01-19,Denver Nuggets,Utah Jazz,DEN,UTA,2027-01-20T03:00:00Z,2027-01-19|DEN|UTA,outputs/bbr_schedule_source/20261020T120005000000Z/bbr_nba_2027_schedule_explicit_source.csv
2027-01-19,Miami Heat,Portland Trail Blazers,MIA,POR,2027-01-20T00:30:00Z,2027-01-19|MIA|POR,outputs/bbr_schedule_source/20261020T120005000000Z/bbr_nba_2027_schedule_explicit_source.csv
2027-01-19,Orlando Magic,Golden State Warriors,ORL,GSW,2027-01-20T00:00:00Z,2027-01-19|ORL|GSW,outputs/bbr_schedule_source/20261020T120005000000Z/bbr_nba_2027_schedule_explicit_source.csv
2027-01-19,Philadelphia 76ers,Indiana Pacers,PHI,IND,2027-01-20T00:00:00Z,2027-01-19|PHI|IND,outputs/bbr_schedule_source/20261020T120005000000Z/bbr_nba_2027_schedule_explicit_source.csv
2027-01-19,Sacramento Kings,Los Angeles Lakers,SAC,LAL,2027-01-20T03:00:00Z,2027-01-19|SAC|LAL,outputs/bbr_schedule_source/20261020T120005000000Z/bbr_nba_2027_schedule_explicit_source.csv
2027-01-19,Toronto Raptors,Chicago Bulls,TOR,CHI,2027-01-20T00:00:00Z,2027-01-19|TOR|CHI,outputs/bbr_schedule_source/20261020T120005000000Z/bbr_nba_2027_schedule_explicit_source.csv
2027-01-20,Atlanta Hawks,Portland Trail Blazers,ATL,POR,2027-01-21T00:00:00Z,2027-01-20|ATL|POR,outputs/bbr_schedule_source/20261020T120005000000Z/bbr_nba_2027_schedule_explicit_source.csv
2027-01-20,Boston Celtics,Indiana Pacers,BOS,IND,2027-01-21T00:30:00Z,2027-01-20|BOS|IND,outputs/bbr_schedule_source/20261020T120005000000Z/bbr_nba_2027_schedule_explicit_source.csv
2027-01-20,Brooklyn Nets,Chicago Bulls,BRK,CHI,2027-01-21T00:00:00Z,2027-01-20|BRK|CHI,outputs/bbr_schedule_source/20261020T120005000000Z/bbr_nba_2027_schedule_explicit_source.csv
2027-01-20,Minnesota Timberwolves,Houston Rockets,MIN,HOU,2027-01-21T01:00:00Z,2027-01-20|MIN|HOU,outputs/bbr_schedule_source/20261020T120005000000Z/bbr_nba_2027_schedule_explicit_source.csv
2027-01-20,New Orleans Pelicans,Oklahoma City Thunder,NOP,OKC,2027-01-21T01:00:00Z,2027-01-20|NOP|OKC,outputs/bbr_schedule_source/20261020T120005000000Z/bbr_nba_2027_schedule_explicit_source.csv
2027-01-20,New York Knicks,Toronto Raptors,NYK,TOR,2027-01-21T00:30:00Z,2027-01-20|NYK|TOR,outputs/bbr_schedule_source/20261020T120005000000Z/bbr_nba_2027_schedule_explicit_source.csv
2027-01-20,Phoenix Suns,Memphis Grizzlies,PHX,MEM,2027-01-21T02:00:00Z,2027-01-20|PHX|MEM,outputs/bbr_schedule_source/20261020T120005000000Z/bbr_nba_2027_schedule_explicit_source.csv
2027-01-20,Sacramento Kings,Milwaukee Bucks,SAC,MIL,2027-01-21T03:00:00Z,2027-01-20|SAC|MIL,outputs/bbr_schedule_source/20261020T120005000000Z/bbr_nba_2027_schedule_explicit_source.csv
2027-01-20,San Antonio Spurs,Miami Heat,SAS,MIA,2027-01-21T02:30:00Z,2027-01-20|SAS|MIA,outputs/bbr_schedule_source/20261020T120005000000Z/bbr_nba_2027_schedule_explicit_source.csv
2027-01-20,Utah Jazz,Los Angeles Clippers,UTA,LAC,2027-01-21T02:00:00Z,2027-01-20|UTA|LAC,outputs/bbr_schedule_source/20261020T120005000000Z/bbr_nba_2027_schedule_explicit_source.csv
2027-01-21,Boston Celtics,Philadelphia 76ers,BOS,PHI,2027-01-22T00:30:00Z,2027-01-21|BOS|PHI,outputs/bbr_schedule_source/20261020T120005000000Z/bbr_nba_2027_schedule_explicit_source.csv
2027-01-21,Brooklyn Nets,Cleveland Cavaliers,BRK,CLE,2027-01-22T00:30:00Z,2027-01-21|BRK|CLE,outputs/bbr_schedule_source/20261020T120005000000Z/bbr_nba_2027_schedule_explicit_source.csv
2027-01-21,Denver Nuggets,Washington Wizards,DEN,WAS,2027-01-22T02:00:00Z,2027-01-21|DEN|WAS,outputs/bbr_schedule_source/20261020T120005000000Z/bbr_nba_2027_schedule_explicit_source.csv
2027-01-21,Golden State Warriors,Los Angeles Lakers,GSW,LAL,2027-01-22T03:00:00Z,2027-01-21|GSW|LAL,outputs/bbr_schedule_source/20261020T120005000000Z/bbr_nba_2027_schedule_explicit_source.csv
2027-01-22,Atlanta Hawks,New York Knicks,ATL,NYK,2027-01-23T00:00:00Z,2027-01-22|ATL|NYK,outputs/bbr_schedule_source/20261020T120005000000Z/bbr_nba_2027_schedule_explicit_source.csv
2027-01-22,Charlotte Hornets,Houston Rockets,CHO,HOU,2027-01-23T00:00:00Z,2027-01-22|CHO|HOU,outputs/bbr_schedule_source/20261020T120005000000Z/bbr_nba_2027_schedule_explicit_source.csv
2027-01-22,Detroit Pistons,Indiana Pacers,DET,IND,2027-01-23T00:30:00Z,2027-01-22|DET|IND,outputs/bbr_schedule_source/20261020T120005000000Z/bbr_nba_2027_schedule_explicit_source.csv
2027-01-22,Golden State Warriors,Milwaukee Bucks,GSW,MIL,2027-01-23T03:00:00Z,2027-01-22|GSW|MIL,outputs/bbr_schedule_source/20261020T120005000000Z/bbr_nba_2027_schedule_explicit_source.csv
2027-01-22,Los Angeles Clippers,Washington Wizards,LAC,WAS,2027-01-23T03:30:00Z,2027-01-22|LAC|WAS,outputs/bbr_schedule_source/20261020T120005000000Z/bbr_nba_2027_schedule_explicit_source.csv
2027-01-22,Los Angeles Lakers,Sacramento Kings,LAL,SAC,2027-01-23T03:00:00Z,2027-01-22|LAL|SAC,outputs/bbr_schedule_source/20261020T120005000000Z/bbr_nba_2027_schedule_explicit_source.csv
2027-01-22,New Orleans Pelicans,Dallas Mavericks,NOP,DAL,2027-01-23T01:00:00Z,2027-01-22|NOP|DAL,outputs/bbr_schedule_source/20261020T120005000000Z/bbr_nba_2027_schedule_explicit_source.csv
2027-01-22,Oklahoma City Thunder,Memphis Grizzlies,OKC,MEM,2027-01-23T01:00:00Z,2027-01-22|OKC|MEM,outputs/bbr_schedule_source/20261020T120005000000Z/bbr_nba_2027_schedule_explicit_source.csv
2027-01-22,Orlando Magic,Portland Trail Blazers,ORL,POR,2027-01-23T00:00:00Z,2027-01-22|ORL|POR,outputs/bbr_schedule_source/20261020T120005000000Z/bbr_nba_2027_schedule_explicit_source.csv
2027-01-22,Phoenix Suns,Utah Jazz,PHX,UTA,2027-01-23T02:00:00Z,2027-01-22|PHX|UTA,outputs/bbr_schedule_source/20261020T120005000000Z/bbr_nba_2027_schedule_explicit_source.csv
2027-01-22,San Antonio Spurs,Minnesota Timberwolves,SAS,MIN,2027-01-23T02:30:00Z,2027-01-22|SAS|MIN,outputs/bbr_schedule_source/20261020T120005000000Z/bbr_nba_2027_schedule_explicit_source.csv
2027-01-23,Boston Celtics,Charlotte Hornets,BOS,CHO,2027-01-24T00:00:00Z,2027-01-23|BOS|CHO,outputs/bbr_schedule_source/20261020T120005000000Z/bbr_nba_2027_schedule_explicit_source.csv
2027-01-23,Brooklyn Nets,Toronto Raptors,BRK,TOR,2027-01-23T23:00:00Z,2027-01-23|BRK|TOR,outputs/bbr_schedule_source/20261020T120005000000Z/bbr_nba_2027_schedule_explicit_source.csv
2027-01-23,Chicago Bulls,Philadelphia 76ers,CHI,PHI,2027-01-23T22:00:00Z,2027-01-23|CHI|PHI,outputs/bbr_schedule_source/20261020T120005000000Z/bbr_nba_2027_schedule_explicit_source.csv
2027-01-23,Dallas Mavericks,Cleveland Cavaliers,DAL,CLE,2027-01-24T01:00:00Z,2027-01-23|DAL|CLE,outputs/bbr_schedule_source/20261020T120005000000Z/bbr_nba_2027_schedule_explicit_source.csv
2027-01-23,Denver Nuggets,Milwaukee Bucks,DEN,MIL,2027-01-24T02:00:00Z,2027-01-23|DEN|MIL,outputs/bbr_schedule_source/20261020T120005000000Z/bbr_nba_2027_schedule_explicit_source.csv
2027-01-23,Miami Heat,Atlanta Hawks,MIA,ATL,2027-01-24T01:00:00Z,2027-01-23|MIA|ATL,outputs/bbr_schedule_source/20261020T120005000000Z/bbr_nba_2027_schedule_explicit_source.csv
2027-01-24,Detroit Pistons,Minnesota Timberwolves,DET,MIN,2027-01-24T23:00:00Z,2027-01-24|DET|MIN,outputs/bbr_schedule_source/20261020T120005000000Z/bbr_nba_2027_schedule_explicit_source.csv
2027-01-24,Golden State Warriors,Oklahoma City Thunder,GSW,OKC,2027-01-25T01:30:00Z,2027-01-24|GSW|OKC,outputs/bbr_schedule_source/20261020T120005000000Z/bbr_nba_2027_schedule_explicit_source.csv
2027-01-24,Los Angeles Lakers,Washington Wizards,LAL,WAS,2027-01-24T21:00:00Z,2027-01-24|LAL|WAS,outputs/bbr_schedule_source/20261020T120005000000Z/bbr_nba_2027_schedule_explicit_source.csv
2027-01-24,New York Knicks,Los Angeles Clippers,NYK,LAC,2027-01-25T00:00:00Z,2027-01-24|NYK|LAC,outputs/bbr_schedule_source/20261020T120005000000Z/bbr_nba_2027_schedule_explicit_source.csv
2027-01-24,Orlando Magic,Houston Rockets,ORL,HOU,2027-01-24T23:00:00Z,2027-01-24|ORL|HOU,outputs/bbr_schedule_source/20261020T120005000000Z/bbr_nba_2027_schedule_explicit_source.csv
2027-01-24,Phoenix Suns,Utah Jazz,PHX,UTA,2027-01-24T21:00:00Z,2027-01-24|PHX|UTA,outputs/bbr_schedule_source/20261020T120005000000Z/bbr_nba_2027_schedule_explicit_source.csv
2027-01-24,San Antonio Spurs,Portland Trail Blazers,SAS,POR,2027-01-24T20:30:00Z,2027-01-24|SAS|POR,outputs/bbr_schedule_source/20261020T120005000000Z/bbr_nba_2027_schedule_explicit_source.csv
2027-01-25,Boston Celtics,Toronto Raptors,BOS,TOR,2027-01-26T00:00:00Z,2027-01-25|BOS|TOR,outputs/bbr_schedule_source/20261020T120005000000Z/bbr_nba_2027_schedule_explicit_source.csv
2027-01-25,Brooklyn Nets,Miami Heat,BRK,MIA,2027-01-26T00:30:00Z,2027-01-25|BRK|MIA,outputs/bbr_schedule_source/20261020T120005000000Z/bbr_nba_2027_schedule_explicit_source.csv
2027-01-25,Chicago Bulls,Dallas Mavericks,CHI,DAL,2027-01-26T01:00:00Z,2027-01-25|CHI|DAL,outputs/bbr_schedule_source/20261020T120005000000Z/bbr_nba_2027_schedule_explicit_source.csv
2027-01-25,Charlotte Hornets,Orlando Magic,CHO,ORL,2027-01-26T00:00:00Z,2027-01-25|CHO|ORL,outputs/bbr_schedule_source/20261020T120005000000Z/bbr_nba_2027_schedule_explicit_source.csv
2027-01-25,Denver Nuggets,Sacramento Kings,DEN,SAC,2027-01-26T02:30:00Z,2027-01-25|DEN|SAC,outputs/bbr_schedule_source/20261020T120005000000Z/bbr_nba_2027_schedule_explicit_source.csv
2027-01-25,Memphis Grizzlies,Minnesota Timberwolves,MEM,MIN,2027-01-26T01:00:00Z,2027-01-25|MEM|MIN,outputs/bbr_schedule_source/20261020T120005000000Z/bbr_nba_2027_schedule_explicit_source.csv
2027-01-25,New Orleans Pelicans,Cleveland Cavaliers,NOP,CLE,2027-01-26T01:00:00Z,2027-01-25|NOP|CLE,outputs/bbr_schedule_source/20261020T120005000000Z/bbr_nba_2027_schedule_explicit_source.csv
2027-01-25,Philadelphia 76ers,Los Angeles Clippers,PHI,LAC,2027-01-26T00:00:00Z,2027-01-25|PHI|LAC,outputs/bbr_schedule_source/20261020T120005000000Z/bbr_nba_2027_schedule_explicit_source.csv
2027-01-26,Detroit Pistons,Atlanta Hawks,DET,ATL,2027-01-27T00:00:00Z,2027-01-26|DET|ATL,outputs/bbr_schedule_source/20261020T120005000000Z/bbr_nba_2027_schedule_explicit_source.csv
2027-01-26,Indiana Pacers,Chicago Bulls,IND,CHI,2027-01-27T00:00:00Z,2027-01-26|IND|CHI,outputs/bbr_schedule_source/20261020T120005000000Z/bbr_nba_2027_schedule_explicit_source.csv
2027-01-26,Los Angeles Lakers,Oklahoma City Thunder,LAL,OKC,2027-01-27T04:00:00Z,2027-01-26|LAL|OKC,outputs/bbr_schedule_source/20261020T120005000000Z/bbr_nba_2027_schedule_explicit_source.csv
2027-01-26,New York Knicks,Phoenix Suns,NYK,PHX,2027-01-27T00:30:00Z,2027-01-26|NYK|PHX,outputs/bbr_schedule_source/20261020T120005000000Z/bbr_nba_2027_schedule_explicit_source.csv
2027-01-26,Portland Trail Blazers,Washington Wizards,POR,WAS,2027-01-27T03:00:00Z,2027-01-26|POR|WAS,outputs/bbr_schedule_source/20261020T120005000000Z/bbr_nba_2027_schedule_explicit_source.csv
2027-01-26,San Antonio Spurs,Houston Rockets,SAS,HOU,2027-01-27T01:00:00Z,2027-01-26|SAS|HOU,outputs/bbr_schedule_source/20261020T120005000000Z/bbr_nba_2027_schedule_explicit_source.csv
2027-01-26,Utah Jazz,Milwaukee Bucks,UTA,MIL,2027-01-27T02:00:00Z,2027-01-26|UTA|MIL,outputs/bbr_schedule_source/20261020T120005000000Z/bbr_nba_2027_schedule_explicit_source.csv
2027-01-27,Boston Celtics,Los Angeles Clippers,BOS,LAC,2027-01-28T00:30:00Z,2027-01-27|BOS|LAC,outputs/bbr_schedule_source/20261020T120005000000Z/bbr_nba_2027_schedule_explicit_source.csv
2027-01-27,Brooklyn Nets,Phoenix Suns,BRK,PHX,2027-01-28T00:30:00Z,2027-01-27|BRK|PHX,outputs/bbr_schedule_source/20261020T120005000000Z/bbr_nba_2027_schedule_explicit_source.csv
2027-01-27,Cleveland Cavaliers,Detroit Pistons,CLE,DET,2027-01-28T00:00:00Z,2027-01-27|CLE|DET,outputs/bbr_schedule_source/20261020T120005000000Z/bbr_nba_2027_schedule_explicit_source.csv
2027-01-27,Houston Rockets,New Orleans Pelicans,HOU,NOP,2027-01-28T01:30:00Z,2027-01-27|HOU|NOP,outputs/bbr_schedule_source/20261020T120005000000Z/bbr_nba_2027_schedule_explicit_source.csv
2027-01-27,Minnesota Timberwolves,Denver Nuggets,MIN,DEN,2027-01-28T02:30:00Z,2027-01-27|MIN|DEN,outputs/bbr_schedule_source/20261020T120005000000Z/bbr_nba_2027_schedule_explicit_source.csv
2027-01-27,Philadelphia 76ers,Sacramento Kings,PHI,SAC,2027-01-28T00:00:00Z,2027-01-27|PHI|SAC,outputs/bbr_schedule_source/20261020T120005000000Z/bbr_nba_2027_schedule_explicit_source.csv
2027-01-27,Portland Trail Blazers,Golden State Warriors,POR,GSW,2027-01-28T03:00:00Z,2027-01-27|POR|GSW,outputs/bbr_schedule_source/20261020T120005000000Z/bbr_nba_2027_schedule_explicit_source.csv
2027-01-27,San Antonio Spurs,Charlotte Hornets,SAS,CHO,2027-01-28T01:00:00Z,2027-01-27|SAS|CHO,outputs/bbr_schedule_source/20261020T120005000000Z/bbr_nba_2027_schedule_explicit_source.csv
2027-01-27,Toronto Raptors,Dallas Mavericks,TOR,DAL,2027-01-28T00:30:00Z,2027-01-27|TOR|DAL,outputs/bbr_schedule_source/20261020T120005000000Z/bbr_nba_2027_schedule_explicit_source.csv
2027-01-28,Indiana Pacers,Los Angeles Lakers,IND,LAL,2027-01-29T00:00:00Z,2027-01-28|IND|LAL,outputs/bbr_schedule_source/20261020T120005000000Z/bbr_nba_2027_schedule_explicit_source.csv
2027-01-28,Milwaukee Bucks,Miami Heat,MIL,MIA,2027-01-29T02:30:00Z,2027-01-28|MIL|MIA,outputs/bbr_schedule_source/20261020T120005000000Z/bbr_nba_2027_schedule_explicit_source.csv
2027-01-28,New Orleans Pelicans,Philadelphia 76ers,NOP,PHI,2027-01-29T01:00:00Z,2027-01-28|NOP|PHI,outputs/bbr_schedule_source/20261020T120005000000Z/bbr_nba_2027_schedule_explicit_source.csv
2027-01-28,New York Knicks,Atlanta Hawks,NYK,ATL,2027-01-29T00:00:00Z,2027-01-28|NYK|ATL,outputs/bbr_schedule_source/20261020T120005000000Z/bbr_nba_2027_schedule_explicit_source.csv
2027-01-28,Oklahoma City Thunder,Memphis Grizzlies,OKC,MEM,2027-01-29T01:00:00Z,2027-01-28|OKC|MEM,outputs/bbr_schedule_source/20261020T120005000000Z/bbr_nba_2027_schedule_explicit_source.csv
2027-01-28,Orlando Magic,Chicago Bulls,ORL,CHI,2027-01-29T00:00:00Z,2027-01-28|ORL|CHI,outputs/bbr_schedule_source/20261020T120005000000Z/bbr_nba_2027_schedule_explicit_source.csv
2027-01-28,Utah Jazz,Golden State Warriors,UTA,GSW,2027-01-29T02:00:00Z,2027-01-28|UTA|GSW,outputs/bbr_schedule_source/20261020T120005000000Z/bbr_nba_2027_schedule_explicit_source.csv
2027-01-28,Washington Wizards,Sacramento Kings,WAS,SAC,2027-01-29T00:00:00Z,2027-01-28|WAS|SAC,outputs/bbr_schedule_source/20261020T120005000000Z/bbr_nba_2027_schedule_explicit_source.csv
2027-01-29,Boston Celtics,Phoenix Suns,BOS,PHX,2027-01-30T00:30:00Z,2027-01-29|BOS|PHX,outputs/bbr_schedule_source/20261020T120005000000Z/bbr_nba_2027_schedule_explicit_source.csv
2027-01-29,Brooklyn Nets,Los Angeles Clippers,BRK,LAC,2027-01-30T00:30:00Z,2027-01-29|BRK|LAC,outputs/bbr_schedule_source/20261020T120005000000Z/bbr_nba_2027_schedule_explicit_source.csv
2027-01-29,Dallas Mavericks,Detroit Pistons,DAL,DET,2027-01-30T01:00:00Z,2027-01-29|DAL|DET,outputs/bbr_schedule_source/20261020T120005000000Z/bbr_nba_2027_schedule_explicit_source.csv
2027-01-29,Houston Rockets,Orlando Magic,HOU,ORL,2027-01-30T01:30:00Z,2027-01-29|HOU|ORL,outputs/bbr_schedule_source/20261020T120005000000Z/bbr_nba_2027_schedule_explicit_source.csv
2027-01-29,Minnesota Timberwolves,Charlotte Hornets,MIN,CHO,2027-01-30T02:30:00Z,2027-01-29|MIN|CHO,outputs/bbr_schedule_source/20261020T120005000000Z/bbr_nba_2027_schedule_explicit_source.csv
2027-01-29,Toronto Raptors,Cleveland Cavaliers,TOR,CLE,2027-01-30T00:00:00Z,2027-01-29|TOR|CLE,outputs/bbr_schedule_source/20261020T120005000000Z/bbr_nba_2027_schedule_explicit_source.csv
2027-01-30,Cleveland Cavaliers,New Orleans Pelicans,CLE,NOP,2027-01-31T00:30:00Z,2027-01-30|CLE|NOP,outputs/bbr_schedule_source/20261020T120005000000Z/bbr_nba_2027_schedule_explicit_source.csv
2027-01-30,Golden State Warriors,San Antonio Spurs,GSW,SAS,2027-01-30T22:30:00Z,2027-01-30|GSW|SAS,outputs/bbr_schedule_source/20261020T120005000000Z/bbr_nba_2027_schedule_explicit_source.csv
2027-01-30,Indiana Pacers,Washington Wizards,IND,WAS,2027-01-31T00:00:00Z,2027-01-30|IND|WAS,outputs/bbr_schedule_source/20261020T120005000000Z/bbr_nba_2027_schedule_explicit_source.csv
2027-01-30,Miami Heat,Philadelphia 76ers,MIA,PHI,2027-01-30T17:30:00Z,2027-01-30|MIA|PHI,outputs/bbr_schedule_source/20261020T120005000000Z/bbr_nba_2027_schedule_explicit_source.csv
2027-01-30,Milwaukee Bucks,Atlanta Hawks,MIL,ATL,2027-01-31T01:00:00Z,2027-01-30|MIL|ATL,outputs/bbr_schedule_source/20261020T120005000000Z/bbr_nba_2027_schedule_explicit_source.csv
2027-01-30,New York Knicks,Los Angeles Lakers,NYK,LAL,2027-01-31T01:30:00Z,2027-01-30|NYK|LAL,outputs/bbr_schedule_source/20261020T120005000000Z/bbr_nba_2027_schedule_explicit_source.csv
2027-01-30,Oklahoma City Thunder,Denver Nuggets,OKC,DEN,2027-01-30T20:00:00Z,2027-01-30|OKC|DEN,outputs/bbr_schedule_source/20261020T120005000000Z/bbr_nba_2027_schedule_explicit_source.csv
2027-01-30,Utah Jazz,Memphis Grizzlies,UTA,MEM,2027-01-31T02:30:00Z,2027-01-30|UTA|MEM,outputs/bbr_schedule_source/20261020T120005000000Z/bbr_nba_2027_schedule_explicit_source.csv
2027-01-31,Charlotte Hornets,Los Angeles Lakers,CHO,LAL,2027-02-01T00:00:00Z,2027-01-31|CHO|LAL,outputs/bbr_schedule_source/20261020T120005000000Z/bbr_nba_2027_schedule_explicit_source.csv
2027-01-31,Dallas Mavericks,Houston Rockets,DAL,HOU,2027-02-01T01:30:00Z,2027-01-31|DAL|HOU,outputs/bbr_schedule_source/20261020T120005000000Z/bbr_nba_2027_schedule_explicit_source.csv
2027-01-31,Denver Nuggets,Portland Trail Blazers,DEN,POR,2027-02-01T01:00:00Z,2027-01-31|DEN|POR,outputs/bbr_schedule_source/20261020T120005000000Z/bbr_nba_2027_schedule_explicit_source.csv
2027-01-31,Detroit Pistons,Sacramento Kings,DET,SAC,2027-01-31T20:00:00Z,2027-01-31|DET|SAC,outputs/bbr_schedule_source/20261020T120005000000Z/bbr_nba_2027_schedule_explicit_source.csv
2027-01-31,Minnesota Timberwolves,Phoenix Suns,MIN,PHX,2027-01-31T23:00:00Z,2027-01-31|MIN|PHX,outputs/bbr_schedule_source/20261020T120005000000Z/bbr_nba_2027_schedule_explicit_source.csv
2027-01-31,Oklahoma City Thunder,Chicago Bulls,OKC,CHI,2027-01-31T23:00:00Z,2027-01-31|OKC|CHI,outputs/bbr_schedule_source/20261020T120005000000Z/bbr_nba_2027_schedule_explicit_source.csv
2027-01-31,Orlando Magic,Brooklyn Nets,ORL,BRK,2027-01-31T23:00:00Z,2027-01-31|ORL|BRK,outputs/bbr_schedule_source/20261020T120005000000Z/bbr_nba_2027_schedule_explicit_source.csv
2027-01-31,Toronto Raptors,Boston Celtics,TOR,BOS,2027-01-31T23:00:00Z,2027-01-31|TOR|BOS,outputs/bbr_schedule_source/20261020T120005000000Z/bbr_nba_2027_schedule_explicit_source.csv
2027-02-01,Atlanta Hawks,Washington Wizards,ATL,WAS,2027-02-02T00:00:00Z,2027-02-01|ATL|WAS,outputs/bbr_schedule_source/20261020T120005000000Z/bbr_nba_2027_schedule_explicit_source.csv
2027-02-01,Brooklyn Nets,New York Knicks,BRK,NYK,2027-02-02T00:30:00Z,2027-02-01|BRK|NYK,outputs/bbr_schedule_source/20261020T120005000000Z/bbr_nba_2027_schedule_explicit_source.csv
2027-02-01,Golden State Warriors,San Antonio Spurs,GSW,SAS,2027-02-02T03:00:00Z,2027-02-01|GSW|SAS,outputs/bbr_schedule_source/20261020T120005000000Z/bbr_nba_2027_schedule_explicit_source.csv
2027-02-01,Indiana Pacers,Miami Heat,IND,MIA,2027-02-02T00:30:00Z,2027-02-01|IND|MIA,outputs/bbr_schedule_source/20261020T120005000000Z/bbr_nba_2027_schedule_explicit_source.csv
2027-02-01,Milwaukee Bucks,Memphis Grizzlies,MIL,MEM,2027-02-02T01:00:00Z,2027-02-01|MIL|MEM,outputs/bbr_schedule_source/20261020T120005000000Z/bbr_nba_2027_schedule_explicit_source.csv
2027-02-01,Philadelphia 76ers,New Orleans Pelicans,PHI,NOP,2027-02-02T00:00:00Z,2027-02-01|PHI|NOP,outputs/bbr_schedule_source/20261020T120005000000Z/bbr_nba_2027_schedule_explicit_source.csv
2027-02-01,Utah Jazz,Cleveland Cavaliers,UTA,CLE,2027-02-02T02:00:00Z,2027-02-01|UTA|CLE,outputs/bbr_schedule_source/20261020T120005000000Z/bbr_nba_2027_schedule_explicit_source.csv
2027-02-02,Boston Celtics,Los Angeles Lakers,BOS,LAL,2027-02-03T01:00:00Z,2027-02-02|BOS|LAL,outputs/bbr_schedule_source/20261020T120005000000Z/bbr_nba_2027_schedule_explicit_source.csv
2027-02-02,Dallas Mavericks,Toronto Raptors,DAL,TOR,2027-02-03T01:00:00Z,2027-02-02|DAL|TOR,outputs/bbr_schedule_source/20261020T120005000000Z/bbr_nba_2027_schedule_explicit_source.csv
2027-02-02,Denver Nuggets,Oklahoma City Thunder,DEN,OKC,2027-02-03T02:00:00Z,2027-02-02|DEN|OKC,outputs/bbr_schedule_source/20261020T120005000000Z/bbr_nba_2027_schedule_explicit_source.csv
2027-02-02,Detroit Pistons,Chicago Bulls,DET,CHI,2027-02-03T00:00:00Z,2027-02-02|DET|CHI,outputs/bbr_schedule_source/20261020T120005000000Z/bbr_nba_2027_schedule_explicit_source.csv
2027-02-02,Los Angeles Clippers,San Antonio Spurs,LAC,SAS,2027-02-03T03:30:00Z,2027-02-02|LAC|SAS,outputs/bbr_schedule_source/20261020T120005000000Z/bbr_nba_2027_schedule_explicit_source.csv
2027-02-02,Miami Heat,Charlotte Hornets,MIA,CHO,2027-02-03T00:30:00Z,2027-02-02|MIA|CHO,outputs/bbr_schedule_source/20261020T120005000000Z/bbr_nba_2027_schedule_explicit_source.csv
2027-02-02,Orlando Magic,New Orleans Pelicans,ORL,NOP,2027-02-03T00:00:00Z,2027-02-02|ORL|NOP,outputs/bbr_schedule_source/20261020T120005000000Z/bbr_nba_2027_schedule_explicit_source.csv
2027-02-02,Portland Trail Blazers,Minnesota Timberwolves,POR,MIN,2027-02-03T04:00:00Z,2027-02-02|POR|MIN,outputs/bbr_schedule_source/20261020T120005000000Z/bbr_nba_2027_schedule_explicit_source.csv
2027-02-03,Detroit Pistons,New York Knicks,DET,NYK,2027-02-04T00:00:00Z,2027-02-03|DET|NYK,outputs/bbr_schedule_source/20261020T120005000000Z/bbr_nba_2027_schedule_explicit_source.csv
2027-02-03,Houston Rockets,Utah Jazz,HOU,UTA,2027-02-04T02:30:00Z,2027-02-03|HOU|UTA,outputs/bbr_schedule_source/20261020T120005000000Z/bbr_nba_2027_schedule_explicit_source.csv
2027-02-03,Indiana Pacers,Atlanta Hawks,IND,ATL,2027-02-04T00:00:00Z,2027-02-03|IND|ATL,outputs/bbr_schedule_source/20261020T120005000000Z/bbr_nba_2027_schedule_explicit_source.csv
2027-02-03,Los Angeles Clippers,Golden State Warriors,LAC,GSW,2027-02-04T03:30:00Z,2027-02-03|LAC|GSW,outputs/bbr_schedule_source/20261020T120005000000Z/bbr_nba_2027_schedule_explicit_source.csv
2027-02-03,Memphis Grizzlies,Philadelphia 76ers,MEM,PHI,2027-02-04T01:00:00Z,2027-02-03|MEM|PHI,outputs/bbr_schedule_source/20261020T120005000000Z/bbr_nba_2027_schedule_explicit_source.csv
2027-02-03,Phoenix Suns,Cleveland Cavaliers,PHX,CLE,2027-02-04T02:00:00Z,2027-02-03|PHX|CLE,outputs/bbr_schedule_source/20261020T120005000000Z/bbr_nba_2027_schedule_explicit_source.csv
2027-02-04,Brooklyn Nets,Los Angeles Lakers,BRK,LAL,2027-02-05T00:30:00Z,2027-02-04|BRK|LAL,outputs/bbr_schedule_source/20261020T120005000000Z/bbr_nba_2027_schedule_explicit_source.csv
2027-02-04,Chicago Bulls,Oklahoma City Thunder,CHI,OKC,2027-02-05T01:00:00Z,2027-02-04|CHI|OKC,outputs/bbr_schedule_source/20261020T120005000000Z/bbr_nba_2027_schedule_explicit_source.csv
2027-02-04,Charlotte Hornets,Boston Celtics,CHO,BOS,2027-02-05T00:30:00Z,2027-02-04|CHO|BOS,outputs/bbr_schedule_source/20261020T120005000000Z/bbr_nba_2027_schedule_explicit_source.csv
2027-02-04,Denver Nuggets,Dallas Mavericks,DEN,DAL,2027-02-05T03:00:00Z,2027-02-04|DEN|DAL,outputs/bbr_schedule_source/20261020T120005000000Z/bbr_nba_2027_schedule_explicit_source.csv
2027-02-04,Miami Heat,Milwaukee Bucks,MIA,MIL,2027-02-05T00:30:00Z,2027-02-04|MIA|MIL,outputs/bbr_schedule_source/20261020T120005000000Z/bbr_nba_2027_schedule_explicit_source.csv
2027-02-04,New York Knicks,Toronto Raptors,NYK,TOR,2027-02-05T00:30:00Z,2027-02-04|NYK|TOR,outputs/bbr_schedule_source/20261020T120005000000Z/bbr_nba_2027_schedule_explicit_source.csv
2027-02-04,Portland Trail Blazers,Cleveland Cavaliers,POR,CLE,2027-02-05T03:00:00Z,2027-02-04|POR|CLE,outputs/bbr_schedule_source/20261020T120005000000Z/bbr_nba_2027_schedule_explicit_source.csv
2027-02-04,Sacramento Kings,Minnesota Timberwolves,SAC,MIN,2027-02-05T03:00:00Z,2027-02-04|SAC|MIN,outputs/bbr_schedule_source/20261020T120005000000Z/bbr_nba_2027_schedule_explicit_source.csv
2027-02-04,San Antonio Spurs,Orlando Magic,SAS,ORL,2027-02-05T01:00:00Z,2027-02-04|SAS|ORL,outputs/bbr_schedule_source/20261020T120005000000Z/bbr_nba_2027_schedule_explicit_source.csv
2027-02-04,Washington Wizards,New Orleans Pelicans,WAS,NOP,2027-02-05T00:00:00Z,2027-02-04|WAS|NOP,outputs/bbr_schedule_source/20261020T120005000000Z/bbr_nba_2027_schedule_explicit_source.csv
2027-02-05,Atlanta Hawks,Boston Celtics,ATL,BOS,2027-02-06T00:00:00Z,2027-02-05|ATL|BOS,outputs/bbr_schedule_source/20261020T120005000000Z/bbr_nba_2027_schedule_explicit_source.csv
2027-02-05,Charlotte Hornets,Golden State Warriors,CHO,GSW,2027-02-06T00:00:00Z,2027-02-05|CHO|GSW,outputs/bbr_schedule_source/20261020T120005000000Z/bbr_nba_2027_schedule_explicit_source.csv
2027-02-05,Denver Nuggets,Los Angeles Clippers,DEN,LAC,2027-02-06T02:00:00Z,2027-02-05|DEN|LAC,outputs/bbr_schedule_source/20261020T120005000000Z/bbr_nba_2027_schedule_explicit_source.csv
2027-02-05,Oklahoma City Thunder,Indiana Pacers,OKC,IND,2027-02-06T02:30:00Z,2027-02-05|OKC|IND,outputs/bbr_schedule_source/20261020T120005000000Z/bbr_nba_2027_schedule_explicit_source.csv
2027-02-05,Philadelphia 76ers,Detroit Pistons,PHI,DET,2027-02-06T00:00:00Z,2027-02-05|PHI|DET,outputs/bbr_schedule_source/20261020T120005000000Z/bbr_nba_2027_schedule_explicit_source.csv
2027-02-05,Phoenix Suns,Houston Rockets,PHX,HOU,2027-02-06T02:00:00Z,2027-02-05|PHX|HOU,outputs/bbr_schedule_source/20261020T120005000000Z/bbr_nba_2027_schedule_explicit_source.csv
2027-02-06,Brooklyn Nets,Washington Wizards,BRK,WAS,2027-02-06T23:00:00Z,2027-02-06|BRK|WAS,outputs/bbr_schedule_source/20261020T120005000000Z/bbr_nba_2027_schedule_explicit_source.csv
2027-02-06,Chicago Bulls,New Orleans Pelicans,CHI,NOP,2027-02-07T01:00:00Z,2027-02-06|CHI|NOP,outputs/bbr_schedule_source/20261020T120005000000Z/bbr_nba_2027_schedule_explicit_source.csv
2027-02-06,Cleveland Cavaliers,Orlando Magic,CLE,ORL,2027-02-07T00:30:00Z,2027-02-06|CLE|ORL,outputs/bbr_schedule_source/20261020T120005000000Z/bbr_nba_2027_schedule_explicit_source.csv
2027-02-06,Dallas Mavericks,Utah Jazz,DAL,UTA,2027-02-06T20:00:00Z,2027-02-06|DAL|UTA,outputs/bbr_schedule_source/20261020T120005000000Z/bbr_nba_2027_schedule_explicit_source.csv
2027-02-06,Memphis Grizzlies,Portland Trail Blazers,MEM,POR,2027-02-06T22:30:00Z,2027-02-06|MEM|POR,outputs/bbr_schedule_source/20261020T120005000000Z/bbr_nba_2027_schedule_explicit_source.csv
2027-02-06,Minnesota Timberwolves,Miami Heat,MIN,MIA,2027-02-06T20:00:00Z,2027-02-06|MIN|MIA,outputs/bbr_schedule_source/20261020T120005000000Z/bbr_nba_2027_schedule_explicit_source.csv
2027-02-06,Sacramento Kings,Phoenix Suns,SAC,PHX,2027-02-07T03:00:00Z,2027-02-06|SAC|PHX,outputs/bbr_schedule_source/20261020T120005000000Z/bbr_nba_2027_schedule_explicit_source.csv
2027-02-06,San Antonio Spurs,Los Angeles Lakers,SAS,LAL,2027-02-07T01:30:00Z,2027-02-06|SAS|LAL,outputs/bbr_schedule_source/20261020T120005000000Z/bbr_nba_2027_schedule_explicit_source.csv
2027-02-06,Toronto Raptors,Milwaukee Bucks,TOR,MIL,2027-02-07T00:30:00Z,2027-02-06|TOR|MIL,outputs/bbr_schedule_source/20261020T120005000000Z/bbr_nba_2027_schedule_explicit_source.csv
2027-02-07,Atlanta Hawks,Denver Nuggets,ATL,DEN,2027-02-07T20:00:00Z,2027-02-07|ATL|DEN,outputs/bbr_schedule_source/20261020T120005000000Z/bbr_nba_2027_schedule_explicit_source.csv
2027-02-07,Dallas Mavericks,Los Angeles Clippers,DAL,LAC,2027-02-07T21:30:00Z,2027-02-07|DAL|LAC,outputs/bbr_schedule_source/20261020T120005000000Z/bbr_nba_2027_schedule_explicit_source.csv
2027-02-07,Detroit Pistons,Golden State Warriors,DET,GSW,2027-02-07T20:00:00Z,2027-02-07|DET|GSW,outputs/bbr_schedule_source/20261020T120005000000Z/bbr_nba_2027_schedule_explicit_source.csv
2027-02-07,Minnesota Timberwolves,Utah Jazz,MIN,UTA,2027-02-07T20:30:00Z,2027-02-07|MIN|UTA,outputs/bbr_schedule_source/20261020T120005000000Z/bbr_nba_2027_schedule_explicit_source.csv
2027-02-07,Oklahoma City Thunder,New York Knicks,OKC,NYK,2027-02-08T02:30:00Z,2027-02-07|OKC|NYK,outputs/bbr_schedule_source/20261020T120005000000Z/bbr_nba_2027_schedule_explicit_source.csv
2027-02-07,Philadelphia 76ers,Boston Celtics,PHI,BOS,2027-02-08T00:00:00Z,2027-02-07|PHI|BOS,outputs/bbr_schedule_source/20261020T120005000000Z/bbr_nba_2027_schedule_explicit_source.csv
2027-02-07,Sacramento Kings,Houston Rockets,SAC,HOU,2027-02-08T03:30:00Z,2027-02-07|SAC|HOU,outputs/bbr_schedule_source/20261020T120005000000Z/bbr_nba_2027_schedule_explicit_source.csv
2027-02-07,Toronto Raptors,Charlotte Hornets,TOR,CHO,2027-02-07T23:00:00Z,2027-02-07|TOR|CHO,outputs/bbr_schedule_source/20261020T120005000000Z/bbr_nba_2027_schedule_explicit_source.csv
2027-02-08,Atlanta Hawks,Miami Heat,ATL,MIA,2027-02-09T00:00:00Z,2027-02-08|ATL|MIA,outputs/bbr_schedule_source/20261020T120005000000Z/bbr_nba_2027_schedule_explicit_source.csv
2027-02-08,Indiana Pacers,New Orleans Pelicans,IND,NOP,2027-02-09T00:00:00Z,2027-02-08|IND|NOP,outputs/bbr_schedule_source/20261020T120005000000Z/bbr_nba_2027_schedule_explicit_source.csv
2027-02-08,Memphis Grizzlies,Portland Trail Blazers,MEM,POR,2027-02-09T01:00:00Z,2027-02-08|MEM|POR,outputs/bbr_schedule_source/20261020T120005000000Z/bbr_nba_2027_schedule_explicit_source.csv
2027-02-08,Milwaukee Bucks,Orlando Magic,MIL,ORL,2027-02-09T01:00:00Z,2027-02-08|MIL|ORL,outputs/bbr_schedule_source/20261020T120005000000Z/bbr_nba_2027_schedule_explicit_source.csv
2027-02-08,Philadelphia 76ers,Brooklyn Nets,PHI,BRK,2027-02-09T00:00:00Z,2027-02-08|PHI|BRK,outputs/bbr_schedule_source/20261020T120005000000Z/bbr_nba_2027_schedule_explicit_source.csv
2027-02-08,Phoenix Suns,Los Angeles Lakers,PHX,LAL,2027-02-09T02:30:00Z,2027-02-08|PHX|LAL,outputs/bbr_schedule_source/20261020T120005000000Z/bbr_nba_2027_schedule_explicit_source.csv
2027-02-08,Washington Wizards,Chicago Bulls,WAS,CHI,2027-02-09T00:00:00Z,2027-02-08|WAS|CHI,outputs/bbr_schedule_source/20261020T120005000000Z/bbr_nba_2027_schedule_explicit_source.csv
2027-02-09,Boston Celtics,Denver Nuggets,BOS,DEN,2027-02-10T00:30:00Z,2027-02-09|BOS|DEN,outputs/bbr_schedule_source/20261020T120005000000Z/bbr_nba_2027_schedule_explicit_source.csv
2027-02-09,Brooklyn Nets,Minnesota Timberwolves,BRK,MIN,2027-02-10T00:30:00Z,2027-02-09|BRK|MIN,outputs/bbr_schedule_source/20261020T120005000000Z/bbr_nba_2027_schedule_explicit_source.csv
2027-02-09,Chicago Bulls,Golden State Warriors,CHI,GSW,2027-02-10T01:00:00Z,2027-02-09|CHI|GSW,outputs/bbr_schedule_source/20261020T120005000000Z/bbr_nba_2027_schedule_explicit_source.csv
2027-02-09,Cleveland Cavaliers,Toronto Raptors,CLE,TOR,2027-02-10T00:00:00Z,2027-02-09|CLE|TOR,outputs/bbr_schedule_source/20261020T120005000000Z/bbr_nba_2027_schedule_explicit_source.csv
2027-02-09,Dallas Mavericks,San Antonio Spurs,DAL,SAS,2027-02-10T01:00:00Z,2027-02-09|DAL|SAS,outputs/bbr_schedule_source/20261020T120005000000Z/bbr_nba_2027_schedule_explicit_source.csv
2027-02-09,Los Angeles Clippers,Detroit Pistons,LAC,DET,2027-02-10T03:30:00Z,2027-02-09|LAC|DET,outputs/bbr_schedule_source/20261020T120005000000Z/bbr_nba_2027_schedule_explicit_source.csv
2027-02-09,Milwaukee Bucks,Sacramento Kings,MIL,SAC,2027-02-10T01:00:00Z,2027-02-09|MIL|SAC,outputs/bbr_schedule_source/20261020T120005000000Z/bbr_nba_2027_schedule_explicit_source.csv
2027-02-09,New York Knicks,Charlotte Hornets,NYK,CHO,2027-02-10T00:30:00Z,2027-02-09|NYK|CHO,outputs/bbr_schedule_source/20261020T120005000000Z/bbr_nba_2027_schedule_explicit_source.csv
2027-02-09,Oklahoma City Thunder,Portland Trail Blazers,OKC,POR,2027-02-10T01:00:00Z,2027-02-09|OKC|POR,outputs/bbr_schedule_source/20261020T120005000000Z/bbr_nba_2027_schedule_explicit_source.csv
2027-02-09,Utah Jazz,Houston Rockets,UTA,HOU,2027-02-10T03:00:00Z,2027-02-09|UTA|HOU,outputs/bbr_schedule_source/20261020T120005000000Z/bbr_nba_2027_schedule_explicit_source.csv
2027-02-10,Atlanta Hawks,New Orleans Pelicans,ATL,NOP,2027-02-11T00:00:00Z,2027-02-10|ATL|NOP,outputs/bbr_schedule_source/20261020T120005000000Z/bbr_nba_2027_schedule_explicit_source.csv
2027-02-10,Boston Celtics,Golden State Warriors,BOS,GSW,2027-02-11T00:30:00Z,2027-02-10|BOS|GSW,outputs/bbr_schedule_source/20261020T120005000000Z/bbr_nba_2027_schedule_explicit_source.csv
2027-02-10,Indiana Pacers,Cleveland Cavaliers,IND,CLE,2027-02-11T00:00:00Z,2027-02-10|IND|CLE,outputs/bbr_schedule_source/20261020T120005000000Z/bbr_nba_2027_schedule_explicit_source.csv
2027-02-10,Los Angeles Lakers,Los Angeles Clippers,LAL,LAC,2027-02-11T03:00:00Z,2027-02-10|LAL|LAC,outputs/bbr_schedule_source/20261020T120005000000Z/bbr_nba_2027_schedule_explicit_source.csv
2027-02-10,Memphis Grizzlies,Orlando Magic,MEM,ORL,2027-02-11T01:00:00Z,2027-02-10|MEM|ORL,outputs/bbr_schedule_source/20261020T120005000000Z/bbr_nba_2027_schedule_explicit_source.csv
2027-02-10,Phoenix Suns,Detroit Pistons,PHX,DET,2027-02-11T02:00:00Z,2027-02-10|PHX|DET,outputs/bbr_schedule_source/20261020T120005000000Z/bbr_nba_2027_schedule_explicit_source.csv
2027-02-10,Washington Wizards,Miami Heat,WAS,MIA,2027-02-11T00:00:00Z,2027-02-10|WAS|MIA,outputs/bbr_schedule_source/20261020T120005000000Z/bbr_nba_2027_schedule_explicit_source.csv
2027-02-11,Charlotte Hornets,Milwaukee Bucks,CHO,MIL,2027-02-12T00:00:00Z,2027-02-11|CHO|MIL,outputs/bbr_schedule_source/20261020T120005000000Z/bbr_nba_2027_schedule_explicit_source.csv
2027-02-11,Dallas Mavericks,Portland Trail Blazers,DAL,POR,2027-02-12T01:00:00Z,2027-02-11|DAL|POR,outputs/bbr_schedule_source/20261020T120005000000Z/bbr_nba_2027_schedule_explicit_source.csv
2027-02-11,Denver Nuggets,Chicago Bulls,DEN,CHI,2027-02-12T02:00:00Z,2027-02-11|DEN|CHI,outputs/bbr_schedule_source/20261020T120005000000Z/bbr_nba_2027_schedule_explicit_source.csv
2027-02-11,Houston Rockets,Sacramento Kings,HOU,SAC,2027-02-12T01:30:00Z,2027-02-11|HOU|SAC,outputs/bbr_schedule_source/20261020T120005000000Z/bbr_nba_2027_schedule_explicit_source.csv
2027-02-11,Indiana Pacers,Utah Jazz,IND,UTA,2027-02-12T00:00:00Z,2027-02-11|IND|UTA,outputs/bbr_schedule_source/20261020T120005000000Z/bbr_nba_2027_schedule_explicit_source.csv
2027-02-11,Oklahoma City Thunder,San Antonio Spurs,OKC,SAS,2027-02-12T02:30:00Z,2027-02-11|OKC|SAS,outputs/bbr_schedule_source/20261020T120005000000Z/bbr_nba_2027_schedule_explicit_source.csv
2027-02-11,Philadelphia 76ers,New York Knicks,PHI,NYK,2027-02-12T00:00:00Z,2027-02-11|PHI|NYK,outputs/bbr_schedule_source/20261020T120005000000Z/bbr_nba_2027_schedule_explicit_source.csv
2027-02-12,Atlanta Hawks,Phoenix Suns,ATL,PHX,2027-02-13T00:00:00Z,2027-02-12|ATL|PHX,outputs/bbr_schedule_source/20261020T120005000000Z/bbr_nba_2027_schedule_explicit_source.csv
2027-02-12,Boston Celtics,Minnesota Timberwolves,BOS,MIN,2027-02-13T01:00:00Z,2027-02-12|BOS|MIN,outputs/bbr_schedule_source/20261020T120005000000Z/bbr_nba_2027_schedule_explicit_source.csv
2027-02-12,Los Angeles Lakers,Denver Nuggets,LAL,DEN,2027-02-13T03:30:00Z,2027-02-12|LAL|DEN,outputs/bbr_schedule_source/20261020T120005000000Z/bbr_nba_2027_schedule_explicit_source.csv
2027-02-12,Memphis Grizzlies,Los Angeles Clippers,MEM,LAC,2027-02-13T01:00:00Z,2027-02-12|MEM|LAC,outputs/bbr_schedule_source/20261020T120005000000Z/bbr_nba_2027_schedule_explicit_source.csv
2027-02-12,New Orleans Pelicans,Houston Rockets,NOP,HOU,2027-02-13T01:00:00Z,2027-02-12|NOP|HOU,outputs/bbr_schedule_source/20261020T120005000000Z/bbr_nba_2027_schedule_explicit_source.csv
2027-02-12,Orlando Magic,Miami Heat,ORL,MIA,2027-02-13T00:00:00Z,2027-02-12|ORL|MIA,outputs/bbr_schedule_source/20261020T120005000000Z/bbr_nba_2027_schedule_explicit_source.csv
2027-02-12,Toronto Raptors,Cleveland Cavaliers,TOR,CLE,2027-02-13T00:30:00Z,2027-02-12|TOR|CLE,outputs/bbr_schedule_source/20261020T120005000000Z/bbr_nba_2027_schedule_explicit_source.csv
2027-02-12,Washington Wizards,Brooklyn Nets,WAS,BRK,2027-02-13T00:00:00Z,2027-02-12|WAS|BRK,outputs/bbr_schedule_source/20261020T120005000000Z/bbr_nba_2027_schedule_explicit_source.csv
2027-02-13,Charlotte Hornets,Dallas Mavericks,CHO,DAL,2027-02-13T20:00:00Z,2027-02-13|CHO|DAL,outputs/bbr_schedule_source/20261020T120005000000Z/bbr_nba_2027_schedule_explicit_source.csv
2027-02-13,Indiana Pacers,Sacramento Kings,IND,SAC,2027-02-13T19:00:00Z,2027-02-13|IND|SAC,outputs/bbr_schedule_source/20261020T120005000000Z/bbr_nba_2027_schedule_explicit_source.csv
2027-02-13,New York Knicks,Golden State Warriors,NYK,GSW,2027-02-14T01:30:00Z,2027-02-13|NYK|GSW,outputs/bbr_schedule_source/20261020T120005000000Z/bbr_nba_2027_schedule_explicit_source.csv
2027-02-13,Oklahoma City Thunder,Philadelphia 76ers,OKC,PHI,2027-02-13T22:30:00Z,2027-02-13|OKC|PHI,outputs/bbr_schedule_source/20261020T120005000000Z/bbr_nba_2027_schedule_explicit_source.csv
2027-02-13,Orlando Magic,San Antonio Spurs,ORL,SAS,2027-02-14T00:00:00Z,2027-02-13|ORL|SAS,outputs/bbr_schedule_source/20261020T120005000000Z/bbr_nba_2027_schedule_explicit_source.csv
2027-02-13,Portland Trail Blazers,Detroit Pistons,POR,DET,2027-02-13T20:30:00Z,2027-02-13|POR|DET,outputs/bbr_schedule_source/20261020T120005000000Z/bbr_nba_2027_schedule_explicit_source.csv
2027-02-13,Washington Wizards,Milwaukee Bucks,WAS,MIL,2027-02-14T00:00:00Z,2027-02-13|WAS|MIL,outputs/bbr_schedule_source/20261020T120005000000Z/bbr_nba_2027_schedule_explicit_source.csv
2027-02-14,Atlanta Hawks,Sacramento Kings,ATL,SAC,2027-02-14T18:00:00Z,2027-02-14|ATL|SAC,outputs/bbr_schedule_source/20261020T120005000000Z/bbr_nba_2027_schedule_explicit_source.csv
2027-02-14,Boston Celtics,Toronto Raptors,BOS,TOR,2027-02-14T18:00:00Z,2027-02-14|BOS|TOR,outputs/bbr_schedule_source/20261020T120005000000Z/bbr_nba_2027_schedule_explicit_source.csv
2027-02-14,Cleveland Cavaliers,Phoenix Suns,CLE,PHX,2027-02-14T18:00:00Z,2027-02-14|CLE|PHX,outputs/bbr_schedule_source/20261020T120005000000Z/bbr_nba_2027_schedule_explicit_source.csv
2027-02-14,Houston Rockets,Denver Nuggets,HOU,DEN,2027-02-14T19:00:00Z,2027-02-14|HOU|DEN,outputs/bbr_schedule_source/20261020T120005000000Z/bbr_nba_2027_schedule_explicit_source.csv
2027-02-14,Miami Heat,Brooklyn Nets,MIA,BRK,2027-02-14T18:00:00Z,2027-02-14|MIA|BRK,outputs/bbr_schedule_source/20261020T120005000000Z/bbr_nba_2027_schedule_explicit_source.csv
2027-02-14,New Orleans Pelicans,Los Angeles Clippers,NOP,LAC,2027-02-14T19:00:00Z,2027-02-14|NOP|LAC,outputs/bbr_schedule_source/20261020T120005000000Z/bbr_nba_2027_schedule_explicit_source.csv
2027-02-14,Portland Trail Blazers,Chicago Bulls,POR,CHI,2027-02-14T20:30:00Z,2027-02-14|POR|CHI,outputs/bbr_schedule_source/20261020T120005000000Z/bbr_nba_2027_schedule_explicit_source.csv
2027-02-15,Charlotte Hornets,Minnesota Timberwolves,CHO,MIN,2027-02-15T17:00:00Z,2027-02-15|CHO|MIN,outputs/bbr_schedule_source/20261020T120005000000Z/bbr_nba_2027_schedule_explicit_source.csv
2027-02-15,Dallas Mavericks,Philadelphia 76ers,DAL,PHI,2027-02-15T19:30:00Z,2027-02-15|DAL|PHI,outputs/bbr_schedule_source/20261020T120005000000Z/bbr_nba_2027_schedule_explicit_source.csv
2027-02-15,Golden State Warriors,Indiana Pacers,GSW,IND,2027-02-16T00:30:00Z,2027-02-15|GSW|IND,outputs/bbr_schedule_source/20261020T120005000000Z/bbr_nba_2027_schedule_explicit_source.csv
2027-02-15,Memphis Grizzlies,New York Knicks,MEM,NYK,2027-02-16T01:00:00Z,2027-02-15|MEM|NYK,outputs/bbr_schedule_source/20261020T120005000000Z/bbr_nba_2027_schedule_explicit_source.csv
2027-02-15,Miami Heat,San Antonio Spurs,MIA,SAS,2027-02-15T22:00:00Z,2027-02-15|MIA|SAS,outputs/bbr_schedule_source/20261020T120005000000Z/bbr_nba_2027_schedule_explicit_source.csv
2027-02-15,Oklahoma City Thunder,Orlando Magic,OKC,ORL,2027-02-16T01:00:00Z,2027-02-15|OKC|ORL,outputs/bbr_schedule_source/20261020T120005000000Z/bbr_nba_2027_schedule_explicit_source.csv
2027-02-15,Utah Jazz,Detroit Pistons,UTA,DET,2027-02-16T02:00:00Z,2027-02-15|UTA|DET,outputs/bbr_schedule_source/20261020T120005000000Z/bbr_nba_2027_schedule_explicit_source.csv
2027-02-15,Washington Wizards,Phoenix Suns,WAS,PHX,2027-02-16T00:00:00Z,2027-02-15|WAS|PHX,outputs/bbr_schedule_source/20261020T120005000000Z/bbr_nba_2027_schedule_explicit_source.csv
2027-02-16,Atlanta Hawks,Toronto Raptors,ATL,TOR,2027-02-17T01:00:00Z,2027-02-16|ATL|TOR,outputs/bbr_schedule_source/20261020T120005000000Z/bbr_nba_2027_schedule_explicit_source.csv
2027-02-16,Cleveland Cavaliers,Milwaukee Bucks,CLE,MIL,2027-02-17T00:00:00Z,2027-02-16|CLE|MIL,outputs/bbr_schedule_source/20261020T120005000000Z/bbr_nba_2027_schedule_explicit_source.csv
2027-02-16,Los Angeles Clippers,Houston Rockets,LAC,HOU,2027-02-17T04:00:00Z,2027-02-16|LAC|HOU,outputs/bbr_schedule_source/20261020T120005000000Z/bbr_nba_2027_schedule_explicit_source.csv
2027-02-16,Los Angeles Lakers,Chicago Bulls,LAL,CHI,2027-02-17T03:00:00Z,2027-02-16|LAL|CHI,outputs/bbr_schedule_source/20261020T120005000000Z/bbr_nba_2027_schedule_explicit_source.csv
2027-02-16,Portland Trail Blazers,New Orleans Pelicans,POR,NOP,2027-02-17T03:00:00Z,2027-02-16|POR|NOP,outputs/bbr_schedule_source/20261020T120005000000Z/bbr_nba_2027_schedule_explicit_source.csv
2027-02-17,Brooklyn Nets,Atlanta Hawks,BRK,ATL,2027-02-18T00:30:00Z,2027-02-17|BRK|ATL,outputs/bbr_schedule_source/20261020T120005000000Z/bbr_nba_2027_schedule_explicit_source.csv
2027-02-17,Charlotte Hornets,Toronto Raptors,CHO,TOR,2027-02-18T00:00:00Z,2027-02-17|CHO|TOR,outputs/bbr_schedule_source/20261020T120005000000Z/bbr_nba_2027_schedule_explicit_source.csv
2027-02-17,Cleveland Cavaliers,Milwaukee Bucks,CLE,MIL,2027-02-18T00:00:00Z,2027-02-17|CLE|MIL,outputs/bbr_schedule_source/20261020T120005000000Z/bbr_nba_2027_schedule_explicit_source.csv
2027-02-17,Denver Nuggets,Utah Jazz,DEN,UTA,2027-02-18T02:00:00Z,2027-02-17|DEN|UTA,outputs/bbr_schedule_source/20261020T120005000000Z/bbr_nba_2027_schedule_explicit_source.csv
2027-02-17,Detroit Pistons,New York Knicks,DET,NYK,2027-02-18T00:00:00Z,2027-02-17|DET|NYK,outputs/bbr_schedule_source/20261020T120005000000Z/bbr_nba_2027_schedule_explicit_source.csv
2027-02-17,Golden State Warriors,New Orleans Pelicans,GSW,NOP,2027-02-18T03:00:00Z,2027-02-17|GSW|NOP,outputs/bbr_schedule_source/20261020T120005000000Z/bbr_nba_2027_schedule_explicit_source.csv
2027-02-17,Los Angeles Clippers,Chicago Bulls,LAC,CHI,2027-02-18T03:30:00Z,2027-02-17|LAC|CHI,outputs/bbr_schedule_source/20261020T120005000000Z/bbr_nba_2027_schedule_explicit_source.csv
2027-02-17,Memphis Grizzlies,San Antonio Spurs,MEM,SAS,2027-02-18T01:00:00Z,2027-02-17|MEM|SAS,outputs/bbr_schedule_source/20261020T120005000000Z/bbr_nba_2027_schedule_explicit_source.csv
2027-02-17,Oklahoma City Thunder,Boston Celtics,OKC,BOS,2027-02-18T02:30:00Z,2027-02-17|OKC|BOS,outputs/bbr_schedule_source/20261020T120005000000Z/bbr_nba_2027_schedule_explicit_source.csv
2027-02-17,Orlando Magic,Dallas Mavericks,ORL,DAL,2027-02-18T00:00:00Z,2027-02-17|ORL|DAL,outputs/bbr_schedule_source/20261020T120005000000Z/bbr_nba_2027_schedule_explicit_source.csv
2027-02-17,Philadelphia 76ers,Phoenix Suns,PHI,PHX,2027-02-18T00:00:00Z,2027-02-17|PHI|PHX,outputs/bbr_schedule_source/20261020T120005000000Z/bbr_nba_2027_schedule_explicit_source.csv
2027-02-17,Sacramento Kings,Indiana Pacers,SAC,IND,2027-02-18T03:00:00Z,2027-02-17|SAC|IND,outputs/bbr_schedule_source/20261020T120005000000Z/bbr_nba_2027_schedule_explicit_source.csv
2027-02-17,Washington Wizards,Miami Heat,WAS,MIA,2027-02-18T00:00:00Z,2027-02-17|WAS|MIA,outputs/bbr_schedule_source/20261020T120005000000Z/bbr_nba_2027_schedule_explicit_source.csv
2027-02-18,Los Angeles Lakers,Houston Rockets,LAL,HOU,2027-02-19T03:00:00Z,2027-02-18|LAL|HOU,outputs/bbr_schedule_source/20261020T120005000000Z/bbr_nba_2027_schedule_explicit_source.csv
2027-02-18,Memphis Grizzlies,Boston Celtics,MEM,BOS,2027-02-19T01:00:00Z,2027-02-18|MEM|BOS,outputs/bbr_schedule_source/20261020T120005000000Z/bbr_nba_2027_schedule_explicit_source.csv
2027-02-18,Minnesota Timberwolves,San Antonio Spurs,MIN,SAS,2027-02-19T00:30:00Z,2027-02-18|MIN|SAS,outputs/bbr_schedule_source/20261020T120005000000Z/bbr_nba_2027_schedule_explicit_source.csv
2027-02-18,Portland Trail Blazers,Indiana Pacers,POR,IND,2027-02-19T03:00:00Z,2027-02-18|POR|IND,outputs/bbr_schedule_source/20261020T120005000000Z/bbr_nba_2027_schedule_explicit_source.csv
2027-02-25,Brooklyn Nets,Philadelphia 76ers,BRK,PHI,2027-02-26T00:30:00Z,2027-02-25|BRK|PHI,outputs/bbr_schedule_source/20261020T120005000000Z/bbr_nba_2027_schedule_explicit_source.csv
2027-02-25,Chicago Bulls,Atlanta Hawks,CHI,ATL,2027-02-26T01:00:00Z,2027-02-25|CHI|ATL,outputs/bbr_schedule_source/20261020T120005000000Z/bbr_nba_2027_schedule_explicit_source.csv
2027-02-25,Cleveland Cavaliers,Sacramento Kings,CLE,SAC,2027-02-26T00:00:00Z,2027-02-25|CLE|SAC,outputs/bbr_schedule_source/20261020T120005000000Z/bbr_nba_2027_schedule_explicit_source.csv
2027-02-25,Detroit Pistons,Miami Heat,DET,MIA,2027-02-26T00:00:00Z,2027-02-25|DET|MIA,outputs/bbr_schedule_source/20261020T120005000000Z/bbr_nba_2027_schedule_explicit_source.csv
2027-02-25,Golden State Warriors,Dallas Mavericks,GSW,DAL,2027-02-26T03:00:00Z,2027-02-25|GSW|DAL,outputs/bbr_schedule_source/20261020T120005000000Z/bbr_nba_2027_schedule_explicit_source.csv
2027-02-25,Los Angeles Clippers,Utah Jazz,LAC,UTA,2027-02-26T03:30:00Z,2027-02-25|LAC|UTA,outputs/bbr_schedule_source/20261020T120005000000Z/bbr_nba_2027_schedule_explicit_source.csv
2027-02-25,Milwaukee Bucks,Washington Wizards,MIL,WAS,2027-02-26T01:00:00Z,2027-02-25|MIL|WAS,outputs/bbr_schedule_source/20261020T120005000000Z/bbr_nba_2027_schedule_explicit_source.csv
2027-02-25,New Orleans Pelicans,Phoenix Suns,NOP,PHX,2027-02-26T01:00:00Z,2027-02-25|NOP|PHX,outputs/bbr_schedule_source/20261020T120005000000Z/bbr_nba_2027_schedule_explicit_source.csv
2027-02-25,New York Knicks,Oklahoma City Thunder,NYK,OKC,2027-02-26T00:30:00Z,2027-02-25|NYK|OKC,outputs/bbr_schedule_source/20261020T120005000000Z/bbr_nba_2027_schedule_explicit_source.csv
2027-02-25,Orlando Magic,Charlotte Hornets,ORL,CHO,2027-02-26T00:00:00Z,2027-02-25|ORL|CHO,outputs/bbr_schedule_source/20261020T120005000000Z/bbr_nba_2027_schedule_explicit_source.csv
2027-02-26,Boston Celtics,Cleveland Cavaliers,BOS,CLE,2027-02-27T00:30:00Z,2027-02-26|BOS|CLE,outputs/bbr_schedule_source/20261020T120005000000Z/bbr_nba_2027_schedule_explicit_source.csv
2027-02-26,Denver Nuggets,Los Angeles Lakers,DEN,LAL,2027-02-27T03:00:00Z,2027-02-26|DEN|LAL,outputs/bbr_schedule_source/20261020T120005000000Z/bbr_nba_2027_schedule_explicit_source.csv
2027-02-26,Houston Rockets,Charlotte Hornets,HOU,CHO,2027-02-27T01:30:00Z,2027-02-26|HOU|CHO,outputs/bbr_schedule_source/20261020T120005000000Z/bbr_nba_2027_schedule_explicit_source.csv
2027-02-26,Minnesota Timberwolves,Indiana Pacers,MIN,IND,2027-02-27T01:00:00Z,2027-02-26|MIN|IND,outputs/bbr_schedule_source/20261020T120005000000Z/bbr_nba_2027_schedule_explicit_source.csv
2027-02-26,Portland Trail Blazers,Dallas Mavericks,POR,DAL,2027-02-27T03:00:00Z,2027-02-26|POR|DAL,outputs/bbr_schedule_source/20261020T120005000000Z/bbr_nba_2027_schedule_explicit_source.csv
2027-02-26,San Antonio Spurs,Memphis Grizzlies,SAS,MEM,2027-02-27T01:00:00Z,2027-02-26|SAS|MEM,outputs/bbr_schedule_source/20261020T120005000000Z/bbr_nba_2027_schedule_explicit_source.csv
2027-02-26,Toronto Raptors,Atlanta Hawks,TOR,ATL,2027-02-27T00:30:00Z,2027-02-26|TOR|ATL,outputs/bbr_schedule_source/20261020T120005000000Z/bbr_nba_2027_schedule_explicit_source.csv
2027-02-27,Chicago Bulls,Brooklyn Nets,CHI,BRK,2027-02-28T01:00:00Z,2027-02-27|CHI|BRK,outputs/bbr_schedule_source/20261020T120005000000Z/bbr_nba_2027_schedule_explicit_source.csv
2027-02-27,Detroit Pistons,Oklahoma City Thunder,DET,OKC,2027-02-27T22:30:00Z,2027-02-27|DET|OKC,outputs/bbr_schedule_source/20261020T120005000000Z/bbr_nba_2027_schedule_explicit_source.csv
2027-02-27,Memphis Grizzlies,Sacramento Kings,MEM,SAC,2027-02-28T01:00:00Z,2027-02-27|MEM|SAC,outputs/bbr_schedule_source/20261020T120005000000Z/bbr_nba_2027_schedule_explicit_source.csv
2027-02-27,New York Knicks,Philadelphia 76ers,NYK,PHI,2027-02-28T01:30:00Z,2027-02-27|NYK|PHI,outputs/bbr_schedule_source/20261020T120005000000Z/bbr_nba_2027_schedule_explicit_source.csv
2027-02-27,Phoenix Suns,New Orleans Pelicans,PHX,NOP,2027-02-28T02:00:00Z,2027-02-27|PHX|NOP,outputs/bbr_schedule_source/20261020T120005000000Z/bbr_nba_2027_schedule_explicit_source.csv
2027-02-27,Utah Jazz,Washington Wizards,UTA,WAS,2027-02-27T20:00:00Z,2027-02-27|UTA|WAS,outputs/bbr_schedule_source/20261020T120005000000Z/bbr_nba_2027_schedule_explicit_source.csv
2027-02-28,Charlotte Hornets,Sacramento Kings,CHO,SAC,2027-03-01T00:00:00Z,2027-02-28|CHO|SAC,outputs/bbr_schedule_source/20261020T120005000000Z/bbr_nba_2027_schedule_explicit_source.csv
2027-02-28,Dallas Mavericks,Los Angeles Lakers,DAL,LAL,2027-02-28T20:30:00Z,2027-02-28|DAL|LAL,outputs/bbr_schedule_source/20261020T120005000000Z/bbr_nba_2027_schedule_explicit_source.csv
2027-02-28,Houston Rockets,Miami Heat,HOU,MIA,2027-03-01T02:30:00Z,2027-02-28|HOU|MIA,outputs/bbr_schedule_source/20261020T120005000000Z/bbr_nba_2027_schedule_explicit_source.csv
2027-02-28,Indiana Pacers,Toronto Raptors,IND,TOR,2027-02-28T21:00:00Z,2027-02-28|IND|TOR,outputs/bbr_schedule_source/20261020T120005000000Z/bbr_nba_2027_schedule_explicit_source.csv
2027-02-28,Los Angeles Clippers,Portland Trail Blazers,LAC,POR,2027-03-01T03:30:00Z,2027-02-28|LAC|POR,outputs/bbr_schedule_source/20261020T120005000000Z/bbr_nba_2027_schedule_explicit_source.csv
2027-02-28,Minnesota Timberwolves,Boston Celtics,MIN,BOS,2027-03-01T00:00:00Z,2027-02-28|MIN|BOS,outputs/bbr_schedule_source/20261020T120005000000Z/bbr_nba_2027_schedule_explicit_source.csv
2027-02-28,New York Knicks,Milwaukee Bucks,NYK,MIL,2027-03-01T00:30:00Z,2027-02-28|NYK|MIL,outputs/bbr_schedule_source/20261020T120005000000Z/bbr_nba_2027_schedule_explicit_source.csv
2027-02-28,Orlando Magic,Atlanta Hawks,ORL,ATL,2027-02-28T21:30:00Z,2027-02-28|ORL|ATL,outputs/bbr_schedule_source/20261020T120005000000Z/bbr_nba_2027_schedule_explicit_source.csv
2027-02-28,San Antonio Spurs,Denver Nuggets,SAS,DEN,2027-02-28T18:00:00Z,2027-02-28|SAS|DEN,outputs/bbr_schedule_source/20261020T120005000000Z/bbr_nba_2027_schedule_explicit_source.csv
2027-03-01,Cleveland Cavaliers,Philadelphia 76ers,CLE,PHI,2027-03-02T00:00:00Z,2027-03-01|CLE|PHI,outputs/bbr_schedule_source/20261020T120005000000Z/bbr_nba_2027_schedule_explicit_source.csv
2027-03-01,Denver Nuggets,Brooklyn Nets,DEN,BRK,2027-03-02T02:00:00Z,2027-03-01|DEN|BRK,outputs/bbr_schedule_source/20261020T120005000000Z/bbr_nba_2027_schedule_explicit_source.csv
2027-03-01,Detroit Pistons,Chicago Bulls,DET,CHI,2027-03-02T00:00:00Z,2027-03-01|DET|CHI,outputs/bbr_schedule_source/20261020T120005000000Z/bbr_nba_2027_schedule_explicit_source.csv
2027-03-01,Houston Rockets,Golden State Warriors,HOU,GSW,2027-03-02T01:30:00Z,2027-03-01|HOU|GSW,outputs/bbr_schedule_source/20261020T120005000000Z/bbr_nba_2027_schedule_explicit_source.csv
2027-03-01,New Orleans Pelicans,Utah Jazz,NOP,UTA,2027-03-02T01:00:00Z,2027-03-01|NOP|UTA,outputs/bbr_schedule_source/20261020T120005000000Z/bbr_nba_2027_schedule_explicit_source.csv
2027-03-01,Phoenix Suns,Washington Wizards,PHX,WAS,2027-03-02T02:30:00Z,2027-03-01|PHX|WAS,outputs/bbr_schedule_source/20261020T120005000000Z/bbr_nba_2027_schedule_explicit_source.csv
2027-03-02,Dallas Mavericks,Golden State Warriors,DAL,GSW,2027-03-03T01:00:00Z,2027-03-02|DAL|GSW,outputs/bbr_schedule_source/20261020T120005000000Z/bbr_nba_2027_schedule_explicit_source.csv
2027-03-02,Indiana Pacers,Boston Celtics,IND,BOS,2027-03-03T00:00:00Z,2027-03-02|IND|BOS,outputs/bbr_schedule_source/20261020T120005000000Z/bbr_nba_2027_schedule_explicit_source.csv
2027-03-02,Miami Heat,Toronto Raptors,MIA,TOR,2027-03-03T00:30:00Z,2027-03-02|MIA|TOR,outputs/bbr_schedule_source/20261020T120005000000Z/bbr_nba_2027_schedule_explicit_source.csv
2027-03-02,Milwaukee Bucks,Detroit Pistons,MIL,DET,2027-03-03T01:00:00Z,2027-03-02|MIL|DET,outputs/bbr_schedule_source/20261020T120005000000Z/bbr_nba_2027_schedule_explicit_source.csv
2027-03-02,New York Knicks,Memphis Grizzlies,NYK,MEM,2027-03-03T00:30:00Z,2027-03-02|NYK|MEM,outputs/bbr_schedule_source/20261020T120005000000Z/bbr_nba_2027_schedule_explicit_source.csv
2027-03-02,Oklahoma City Thunder,Minnesota Timberwolves,OKC,MIN,2027-03-03T01:00:00Z,2027-03-02|OKC|MIN,outputs/bbr_schedule_source/20261020T120005000000Z/bbr_nba_2027_schedule_explicit_source.csv
2027-03-02,Orlando Magic,Los Angeles Lakers,ORL,LAL,2027-03-03T00:00:00Z,2027-03-02|ORL|LAL,outputs/bbr_schedule_source/20261020T120005000000Z/bbr_nba_2027_schedule_explicit_source.csv
2027-03-02,Portland Trail Blazers,Los Angeles Clippers,POR,LAC,2027-03-03T04:00:00Z,2027-03-02|POR|LAC,outputs/bbr_schedule_source/20261020T120005000000Z/bbr_nba_2027_schedule_explicit_source.csv
2027-03-02,Sacramento Kings,Washington Wizards,SAC,WAS,2027-03-03T03:00:00Z,2027-03-02|SAC|WAS,outputs/bbr_schedule_source/20261020T120005000000Z/bbr_nba_2027_schedule_explicit_source.csv
2027-03-03,Atlanta Hawks,Chicago Bulls,ATL,CHI,2027-03-04T00:00:00Z,2027-03-03|ATL|CHI,outputs/bbr_schedule_source/20261020T120005000000Z/bbr_nba_2027_schedule_explicit_source.csv
2027-03-03,Denver Nuggets,San Antonio Spurs,DEN,SAS,2027-03-04T03:00:00Z,2027-03-03|DEN|SAS,outputs/bbr_schedule_source/20261020T120005000000Z/bbr_nba_2027_schedule_explicit_source.csv
2027-03-03,Houston Rockets,New Orleans Pelicans,HOU,NOP,2027-03-04T01:30:00Z,2027-03-03|HOU|NOP,outputs/bbr_schedule_source/20261020T120005000000Z/bbr_nba_2027_schedule_explicit_source.csv
2027-03-03,Miami Heat,Toronto Raptors,MIA,TOR,2027-03-04T00:30:00Z,2027-03-03|MIA|TOR,outputs/bbr_schedule_source/20261020T120005000000Z/bbr_nba_2027_schedule_explicit_source.csv
2027-03-03,Milwaukee Bucks,Utah Jazz,MIL,UTA,2027-03-04T01:00:00Z,2027-03-03|MIL|UTA,outputs/bbr_schedule_source/20261020T120005000000Z/bbr_nba_2027_schedule_explicit_source.csv
2027-03-03,Philadelphia 76ers,Charlotte Hornets,PHI,CHO,2027-03-04T00:00:00Z,2027-03-03|PHI|CHO,outputs/bbr_schedule_source/20261020T120005000000Z/bbr_nba_2027_schedule_explicit_source.csv
2027-03-03,Phoenix Suns,Brooklyn Nets,PHX,BRK,2027-03-04T02:00:00Z,2027-03-03|PHX|BRK,outputs/bbr_schedule_source/20261020T120005000000Z/bbr_nba_2027_schedule_explicit_source.csv
2027-03-04,Atlanta Hawks,Memphis Grizzlies,ATL,MEM,2027-03-05T00:30:00Z,2027-03-04|ATL|MEM,outputs/bbr_schedule_source/20261020T120005000000Z/bbr_nba_2027_schedule_explicit_source.csv
2027-03-04,Cleveland Cavaliers,Portland Trail Blazers,CLE,POR,2027-03-05T00:00:00Z,2027-03-04|CLE|POR,outputs/bbr_schedule_source/20261020T120005000000Z/bbr_nba_2027_schedule_explicit_source.csv
2027-03-04,Dallas Mavericks,New York Knicks,DAL,NYK,2027-03-05T02:30:00Z,2027-03-04|DAL|NYK,outputs/bbr_schedule_source/20261020T120005000000Z/bbr_nba_2027_schedule_explicit_source.csv
2027-03-04,Golden State Warriors,Washington Wizards,GSW,WAS,2027-03-05T03:00:00Z,2027-03-04|GSW|WAS,outputs/bbr_schedule_source/20261020T120005000000Z/bbr_nba_2027_schedule_explicit_source.csv
2027-03-04,Los Angeles Clippers,Brooklyn Nets,LAC,BRK,2027-03-05T03:30:00Z,2027-03-04|LAC|BRK,outputs/bbr_schedule_source/20261020T120005000000Z/bbr_nba_2027_schedule_explicit_source.csv
2027-03-04,Orlando Magic,Indiana Pacers,ORL,IND,2027-03-05T00:00:00Z,2027-03-04|ORL|IND,outputs/bbr_schedule_source/20261020T120005000000Z/bbr_nba_2027_schedule_explicit_source.csv
2027-03-04,Philadelphia 76ers,Los Angeles Lakers,PHI,LAL,2027-03-05T00:00:00Z,2027-03-04|PHI|LAL,outputs/bbr_schedule_source/20261020T120005000000Z/bbr_nba_2027_schedule_explicit_source.csv
2027-03-04,Sacramento Kings,Oklahoma City Thunder,SAC,OKC,2027-03-05T03:00:00Z,2027-03-04|SAC|OKC,outputs/bbr_schedule_source/20261020T120005000000Z/bbr_nba_2027_schedule_explicit_source.csv
2027-03-05,Detroit Pistons,Boston Celtics,DET,BOS,2027-03-06T00:00:00Z,2027-03-05|DET|BOS,outputs/bbr_schedule_source/20261020T120005000000Z/bbr_nba_2027_schedule_explicit_source.csv
2027-03-05,Houston Rockets,San Antonio Spurs,HOU,SAS,2027-03-06T02:30:00Z,2027-03-05|HOU|SAS,outputs/bbr_schedule_source/20261020T120005000000Z/bbr_nba_2027_schedule_explicit_source.csv
2027-03-05,New Orleans Pelicans,Milwaukee Bucks,NOP,MIL,2027-03-06T01:00:00Z,2027-03-05|NOP|MIL,outputs/bbr_schedule_source/20261020T120005000000Z/bbr_nba_2027_schedule_explicit_source.csv
2027-03-05,Orlando Magic,Utah Jazz,ORL,UTA,2027-03-06T00:00:00Z,2027-03-05|ORL|UTA,outputs/bbr_schedule_source/20261020T120005000000Z/bbr_nba_2027_schedule_explicit_source.csv
2027-03-05,Phoenix Suns,Minnesota Timberwolves,PHX,MIN,2027-03-06T02:00:00Z,2027-03-05|PHX|MIN,outputs/bbr_schedule_source/20261020T120005000000Z/bbr_nba_2027_schedule_explicit_source.csv
2027-03-05,Toronto Raptors,Portland Trail Blazers,TOR,POR,2027-03-06T00:30:00Z,2027-03-05|TOR|POR,outputs/bbr_schedule_source/20261020T120005000000Z/bbr_nba_2027_schedule_explicit_source.csv
2027-03-06,Chicago Bulls,Charlotte Hornets,CHI,CHO,2027-03-06T22:00:00Z,2027-03-06|CHI|CHO,outputs/bbr_schedule_source/20261020T120005000000Z/bbr_nba_2027_schedule_explicit_source.csv
2027-03-06,Cleveland Cavaliers,Atlanta Hawks,CLE,ATL,2027-03-06T22:30:00Z,2027-03-06|CLE|ATL,outputs/bbr_schedule_source/20261020T120005000000Z/bbr_nba_2027_schedule_explicit_source.csv
2027-03-06,Los Angeles Lakers,Oklahoma City Thunder,LAL,OKC,2027-03-07T01:30:00Z,2027-03-06|LAL|OKC,outputs/bbr_schedule_source/20261020T120005000000Z/bbr_nba_2027_schedule_explicit_source.csv
2027-03-06,Memphis Grizzlies,New Orleans Pelicans,MEM,NOP,2027-03-07T01:00:00Z,2027-03-06|MEM|NOP,outputs/bbr_schedule_source/20261020T120005000000Z/bbr_nba_2027_schedule_explicit_source.csv
2027-03-06,Miami Heat,Indiana Pacers,MIA,IND,2027-03-06T20:00:00Z,2027-03-06|MIA|IND,outputs/bbr_schedule_source/20261020T120005000000Z/bbr_nba_2027_schedule_explicit_source.csv
2027-03-06,Sacramento Kings,Los Angeles Clippers,SAC,LAC,2027-03-07T03:00:00Z,2027-03-06|SAC|LAC,outputs/bbr_schedule_source/20261020T120005000000Z/bbr_nba_2027_schedule_explicit_source.csv
2027-03-06,Washington Wizards,Utah Jazz,WAS,UTA,2027-03-07T00:00:00Z,2027-03-06|WAS|UTA,outputs/bbr_schedule_source/20261020T120005000000Z/bbr_nba_2027_schedule_explicit_source.csv
2027-03-07,Boston Celtics,Philadelphia 76ers,BOS,PHI,2027-03-07T18:00:00Z,2027-03-07|BOS|PHI,outputs/bbr_schedule_source/20261020T120005000000Z/bbr_nba_2027_schedule_explicit_source.csv
2027-03-07,Chicago Bulls,Portland Trail Blazers,CHI,POR,2027-03-07T22:00:00Z,2027-03-07|CHI|POR,outputs/bbr_schedule_source/20261020T120005000000Z/bbr_nba_2027_schedule_explicit_source.csv
2027-03-07,Denver Nuggets,Minnesota Timberwolves,DEN,MIN,2027-03-07T20:30:00Z,2027-03-07|DEN|MIN,outputs/bbr_schedule_source/20261020T120005000000Z/bbr_nba_2027_schedule_explicit_source.csv
2027-03-07,Golden State Warriors,Houston Rockets,GSW,HOU,2027-03-08T03:00:00Z,2027-03-07|GSW|HOU,outputs/bbr_schedule_source/20261020T120005000000Z/bbr_nba_2027_schedule_explicit_source.csv
2027-03-07,Los Angeles Lakers,Brooklyn Nets,LAL,BRK,2027-03-08T03:30:00Z,2027-03-07|LAL|BRK,outputs/bbr_schedule_source/20261020T120005000000Z/bbr_nba_2027_schedule_explicit_source.csv
2027-03-07,San Antonio Spurs,New York Knicks,SAS,NYK,2027-03-08T00:30:00Z,2027-03-07|SAS|NYK,outputs/bbr_schedule_source/20261020T120005000000Z/bbr_nba_2027_schedule_explicit_source.csv
2027-03-08,Indiana Pacers,Charlotte Hornets,IND,CHO,2027-03-09T00:00:00Z,2027-03-08|IND|CHO,outputs/bbr_schedule_source/20261020T120005000000Z/bbr_nba_2027_schedule_explicit_source.csv
2027-03-08,Los Angeles Clippers,Houston Rockets,LAC,HOU,2027-03-09T03:30:00Z,2027-03-08|LAC|HOU,outputs/bbr_schedule_source/20261020T120005000000Z/bbr_nba_2027_schedule_explicit_source.csv
2027-03-08,Memphis Grizzlies,Atlanta Hawks,MEM,ATL,2027-03-09T01:00:00Z,2027-03-08|MEM|ATL,outputs/bbr_schedule_source/20261020T120005000000Z/bbr_nba_2027_schedule_explicit_source.csv
2027-03-08,Miami Heat,Phoenix Suns,MIA,PHX,2027-03-09T00:30:00Z,2027-03-08|MIA|PHX,outputs/bbr_schedule_source/20261020T120005000000Z/bbr_nba_2027_schedule_explicit_source.csv
2027-03-08,Minnesota Timberwolves,New Orleans Pelicans,MIN,NOP,2027-03-09T01:00:00Z,2027-03-08|MIN|NOP,outputs/bbr_schedule_source/20261020T120005000000Z/bbr_nba_2027_schedule_explicit_source.csv
2027-03-08,Oklahoma City Thunder,Dallas Mavericks,OKC,DAL,2027-03-09T02:30:00Z,2027-03-08|OKC|DAL,outputs/bbr_schedule_source/20261020T120005000000Z/bbr_nba_2027_schedule_explicit_source.csv
2027-03-08,Philadelphia 76ers,Utah Jazz,PHI,UTA,2027-03-09T00:00:00Z,2027-03-08|PHI|UTA,outputs/bbr_schedule_source/20261020T120005000000Z/bbr_nba_2027_schedule_explicit_source.csv
2027-03-08,Sacramento Kings,Denver Nuggets,SAC,DEN,2027-03-09T03:00:00Z,2027-03-08|SAC|DEN,outputs/bbr_schedule_source/20261020T120005000000Z/bbr_nba_2027_schedule_explicit_source.csv
2027-03-09,Brooklyn Nets,Milwaukee Bucks,BRK,MIL,2027-03-10T00:30:00Z,2027-03-09|BRK|MIL,outputs/bbr_schedule_source/20261020T120005000000Z/bbr_nba_2027_schedule_explicit_source.csv
2027-03-09,Chicago Bulls,Boston Celtics,CHI,BOS,2027-03-10T01:00:00Z,2027-03-09|CHI|BOS,outputs/bbr_schedule_source/20261020T120005000000Z/bbr_nba_2027_schedule_explicit_source.csv
2027-03-09,Dallas Mavericks,Memphis Grizzlies,DAL,MEM,2027-03-10T01:00:00Z,2027-03-09|DAL|MEM,outputs/bbr_schedule_source/20261020T120005000000Z/bbr_nba_2027_schedule_explicit_source.csv
2027-03-09,Detroit Pistons,Cleveland Cavaliers,DET,CLE,2027-03-10T01:00:00Z,2027-03-09|DET|CLE,outputs/bbr_schedule_source/20261020T120005000000Z/bbr_nba_2027_schedule_explicit_source.csv
2027-03-09,Golden State Warriors,Portland Trail Blazers,GSW,POR,2027-03-10T04:00:00Z,2027-03-09|GSW|POR,outputs/bbr_schedule_source/20261020T120005000000Z/bbr_nba_2027_schedule_explicit_source.csv
2027-03-09,Orlando Magic,Phoenix Suns,ORL,PHX,2027-03-10T00:00:00Z,2027-03-09|ORL|PHX,outputs/bbr_schedule_source/20261020T120005000000Z/bbr_nba_2027_schedule_explicit_source.csv
2027-03-09,San Antonio Spurs,Washington Wizards,SAS,WAS,2027-03-10T01:00:00Z,2027-03-09|SAS|WAS,outputs/bbr_schedule_source/20261020T120005000000Z/bbr_nba_2027_schedule_explicit_source.csv
2027-03-10,Charlotte Hornets,New Orleans Pelicans,CHO,NOP,2027-03-11T00:00:00Z,2027-03-10|CHO|NOP,outputs/bbr_schedule_source/20261020T120005000000Z/bbr_nba_2027_schedule_explicit_source.csv
2027-03-10,Los Angeles Clippers,New York Knicks,LAC,NYK,2027-03-11T03:30:00Z,2027-03-10|LAC|NYK,outputs/bbr_schedule_source/20261020T120005000000Z/bbr_nba_2027_schedule_explicit_source.csv
2027-03-10,Miami Heat,Orlando Magic,MIA,ORL,2027-03-11T00:00:00Z,2027-03-10|MIA|ORL,outputs/bbr_schedule_source/20261020T120005000000Z/bbr_nba_2027_schedule_explicit_source.csv
2027-03-10,Minnesota Timberwolves,Atlanta Hawks,MIN,ATL,2027-03-11T02:30:00Z,2027-03-10|MIN|ATL,outputs/bbr_schedule_source/20261020T120005000000Z/bbr_nba_2027_schedule_explicit_source.csv
2027-03-10,Portland Trail Blazers,Denver Nuggets,POR,DEN,2027-03-11T03:00:00Z,2027-03-10|POR|DEN,outputs/bbr_schedule_source/20261020T120005000000Z/bbr_nba_2027_schedule_explicit_source.csv
2027-03-10,Sacramento Kings,Golden State Warriors,SAC,GSW,2027-03-11T03:00:00Z,2027-03-10|SAC|GSW,outputs/bbr_schedule_source/20261020T120005000000Z/bbr_nba_2027_schedule_explicit_source.csv
2027-03-10,Toronto Raptors,Oklahoma City Thunder,TOR,OKC,2027-03-11T00:30:00Z,2027-03-10|TOR|OKC,outputs/bbr_schedule_source/20261020T120005000000Z/bbr_nba_2027_schedule_explicit_source.csv
2027-03-10,Utah Jazz,Houston Rockets,UTA,HOU,2027-03-11T02:00:00Z,2027-03-10|UTA|HOU,outputs/bbr_schedule_source/20261020T120005000000Z/bbr_nba_2027_schedule_explicit_source.csv
2027-03-11,Atlanta Hawks,Brooklyn Nets,ATL,BRK,2027-03-12T01:00:00Z,2027-03-11|ATL|BRK,outputs/bbr_schedule_source/20261020T120005000000Z/bbr_nba_2027_schedule_explicit_source.csv
2027-03-11,Boston Celtics,Memphis Grizzlies,BOS,MEM,2027-03-12T00:30:00Z,2027-03-11|BOS|MEM,outputs/bbr_schedule_source/20261020T120005000000Z/bbr_nba_2027_schedule_explicit_source.csv
2027-03-11,Chicago Bulls,Phoenix Suns,CHI,PHX,2027-03-12T01:00:00Z,2027-03-11|CHI|PHX,outputs/bbr_schedule_source/20261020T120005000000Z/bbr_nba_2027_schedule_explicit_source.csv
2027-03-11,Charlotte Hornets,Indiana Pacers,CHO,IND,2027-03-12T00:00:00Z,2027-03-11|CHO|IND,outputs/bbr_schedule_source/20261020T120005000000Z/bbr_nba_2027_schedule_explicit_source.csv
2027-03-11,Dallas Mavericks,Washington Wizards,DAL,WAS,2027-03-12T01:00:00Z,2027-03-11|DAL|WAS,outputs/bbr_schedule_source/20261020T120005000000Z/bbr_nba_2027_schedule_explicit_source.csv
2027-03-11,Detroit Pistons,Milwaukee Bucks,DET,MIL,2027-03-12T00:00:00Z,2027-03-11|DET|MIL,outputs/bbr_schedule_source/20261020T120005000000Z/bbr_nba_2027_schedule_explicit_source.csv
2027-03-11,Los Angeles Clippers,Cleveland Cavaliers,LAC,CLE,2027-03-12T03:30:00Z,2027-03-11|LAC|CLE,outputs/bbr_schedule_source/20261020T120005000000Z/bbr_nba_2027_schedule_explicit_source.csv
2027-03-11,Los Angeles Lakers,New York Knicks,LAL,NYK,2027-03-12T03:00:00Z,2027-03-11|LAL|NYK,outputs/bbr_schedule_source/20261020T120005000000Z/bbr_nba_2027_schedule_explicit_source.csv
2027-03-11,San Antonio Spurs,Philadelphia 76ers,SAS,PHI,2027-03-12T00:30:00Z,2027-03-11|SAS|PHI,outputs/bbr_schedule_source/20261020T120005000000Z/bbr_nba_2027_schedule_explicit_source.csv
2027-03-12,Boston Celtics,Oklahoma City Thunder,BOS,OKC,2027-03-13T00:30:00Z,2027-03-12|BOS|OKC,outputs/bbr_schedule_source/20261020T120005000000Z/bbr_nba_2027_schedule_explicit_source.csv
2027-03-12,Denver Nuggets,Golden State Warriors,DEN,GSW,2027-03-13T03:00:00Z,2027-03-12|DEN|GSW,outputs/bbr_schedule_source/20261020T120005000000Z/bbr_nba_2027_schedule_explicit_source.csv
2027-03-12,Los Angeles Lakers,Cleveland Cavaliers,LAL,CLE,2027-03-13T03:00:00Z,2027-03-12|LAL|CLE,outputs/bbr_schedule_source/20261020T120005000000Z/bbr_nba_2027_schedule_explicit_source.csv
2027-03-12,Milwaukee Bucks,Miami Heat,MIL,MIA,2027-03-13T01:00:00Z,2027-03-12|MIL|MIA,outputs/bbr_schedule_source/20261020T120005000000Z/bbr_nba_2027_schedule_explicit_source.csv
2027-03-12,New Orleans Pelicans,Toronto Raptors,NOP,TOR,2027-03-13T01:00:00Z,2027-03-12|NOP|TOR,outputs/bbr_schedule_source/20261020T120005000000Z/bbr_nba_2027_schedule_explicit_source.csv
2027-03-12,Utah Jazz,Sacramento Kings,UTA,SAC,2027-03-13T02:30:00Z,2027-03-12|UTA|SAC,outputs/bbr_schedule_source/20261020T120005000000Z/bbr_nba_2027_schedule_explicit_source.csv
2027-03-13,Atlanta Hawks,Orlando Magic,ATL,ORL,2027-03-13T20:00:00Z,2027-03-13|ATL|ORL,outputs/bbr_schedule_source/20261020T120005000000Z/bbr_nba_2027_schedule_explicit_source.csv
2027-03-13,Chicago Bulls,Memphis Grizzlies,CHI,MEM,2027-03-14T01:00:00Z,2027-03-13|CHI|MEM,outputs/bbr_schedule_source/20261020T120005000000Z/bbr_nba_2027_schedule_explicit_source.csv
2027-03-13,Charlotte Hornets,Phoenix Suns,CHO,PHX,2027-03-13T23:00:00Z,2027-03-13|CHO|PHX,outputs/bbr_schedule_source/20261020T120005000000Z/bbr_nba_2027_schedule_explicit_source.csv
2027-03-13,Dallas Mavericks,New Orleans Pelicans,DAL,NOP,2027-03-14T01:00:00Z,2027-03-13|DAL|NOP,outputs/bbr_schedule_source/20261020T120005000000Z/bbr_nba_2027_schedule_explicit_source.csv
2027-03-13,Detroit Pistons,Brooklyn Nets,DET,BRK,2027-03-13T20:00:00Z,2027-03-13|DET|BRK,outputs/bbr_schedule_source/20261020T120005000000Z/bbr_nba_2027_schedule_explicit_source.csv
2027-03-13,Houston Rockets,Indiana Pacers,HOU,IND,2027-03-13T22:30:00Z,2027-03-13|HOU|IND,outputs/bbr_schedule_source/20261020T120005000000Z/bbr_nba_2027_schedule_explicit_source.csv
2027-03-13,Minnesota Timberwolves,Philadelphia 76ers,MIN,PHI,2027-03-14T01:30:00Z,2027-03-13|MIN|PHI,outputs/bbr_schedule_source/20261020T120005000000Z/bbr_nba_2027_schedule_explicit_source.csv
2027-03-13,Portland Trail Blazers,Los Angeles Clippers,POR,LAC,2027-03-14T03:30:00Z,2027-03-13|POR|LAC,outputs/bbr_schedule_source/20261020T120005000000Z/bbr_nba_2027_schedule_explicit_source.csv
2027-03-14,Denver Nuggets,Miami Heat,DEN,MIA,2027-03-14T23:30:00Z,2027-03-14|DEN|MIA,outputs/bbr_schedule_source/20261020T120005000000Z/bbr_nba_2027_schedule_explicit_source.csv
2027-03-14,Los Angeles Lakers,Golden State Warriors,LAL,GSW,2027-03-15T02:00:00Z,2027-03-14|LAL|GSW,outputs/bbr_schedule_source/20261020T120005000000Z/bbr_nba_2027_schedule_explicit_source.csv
2027-03-14,Minnesota Timberwolves,Washington Wizards,MIN,WAS,2027-03-15T00:00:00Z,2027-03-14|MIN|WAS,outputs/bbr_schedule_source/20261020T120005000000Z/bbr_nba_2027_schedule_explicit_source.csv
2027-03-14,New York Knicks,Boston Celtics,NYK,BOS,2027-03-14T16:00:00Z,2027-03-14|NYK|BOS,outputs/bbr_schedule_source/20261020T120005000000Z/bbr_nba_2027_schedule_explicit_source.csv
2027-03-14,Oklahoma City Thunder,San Antonio Spurs,OKC,SAS,2027-03-14T18:30:00Z,2027-03-14|OKC|SAS,outputs/bbr_schedule_source/20261020T120005000000Z/bbr_nba_2027_schedule_explicit_source.csv
2027-03-14,Sacramento Kings,Cleveland Cavaliers,SAC,CLE,2027-03-14T22:00:00Z,2027-03-14|SAC|CLE,outputs/bbr_schedule_source/20261020T120005000000Z/bbr_nba_2027_schedule_explicit_source.csv
2027-03-14,Toronto Raptors,Detroit Pistons,TOR,DET,2027-03-14T21:00:00Z,2027-03-14|TOR|DET,outputs/bbr_schedule_source/20261020T120005000000Z/bbr_nba_2027_schedule_explicit_source.csv
2027-03-15,Brooklyn Nets,Indiana Pacers,BRK,IND,2027-03-15T23:30:00Z,2027-03-15|BRK|IND,outputs/bbr_schedule_source/20261020T120005000000Z/bbr_nba_2027_schedule_explicit_source.csv
2027-03-15,Chicago Bulls,Orlando Magic,CHI,ORL,2027-03-16T00:00:00Z,2027-03-15|CHI|ORL,outputs/bbr_schedule_source/20261020T120005000000Z/bbr_nba_2027_schedule_explicit_source.csv
2027-03-15,Dallas Mavericks,Atlanta Hawks,DAL,ATL,2027-03-16T01:30:00Z,2027-03-15|DAL|ATL,outputs/bbr_schedule_source/20261020T120005000000Z/bbr_nba_2027_schedule_explicit_source.csv
2027-03-15,Memphis Grizzlies,Phoenix Suns,MEM,PHX,2027-03-16T00:00:00Z,2027-03-15|MEM|PHX,outputs/bbr_schedule_source/20261020T120005000000Z/bbr_nba_2027_schedule_explicit_source.csv
2027-03-15,Philadelphia 76ers,Toronto Raptors,PHI,TOR,2027-03-15T23:00:00Z,2027-03-15|PHI|TOR,outputs/bbr_schedule_source/20261020T120005000000Z/bbr_nba_2027_schedule_explicit_source.csv
2027-03-16,Boston Celtics,Sacramento Kings,BOS,SAC,2027-03-16T23:30:00Z,2027-03-16|BOS|SAC,outputs/bbr_schedule_source/20261020T120005000000Z/bbr_nba_2027_schedule_explicit_source.csv
2027-03-16,Golden State Warriors,Cleveland Cavaliers,GSW,CLE,2027-03-17T02:00:00Z,2027-03-16|GSW|CLE,outputs/bbr_schedule_source/20261020T120005000000Z/bbr_nba_2027_schedule_explicit_source.csv
2027-03-16,Houston Rockets,San Antonio Spurs,HOU,SAS,2027-03-17T00:30:00Z,2027-03-16|HOU|SAS,outputs/bbr_schedule_source/20261020T120005000000Z/bbr_nba_2027_schedule_explicit_source.csv
2027-03-16,Indiana Pacers,Detroit Pistons,IND,DET,2027-03-17T00:00:00Z,2027-03-16|IND|DET,outputs/bbr_schedule_source/20261020T120005000000Z/bbr_nba_2027_schedule_explicit_source.csv
2027-03-16,Los Angeles Clippers,Denver Nuggets,LAC,DEN,2027-03-17T03:00:00Z,2027-03-16|LAC|DEN,outputs/bbr_schedule_source/20261020T120005000000Z/bbr_nba_2027_schedule_explicit_source.csv
2027-03-16,Milwaukee Bucks,Orlando Magic,MIL,ORL,2027-03-17T00:00:00Z,2027-03-16|MIL|ORL,outputs/bbr_schedule_source/20261020T120005000000Z/bbr_nba_2027_schedule_explicit_source.csv
2027-03-16,New Orleans Pelicans,Minnesota Timberwolves,NOP,MIN,2027-03-17T00:00:00Z,2027-03-16|NOP|MIN,outputs/bbr_schedule_source/20261020T120005000000Z/bbr_nba_2027_schedule_explicit_source.csv
2027-03-16,Oklahoma City Thunder,Charlotte Hornets,OKC,CHO,2027-03-17T00:00:00Z,2027-03-16|OKC|CHO,outputs/bbr_schedule_source/20261020T120005000000Z/bbr_nba_2027_schedule_explicit_source.csv
2027-03-16,Portland Trail Blazers,Los Angeles Lakers,POR,LAL,2027-03-17T02:00:00Z,2027-03-16|POR|LAL,outputs/bbr_schedule_source/20261020T120005000000Z/bbr_nba_2027_schedule_explicit_source.csv
2027-03-16,Washington Wizards,New York Knicks,WAS,NYK,2027-03-16T23:00:00Z,2027-03-16|WAS|NYK,outputs/bbr_schedule_source/20261020T120005000000Z/bbr_nba_2027_schedule_explicit_source.csv
2027-03-17,Golden State Warriors,Memphis Grizzlies,GSW,MEM,2027-03-18T02:00:00Z,2027-03-17|GSW|MEM,outputs/bbr_schedule_source/20261020T120005000000Z/bbr_nba_2027_schedule_explicit_source.csv
2027-03-17,Houston Rockets,Brooklyn Nets,HOU,BRK,2027-03-18T00:30:00Z,2027-03-17|HOU|BRK,outputs/bbr_schedule_source/20261020T120005000000Z/bbr_nba_2027_schedule_explicit_source.csv
2027-03-17,Los Angeles Lakers,Phoenix Suns,LAL,PHX,2027-03-18T02:00:00Z,2027-03-17|LAL|PHX,outputs/bbr_schedule_source/20261020T120005000000Z/bbr_nba_2027_schedule_explicit_source.csv
2027-03-17,New York Knicks,Sacramento Kings,NYK,SAC,2027-03-17T23:30:00Z,2027-03-17|NYK|SAC,outputs/bbr_schedule_source/20261020T120005000000Z/bbr_nba_2027_schedule_explicit_source.csv
2027-03-17,Oklahoma City Thunder,Dallas Mavericks,OKC,DAL,2027-03-17T23:30:00Z,2027-03-17|OKC|DAL,outputs/bbr_schedule_source/20261020T120005000000Z/bbr_nba_2027_schedule_explicit_source.csv
2027-03-17,Philadelphia 76ers,Chicago Bulls,PHI,CHI,2027-03-17T23:00:00Z,2027-03-17|PHI|CHI,outputs/bbr_schedule_source/20261020T120005000000Z/bbr_nba_2027_schedule_explicit_source.csv
2027-03-17,Portland Trail Blazers,Miami Heat,POR,MIA,2027-03-18T02:00:00Z,2027-03-17|POR|MIA,outputs/bbr_schedule_source/20261020T120005000000Z/bbr_nba_2027_schedule_explicit_source.csv
2027-03-17,Utah Jazz,Atlanta Hawks,UTA,ATL,2027-03-18T01:00:00Z,2027-03-17|UTA|ATL,outputs/bbr_schedule_source/20261020T120005000000Z/bbr_nba_2027_schedule_explicit_source.csv
2027-03-18,Boston Celtics,Orlando Magic,BOS,ORL,2027-03-18T23:30:00Z,2027-03-18|BOS|ORL,outputs/bbr_schedule_source/20261020T120005000000Z/bbr_nba_2027_schedule_explicit_source.csv
2027-03-18,Denver Nuggets,Cleveland Cavaliers,DEN,CLE,2027-03-19T01:00:00Z,2027-03-18|DEN|CLE,outputs/bbr_schedule_source/20261020T120005000000Z/bbr_nba_2027_schedule_explicit_source.csv
2027-03-18,Indiana Pacers,Toronto Raptors,IND,TOR,2027-03-18T23:00:00Z,2027-03-18|IND|TOR,outputs/bbr_schedule_source/20261020T120005000000Z/bbr_nba_2027_schedule_explicit_source.csv
2027-03-18,Los Angeles Clippers,Memphis Grizzlies,LAC,MEM,2027-03-19T02:30:00Z,2027-03-18|LAC|MEM,outputs/bbr_schedule_source/20261020T120005000000Z/bbr_nba_2027_schedule_explicit_source.csv
2027-03-18,Milwaukee Bucks,Detroit Pistons,MIL,DET,2027-03-19T00:00:00Z,2027-03-18|MIL|DET,outputs/bbr_schedule_source/20261020T120005000000Z/bbr_nba_2027_schedule_explicit_source.csv
2027-03-18,New Orleans Pelicans,Charlotte Hornets,NOP,CHO,2027-03-19T00:00:00Z,2027-03-18|NOP|CHO,outputs/bbr_schedule_source/20261020T120005000000Z/bbr_nba_2027_schedule_explicit_source.csv
2027-03-18,San Antonio Spurs,Brooklyn Nets,SAS,BRK,2027-03-19T00:00:00Z,2027-03-18|SAS|BRK,outputs/bbr_schedule_source/20261020T120005000000Z/bbr_nba_2027_schedule_explicit_source.csv
2027-03-18,Utah Jazz,Minnesota Timberwolves,UTA,MIN,2027-03-19T01:00:00Z,2027-03-18|UTA|MIN,outputs/bbr_schedule_source/20261020T120005000000Z/bbr_nba_2027_schedule_explicit_source.csv
2027-03-18,Washington Wizards,Philadelphia 76ers,WAS,PHI,2027-03-18T23:00:00Z,2027-03-18|WAS|PHI,outputs/bbr_schedule_source/20261020T120005000000Z/bbr_nba_2027_schedule_explicit_source.csv
2027-03-19,Golden State Warriors,Portland Trail Blazers,GSW,POR,2027-03-20T02:00:00Z,2027-03-19|GSW|POR,outputs/bbr_schedule_source/20261020T120005000000Z/bbr_nba_2027_schedule_explicit_source.csv
2027-03-19,Los Angeles Lakers,Atlanta Hawks,LAL,ATL,2027-03-20T02:00:00Z,2027-03-19|LAL|ATL,outputs/bbr_schedule_source/20261020T120005000000Z/bbr_nba_2027_schedule_explicit_source.csv
2027-03-19,New Orleans Pelicans,Houston Rockets,NOP,HOU,2027-03-20T00:00:00Z,2027-03-19|NOP|HOU,outputs/bbr_schedule_source/20261020T120005000000Z/bbr_nba_2027_schedule_explicit_source.csv
2027-03-19,Phoenix Suns,Miami Heat,PHX,MIA,2027-03-20T02:30:00Z,2027-03-19|PHX|MIA,outputs/bbr_schedule_source/20261020T120005000000Z/bbr_nba_2027_schedule_explicit_source.csv
2027-03-19,San Antonio Spurs,Dallas Mavericks,SAS,DAL,2027-03-20T00:00:00Z,2027-03-19|SAS|DAL,outputs/bbr_schedule_source/20261020T120005000000Z/bbr_nba_2027_schedule_explicit_source.csv
2027-03-19,Toronto Raptors,Sacramento Kings,TOR,SAC,2027-03-19T23:30:00Z,2027-03-19|TOR|SAC,outputs/bbr_schedule_source/20261020T120005000000Z/bbr_nba_2027_schedule_explicit_source.csv
2027-03-20,Cleveland Cavaliers,Chicago Bulls,CLE,CHI,2027-03-20T23:30:00Z,2027-03-20|CLE|CHI,outputs/bbr_schedule_source/20261020T120005000000Z/bbr_nba_2027_schedule_explicit_source.csv
2027-03-20,Detroit Pistons,Charlotte Hornets,DET,CHO,2027-03-21T00:00:00Z,2027-03-20|DET|CHO,outputs/bbr_schedule_source/20261020T120005000000Z/bbr_nba_2027_schedule_explicit_source.csv
2027-03-20,Los Angeles Clippers,Atlanta Hawks,LAC,ATL,2027-03-21T02:30:00Z,2027-03-20|LAC|ATL,outputs/bbr_schedule_source/20261020T120005000000Z/bbr_nba_2027_schedule_explicit_source.csv
2027-03-20,Memphis Grizzlies,Oklahoma City Thunder,MEM,OKC,2027-03-21T00:00:00Z,2027-03-20|MEM|OKC,outputs/bbr_schedule_source/20261020T120005000000Z/bbr_nba_2027_schedule_explicit_source.csv
2027-03-20,Milwaukee Bucks,Indiana Pacers,MIL,IND,2027-03-21T00:00:00Z,2027-03-20|MIL|IND,outputs/bbr_schedule_source/20261020T120005000000Z/bbr_nba_2027_schedule_explicit_source.csv
2027-03-20,New York Knicks,Washington Wizards,NYK,WAS,2027-03-20T17:00:00Z,2027-03-20|NYK|WAS,outputs/bbr_schedule_source/20261020T120005000000Z/bbr_nba_2027_schedule_explicit_source.csv
2027-03-20,Orlando Magic,Denver Nuggets,ORL,DEN,2027-03-20T23:00:00Z,2027-03-20|ORL|DEN,outputs/bbr_schedule_source/20261020T120005000000Z/bbr_nba_2027_schedule_explicit_source.csv
2027-03-21,Boston Celtics,New Orleans Pelicans,BOS,NOP,2027-03-21T19:00:00Z,2027-03-21|BOS|NOP,outputs/bbr_schedule_source/20261020T120005000000Z/bbr_nba_2027_schedule_explicit_source.csv
2027-03-21,Brooklyn Nets,Sacramento Kings,BRK,SAC,2027-03-21T19:00:00Z,2027-03-21|BRK|SAC,outputs/bbr_schedule_source/20261020T120005000000Z/bbr_nba_2027_schedule_explicit_source.csv
2027-03-21,Los Angeles Lakers,Dallas Mavericks,LAL,DAL,2027-03-22T02:00:00Z,2027-03-21|LAL|DAL,outputs/bbr_schedule_source/20261020T120005000000Z/bbr_nba_2027_schedule_explicit_source.csv
2027-03-21,Miami Heat,Denver Nuggets,MIA,DEN,2027-03-21T22:00:00Z,2027-03-21|MIA|DEN,outputs/bbr_schedule_source/20261020T120005000000Z/bbr_nba_2027_schedule_explicit_source.csv
2027-03-21,Philadelphia 76ers,San Antonio Spurs,PHI,SAS,2027-03-21T23:30:00Z,2027-03-21|PHI|SAS,outputs/bbr_schedule_source/20261020T120005000000Z/bbr_nba_2027_schedule_explicit_source.csv
2027-03-21,Phoenix Suns,Portland Trail Blazers,PHX,POR,2027-03-21T21:00:00Z,2027-03-21|PHX|POR,outputs/bbr_schedule_source/20261020T120005000000Z/bbr_nba_2027_schedule_explicit_source.csv
2027-03-21,Utah Jazz,Toronto Raptors,UTA,TOR,2027-03-21T21:00:00Z,2027-03-21|UTA|TOR,outputs/bbr_schedule_source/20261020T120005000000Z/bbr_nba_2027_schedule_explicit_source.csv
2027-03-22,Chicago Bulls,Sacramento Kings,CHI,SAC,2027-03-23T00:00:00Z,2027-03-22|CHI|SAC,outputs/bbr_schedule_source/20261020T120005000000Z/bbr_nba_2027_schedule_explicit_source.csv
2027-03-22,Cleveland Cavaliers,Houston Rockets,CLE,HOU,2027-03-22T23:00:00Z,2027-03-22|CLE|HOU,outputs/bbr_schedule_source/20261020T120005000000Z/bbr_nba_2027_schedule_explicit_source.csv
2027-03-22,Golden State Warriors,Atlanta Hawks,GSW,ATL,2027-03-23T02:00:00Z,2027-03-22|GSW|ATL,outputs/bbr_schedule_source/20261020T120005000000Z/bbr_nba_2027_schedule_explicit_source.csv
2027-03-22,Los Angeles Clippers,Dallas Mavericks,LAC,DAL,2027-03-23T02:30:00Z,2027-03-22|LAC|DAL,outputs/bbr_schedule_source/20261020T120005000000Z/bbr_nba_2027_schedule_explicit_source.csv
2027-03-22,Memphis Grizzlies,Charlotte Hornets,MEM,CHO,2027-03-23T00:00:00Z,2027-03-22|MEM|CHO,outputs/bbr_schedule_source/20261020T120005000000Z/bbr_nba_2027_schedule_explicit_source.csv
2027-03-22,Milwaukee Bucks,Washington Wizards,MIL,WAS,2027-03-23T00:00:00Z,2027-03-22|MIL|WAS,outputs/bbr_schedule_source/20261020T120005000000Z/bbr_nba_2027_schedule_explicit_source.csv
2027-03-22,Minnesota Timberwolves,Detroit Pistons,MIN,DET,2027-03-23T01:30:00Z,2027-03-22|MIN|DET,outputs/bbr_schedule_source/20261020T120005000000Z/bbr_nba_2027_schedule_explicit_source.csv
2027-03-22,Orlando Magic,Indiana Pacers,ORL,IND,2027-03-22T23:00:00Z,2027-03-22|ORL|IND,outputs/bbr_schedule_source/20261020T120005000000Z/bbr_nba_2027_schedule_explicit_source.csv
2027-03-23,Brooklyn Nets,Boston Celtics,BRK,BOS,2027-03-23T23:30:00Z,2027-03-23|BRK|BOS,outputs/bbr_schedule_source/20261020T120005000000Z/bbr_nba_2027_schedule_explicit_source.csv
2027-03-23,Miami Heat,Los Angeles Lakers,MIA,LAL,2027-03-24T00:00:00Z,2027-03-23|MIA|LAL,outputs/bbr_schedule_source/20261020T120005000000Z/bbr_nba_2027_schedule_explicit_source.csv
2027-03-23,New York Knicks,New Orleans Pelicans,NYK,NOP,2027-03-23T23:30:00Z,2027-03-23|NYK|NOP,outputs/bbr_schedule_source/20261020T120005000000Z/bbr_nba_2027_schedule_explicit_source.csv
2027-03-23,Phoenix Suns,Oklahoma City Thunder,PHX,OKC,2027-03-24T03:00:00Z,2027-03-23|PHX|OKC,outputs/bbr_schedule_source/20261020T120005000000Z/bbr_nba_2027_schedule_explicit_source.csv
2027-03-23,Portland Trail Blazers,Toronto Raptors,POR,TOR,2027-03-24T02:00:00Z,2027-03-23|POR|TOR,outputs/bbr_schedule_source/20261020T120005000000Z/bbr_nba_2027_schedule_explicit_source.csv
2027-03-23,Utah Jazz,Philadelphia 76ers,UTA,PHI,2027-03-24T01:00:00Z,2027-03-23|UTA|PHI,outputs/bbr_schedule_source/20261020T120005000000Z/bbr_nba_2027_schedule_explicit_source.csv
2027-03-24,Boston Celtics,San Antonio Spurs,BOS,SAS,2027-03-24T23:30:00Z,2027-03-24|BOS|SAS,outputs/bbr_schedule_source/20261020T120005000000Z/bbr_nba_2027_schedule_explicit_source.csv
2027-03-24,Chicago Bulls,Orlando Magic,CHI,ORL,2027-03-25T00:00:00Z,2027-03-24|CHI|ORL,outputs/bbr_schedule_source/20261020T120005000000Z/bbr_nba_2027_schedule_explicit_source.csv
2027-03-24,Charlotte Hornets,Detroit Pistons,CHO,DET,2027-03-24T23:00:00Z,2027-03-24|CHO|DET,outputs/bbr_schedule_source/20261020T120005000000Z/bbr_nba_2027_schedule_explicit_source.csv
2027-03-24,Golden State Warriors,Philadelphia 76ers,GSW,PHI,2027-03-25T02:00:00Z,2027-03-24|GSW|PHI,outputs/bbr_schedule_source/20261020T120005000000Z/bbr_nba_2027_schedule_explicit_source.csv
2027-03-24,Indiana Pacers,Memphis Grizzlies,IND,MEM,2027-03-24T23:00:00Z,2027-03-24|IND|MEM,outputs/bbr_schedule_source/20261020T120005000000Z/bbr_nba_2027_schedule_explicit_source.csv
2027-03-24,Los Angeles Clippers,Milwaukee Bucks,LAC,MIL,2027-03-25T02:30:00Z,2027-03-24|LAC|MIL,outputs/bbr_schedule_source/20261020T120005000000Z/bbr_nba_2027_schedule_explicit_source.csv
2027-03-24,Minnesota Timberwolves,Dallas Mavericks,MIN,DAL,2027-03-25T00:00:00Z,2027-03-24|MIN|DAL,outputs/bbr_schedule_source/20261020T120005000000Z/bbr_nba_2027_schedule_explicit_source.csv
2027-03-24,New York Knicks,Houston Rockets,NYK,HOU,2027-03-24T23:30:00Z,2027-03-24|NYK|HOU,outputs/bbr_schedule_source/20261020T120005000000Z/bbr_nba_2027_schedule_explicit_source.csv
2027-03-24,Phoenix Suns,Oklahoma City Thunder,PHX,OKC,2027-03-25T02:00:00Z,2027-03-24|PHX|OKC,outputs/bbr_schedule_source/20261020T120005000000Z/bbr_nba_2027_schedule_explicit_source.csv
2027-03-24,Sacramento Kings,Atlanta Hawks,SAC,ATL,2027-03-25T02:00:00Z,2027-03-24|SAC|ATL,outputs/bbr_schedule_source/20261020T120005000000Z/bbr_nba_2027_schedule_explicit_source.csv
2027-03-24,Washington Wizards,Denver Nuggets,WAS,DEN,2027-03-24T23:00:00Z,2027-03-24|WAS|DEN,outputs/bbr_schedule_source/20261020T120005000000Z/bbr_nba_2027_schedule_explicit_source.csv
2027-03-25,Brooklyn Nets,Denver Nuggets,BRK,DEN,2027-03-25T23:30:00Z,2027-03-25|BRK|DEN,outputs/bbr_schedule_source/20261020T120005000000Z/bbr_nba_2027_schedule_explicit_source.csv
2027-03-25,Cleveland Cavaliers,Los Angeles Lakers,CLE,LAL,2027-03-25T23:00:00Z,2027-03-25|CLE|LAL,outputs/bbr_schedule_source/20261020T120005000000Z/bbr_nba_2027_schedule_explicit_source.csv
2027-03-25,Detroit Pistons,Houston Rockets,DET,HOU,2027-03-25T23:00:00Z,2027-03-25|DET|HOU,outputs/bbr_schedule_source/20261020T120005000000Z/bbr_nba_2027_schedule_explicit_source.csv
2027-03-25,Golden State Warriors,Toronto Raptors,GSW,TOR,2027-03-26T02:00:00Z,2027-03-25|GSW|TOR,outputs/bbr_schedule_source/20261020T120005000000Z/bbr_nba_2027_schedule_explicit_source.csv
2027-03-25,Indiana Pacers,San Antonio Spurs,IND,SAS,2027-03-25T23:00:00Z,2027-03-25|IND|SAS,outputs/bbr_schedule_source/20261020T120005000000Z/bbr_nba_2027_schedule_explicit_source.csv
2027-03-25,Memphis Grizzlies,Chicago Bulls,MEM,CHI,2027-03-26T00:00:00Z,2027-03-25|MEM|CHI,outputs/bbr_schedule_source/20261020T120005000000Z/bbr_nba_2027_schedule_explicit_source.csv
2027-03-25,Miami Heat,Utah Jazz,MIA,UTA,2027-03-25T23:30:00Z,2027-03-25|MIA|UTA,outputs/bbr_schedule_source/20261020T120005000000Z/bbr_nba_2027_schedule_explicit_source.csv
2027-03-26,Charlotte Hornets,New York Knicks,CHO,NYK,2027-03-26T23:00:00Z,2027-03-26|CHO|NYK,outputs/bbr_schedule_source/20261020T120005000000Z/bbr_nba_2027_schedule_explicit_source.csv
2027-03-26,Dallas Mavericks,New Orleans Pelicans,DAL,NOP,2027-03-27T00:00:00Z,2027-03-26|DAL|NOP,outputs/bbr_schedule_source/20261020T120005000000Z/bbr_nba_2027_schedule_explicit_source.csv
2027-03-26,Minnesota Timberwolves,Orlando Magic,MIN,ORL,2027-03-27T00:00:00Z,2027-03-26|MIN|ORL,outputs/bbr_schedule_source/20261020T120005000000Z/bbr_nba_2027_schedule_explicit_source.csv
2027-03-26,Oklahoma City Thunder,Los Angeles Clippers,OKC,LAC,2027-03-27T00:00:00Z,2027-03-26|OKC|LAC,outputs/bbr_schedule_source/20261020T120005000000Z/bbr_nba_2027_schedule_explicit_source.csv
2027-03-26,Phoenix Suns,Milwaukee Bucks,PHX,MIL,2027-03-27T02:00:00Z,2027-03-26|PHX|MIL,outputs/bbr_schedule_source/20261020T120005000000Z/bbr_nba_2027_schedule_explicit_source.csv
2027-03-26,Portland Trail Blazers,Philadelphia 76ers,POR,PHI,2027-03-27T02:00:00Z,2027-03-26|POR|PHI,outputs/bbr_schedule_source/20261020T120005000000Z/bbr_nba_2027_schedule_explicit_source.csv
2027-03-27,Atlanta Hawks,Utah Jazz,ATL,UTA,2027-03-27T23:00:00Z,2027-03-27|ATL|UTA,outputs/bbr_schedule_source/20261020T120005000000Z/bbr_nba_2027_schedule_explicit_source.csv
2027-03-27,Chicago Bulls,Los Angeles Clippers,CHI,LAC,2027-03-28T00:00:00Z,2027-03-27|CHI|LAC,outputs/bbr_schedule_source/20261020T120005000000Z/bbr_nba_2027_schedule_explicit_source.csv
2027-03-27,Detroit Pistons,San Antonio Spurs,DET,SAS,2027-03-27T19:00:00Z,2027-03-27|DET|SAS,outputs/bbr_schedule_source/20261020T120005000000Z/bbr_nba_2027_schedule_explicit_source.csv
2027-03-27,Miami Heat,Boston Celtics,MIA,BOS,2027-03-28T00:00:00Z,2027-03-27|MIA|BOS,outputs/bbr_schedule_source/20261020T120005000000Z/bbr_nba_2027_schedule_explicit_source.csv
2027-03-27,Portland Trail Blazers,Milwaukee Bucks,POR,MIL,2027-03-28T02:00:00Z,2027-03-27|POR|MIL,outputs/bbr_schedule_source/20261020T120005000000Z/bbr_nba_2027_schedule_explicit_source.csv
2027-03-27,Sacramento Kings,Toronto Raptors,SAC,TOR,2027-03-28T02:00:00Z,2027-03-27|SAC|TOR,outputs/bbr_schedule_source/20261020T120005000000Z/bbr_nba_2027_schedule_explicit_source.csv
2027-03-27,Washington Wizards,Golden State Warriors,WAS,GSW,2027-03-27T23:00:00Z,2027-03-27|WAS|GSW,outputs/bbr_schedule_source/20261020T120005000000Z/bbr_nba_2027_schedule_explicit_source.csv
2027-03-28,Brooklyn Nets,Memphis Grizzlies,BRK,MEM,2027-03-28T19:00:00Z,2027-03-28|BRK|MEM,outputs/bbr_schedule_source/20261020T120005000000Z/bbr_nba_2027_schedule_explicit_source.csv
2027-03-28,Charlotte Hornets,Utah Jazz,CHO,UTA,2027-03-28T22:00:00Z,2027-03-28|CHO|UTA,outputs/bbr_schedule_source/20261020T120005000000Z/bbr_nba_2027_schedule_explicit_source.csv
2027-03-28,Denver Nuggets,Philadelphia 76ers,DEN,PHI,2027-03-29T02:00:00Z,2027-03-28|DEN|PHI,outputs/bbr_schedule_source/20261020T120005000000Z/bbr_nba_2027_schedule_explicit_source.csv
2027-03-28,Houston Rockets,Los Angeles Lakers,HOU,LAL,2027-03-28T19:00:00Z,2027-03-28|HOU|LAL,outputs/bbr_schedule_source/20261020T120005000000Z/bbr_nba_2027_schedule_explicit_source.csv
2027-03-28,Minnesota Timberwolves,Oklahoma City Thunder,MIN,OKC,2027-03-28T23:30:00Z,2027-03-28|MIN|OKC,outputs/bbr_schedule_source/20261020T120005000000Z/bbr_nba_2027_schedule_explicit_source.csv
2027-03-28,New Orleans Pelicans,Boston Celtics,NOP,BOS,2027-03-28T23:00:00Z,2027-03-28|NOP|BOS,outputs/bbr_schedule_source/20261020T120005000000Z/bbr_nba_2027_schedule_explicit_source.csv
2027-03-28,Orlando Magic,New York Knicks,ORL,NYK,2027-03-28T16:30:00Z,2027-03-28|ORL|NYK,outputs/bbr_schedule_source/20261020T120005000000Z/bbr_nba_2027_schedule_explicit_source.csv
2027-03-28,Phoenix Suns,Toronto Raptors,PHX,TOR,2027-03-29T01:00:00Z,2027-03-28|PHX|TOR,outputs/bbr_schedule_source/20261020T120005000000Z/bbr_nba_2027_schedule_explicit_source.csv
2027-03-28,Washington Wizards,Dallas Mavericks,WAS,DAL,2027-03-28T22:00:00Z,2027-03-28|WAS|DAL,outputs/bbr_schedule_source/20261020T120005000000Z/bbr_nba_2027_schedule_explicit_source.csv
2027-03-29,Atlanta Hawks,Minnesota Timberwolves,ATL,MIN,2027-03-29T23:00:00Z,2027-03-29|ATL|MIN,outputs/bbr_schedule_source/20261020T120005000000Z/bbr_nba_2027_schedule_explicit_source.csv
2027-03-29,Brooklyn Nets,Golden State Warriors,BRK,GSW,2027-03-29T23:30:00Z,2027-03-29|BRK|GSW,outputs/bbr_schedule_source/20261020T120005000000Z/bbr_nba_2027_schedule_explicit_source.csv
2027-03-29,Chicago Bulls,Indiana Pacers,CHI,IND,2027-03-30T00:00:00Z,2027-03-29|CHI|IND,outputs/bbr_schedule_source/20261020T120005000000Z/bbr_nba_2027_schedule_explicit_source.csv
2027-03-29,Cleveland Cavaliers,Miami Heat,CLE,MIA,2027-03-29T23:00:00Z,2027-03-29|CLE|MIA,outputs/bbr_schedule_source/20261020T120005000000Z/bbr_nba_2027_schedule_explicit_source.csv
2027-03-29,Detroit Pistons,Los Angeles Clippers,DET,LAC,2027-03-29T23:00:00Z,2027-03-29|DET|LAC,outputs/bbr_schedule_source/20261020T120005000000Z/bbr_nba_2027_schedule_explicit_source.csv
2027-03-29,Milwaukee Bucks,Dallas Mavericks,MIL,DAL,2027-03-30T00:00:00Z,2027-03-29|MIL|DAL,outputs/bbr_schedule_source/20261020T120005000000Z/bbr_nba_2027_schedule_explicit_source.csv
2027-03-29,Sacramento Kings,Denver Nuggets,SAC,DEN,2027-03-30T02:00:00Z,2027-03-29|SAC|DEN,outputs/bbr_schedule_source/20261020T120005000000Z/bbr_nba_2027_schedule_explicit_source.csv
2027-03-29,San Antonio Spurs,Phoenix Suns,SAS,PHX,2027-03-30T01:30:00Z,2027-03-29|SAS|PHX,outputs/bbr_schedule_source/20261020T120005000000Z/bbr_nba_2027_schedule_explicit_source.csv
2027-03-30,Charlotte Hornets,Miami Heat,CHO,MIA,2027-03-30T23:00:00Z,2027-03-30|CHO|MIA,outputs/bbr_schedule_source/20261020T120005000000Z/bbr_nba_2027_schedule_explicit_source.csv
2027-03-30,Indiana Pacers,Boston Celtics,IND,BOS,2027-03-31T00:00:00Z,2027-03-30|IND|BOS,outputs/bbr_schedule_source/20261020T120005000000Z/bbr_nba_2027_schedule_explicit_source.csv
2027-03-30,Memphis Grizzlies,Los Angeles Lakers,MEM,LAL,2027-03-31T00:00:00Z,2027-03-30|MEM|LAL,outputs/bbr_schedule_source/20261020T120005000000Z/bbr_nba_2027_schedule_explicit_source.csv
2027-03-30,Orlando Magic,New York Knicks,ORL,NYK,2027-03-31T00:00:00Z,2027-03-30|ORL|NYK,outputs/bbr_schedule_source/20261020T120005000000Z/bbr_nba_2027_schedule_explicit_source.csv
2027-03-30,Portland Trail Blazers,Houston Rockets,POR,HOU,2027-03-31T03:00:00Z,2027-03-30|POR|HOU,outputs/bbr_schedule_source/20261020T120005000000Z/bbr_nba_2027_schedule_explicit_source.csv
2027-03-30,Utah Jazz,Oklahoma City Thunder,UTA,OKC,2027-03-31T01:00:00Z,2027-03-30|UTA|OKC,outputs/bbr_schedule_source/20261020T120005000000Z/bbr_nba_2027_schedule_explicit_source.csv
2027-03-31,Atlanta Hawks,Los Angeles Clippers,ATL,LAC,2027-03-31T23:00:00Z,2027-03-31|ATL|LAC,outputs/bbr_schedule_source/20261020T120005000000Z/bbr_nba_2027_schedule_explicit_source.csv
2027-03-31,Brooklyn Nets,Cleveland Cavaliers,BRK,CLE,2027-03-31T23:30:00Z,2027-03-31|BRK|CLE,outputs/bbr_schedule_source/20261020T120005000000Z/bbr_nba_2027_schedule_explicit_source.csv
2027-03-31,Dallas Mavericks,Denver Nuggets,DAL,DEN,2027-04-01T01:30:00Z,2027-03-31|DAL|DEN,outputs/bbr_schedule_source/20261020T120005000000Z/bbr_nba_2027_schedule_explicit_source.csv
2027-03-31,Detroit Pistons,Toronto Raptors,DET,TOR,2027-03-31T23:00:00Z,2027-03-31|DET|TOR,outputs/bbr_schedule_source/20261020T120005000000Z/bbr_nba_2027_schedule_explicit_source.csv
2027-03-31,Milwaukee Bucks,New Orleans Pelicans,MIL,NOP,2027-04-01T00:00:00Z,2027-03-31|MIL|NOP,outputs/bbr_schedule_source/20261020T120005000000Z/bbr_nba_2027_schedule_explicit_source.csv
2027-03-31,Minnesota Timberwolves,Sacramento Kings,MIN,SAC,2027-04-01T00:00:00Z,2027-03-31|MIN|SAC,outputs/bbr_schedule_source/20261020T120005000000Z/bbr_nba_2027_schedule_explicit_source.csv
2027-03-31,Philadelphia 76ers,Golden State Warriors,PHI,GSW,2027-03-31T23:00:00Z,2027-03-31|PHI|GSW,outputs/bbr_schedule_source/20261020T120005000000Z/bbr_nba_2027_schedule_explicit_source.csv
2027-03-31,Portland Trail Blazers,Houston Rockets,POR,HOU,2027-04-01T02:00:00Z,2027-03-31|POR|HOU,outputs/bbr_schedule_source/20261020T120005000000Z/bbr_nba_2027_schedule_explicit_source.csv
2027-03-31,San Antonio Spurs,Phoenix Suns,SAS,PHX,2027-04-01T00:00:00Z,2027-03-31|SAS|PHX,outputs/bbr_schedule_source/20261020T120005000000Z/bbr_nba_2027_schedule_explicit_source.csv
2027-03-31,Washington Wizards,Chicago Bulls,WAS,CHI,2027-03-31T23:00:00Z,2027-03-31|WAS|CHI,outputs/bbr_schedule_source/20261020T120005000000Z/bbr_nba_2027_schedule_explicit_source.csv
2027-04-01,Cleveland Cavaliers,Boston Celtics,CLE,BOS,2027-04-01T23:00:00Z,2027-04-01|CLE|BOS,outputs/bbr_schedule_source/20261020T120005000000Z/bbr_nba_2027_schedule_explicit_source.csv
2027-04-01,Indiana Pacers,Orlando Magic,IND,ORL,2027-04-01T23:00:00Z,2027-04-01|IND|ORL,outputs/bbr_schedule_source/20261020T120005000000Z/bbr_nba_2027_schedule_explicit_source.csv
2027-04-01,New York Knicks,Charlotte Hornets,NYK,CHO,2027-04-01T23:30:00Z,2027-04-01|NYK|CHO,outputs/bbr_schedule_source/20261020T120005000000Z/bbr_nba_2027_schedule_explicit_source.csv
2027-04-01,Oklahoma City Thunder,Los Angeles Lakers,OKC,LAL,2027-04-02T01:30:00Z,2027-04-01|OKC|LAL,outputs/bbr_schedule_source/20261020T120005000000Z/bbr_nba_2027_schedule_explicit_source.csv
2027-04-02,Boston Celtics,Miami Heat,BOS,MIA,2027-04-02T23:30:00Z,2027-04-02|BOS|MIA,outputs/bbr_schedule_source/20261020T120005000000Z/bbr_nba_2027_schedule_explicit_source.csv
2027-04-02,Brooklyn Nets,New York Knicks,BRK,NYK,2027-04-02T23:30:00Z,2027-04-02|BRK|NYK,outputs/bbr_schedule_source/20261020T120005000000Z/bbr_nba_2027_schedule_explicit_source.csv
2027-04-02,Chicago Bulls,Detroit Pistons,CHI,DET,2027-04-03T00:00:00Z,2027-04-02|CHI|DET,outputs/bbr_schedule_source/20261020T120005000000Z/bbr_nba_2027_schedule_explicit_source.csv
2027-04-02,Dallas Mavericks,Sacramento Kings,DAL,SAC,2027-04-03T00:00:00Z,2027-04-02|DAL|SAC,outputs/bbr_schedule_source/20261020T120005000000Z/bbr_nba_2027_schedule_explicit_source.csv
2027-04-02,Houston Rockets,Memphis Grizzlies,HOU,MEM,2027-04-03T00:30:00Z,2027-04-02|HOU|MEM,outputs/bbr_schedule_source/20261020T120005000000Z/bbr_nba_2027_schedule_explicit_source.csv
2027-04-02,Los Angeles Clippers,San Antonio Spurs,LAC,SAS,2027-04-03T02:30:00Z,2027-04-02|LAC|SAS,outputs/bbr_schedule_source/20261020T120005000000Z/bbr_nba_2027_schedule_explicit_source.csv
2027-04-02,Milwaukee Bucks,Charlotte Hornets,MIL,CHO,2027-04-03T00:00:00Z,2027-04-02|MIL|CHO,outputs/bbr_schedule_source/20261020T120005000000Z/bbr_nba_2027_schedule_explicit_source.csv
2027-04-02,Minnesota Timberwolves,Golden State Warriors,MIN,GSW,2027-04-02T23:30:00Z,2027-04-02|MIN|GSW,outputs/bbr_schedule_source/20261020T120005000000Z/bbr_nba_2027_schedule_explicit_source.csv
2027-04-02,Phoenix Suns,Denver Nuggets,PHX,DEN,2027-04-03T02:00:00Z,2027-04-02|PHX|DEN,outputs/bbr_schedule_source/20261020T120005000000Z/bbr_nba_2027_schedule_explicit_source.csv
2027-04-02,Portland Trail Blazers,Utah Jazz,POR,UTA,2027-04-03T02:00:00Z,2027-04-02|POR|UTA,outputs/bbr_schedule_source/20261020T120005000000Z/bbr_nba_2027_schedule_explicit_source.csv
2027-04-02,Toronto Raptors,Atlanta Hawks,TOR,ATL,2027-04-03T00:30:00Z,2027-04-02|TOR|ATL,outputs/bbr_schedule_source/20261020T120005000000Z/bbr_nba_2027_schedule_explicit_source.csv
2027-04-02,Washington Wizards,Philadelphia 76ers,WAS,PHI,2027-04-02T23:00:00Z,2027-04-02|WAS|PHI,outputs/bbr_schedule_source/20261020T120005000000Z/bbr_nba_2027_schedule_explicit_source.csv
2027-04-03,Oklahoma City Thunder,New Orleans Pelicans,OKC,NOP,2027-04-03T21:00:00Z,2027-04-03|OKC|NOP,outputs/bbr_schedule_source/20261020T120005000000Z/bbr_nba_2027_schedule_explicit_source.csv
2027-04-03,Orlando Magic,Washington Wizards,ORL,WAS,2027-04-03T23:00:00Z,2027-04-03|ORL|WAS,outputs/bbr_schedule_source/20261020T120005000000Z/bbr_nba_2027_schedule_explicit_source.csv
2027-04-04,Cleveland Cavaliers,Charlotte Hornets,CLE,CHO,2027-04-04T19:00:00Z,2027-04-04|CLE|CHO,outputs/bbr_schedule_source/20261020T120005000000Z/bbr_nba_2027_schedule_explicit_source.csv
2027-04-04,Dallas Mavericks,Minnesota Timberwolves,DAL,MIN,2027-04-04T19:00:00Z,2027-04-04|DAL|MIN,outputs/bbr_schedule_source/20261020T120005000000Z/bbr_nba_2027_schedule_explicit_source.csv
2027-04-04,Denver Nuggets,Memphis Grizzlies,DEN,MEM,2027-04-04T21:00:00Z,2027-04-04|DEN|MEM,outputs/bbr_schedule_source/20261020T120005000000Z/bbr_nba_2027_schedule_explicit_source.csv
2027-04-04,Detroit Pistons,Miami Heat,DET,MIA,2027-04-04T19:00:00Z,2027-04-04|DET|MIA,outputs/bbr_schedule_source/20261020T120005000000Z/bbr_nba_2027_schedule_explicit_source.csv
2027-04-04,Houston Rockets,Chicago Bulls,HOU,CHI,2027-04-04T20:00:00Z,2027-04-04|HOU|CHI,outputs/bbr_schedule_source/20261020T120005000000Z/bbr_nba_2027_schedule_explicit_source.csv
2027-04-04,Los Angeles Clippers,Phoenix Suns,LAC,PHX,2027-04-04T20:30:00Z,2027-04-04|LAC|PHX,outputs/bbr_schedule_source/20261020T120005000000Z/bbr_nba_2027_schedule_explicit_source.csv
2027-04-04,Los Angeles Lakers,San Antonio Spurs,LAL,SAS,2027-04-05T02:00:00Z,2027-04-04|LAL|SAS,outputs/bbr_schedule_source/20261020T120005000000Z/bbr_nba_2027_schedule_explicit_source.csv
2027-04-04,Milwaukee Bucks,Brooklyn Nets,MIL,BRK,2027-04-04T18:00:00Z,2027-04-04|MIL|BRK,outputs/bbr_schedule_source/20261020T120005000000Z/bbr_nba_2027_schedule_explicit_source.csv
2027-04-04,New York Knicks,Boston Celtics,NYK,BOS,2027-04-04T23:30:00Z,2027-04-04|NYK|BOS,outputs/bbr_schedule_source/20261020T120005000000Z/bbr_nba_2027_schedule_explicit_source.csv
2027-04-04,Philadelphia 76ers,Atlanta Hawks,PHI,ATL,2027-04-04T17:00:00Z,2027-04-04|PHI|ATL,outputs/bbr_schedule_source/20261020T120005000000Z/bbr_nba_2027_schedule_explicit_source.csv
2027-04-04,Sacramento Kings,Golden State Warriors,SAC,GSW,2027-04-04T22:00:00Z,2027-04-04|SAC|GSW,outputs/bbr_schedule_source/20261020T120005000000Z/bbr_nba_2027_schedule_explicit_source.csv
2027-04-04,Toronto Raptors,Indiana Pacers,TOR,IND,2027-04-04T19:30:00Z,2027-04-04|TOR|IND,outputs/bbr_schedule_source/20261020T120005000000Z/bbr_nba_2027_schedule_explicit_source.csv
2027-04-04,Utah Jazz,Portland Trail Blazers,UTA,POR,2027-04-04T21:00:00Z,2027-04-04|UTA|POR,outputs/bbr_schedule_source/20261020T120005000000Z/bbr_nba_2027_schedule_explicit_source.csv
2027-04-05,Cleveland Cavaliers,Brooklyn Nets,CLE,BRK,2027-04-05T23:00:00Z,2027-04-05|CLE|BRK,outputs/bbr_schedule_source/20261020T120005000000Z/bbr_nba_2027_schedule_explicit_source.csv
2027-04-05,New Orleans Pelicans,Washington Wizards,NOP,WAS,2027-04-06T00:00:00Z,2027-04-05|NOP|WAS,outputs/bbr_schedule_source/20261020T120005000000Z/bbr_nba_2027_schedule_explicit_source.csv
2027-04-05,Orlando Magic,Miami Heat,ORL,MIA,2027-04-05T23:00:00Z,2027-04-05|ORL|MIA,outputs/bbr_schedule_source/20261020T120005000000Z/bbr_nba_2027_schedule_explicit_source.csv
2027-04-06,Atlanta Hawks,New York Knicks,ATL,NYK,2027-04-07T00:00:00Z,2027-04-06|ATL|NYK,outputs/bbr_schedule_source/20261020T120005000000Z/bbr_nba_2027_schedule_explicit_source.csv
2027-04-06,Charlotte Hornets,Indiana Pacers,CHO,IND,2027-04-06T23:00:00Z,2027-04-06|CHO|IND,outputs/bbr_schedule_source/20261020T120005000000Z/bbr_nba_2027_schedule_explicit_source.csv
2027-04-06,Denver Nuggets,New Orleans Pelicans,DEN,NOP,2027-04-07T01:00:00Z,2027-04-06|DEN|NOP,outputs/bbr_schedule_source/20261020T120005000000Z/bbr_nba_2027_schedule_explicit_source.csv
2027-04-06,Golden State Warriors,Phoenix Suns,GSW,PHX,2027-04-07T03:00:00Z,2027-04-06|GSW|PHX,outputs/bbr_schedule_source/20261020T120005000000Z/bbr_nba_2027_schedule_explicit_source.csv
2027-04-06,Los Angeles Clippers,Minnesota Timberwolves,LAC,MIN,2027-04-07T02:30:00Z,2027-04-06|LAC|MIN,outputs/bbr_schedule_source/20261020T120005000000Z/bbr_nba_2027_schedule_explicit_source.csv
2027-04-06,Los Angeles Lakers,Dallas Mavericks,LAL,DAL,2027-04-07T02:00:00Z,2027-04-06|LAL|DAL,outputs/bbr_schedule_source/20261020T120005000000Z/bbr_nba_2027_schedule_explicit_source.csv
2027-04-06,Memphis Grizzlies,Detroit Pistons,MEM,DET,2027-04-07T00:00:00Z,2027-04-06|MEM|DET,outputs/bbr_schedule_source/20261020T120005000000Z/bbr_nba_2027_schedule_explicit_source.csv
2027-04-06,Milwaukee Bucks,Chicago Bulls,MIL,CHI,2027-04-07T00:00:00Z,2027-04-06|MIL|CHI,outputs/bbr_schedule_source/20261020T120005000000Z/bbr_nba_2027_schedule_explicit_source.csv
2027-04-06,San Antonio Spurs,Sacramento Kings,SAS,SAC,2027-04-07T00:00:00Z,2027-04-06|SAS|SAC,outputs/bbr_schedule_source/20261020T120005000000Z/bbr_nba_2027_schedule_explicit_source.csv
2027-04-06,Toronto Raptors,Philadelphia 76ers,TOR,PHI,2027-04-06T23:30:00Z,2027-04-06|TOR|PHI,outputs/bbr_schedule_source/20261020T120005000000Z/bbr_nba_2027_schedule_explicit_source.csv
2027-04-06,Utah Jazz,Oklahoma City Thunder,UTA,OKC,2027-04-07T01:00:00Z,2027-04-06|UTA|OKC,outputs/bbr_schedule_source/20261020T120005000000Z/bbr_nba_2027_schedule_explicit_source.csv
2027-04-07,Chicago Bulls,Charlotte Hornets,CHI,CHO,2027-04-08T00:00:00Z,2027-04-07|CHI|CHO,outputs/bbr_schedule_source/20261020T120005000000Z/bbr_nba_2027_schedule_explicit_source.csv
2027-04-07,Detroit Pistons,Indiana Pacers,DET,IND,2027-04-07T23:00:00Z,2027-04-07|DET|IND,outputs/bbr_schedule_source/20261020T120005000000Z/bbr_nba_2027_schedule_explicit_source.csv
2027-04-07,Houston Rockets,Sacramento Kings,HOU,SAC,2027-04-08T00:30:00Z,2027-04-07|HOU|SAC,outputs/bbr_schedule_source/20261020T120005000000Z/bbr_nba_2027_schedule_explicit_source.csv
2027-04-07,Los Angeles Lakers,Minnesota Timberwolves,LAL,MIN,2027-04-08T02:00:00Z,2027-04-07|LAL|MIN,outputs/bbr_schedule_source/20261020T120005000000Z/bbr_nba_2027_schedule_explicit_source.csv
2027-04-07,Memphis Grizzlies,Washington Wizards,MEM,WAS,2027-04-08T00:00:00Z,2027-04-07|MEM|WAS,outputs/bbr_schedule_source/20261020T120005000000Z/bbr_nba_2027_schedule_explicit_source.csv
2027-04-07,Orlando Magic,Boston Celtics,ORL,BOS,2027-04-07T23:00:00Z,2027-04-07|ORL|BOS,outputs/bbr_schedule_source/20261020T120005000000Z/bbr_nba_2027_schedule_explicit_source.csv
2027-04-07,Portland Trail Blazers,Dallas Mavericks,POR,DAL,2027-04-08T02:00:00Z,2027-04-07|POR|DAL,outputs/bbr_schedule_source/20261020T120005000000Z/bbr_nba_2027_schedule_explicit_source.csv
2027-04-07,San Antonio Spurs,Cleveland Cavaliers,SAS,CLE,2027-04-07T23:30:00Z,2027-04-07|SAS|CLE,outputs/bbr_schedule_source/20261020T120005000000Z/bbr_nba_2027_schedule_explicit_source.csv
2027-04-07,Toronto Raptors,Brooklyn Nets,TOR,BRK,2027-04-07T23:30:00Z,2027-04-07|TOR|BRK,outputs/bbr_schedule_source/20261020T120005000000Z/bbr_nba_2027_schedule_explicit_source.csv
2027-04-08,Denver Nuggets,Los Angeles Clippers,DEN,LAC,2027-04-09T01:00:00Z,2027-04-08|DEN|LAC,outputs/bbr_schedule_source/20261020T120005000000Z/bbr_nba_2027_schedule_explicit_source.csv
2027-04-08,Miami Heat,Philadelphia 76ers,MIA,PHI,2027-04-08T23:00:00Z,2027-04-08|MIA|PHI,outputs/bbr_schedule_source/20261020T120005000000Z/bbr_nba_2027_schedule_explicit_source.csv
2027-04-08,Milwaukee Bucks,New York Knicks,MIL,NYK,2027-04-09T00:00:00Z,2027-04-08|MIL|NYK,outputs/bbr_schedule_source/20261020T120005000000Z/bbr_nba_2027_schedule_explicit_source.csv
2027-04-08,Oklahoma City Thunder,Golden State Warriors,OKC,GSW,2027-04-09T01:30:00Z,2027-04-08|OKC|GSW,outputs/bbr_schedule_source/20261020T120005000000Z/bbr_nba_2027_schedule_explicit_source.csv
2027-04-08,Utah Jazz,New Orleans Pelicans,UTA,NOP,2027-04-09T01:00:00Z,2027-04-08|UTA|NOP,outputs/bbr_schedule_source/20261020T120005000000Z/bbr_nba_2027_schedule_explicit_source.csv
2027-04-09,Atlanta Hawks,Boston Celtics,ATL,BOS,2027-04-09T23:00:00Z,2027-04-09|ATL|BOS,outputs/bbr_schedule_source/20261020T120005000000Z/bbr_nba_2027_schedule_explicit_source.csv
2027-04-09,Chicago Bulls,Milwaukee Bucks,CHI,MIL,2027-04-10T00:00:00Z,2027-04-09|CHI|MIL,outputs/bbr_schedule_source/20261020T120005000000Z/bbr_nba_2027_schedule_explicit_source.csv
2027-04-09,Charlotte Hornets,Brooklyn Nets,CHO,BRK,2027-04-09T23:00:00Z,2027-04-09|CHO|BRK,outputs/bbr_schedule_source/20261020T120005000000Z/bbr_nba_2027_schedule_explicit_source.csv
2027-04-09,Houston Rockets,Portland Trail Blazers,HOU,POR,2027-04-10T00:30:00Z,2027-04-09|HOU|POR,outputs/bbr_schedule_source/20261020T120005000000Z/bbr_nba_2027_schedule_explicit_source.csv
2027-04-09,Indiana Pacers,Cleveland Cavaliers,IND,CLE,2027-04-09T23:00:00Z,2027-04-09|IND|CLE,outputs/bbr_schedule_source/20261020T120005000000Z/bbr_nba_2027_schedule_explicit_source.csv
2027-04-09,Los Angeles Lakers,Minnesota Timberwolves,LAL,MIN,2027-04-10T02:00:00Z,2027-04-09|LAL|MIN,outputs/bbr_schedule_source/20261020T120005000000Z/bbr_nba_2027_schedule_explicit_source.csv
2027-04-09,Miami Heat,Washington Wizards,MIA,WAS,2027-04-10T00:00:00Z,2027-04-09|MIA|WAS,outputs/bbr_schedule_source/20261020T120005000000Z/bbr_nba_2027_schedule_explicit_source.csv
2027-04-09,New York Knicks,Detroit Pistons,NYK,DET,2027-04-09T23:00:00Z,2027-04-09|NYK|DET,outputs/bbr_schedule_source/20261020T120005000000Z/bbr_nba_2027_schedule_explicit_source.csv
2027-04-09,Oklahoma City Thunder,Golden State Warriors,OKC,GSW,2027-04-10T00:00:00Z,2027-04-09|OKC|GSW,outputs/bbr_schedule_source/20261020T120005000000Z/bbr_nba_2027_schedule_explicit_source.csv
2027-04-09,Orlando Magic,Toronto Raptors,ORL,TOR,2027-04-09T23:00:00Z,2027-04-09|ORL|TOR,outputs/bbr_schedule_source/20261020T120005000000Z/bbr_nba_2027_schedule_explicit_source.csv
2027-04-09,Phoenix Suns,Memphis Grizzlies,PHX,MEM,2027-04-10T02:00:00Z,2027-04-09|PHX|MEM,outputs/bbr_schedule_source/20261020T120005000000Z/bbr_nba_2027_schedule_explicit_source.csv
2027-04-09,Sacramento Kings,Dallas Mavericks,SAC,DAL,2027-04-10T02:00:00Z,2027-04-09|SAC|DAL,outputs/bbr_schedule_source/20261020T120005000000Z/bbr_nba_2027_schedule_explicit_source.csv
2027-04-09,San Antonio Spurs,Denver Nuggets,SAS,DEN,2027-04-10T01:30:00Z,2027-04-09|SAS|DEN,outputs/bbr_schedule_source/20261020T120005000000Z/bbr_nba_2027_schedule_explicit_source.csv
2027-04-09,Utah Jazz,Los Angeles Clippers,UTA,LAC,2027-04-10T01:30:00Z,2027-04-09|UTA|LAC,outputs/bbr_schedule_source/20261020T120005000000Z/bbr_nba_2027_schedule_explicit_source.csv
2027-04-11,Boston Celtics,Milwaukee Bucks,BOS,MIL,2027-04-11T22:00:00Z,2027-04-11|BOS|MIL,outputs/bbr_schedule_source/20261020T120005000000Z/bbr_nba_2027_schedule_explicit_source.csv
2027-04-11,Brooklyn Nets,Toronto Raptors,BRK,TOR,2027-04-11T22:00:00Z,2027-04-11|BRK|TOR,outputs/bbr_schedule_source/20261020T120005000000Z/bbr_nba_2027_schedule_explicit_source.csv
2027-04-11,Cleveland Cavaliers,Atlanta Hawks,CLE,ATL,2027-04-11T22:00:00Z,2027-04-11|CLE|ATL,outputs/bbr_schedule_source/20261020T120005000000Z/bbr_nba_2027_schedule_explicit_source.csv
2027-04-11,Dallas Mavericks,Memphis Grizzlies,DAL,MEM,2027-04-12T00:30:00Z,2027-04-11|DAL|MEM,outputs/bbr_schedule_source/20261020T120005000000Z/bbr_nba_2027_schedule_explicit_source.csv
2027-04-11,Denver Nuggets,Oklahoma City Thunder,DEN,OKC,2027-04-12T00:30:00Z,2027-04-11|DEN|OKC,outputs/bbr_schedule_source/20261020T120005000000Z/bbr_nba_2027_schedule_explicit_source.csv
2027-04-11,Golden State Warriors,Utah Jazz,GSW,UTA,2027-04-12T00:30:00Z,2027-04-11|GSW|UTA,outputs/bbr_schedule_source/20261020T120005000000Z/bbr_nba_2027_schedule_explicit_source.csv
2027-04-11,Los Angeles Clippers,Sacramento Kings,LAC,SAC,2027-04-12T00:30:00Z,2027-04-11|LAC|SAC,outputs/bbr_schedule_source/20261020T120005000000Z/bbr_nba_2027_schedule_explicit_source.csv
2027-04-11,Los Angeles Lakers,Phoenix Suns,LAL,PHX,2027-04-12T00:30:00Z,2027-04-11|LAL|PHX,outputs/bbr_schedule_source/20261020T120005000000Z/bbr_nba_2027_schedule_explicit_source.csv
2027-04-11,Miami Heat,Orlando Magic,MIA,ORL,2027-04-11T22:00:00Z,2027-04-11|MIA|ORL,outputs/bbr_schedule_source/20261020T120005000000Z/bbr_nba_2027_schedule_explicit_source.csv
2027-04-11,Minnesota Timberwolves,Houston Rockets,MIN,HOU,2027-04-12T00:30:00Z,2027-04-11|MIN|HOU,outputs/bbr_schedule_source/20261020T120005000000Z/bbr_nba_2027_schedule_explicit_source.csv
2027-04-11,New Orleans Pelicans,Chicago Bulls,NOP,CHI,2027-04-11T22:00:00Z,2027-04-11|NOP|CHI,outputs/bbr_schedule_source/20261020T120005000000Z/bbr_nba_2027_schedule_explicit_source.csv
2027-04-11,New York Knicks,Indiana Pacers,NYK,IND,2027-04-11T22:00:00Z,2027-04-11|NYK|IND,outputs/bbr_schedule_source/20261020T120005000000Z/bbr_nba_2027_schedule_explicit_source.csv
2027-04-11,Philadelphia 76ers,Charlotte Hornets,PHI,CHO,2027-04-11T22:00:00Z,2027-04-11|PHI|CHO,outputs/bbr_schedule_source/20261020T120005000000Z/bbr_nba_2027_schedule_explicit_source.csv
2027-04-11,San Antonio Spurs,Portland Trail Blazers,SAS,POR,2027-04-12T00:30:00Z,2027-04-11|SAS|POR,outputs/bbr_schedule_source/20261020T120005000000Z/bbr_nba_2027_schedule_explicit_source.csv
2027-04-11,Washington Wizards,Detroit Pistons,WAS,DET,2027-04-11T22:00:00Z,2027-04-11|WAS|DET,outputs/bbr_schedule_source/20261020T120005000000Z/bbr_nba_2027_schedule_explicit_source.csv
