game_date,home_team,away_team,tipoff_utc,tipoff_et,arena,notes,source_url,source_date_text
2026-10-20,Detroit Pistons,Boston Celtics,2026-10-20T19:00:00Z,3:00p,Little Caesars Arena,,https://www.basketball-reference.com/leagues/NBA_2027_games-october.html,"Tue, Oct 20, 2026"
2026-10-20,New York Knicks,Philadelphia 76ers,2026-10-20T23:00:00Z,7:00p,Madison Square Garden (IV),,https://www.basketball-reference.com/leagues/NBA_2027_games-october.html,"Tue, Oct 20, 2026"
2026-10-20,San Antonio Spurs,Oklahoma City Thunder,2026-10-21T01:30:00Z,9:30p,Frost Bank Center,,https://www.basketball-reference.com/leagues/NBA_2027_games-october.html,"Tue, Oct 20, 2026"
2026-10-21,Washington Wizards,Milwaukee Bucks,2026-10-21T23:00:00Z,7:00p,Capital One Arena,,https://www.basketball-reference.com/leagues/NBA_2027_games-october.html,"Wed, Oct 21, 2026"
2026-10-21,Orlando Magic,Atlanta Hawks,2026-10-21T23:00:00Z,7:00p,Kia Center,,https://www.basketball-reference.com/leagues/NBA_2027_games-october.html,"Wed, Oct 21, 2026"
2026-10-21,Brooklyn Nets,Charlotte Hornets,2026-10-21T23:30:00Z,7:30p,Barclays Center,,https://www.basketball-reference.com/leagues/NBA_2027_games-october.html,"Wed, Oct 21, 2026"
2026-10-21,Toronto Raptors,Chicago Bulls,2026-10-21T23:30:00Z,7:30p,Scotiabank Arena,,https://www.basketball-reference.com/leagues/NBA_2027_games-october.html,"Wed, Oct 21, 2026"
2026-10-21,Miami Heat,Minnesota Timberwolves,2026-10-21T23:30:00Z,7:30p,Kaseya Center,,https://www.basketball-reference.com/leagues/NBA_2027_games-october.html,"Wed, Oct 21, 2026"
2026-10-21,Memphis Grizzlies,Utah Jazz,2026-10-22T00:00:00Z,8:00p,FedExForum,,https://www.basketball-reference.com/leagues/NBA_2027_games-october.html,"Wed, Oct 21, 2026"
2026-10-21,New Orleans Pelicans,Indiana Pacers,2026-10-22T00:00:00Z,8:00p,Smoothie King Center,,https://www.basketball-reference.com/leagues/NBA_2027_games-october.html,"Wed, Oct 21, 2026"
2026-10-21,Houston Rockets,Dallas Mavericks,2026-10-22T00:30:00Z,8:30p,Toyota Center,,https://www.basketball-reference.com/leagues/NBA_2027_games-october.html,"Wed, Oct 21, 2026"
2026-10-21,Los Angeles Lakers,Golden State Warriors,2026-10-22T02:00:00Z,10:00p,Crypto.com Arena,,https://www.basketball-reference.com/leagues/NBA_2027_games-october.html,"Wed, Oct 21, 2026"
2026-10-21,Portland Trail Blazers,Phoenix Suns,2026-10-22T02:00:00Z,10:00p,Moda Center,,https://www.basketball-reference.com/leagues/NBA_2027_games-october.html,"Wed, Oct 21, 2026"
2026-10-21,Los Angeles Clippers,Sacramento Kings,2026-10-22T02:30:00Z,10:30p,Intuit Dome,,https://www.basketball-reference.com/leagues/NBA_2027_games-october.html,"Wed, Oct 21, 2026"
2026-10-22,Philadelphia 76ers,Cleveland Cavaliers,2026-10-22T23:00:00Z,7:00p,Xfinity Mobile Arena,,https://www.basketball-reference.com/leagues/NBA_2027_games-october.html,"Thu, Oct 22, 2026"
2026-10-22,Oklahoma City Thunder,Denver Nuggets,2026-10-23T01:30:00Z,9:30p,Paycom Center,,https://www.basketball-reference.com/leagues/NBA_2027_games-october.html,"Thu, Oct 22, 2026"
2026-10-23,Washington Wizards,Toronto Raptors,2026-10-23T23:00:00Z,7:00p,Capital One Arena,,https://www.basketball-reference.com/leagues/NBA_2027_games-october.html,"Fri, Oct 23, 2026"
2026-10-23,Orlando Magic,Minnesota Timberwolves,2026-10-23T23:00:00Z,7:00p,Kia Center,,https://www.basketball-reference.com/leagues/NBA_2027_games-october.html,"Fri, Oct 23, 2026"
2026-10-23,Indiana Pacers,Dallas Mavericks,2026-10-23T23:00:00Z,7:00p,Gainbridge Fieldhouse,,https://www.basketball-reference.com/leagues/NBA_2027_games-october.html,"Fri, Oct 23, 2026"
2026-10-23,Charlotte Hornets,Atlanta Hawks,2026-10-23T23:00:00Z,7:00p,Spectrum Center,,https://www.basketball-reference.com/leagues/NBA_2027_games-october.html,"Fri, Oct 23, 2026"
2026-10-23,Boston Celtics,New York Knicks,2026-10-23T23:00:00Z,7:00p,TD Garden,,https://www.basketball-reference.com/leagues/NBA_2027_games-october.html,"Fri, Oct 23, 2026"
2026-10-23,Miami Heat,Detroit Pistons,2026-10-24T00:00:00Z,8:00p,Kaseya Center,,https://www.basketball-reference.com/leagues/NBA_2027_games-october.html,"Fri, Oct 23, 2026"
2026-10-23,Milwaukee Bucks,Chicago Bulls,2026-10-24T00:00:00Z,8:00p,Fiserv Forum,,https://www.basketball-reference.com/leagues/NBA_2027_games-october.html,"Fri, Oct 23, 2026"
2026-10-23,San Antonio Spurs,Houston Rockets,2026-10-24T01:30:00Z,9:30p,Moody Center,,https://www.basketball-reference.com/leagues/NBA_2027_games-october.html,"Fri, Oct 23, 2026"
2026-10-23,Utah Jazz,New Orleans Pelicans,2026-10-24T01:30:00Z,9:30p,Delta Center,,https://www.basketball-reference.com/leagues/NBA_2027_games-october.html,"Fri, Oct 23, 2026"
2026-10-23,Los Angeles Lakers,Los Angeles Clippers,2026-10-24T02:00:00Z,10:00p,Crypto.com Arena,,https://www.basketball-reference.com/leagues/NBA_2027_games-october.html,"Fri, Oct 23, 2026"
2026-10-23,Sacramento Kings,Portland Trail Blazers,2026-10-24T02:00:00Z,10:00p,Golden 1 Center,,https://www.basketball-reference.com/leagues/NBA_2027_games-october.html,"Fri, Oct 23, 2026"
2026-10-23,Golden State Warriors,Memphis Grizzlies,2026-10-24T02:00:00Z,10:00p,Chase Center,,https://www.basketball-reference.com/leagues/NBA_2027_games-october.html,"Fri, Oct 23, 2026"
2026-10-24,Charlotte Hornets,Miami Heat,2026-10-24T22:00:00Z,6:00p,Spectrum Center,,https://www.basketball-reference.com/leagues/NBA_2027_games-october.html,"Sat, Oct 24, 2026"
2026-10-24,Philadelphia 76ers,Milwaukee Bucks,2026-10-24T23:30:00Z,7:30p,Xfinity Mobile Arena,,https://www.basketball-reference.com/leagues/NBA_2027_games-october.html,"Sat, Oct 24, 2026"
2026-10-24,Cleveland Cavaliers,Brooklyn Nets,2026-10-24T23:30:00Z,7:30p,Rocket Arena,,https://www.basketball-reference.com/leagues/NBA_2027_games-october.html,"Sat, Oct 24, 2026"
2026-10-24,Dallas Mavericks,San Antonio Spurs,2026-10-25T00:00:00Z,8:00p,American Airlines Center,,https://www.basketball-reference.com/leagues/NBA_2027_games-october.html,"Sat, Oct 24, 2026"
2026-10-24,Chicago Bulls,Washington Wizards,2026-10-25T00:00:00Z,8:00p,United Center,,https://www.basketball-reference.com/leagues/NBA_2027_games-october.html,"Sat, Oct 24, 2026"
2026-10-24,Atlanta Hawks,Houston Rockets,2026-10-25T00:00:00Z,8:00p,State Farm Arena,,https://www.basketball-reference.com/leagues/NBA_2027_games-october.html,"Sat, Oct 24, 2026"
2026-10-24,Denver Nuggets,New Orleans Pelicans,2026-10-25T01:00:00Z,9:00p,Ball Arena,,https://www.basketball-reference.com/leagues/NBA_2027_games-october.html,"Sat, Oct 24, 2026"
2026-10-24,Phoenix Suns,Golden State Warriors,2026-10-25T02:00:00Z,10:00p,Mortgage Matchup Center,,https://www.basketball-reference.com/leagues/NBA_2027_games-october.html,"Sat, Oct 24, 2026"
2026-10-25,Utah Jazz,Los Angeles Lakers,2026-10-25T21:00:00Z,5:00p,Delta Center,,https://www.basketball-reference.com/leagues/NBA_2027_games-october.html,"Sun, Oct 25, 2026"
2026-10-25,Brooklyn Nets,Indiana Pacers,2026-10-25T22:00:00Z,6:00p,Barclays Center,,https://www.basketball-reference.com/leagues/NBA_2027_games-october.html,"Sun, Oct 25, 2026"
2026-10-25,Minnesota Timberwolves,Toronto Raptors,2026-10-25T23:00:00Z,7:00p,Target Center,,https://www.basketball-reference.com/leagues/NBA_2027_games-october.html,"Sun, Oct 25, 2026"
2026-10-25,New York Knicks,Orlando Magic,2026-10-25T23:00:00Z,7:00p,Madison Square Garden (IV),,https://www.basketball-reference.com/leagues/NBA_2027_games-october.html,"Sun, Oct 25, 2026"
2026-10-25,Oklahoma City Thunder,Los Angeles Clippers,2026-10-25T23:00:00Z,7:00p,Paycom Center,,https://www.basketball-reference.com/leagues/NBA_2027_games-october.html,"Sun, Oct 25, 2026"
2026-10-25,Philadelphia 76ers,Detroit Pistons,2026-10-25T23:30:00Z,7:30p,Xfinity Mobile Arena,,https://www.basketball-reference.com/leagues/NBA_2027_games-october.html,"Sun, Oct 25, 2026"
2026-10-25,Sacramento Kings,Memphis Grizzlies,2026-10-26T01:00:00Z,9:00p,Golden 1 Center,,https://www.basketball-reference.com/leagues/NBA_2027_games-october.html,"Sun, Oct 25, 2026"
2026-10-26,Cleveland Cavaliers,Minnesota Timberwolves,2026-10-26T23:00:00Z,7:00p,Rocket Arena,,https://www.basketball-reference.com/leagues/NBA_2027_games-october.html,"Mon, Oct 26, 2026"
2026-10-26,Charlotte Hornets,Washington Wizards,2026-10-26T23:00:00Z,7:00p,Spectrum Center,,https://www.basketball-reference.com/leagues/NBA_2027_games-october.html,"Mon, Oct 26, 2026"
2026-10-26,Miami Heat,Dallas Mavericks,2026-10-26T23:30:00Z,7:30p,Kaseya Center,,https://www.basketball-reference.com/leagues/NBA_2027_games-october.html,"Mon, Oct 26, 2026"
2026-10-26,Boston Celtics,Chicago Bulls,2026-10-26T23:30:00Z,7:30p,TD Garden,,https://www.basketball-reference.com/leagues/NBA_2027_games-october.html,"Mon, Oct 26, 2026"
2026-10-26,Milwaukee Bucks,Indiana Pacers,2026-10-27T00:00:00Z,8:00p,Fiserv Forum,,https://www.basketball-reference.com/leagues/NBA_2027_games-october.html,"Mon, Oct 26, 2026"
2026-10-26,Oklahoma City Thunder,Phoenix Suns,2026-10-27T00:00:00Z,8:00p,Paycom Center,,https://www.basketball-reference.com/leagues/NBA_2027_games-october.html,"Mon, Oct 26, 2026"
2026-10-26,Houston Rockets,Atlanta Hawks,2026-10-27T00:30:00Z,8:30p,Toyota Center,,https://www.basketball-reference.com/leagues/NBA_2027_games-october.html,"Mon, Oct 26, 2026"
2026-10-26,Utah Jazz,Memphis Grizzlies,2026-10-27T01:00:00Z,9:00p,Delta Center,,https://www.basketball-reference.com/leagues/NBA_2027_games-october.html,"Mon, Oct 26, 2026"
2026-10-26,Denver Nuggets,Golden State Warriors,2026-10-27T02:00:00Z,10:00p,Ball Arena,,https://www.basketball-reference.com/leagues/NBA_2027_games-october.html,"Mon, Oct 26, 2026"
2026-10-27,Boston Celtics,Brooklyn Nets,2026-10-27T23:30:00Z,7:30p,TD Garden,,https://www.basketball-reference.com/leagues/NBA_2027_games-october.html,"Tue, Oct 27, 2026"
2026-10-27,New York Knicks,Detroit Pistons,2026-10-28T00:00:00Z,8:00p,Madison Square Garden (IV),,https://www.basketball-reference.com/leagues/NBA_2027_games-october.html,"Tue, Oct 27, 2026"
2026-10-27,San Antonio Spurs,Sacramento Kings,2026-10-28T00:00:00Z,8:00p,Frost Bank Center,,https://www.basketball-reference.com/leagues/NBA_2027_games-october.html,"Tue, Oct 27, 2026"
2026-10-27,Los Angeles Lakers,Portland Trail Blazers,2026-10-28T03:00:00Z,11:00p,Crypto.com Arena,,https://www.basketball-reference.com/leagues/NBA_2027_games-october.html,"Tue, Oct 27, 2026"
2026-10-28,Atlanta Hawks,Miami Heat,2026-10-28T23:00:00Z,7:00p,State Farm Arena,,https://www.basketball-reference.com/leagues/NBA_2027_games-october.html,"Wed, Oct 28, 2026"
2026-10-28,Cleveland Cavaliers,Washington Wizards,2026-10-28T23:00:00Z,7:00p,Rocket Arena,,https://www.basketball-reference.com/leagues/NBA_2027_games-october.html,"Wed, Oct 28, 2026"
2026-10-28,Indiana Pacers,Philadelphia 76ers,2026-10-28T23:00:00Z,7:00p,Gainbridge Fieldhouse,,https://www.basketball-reference.com/leagues/NBA_2027_games-october.html,"Wed, Oct 28, 2026"
2026-10-28,Detroit Pistons,Charlotte Hornets,2026-10-28T23:00:00Z,7:00p,Little Caesars Arena,,https://www.basketball-reference.com/leagues/NBA_2027_games-october.html,"Wed, Oct 28, 2026"
2026-10-28,Toronto Raptors,Orlando Magic,2026-10-28T23:30:00Z,7:30p,Scotiabank Arena,,https://www.basketball-reference.com/leagues/NBA_2027_games-october.html,"Wed, Oct 28, 2026"
2026-10-28,Milwaukee Bucks,Houston Rockets,2026-10-29T00:00:00Z,8:00p,Fiserv Forum,,https://www.basketball-reference.com/leagues/NBA_2027_games-october.html,"Wed, Oct 28, 2026"
2026-10-28,Minnesota Timberwolves,Golden State Warriors,2026-10-29T00:00:00Z,8:00p,Target Center,,https://www.basketball-reference.com/leagues/NBA_2027_games-october.html,"Wed, Oct 28, 2026"
2026-10-28,New Orleans Pelicans,Denver Nuggets,2026-10-29T00:00:00Z,8:00p,Smoothie King Center,,https://www.basketball-reference.com/leagues/NBA_2027_games-october.html,"Wed, Oct 28, 2026"
2026-10-28,Chicago Bulls,New York Knicks,2026-10-29T00:00:00Z,8:00p,United Center,,https://www.basketball-reference.com/leagues/NBA_2027_games-october.html,"Wed, Oct 28, 2026"
2026-10-28,Utah Jazz,San Antonio Spurs,2026-10-29T01:00:00Z,9:00p,Delta Center,,https://www.basketball-reference.com/leagues/NBA_2027_games-october.html,"Wed, Oct 28, 2026"
2026-10-28,Dallas Mavericks,Oklahoma City Thunder,2026-10-29T01:30:00Z,9:30p,American Airlines Center,,https://www.basketball-reference.com/leagues/NBA_2027_games-october.html,"Wed, Oct 28, 2026"
2026-10-28,Los Angeles Clippers,Los Angeles Lakers,2026-10-29T02:30:00Z,10:30p,Intuit Dome,,https://www.basketball-reference.com/leagues/NBA_2027_games-october.html,"Wed, Oct 28, 2026"
2026-10-29,Atlanta Hawks,Cleveland Cavaliers,2026-10-29T23:00:00Z,7:00p,State Farm Arena,,https://www.basketball-reference.com/leagues/NBA_2027_games-october.html,"Thu, Oct 29, 2026"
2026-10-29,New Orleans Pelicans,Sacramento Kings,2026-10-30T00:00:00Z,8:00p,Smoothie King Center,,https://www.basketball-reference.com/leagues/NBA_2027_games-october.html,"Thu, Oct 29, 2026"
2026-10-29,Portland Trail Blazers,Memphis Grizzlies,2026-10-30T02:00:00Z,10:00p,Moda Center,,https://www.basketball-reference.com/leagues/NBA_2027_games-october.html,"Thu, Oct 29, 2026"
2026-10-30,Washington Wizards,Charlotte Hornets,2026-10-30T23:00:00Z,7:00p,Capital One Arena,NBA Cup,https://www.basketball-reference.com/leagues/NBA_2027_games-october.html,"Fri, Oct 30, 2026"
2026-10-30,Boston Celtics,Chicago Bulls,2026-10-30T23:30:00Z,7:30p,TD Garden,NBA Cup,https://www.basketball-reference.com/leagues/NBA_2027_games-october.html,"Fri, Oct 30, 2026"
2026-10-30,Brooklyn Nets,Detroit Pistons,2026-10-30T23:30:00Z,7:30p,Barclays Center,NBA Cup,https://www.basketball-reference.com/leagues/NBA_2027_games-october.html,"Fri, Oct 30, 2026"
2026-10-30,Philadelphia 76ers,New York Knicks,2026-10-30T23:30:00Z,7:30p,Xfinity Mobile Arena,NBA Cup,https://www.basketball-reference.com/leagues/NBA_2027_games-october.html,"Fri, Oct 30, 2026"
2026-10-30,Toronto Raptors,Orlando Magic,2026-10-30T23:30:00Z,7:30p,Scotiabank Arena,NBA Cup,https://www.basketball-reference.com/leagues/NBA_2027_games-october.html,"Fri, Oct 30, 2026"
2026-10-30,Dallas Mavericks,Houston Rockets,2026-10-31T00:00:00Z,8:00p,American Airlines Center,NBA Cup,https://www.basketball-reference.com/leagues/NBA_2027_games-october.html,"Fri, Oct 30, 2026"
2026-10-30,Miami Heat,Indiana Pacers,2026-10-31T00:00:00Z,8:00p,Kaseya Center,NBA Cup,https://www.basketball-reference.com/leagues/NBA_2027_games-october.html,"Fri, Oct 30, 2026"
2026-10-30,Minnesota Timberwolves,Los Angeles Clippers,2026-10-31T00:00:00Z,8:00p,Target Center,NBA Cup,https://www.basketball-reference.com/leagues/NBA_2027_games-october.html,"Fri, Oct 30, 2026"
2026-10-30,Golden State Warriors,Los Angeles Lakers,2026-10-31T02:00:00Z,10:00p,Chase Center,NBA Cup,https://www.basketball-reference.com/leagues/NBA_2027_games-october.html,"Fri, Oct 30, 2026"
2026-10-30,Phoenix Suns,Denver Nuggets,2026-10-31T02:00:00Z,10:00p,Mortgage Matchup Center,NBA Cup,https://www.basketball-reference.com/leagues/NBA_2027_games-october.html,"Fri, Oct 30, 2026"
2026-10-31,Utah Jazz,Portland Trail Blazers,2026-10-31T19:00:00Z,3:00p,Delta Center,,https://www.basketball-reference.com/leagues/NBA_2027_games-october.html,"Sat, Oct 31, 2026"
2026-10-31,Charlotte Hornets,Philadelphia 76ers,2026-10-31T22:00:00Z,6:00p,Spectrum Center,,https://www.basketball-reference.com/leagues/NBA_2027_games-october.html,"Sat, Oct 31, 2026"
2026-10-31,New Orleans Pelicans,Atlanta Hawks,2026-10-31T23:00:00Z,7:00p,Smoothie King Center,,https://www.basketball-reference.com/leagues/NBA_2027_games-october.html,"Sat, Oct 31, 2026"
2026-10-31,Memphis Grizzlies,Sacramento Kings,2026-11-01T00:00:00Z,8:00p,FedExForum,,https://www.basketball-reference.com/leagues/NBA_2027_games-october.html,"Sat, Oct 31, 2026"
2026-10-31,Milwaukee Bucks,Cleveland Cavaliers,2026-11-01T00:00:00Z,8:00p,Fiserv Forum,,https://www.basketball-reference.com/leagues/NBA_2027_games-october.html,"Sat, Oct 31, 2026"
2026-10-31,San Antonio Spurs,Minnesota Timberwolves,2026-11-01T00:00:00Z,8:00p,Frost Bank Center,,https://www.basketball-reference.com/leagues/NBA_2027_games-october.html,"Sat, Oct 31, 2026"
2026-10-31,Houston Rockets,Oklahoma City Thunder,2026-11-01T00:30:00Z,8:30p,Toyota Center,,https://www.basketball-reference.com/leagues/NBA_2027_games-october.html,"Sat, Oct 31, 2026"
2026-11-01,Orlando Magic,Boston Celtics,2026-11-01T20:30:00Z,3:30p,Kia Center,,https://www.basketball-reference.com/leagues/NBA_2027_games-november.html,"Sun, Nov 1, 2026"
2026-11-01,Indiana Pacers,Brooklyn Nets,2026-11-01T22:00:00Z,5:00p,Gainbridge Fieldhouse,,https://www.basketball-reference.com/leagues/NBA_2027_games-november.html,"Sun, Nov 1, 2026"
2026-11-01,Golden State Warriors,Los Angeles Clippers,2026-11-02T01:30:00Z,8:30p,Chase Center,,https://www.basketball-reference.com/leagues/NBA_2027_games-november.html,"Sun, Nov 1, 2026"
2026-11-01,Los Angeles Lakers,Toronto Raptors,2026-11-02T02:00:00Z,9:00p,Crypto.com Arena,,https://www.basketball-reference.com/leagues/NBA_2027_games-november.html,"Sun, Nov 1, 2026"
2026-11-02,Cleveland Cavaliers,Oklahoma City Thunder,2026-11-03T00:00:00Z,7:00p,Rocket Arena,,https://www.basketball-reference.com/leagues/NBA_2027_games-november.html,"Mon, Nov 2, 2026"
2026-11-02,Charlotte Hornets,Detroit Pistons,2026-11-03T00:30:00Z,7:30p,Spectrum Center,,https://www.basketball-reference.com/leagues/NBA_2027_games-november.html,"Mon, Nov 2, 2026"
2026-11-02,Indiana Pacers,Atlanta Hawks,2026-11-03T00:30:00Z,7:30p,Gainbridge Fieldhouse,,https://www.basketball-reference.com/leagues/NBA_2027_games-november.html,"Mon, Nov 2, 2026"
2026-11-02,New York Knicks,Brooklyn Nets,2026-11-03T00:30:00Z,7:30p,Madison Square Garden (IV),,https://www.basketball-reference.com/leagues/NBA_2027_games-november.html,"Mon, Nov 2, 2026"
2026-11-02,Orlando Magic,Washington Wizards,2026-11-03T00:30:00Z,7:30p,Kia Center,,https://www.basketball-reference.com/leagues/NBA_2027_games-november.html,"Mon, Nov 2, 2026"
2026-11-02,Philadelphia 76ers,Chicago Bulls,2026-11-03T00:30:00Z,7:30p,Xfinity Mobile Arena,,https://www.basketball-reference.com/leagues/NBA_2027_games-november.html,"Mon, Nov 2, 2026"
2026-11-02,Dallas Mavericks,Sacramento Kings,2026-11-03T01:00:00Z,8:00p,American Airlines Center,,https://www.basketball-reference.com/leagues/NBA_2027_games-november.html,"Mon, Nov 2, 2026"
2026-11-02,Memphis Grizzlies,New Orleans Pelicans,2026-11-03T01:00:00Z,8:00p,FedExForum,,https://www.basketball-reference.com/leagues/NBA_2027_games-november.html,"Mon, Nov 2, 2026"
2026-11-02,Minnesota Timberwolves,Milwaukee Bucks,2026-11-03T01:00:00Z,8:00p,Target Center,,https://www.basketball-reference.com/leagues/NBA_2027_games-november.html,"Mon, Nov 2, 2026"
2026-11-02,Houston Rockets,Boston Celtics,2026-11-03T01:30:00Z,8:30p,Toyota Center,,https://www.basketball-reference.com/leagues/NBA_2027_games-november.html,"Mon, Nov 2, 2026"
2026-11-02,San Antonio Spurs,Utah Jazz,2026-11-03T01:30:00Z,8:30p,Frost Bank Center,,https://www.basketball-reference.com/leagues/NBA_2027_games-november.html,"Mon, Nov 2, 2026"
2026-11-02,Denver Nuggets,Portland Trail Blazers,2026-11-03T02:00:00Z,9:00p,Ball Arena,,https://www.basketball-reference.com/leagues/NBA_2027_games-november.html,"Mon, Nov 2, 2026"
2026-11-02,Golden State Warriors,Phoenix Suns,2026-11-03T03:00:00Z,10:00p,Chase Center,,https://www.basketball-reference.com/leagues/NBA_2027_games-november.html,"Mon, Nov 2, 2026"
2026-11-02,Los Angeles Clippers,Toronto Raptors,2026-11-03T03:00:00Z,10:00p,Intuit Dome,,https://www.basketball-reference.com/leagues/NBA_2027_games-november.html,"Mon, Nov 2, 2026"
2026-11-02,Los Angeles Lakers,Miami Heat,2026-11-03T03:00:00Z,10:00p,Crypto.com Arena,,https://www.basketball-reference.com/leagues/NBA_2027_games-november.html,"Mon, Nov 2, 2026"
2026-11-04,Detroit Pistons,Philadelphia 76ers,2026-11-05T00:00:00Z,7:00p,Little Caesars Arena,,https://www.basketball-reference.com/leagues/NBA_2027_games-november.html,"Wed, Nov 4, 2026"
2026-11-04,Washington Wizards,Atlanta Hawks,2026-11-05T00:00:00Z,7:00p,Capital One Arena,,https://www.basketball-reference.com/leagues/NBA_2027_games-november.html,"Wed, Nov 4, 2026"
2026-11-04,Boston Celtics,Milwaukee Bucks,2026-11-05T00:30:00Z,7:30p,TD Garden,,https://www.basketball-reference.com/leagues/NBA_2027_games-november.html,"Wed, Nov 4, 2026"
2026-11-04,Brooklyn Nets,Charlotte Hornets,2026-11-05T00:30:00Z,7:30p,Barclays Center,,https://www.basketball-reference.com/leagues/NBA_2027_games-november.html,"Wed, Nov 4, 2026"
2026-11-04,New York Knicks,Chicago Bulls,2026-11-05T00:30:00Z,7:30p,Madison Square Garden (IV),,https://www.basketball-reference.com/leagues/NBA_2027_games-november.html,"Wed, Nov 4, 2026"
2026-11-04,Memphis Grizzlies,Indiana Pacers,2026-11-05T01:00:00Z,8:00p,FedExForum,,https://www.basketball-reference.com/leagues/NBA_2027_games-november.html,"Wed, Nov 4, 2026"
2026-11-04,New Orleans Pelicans,Utah Jazz,2026-11-05T01:00:00Z,8:00p,Smoothie King Center,,https://www.basketball-reference.com/leagues/NBA_2027_games-november.html,"Wed, Nov 4, 2026"
2026-11-04,Oklahoma City Thunder,Cleveland Cavaliers,2026-11-05T01:00:00Z,8:00p,Paycom Center,,https://www.basketball-reference.com/leagues/NBA_2027_games-november.html,"Wed, Nov 4, 2026"
2026-11-04,Houston Rockets,Minnesota Timberwolves,2026-11-05T01:30:00Z,8:30p,Toyota Center,,https://www.basketball-reference.com/leagues/NBA_2027_games-november.html,"Wed, Nov 4, 2026"
2026-11-04,Denver Nuggets,Toronto Raptors,2026-11-05T02:00:00Z,9:00p,Ball Arena,,https://www.basketball-reference.com/leagues/NBA_2027_games-november.html,"Wed, Nov 4, 2026"
2026-11-04,Phoenix Suns,Portland Trail Blazers,2026-11-05T02:00:00Z,9:00p,Mortgage Matchup Center,,https://www.basketball-reference.com/leagues/NBA_2027_games-november.html,"Wed, Nov 4, 2026"
2026-11-04,San Antonio Spurs,Dallas Mavericks,2026-11-05T02:30:00Z,9:30p,Frost Bank Center,,https://www.basketball-reference.com/leagues/NBA_2027_games-november.html,"Wed, Nov 4, 2026"
2026-11-04,Sacramento Kings,Los Angeles Lakers,2026-11-05T03:00:00Z,10:00p,Golden 1 Center,,https://www.basketball-reference.com/leagues/NBA_2027_games-november.html,"Wed, Nov 4, 2026"
2026-11-04,Los Angeles Clippers,Miami Heat,2026-11-05T03:30:00Z,10:30p,Intuit Dome,,https://www.basketball-reference.com/leagues/NBA_2027_games-november.html,"Wed, Nov 4, 2026"
2026-11-05,Phoenix Suns,Orlando Magic,2026-11-06T02:00:00Z,9:00p,Mortgage Matchup Center,,https://www.basketball-reference.com/leagues/NBA_2027_games-november.html,"Thu, Nov 5, 2026"
2026-11-05,Golden State Warriors,Miami Heat,2026-11-06T03:00:00Z,10:00p,Chase Center,,https://www.basketball-reference.com/leagues/NBA_2027_games-november.html,"Thu, Nov 5, 2026"
2026-11-06,Atlanta Hawks,Washington Wizards,2026-11-07T00:00:00Z,7:00p,State Farm Arena,NBA Cup,https://www.basketball-reference.com/leagues/NBA_2027_games-november.html,"Fri, Nov 6, 2026"
2026-11-06,Charlotte Hornets,Boston Celtics,2026-11-07T00:00:00Z,7:00p,Spectrum Center,NBA Cup,https://www.basketball-reference.com/leagues/NBA_2027_games-november.html,"Fri, Nov 6, 2026"
2026-11-06,Cleveland Cavaliers,Philadelphia 76ers,2026-11-07T00:30:00Z,7:30p,Rocket Arena,NBA Cup,https://www.basketball-reference.com/leagues/NBA_2027_games-november.html,"Fri, Nov 6, 2026"
2026-11-06,Dallas Mavericks,Utah Jazz,2026-11-07T01:00:00Z,8:00p,American Airlines Center,NBA Cup,https://www.basketball-reference.com/leagues/NBA_2027_games-november.html,"Fri, Nov 6, 2026"
2026-11-06,Memphis Grizzlies,Oklahoma City Thunder,2026-11-07T01:00:00Z,8:00p,FedExForum,NBA Cup,https://www.basketball-reference.com/leagues/NBA_2027_games-november.html,"Fri, Nov 6, 2026"
2026-11-06,Milwaukee Bucks,Toronto Raptors,2026-11-07T01:00:00Z,8:00p,Fiserv Forum,NBA Cup,https://www.basketball-reference.com/leagues/NBA_2027_games-november.html,"Fri, Nov 6, 2026"
2026-11-06,New Orleans Pelicans,Minnesota Timberwolves,2026-11-07T01:00:00Z,8:00p,Smoothie King Center,NBA Cup,https://www.basketball-reference.com/leagues/NBA_2027_games-november.html,"Fri, Nov 6, 2026"
2026-11-06,Los Angeles Lakers,Portland Trail Blazers,2026-11-07T03:00:00Z,10:00p,Crypto.com Arena,NBA Cup,https://www.basketball-reference.com/leagues/NBA_2027_games-november.html,"Fri, Nov 6, 2026"
2026-11-06,Sacramento Kings,San Antonio Spurs,2026-11-07T03:00:00Z,10:00p,Golden 1 Center,NBA Cup,https://www.basketball-reference.com/leagues/NBA_2027_games-november.html,"Fri, Nov 6, 2026"
2026-11-07,Indiana Pacers,Denver Nuggets,2026-11-07T22:00:00Z,5:00p,Mexico City Arena,,https://www.basketball-reference.com/leagues/NBA_2027_games-november.html,"Sat, Nov 7, 2026"
2026-11-07,Atlanta Hawks,Brooklyn Nets,2026-11-08T00:30:00Z,7:30p,State Farm Arena,,https://www.basketball-reference.com/leagues/NBA_2027_games-november.html,"Sat, Nov 7, 2026"
2026-11-07,Cleveland Cavaliers,New York Knicks,2026-11-08T01:00:00Z,8:00p,Rocket Arena,,https://www.basketball-reference.com/leagues/NBA_2027_games-november.html,"Sat, Nov 7, 2026"
2026-11-07,Oklahoma City Thunder,Washington Wizards,2026-11-08T01:00:00Z,8:00p,Paycom Center,,https://www.basketball-reference.com/leagues/NBA_2027_games-november.html,"Sat, Nov 7, 2026"
2026-11-07,Golden State Warriors,Orlando Magic,2026-11-08T01:30:00Z,8:30p,Chase Center,,https://www.basketball-reference.com/leagues/NBA_2027_games-november.html,"Sat, Nov 7, 2026"
2026-11-07,Phoenix Suns,Houston Rockets,2026-11-08T02:00:00Z,9:00p,Mortgage Matchup Center,,https://www.basketball-reference.com/leagues/NBA_2027_games-november.html,"Sat, Nov 7, 2026"
2026-11-07,Portland Trail Blazers,San Antonio Spurs,2026-11-08T03:00:00Z,10:00p,Moda Center,,https://www.basketball-reference.com/leagues/NBA_2027_games-november.html,"Sat, Nov 7, 2026"
2026-11-08,Chicago Bulls,Philadelphia 76ers,2026-11-08T20:30:00Z,3:30p,United Center,,https://www.basketball-reference.com/leagues/NBA_2027_games-november.html,"Sun, Nov 8, 2026"
2026-11-08,Detroit Pistons,Los Angeles Lakers,2026-11-08T23:00:00Z,6:00p,Little Caesars Arena,,https://www.basketball-reference.com/leagues/NBA_2027_games-november.html,"Sun, Nov 8, 2026"
2026-11-08,Minnesota Timberwolves,Utah Jazz,2026-11-09T00:00:00Z,7:00p,Target Center,,https://www.basketball-reference.com/leagues/NBA_2027_games-november.html,"Sun, Nov 8, 2026"
2026-11-08,Dallas Mavericks,Brooklyn Nets,2026-11-09T00:30:00Z,7:30p,American Airlines Center,,https://www.basketball-reference.com/leagues/NBA_2027_games-november.html,"Sun, Nov 8, 2026"
2026-11-08,Milwaukee Bucks,Boston Celtics,2026-11-09T01:00:00Z,8:00p,Fiserv Forum,,https://www.basketball-reference.com/leagues/NBA_2027_games-november.html,"Sun, Nov 8, 2026"
2026-11-08,Los Angeles Clippers,New Orleans Pelicans,2026-11-09T02:00:00Z,9:00p,Intuit Dome,,https://www.basketball-reference.com/leagues/NBA_2027_games-november.html,"Sun, Nov 8, 2026"
2026-11-08,Sacramento Kings,Miami Heat,2026-11-09T02:00:00Z,9:00p,Golden 1 Center,,https://www.basketball-reference.com/leagues/NBA_2027_games-november.html,"Sun, Nov 8, 2026"
2026-11-09,Atlanta Hawks,Los Angeles Lakers,2026-11-10T00:00:00Z,7:00p,State Farm Arena,,https://www.basketball-reference.com/leagues/NBA_2027_games-november.html,"Mon, Nov 9, 2026"
2026-11-09,Charlotte Hornets,Cleveland Cavaliers,2026-11-10T00:00:00Z,7:00p,Spectrum Center,,https://www.basketball-reference.com/leagues/NBA_2027_games-november.html,"Mon, Nov 9, 2026"
2026-11-09,Detroit Pistons,Washington Wizards,2026-11-10T00:00:00Z,7:00p,Little Caesars Arena,,https://www.basketball-reference.com/leagues/NBA_2027_games-november.html,"Mon, Nov 9, 2026"
2026-11-09,Toronto Raptors,Memphis Grizzlies,2026-11-10T00:30:00Z,7:30p,Scotiabank Arena,,https://www.basketball-reference.com/leagues/NBA_2027_games-november.html,"Mon, Nov 9, 2026"
2026-11-09,Dallas Mavericks,Indiana Pacers,2026-11-10T01:00:00Z,8:00p,American Airlines Center,,https://www.basketball-reference.com/leagues/NBA_2027_games-november.html,"Mon, Nov 9, 2026"
2026-11-09,Houston Rockets,Denver Nuggets,2026-11-10T01:30:00Z,8:30p,Toyota Center,,https://www.basketball-reference.com/leagues/NBA_2027_games-november.html,"Mon, Nov 9, 2026"
2026-11-09,Phoenix Suns,San Antonio Spurs,2026-11-10T02:00:00Z,9:00p,Mortgage Matchup Center,,https://www.basketball-reference.com/leagues/NBA_2027_games-november.html,"Mon, Nov 9, 2026"
2026-11-09,Golden State Warriors,New Orleans Pelicans,2026-11-10T03:00:00Z,10:00p,Chase Center,,https://www.basketball-reference.com/leagues/NBA_2027_games-november.html,"Mon, Nov 9, 2026"
2026-11-10,New York Knicks,Milwaukee Bucks,2026-11-11T00:30:00Z,7:30p,Madison Square Garden (IV),,https://www.basketball-reference.com/leagues/NBA_2027_games-november.html,"Tue, Nov 10, 2026"
2026-11-10,Philadelphia 76ers,Boston Celtics,2026-11-11T01:00:00Z,8:00p,Xfinity Mobile Arena,,https://www.basketball-reference.com/leagues/NBA_2027_games-november.html,"Tue, Nov 10, 2026"
2026-11-10,Phoenix Suns,Los Angeles Clippers,2026-11-11T02:00:00Z,9:00p,Mortgage Matchup Center,,https://www.basketball-reference.com/leagues/NBA_2027_games-november.html,"Tue, Nov 10, 2026"
2026-11-10,Utah Jazz,Miami Heat,2026-11-11T02:00:00Z,9:00p,Delta Center,,https://www.basketball-reference.com/leagues/NBA_2027_games-november.html,"Tue, Nov 10, 2026"
2026-11-10,Sacramento Kings,Orlando Magic,2026-11-11T03:00:00Z,10:00p,Golden 1 Center,,https://www.basketball-reference.com/leagues/NBA_2027_games-november.html,"Tue, Nov 10, 2026"
2026-11-10,Portland Trail Blazers,Oklahoma City Thunder,2026-11-11T04:00:00Z,11:00p,Moda Center,,https://www.basketball-reference.com/leagues/NBA_2027_games-november.html,"Tue, Nov 10, 2026"
2026-11-11,Indiana Pacers,Washington Wizards,2026-11-12T00:00:00Z,7:00p,Gainbridge Fieldhouse,,https://www.basketball-reference.com/leagues/NBA_2027_games-november.html,"Wed, Nov 11, 2026"
2026-11-11,New York Knicks,Cleveland Cavaliers,2026-11-12T00:00:00Z,7:00p,Madison Square Garden (IV),,https://www.basketball-reference.com/leagues/NBA_2027_games-november.html,"Wed, Nov 11, 2026"
2026-11-11,Toronto Raptors,Boston Celtics,2026-11-12T00:00:00Z,7:00p,Scotiabank Arena,,https://www.basketball-reference.com/leagues/NBA_2027_games-november.html,"Wed, Nov 11, 2026"
2026-11-11,Chicago Bulls,San Antonio Spurs,2026-11-12T01:00:00Z,8:00p,United Center,,https://www.basketball-reference.com/leagues/NBA_2027_games-november.html,"Wed, Nov 11, 2026"
2026-11-11,Memphis Grizzlies,Denver Nuggets,2026-11-12T01:00:00Z,8:00p,FedExForum,,https://www.basketball-reference.com/leagues/NBA_2027_games-november.html,"Wed, Nov 11, 2026"
2026-11-11,Milwaukee Bucks,Los Angeles Lakers,2026-11-12T01:00:00Z,8:00p,Fiserv Forum,,https://www.basketball-reference.com/leagues/NBA_2027_games-november.html,"Wed, Nov 11, 2026"
2026-11-11,New Orleans Pelicans,Brooklyn Nets,2026-11-12T01:00:00Z,8:00p,Smoothie King Center,,https://www.basketball-reference.com/leagues/NBA_2027_games-november.html,"Wed, Nov 11, 2026"
2026-11-11,Utah Jazz,Orlando Magic,2026-11-12T02:00:00Z,9:00p,Delta Center,,https://www.basketball-reference.com/leagues/NBA_2027_games-november.html,"Wed, Nov 11, 2026"
2026-11-11,Houston Rockets,Golden State Warriors,2026-11-12T02:30:00Z,9:30p,Toyota Center,,https://www.basketball-reference.com/leagues/NBA_2027_games-november.html,"Wed, Nov 11, 2026"
2026-11-11,Portland Trail Blazers,Oklahoma City Thunder,2026-11-12T03:00:00Z,10:00p,Moda Center,,https://www.basketball-reference.com/leagues/NBA_2027_games-november.html,"Wed, Nov 11, 2026"
2026-11-12,Philadelphia 76ers,Toronto Raptors,2026-11-13T00:00:00Z,7:00p,Xfinity Mobile Arena,,https://www.basketball-reference.com/leagues/NBA_2027_games-november.html,"Thu, Nov 12, 2026"
2026-11-12,Washington Wizards,Detroit Pistons,2026-11-13T00:00:00Z,7:00p,Capital One Arena,,https://www.basketball-reference.com/leagues/NBA_2027_games-november.html,"Thu, Nov 12, 2026"
2026-11-12,Minnesota Timberwolves,Dallas Mavericks,2026-11-13T01:00:00Z,8:00p,Target Center,,https://www.basketball-reference.com/leagues/NBA_2027_games-november.html,"Thu, Nov 12, 2026"
2026-11-12,Phoenix Suns,Charlotte Hornets,2026-11-13T02:00:00Z,9:00p,Mortgage Matchup Center,,https://www.basketball-reference.com/leagues/NBA_2027_games-november.html,"Thu, Nov 12, 2026"
2026-11-13,Indiana Pacers,New York Knicks,2026-11-14T00:00:00Z,7:00p,Gainbridge Fieldhouse,NBA Cup,https://www.basketball-reference.com/leagues/NBA_2027_games-november.html,"Fri, Nov 13, 2026"
2026-11-13,Orlando Magic,Milwaukee Bucks,2026-11-14T00:00:00Z,7:00p,Kia Center,NBA Cup,https://www.basketball-reference.com/leagues/NBA_2027_games-november.html,"Fri, Nov 13, 2026"
2026-11-13,Chicago Bulls,Atlanta Hawks,2026-11-14T01:00:00Z,8:00p,United Center,NBA Cup,https://www.basketball-reference.com/leagues/NBA_2027_games-november.html,"Fri, Nov 13, 2026"
2026-11-13,Miami Heat,Cleveland Cavaliers,2026-11-14T01:00:00Z,8:00p,Kaseya Center,NBA Cup,https://www.basketball-reference.com/leagues/NBA_2027_games-november.html,"Fri, Nov 13, 2026"
2026-11-13,New Orleans Pelicans,Memphis Grizzlies,2026-11-14T01:00:00Z,8:00p,Smoothie King Center,NBA Cup,https://www.basketball-reference.com/leagues/NBA_2027_games-november.html,"Fri, Nov 13, 2026"
2026-11-13,Houston Rockets,Utah Jazz,2026-11-14T01:30:00Z,8:30p,Toyota Center,NBA Cup,https://www.basketball-reference.com/leagues/NBA_2027_games-november.html,"Fri, Nov 13, 2026"
2026-11-13,San Antonio Spurs,Golden State Warriors,2026-11-14T02:30:00Z,9:30p,Frost Bank Center,NBA Cup,https://www.basketball-reference.com/leagues/NBA_2027_games-november.html,"Fri, Nov 13, 2026"
2026-11-13,Sacramento Kings,Portland Trail Blazers,2026-11-14T03:00:00Z,10:00p,Golden 1 Center,NBA Cup,https://www.basketball-reference.com/leagues/NBA_2027_games-november.html,"Fri, Nov 13, 2026"
2026-11-13,Los Angeles Clippers,Oklahoma City Thunder,2026-11-14T03:30:00Z,10:30p,Intuit Dome,NBA Cup,https://www.basketball-reference.com/leagues/NBA_2027_games-november.html,"Fri, Nov 13, 2026"
2026-11-14,New Orleans Pelicans,Denver Nuggets,2026-11-15T00:00:00Z,7:00p,Smoothie King Center,,https://www.basketball-reference.com/leagues/NBA_2027_games-november.html,"Sat, Nov 14, 2026"
2026-11-14,Cleveland Cavaliers,Dallas Mavericks,2026-11-15T00:30:00Z,7:30p,Rocket Arena,,https://www.basketball-reference.com/leagues/NBA_2027_games-november.html,"Sat, Nov 14, 2026"
2026-11-14,Memphis Grizzlies,Brooklyn Nets,2026-11-15T01:00:00Z,8:00p,FedExForum,,https://www.basketball-reference.com/leagues/NBA_2027_games-november.html,"Sat, Nov 14, 2026"
2026-11-14,Miami Heat,Detroit Pistons,2026-11-15T01:00:00Z,8:00p,Kaseya Center,,https://www.basketball-reference.com/leagues/NBA_2027_games-november.html,"Sat, Nov 14, 2026"
2026-11-14,Minnesota Timberwolves,Chicago Bulls,2026-11-15T01:00:00Z,8:00p,Target Center,,https://www.basketball-reference.com/leagues/NBA_2027_games-november.html,"Sat, Nov 14, 2026"
2026-11-15,Philadelphia 76ers,Indiana Pacers,2026-11-15T18:00:00Z,1:00p,Xfinity Mobile Arena,,https://www.basketball-reference.com/leagues/NBA_2027_games-november.html,"Sun, Nov 15, 2026"
2026-11-15,Phoenix Suns,Los Angeles Lakers,2026-11-15T21:00:00Z,4:00p,Mortgage Matchup Center,,https://www.basketball-reference.com/leagues/NBA_2027_games-november.html,"Sun, Nov 15, 2026"
2026-11-15,Los Angeles Clippers,Charlotte Hornets,2026-11-15T21:30:00Z,4:30p,Intuit Dome,,https://www.basketball-reference.com/leagues/NBA_2027_games-november.html,"Sun, Nov 15, 2026"
2026-11-15,Utah Jazz,San Antonio Spurs,2026-11-15T22:00:00Z,5:00p,Delta Center,,https://www.basketball-reference.com/leagues/NBA_2027_games-november.html,"Sun, Nov 15, 2026"
2026-11-15,Boston Celtics,Dallas Mavericks,2026-11-15T23:00:00Z,6:00p,TD Garden,,https://www.basketball-reference.com/leagues/NBA_2027_games-november.html,"Sun, Nov 15, 2026"
2026-11-15,Toronto Raptors,New York Knicks,2026-11-15T23:00:00Z,6:00p,Scotiabank Arena,,https://www.basketball-reference.com/leagues/NBA_2027_games-november.html,"Sun, Nov 15, 2026"
2026-11-15,Washington Wizards,Houston Rockets,2026-11-16T00:00:00Z,7:00p,Capital One Arena,,https://www.basketball-reference.com/leagues/NBA_2027_games-november.html,"Sun, Nov 15, 2026"
2026-11-15,Milwaukee Bucks,Atlanta Hawks,2026-11-16T01:00:00Z,8:00p,Fiserv Forum,,https://www.basketball-reference.com/leagues/NBA_2027_games-november.html,"Sun, Nov 15, 2026"
2026-11-15,Sacramento Kings,Oklahoma City Thunder,2026-11-16T02:00:00Z,9:00p,Golden 1 Center,,https://www.basketball-reference.com/leagues/NBA_2027_games-november.html,"Sun, Nov 15, 2026"
2026-11-16,Boston Celtics,Orlando Magic,2026-11-17T00:00:00Z,7:00p,TD Garden,,https://www.basketball-reference.com/leagues/NBA_2027_games-november.html,"Mon, Nov 16, 2026"
2026-11-16,Cleveland Cavaliers,Chicago Bulls,2026-11-17T00:00:00Z,7:00p,Rocket Arena,,https://www.basketball-reference.com/leagues/NBA_2027_games-november.html,"Mon, Nov 16, 2026"
2026-11-16,Washington Wizards,Memphis Grizzlies,2026-11-17T00:00:00Z,7:00p,Capital One Arena,,https://www.basketball-reference.com/leagues/NBA_2027_games-november.html,"Mon, Nov 16, 2026"
2026-11-16,Brooklyn Nets,Philadelphia 76ers,2026-11-17T00:30:00Z,7:30p,Barclays Center,,https://www.basketball-reference.com/leagues/NBA_2027_games-november.html,"Mon, Nov 16, 2026"
2026-11-16,Miami Heat,Houston Rockets,2026-11-17T00:30:00Z,7:30p,Kaseya Center,,https://www.basketball-reference.com/leagues/NBA_2027_games-november.html,"Mon, Nov 16, 2026"
2026-11-16,Minnesota Timberwolves,Portland Trail Blazers,2026-11-17T01:00:00Z,8:00p,Target Center,,https://www.basketball-reference.com/leagues/NBA_2027_games-november.html,"Mon, Nov 16, 2026"
2026-11-16,New Orleans Pelicans,Golden State Warriors,2026-11-17T01:00:00Z,8:00p,Smoothie King Center,,https://www.basketball-reference.com/leagues/NBA_2027_games-november.html,"Mon, Nov 16, 2026"
2026-11-16,Denver Nuggets,Phoenix Suns,2026-11-17T02:00:00Z,9:00p,Ball Arena,,https://www.basketball-reference.com/leagues/NBA_2027_games-november.html,"Mon, Nov 16, 2026"
2026-11-17,Toronto Raptors,New York Knicks,2026-11-18T00:30:00Z,7:30p,Scotiabank Arena,,https://www.basketball-reference.com/leagues/NBA_2027_games-november.html,"Tue, Nov 17, 2026"
2026-11-17,Minnesota Timberwolves,Portland Trail Blazers,2026-11-18T01:00:00Z,8:00p,Target Center,,https://www.basketball-reference.com/leagues/NBA_2027_games-november.html,"Tue, Nov 17, 2026"
2026-11-17,San Antonio Spurs,Detroit Pistons,2026-11-18T01:00:00Z,8:00p,Frost Bank Center,,https://www.basketball-reference.com/leagues/NBA_2027_games-november.html,"Tue, Nov 17, 2026"
2026-11-17,Los Angeles Lakers,Charlotte Hornets,2026-11-18T03:00:00Z,10:00p,Crypto.com Arena,,https://www.basketball-reference.com/leagues/NBA_2027_games-november.html,"Tue, Nov 17, 2026"
2026-11-17,Los Angeles Clippers,Utah Jazz,2026-11-18T04:00:00Z,11:00p,Intuit Dome,,https://www.basketball-reference.com/leagues/NBA_2027_games-november.html,"Tue, Nov 17, 2026"
2026-11-18,Cleveland Cavaliers,Memphis Grizzlies,2026-11-19T00:00:00Z,7:00p,Rocket Arena,,https://www.basketball-reference.com/leagues/NBA_2027_games-november.html,"Wed, Nov 18, 2026"
2026-11-18,Indiana Pacers,Houston Rockets,2026-11-19T00:00:00Z,7:00p,Gainbridge Fieldhouse,,https://www.basketball-reference.com/leagues/NBA_2027_games-november.html,"Wed, Nov 18, 2026"
2026-11-18,Miami Heat,Milwaukee Bucks,2026-11-19T00:00:00Z,7:00p,Kaseya Center,,https://www.basketball-reference.com/leagues/NBA_2027_games-november.html,"Wed, Nov 18, 2026"
2026-11-18,Orlando Magic,Philadelphia 76ers,2026-11-19T00:00:00Z,7:00p,Kia Center,,https://www.basketball-reference.com/leagues/NBA_2027_games-november.html,"Wed, Nov 18, 2026"
2026-11-18,Brooklyn Nets,Chicago Bulls,2026-11-19T00:30:00Z,7:30p,Barclays Center,,https://www.basketball-reference.com/leagues/NBA_2027_games-november.html,"Wed, Nov 18, 2026"
2026-11-18,Toronto Raptors,Washington Wizards,2026-11-19T00:30:00Z,7:30p,Scotiabank Arena,,https://www.basketball-reference.com/leagues/NBA_2027_games-november.html,"Wed, Nov 18, 2026"
2026-11-18,New Orleans Pelicans,Detroit Pistons,2026-11-19T01:00:00Z,8:00p,Smoothie King Center,,https://www.basketball-reference.com/leagues/NBA_2027_games-november.html,"Wed, Nov 18, 2026"
2026-11-18,Oklahoma City Thunder,Atlanta Hawks,2026-11-19T01:00:00Z,8:00p,Paycom Center,,https://www.basketball-reference.com/leagues/NBA_2027_games-november.html,"Wed, Nov 18, 2026"
2026-11-18,Denver Nuggets,Boston Celtics,2026-11-19T02:00:00Z,9:00p,Ball Arena,,https://www.basketball-reference.com/leagues/NBA_2027_games-november.html,"Wed, Nov 18, 2026"
2026-11-18,Dallas Mavericks,Golden State Warriors,2026-11-19T02:30:00Z,9:30p,American Airlines Center,,https://www.basketball-reference.com/leagues/NBA_2027_games-november.html,"Wed, Nov 18, 2026"
2026-11-18,Los Angeles Lakers,Utah Jazz,2026-11-19T03:00:00Z,10:00p,Crypto.com Arena,,https://www.basketball-reference.com/leagues/NBA_2027_games-november.html,"Wed, Nov 18, 2026"
2026-11-18,Sacramento Kings,Phoenix Suns,2026-11-19T03:00:00Z,10:00p,Golden 1 Center,,https://www.basketball-reference.com/leagues/NBA_2027_games-november.html,"Wed, Nov 18, 2026"
2026-11-19,Memphis Grizzlies,Golden State Warriors,2026-11-20T01:00:00Z,8:00p,FedExForum,,https://www.basketball-reference.com/leagues/NBA_2027_games-november.html,"Thu, Nov 19, 2026"
2026-11-19,Milwaukee Bucks,Portland Trail Blazers,2026-11-20T01:00:00Z,8:00p,Fiserv Forum,,https://www.basketball-reference.com/leagues/NBA_2027_games-november.html,"Thu, Nov 19, 2026"
2026-11-19,Minnesota Timberwolves,New York Knicks,2026-11-20T01:00:00Z,8:00p,Target Center,,https://www.basketball-reference.com/leagues/NBA_2027_games-november.html,"Thu, Nov 19, 2026"
2026-11-19,San Antonio Spurs,Los Angeles Clippers,2026-11-20T01:00:00Z,8:00p,Frost Bank Center,,https://www.basketball-reference.com/leagues/NBA_2027_games-november.html,"Thu, Nov 19, 2026"
2026-11-20,Atlanta Hawks,Charlotte Hornets,2026-11-21T00:00:00Z,7:00p,State Farm Arena,NBA Cup,https://www.basketball-reference.com/leagues/NBA_2027_games-november.html,"Fri, Nov 20, 2026"
2026-11-20,Brooklyn Nets,Orlando Magic,2026-11-21T00:30:00Z,7:30p,Barclays Center,NBA Cup,https://www.basketball-reference.com/leagues/NBA_2027_games-november.html,"Fri, Nov 20, 2026"
2026-11-20,Cleveland Cavaliers,Indiana Pacers,2026-11-21T00:30:00Z,7:30p,Rocket Arena,NBA Cup,https://www.basketball-reference.com/leagues/NBA_2027_games-november.html,"Fri, Nov 20, 2026"
2026-11-20,Detroit Pistons,Toronto Raptors,2026-11-21T00:30:00Z,7:30p,Little Caesars Arena,NBA Cup,https://www.basketball-reference.com/leagues/NBA_2027_games-november.html,"Fri, Nov 20, 2026"
2026-11-20,Chicago Bulls,Washington Wizards,2026-11-21T01:00:00Z,8:00p,United Center,NBA Cup,https://www.basketball-reference.com/leagues/NBA_2027_games-november.html,"Fri, Nov 20, 2026"
2026-11-20,Oklahoma City Thunder,New Orleans Pelicans,2026-11-21T01:00:00Z,8:00p,Paycom Center,NBA Cup,https://www.basketball-reference.com/leagues/NBA_2027_games-november.html,"Fri, Nov 20, 2026"
2026-11-20,Utah Jazz,Phoenix Suns,2026-11-21T02:30:00Z,9:30p,Delta Center,NBA Cup,https://www.basketball-reference.com/leagues/NBA_2027_games-november.html,"Fri, Nov 20, 2026"
2026-11-20,Denver Nuggets,Houston Rockets,2026-11-21T03:00:00Z,10:00p,Ball Arena,NBA Cup,https://www.basketball-reference.com/leagues/NBA_2027_games-november.html,"Fri, Nov 20, 2026"
2026-11-20,Los Angeles Lakers,Sacramento Kings,2026-11-21T03:00:00Z,10:00p,Crypto.com Arena,NBA Cup,https://www.basketball-reference.com/leagues/NBA_2027_games-november.html,"Fri, Nov 20, 2026"
2026-11-21,Philadelphia 76ers,Milwaukee Bucks,2026-11-21T18:00:00Z,1:00p,Xfinity Mobile Arena,,https://www.basketball-reference.com/leagues/NBA_2027_games-november.html,"Sat, Nov 21, 2026"
2026-11-21,New York Knicks,Portland Trail Blazers,2026-11-22T00:30:00Z,7:30p,Madison Square Garden (IV),,https://www.basketball-reference.com/leagues/NBA_2027_games-november.html,"Sat, Nov 21, 2026"
2026-11-21,Dallas Mavericks,Los Angeles Clippers,2026-11-22T01:00:00Z,8:00p,American Airlines Center,,https://www.basketball-reference.com/leagues/NBA_2027_games-november.html,"Sat, Nov 21, 2026"
2026-11-21,Minnesota Timberwolves,Memphis Grizzlies,2026-11-22T01:00:00Z,8:00p,Target Center,,https://www.basketball-reference.com/leagues/NBA_2027_games-november.html,"Sat, Nov 21, 2026"
2026-11-21,San Antonio Spurs,New Orleans Pelicans,2026-11-22T01:00:00Z,8:00p,Frost Bank Center,,https://www.basketball-reference.com/leagues/NBA_2027_games-november.html,"Sat, Nov 21, 2026"
2026-11-21,Sacramento Kings,Boston Celtics,2026-11-22T03:00:00Z,10:00p,Golden 1 Center,,https://www.basketball-reference.com/leagues/NBA_2027_games-november.html,"Sat, Nov 21, 2026"
2026-11-22,Atlanta Hawks,Detroit Pistons,2026-11-22T20:30:00Z,3:30p,State Farm Arena,,https://www.basketball-reference.com/leagues/NBA_2027_games-november.html,"Sun, Nov 22, 2026"
2026-11-22,Miami Heat,Oklahoma City Thunder,2026-11-22T23:00:00Z,6:00p,Kaseya Center,,https://www.basketball-reference.com/leagues/NBA_2027_games-november.html,"Sun, Nov 22, 2026"
2026-11-22,Chicago Bulls,Denver Nuggets,2026-11-23T00:00:00Z,7:00p,United Center,,https://www.basketball-reference.com/leagues/NBA_2027_games-november.html,"Sun, Nov 22, 2026"
2026-11-22,Utah Jazz,Dallas Mavericks,2026-11-23T00:00:00Z,7:00p,Delta Center,,https://www.basketball-reference.com/leagues/NBA_2027_games-november.html,"Sun, Nov 22, 2026"
2026-11-22,Washington Wizards,Orlando Magic,2026-11-23T00:00:00Z,7:00p,Capital One Arena,,https://www.basketball-reference.com/leagues/NBA_2027_games-november.html,"Sun, Nov 22, 2026"
2026-11-22,New York Knicks,Indiana Pacers,2026-11-23T01:00:00Z,8:00p,Madison Square Garden (IV),,https://www.basketball-reference.com/leagues/NBA_2027_games-november.html,"Sun, Nov 22, 2026"
2026-11-22,Golden State Warriors,Boston Celtics,2026-11-23T01:30:00Z,8:30p,Chase Center,,https://www.basketball-reference.com/leagues/NBA_2027_games-november.html,"Sun, Nov 22, 2026"
2026-11-23,Charlotte Hornets,Memphis Grizzlies,2026-11-24T00:00:00Z,7:00p,Spectrum Center,,https://www.basketball-reference.com/leagues/NBA_2027_games-november.html,"Mon, Nov 23, 2026"
2026-11-23,Philadelphia 76ers,Portland Trail Blazers,2026-11-24T00:00:00Z,7:00p,Xfinity Mobile Arena,,https://www.basketball-reference.com/leagues/NBA_2027_games-november.html,"Mon, Nov 23, 2026"
2026-11-23,Indiana Pacers,Oklahoma City Thunder,2026-11-24T00:30:00Z,7:30p,Gainbridge Fieldhouse,,https://www.basketball-reference.com/leagues/NBA_2027_games-november.html,"Mon, Nov 23, 2026"
2026-11-23,Minnesota Timberwolves,Brooklyn Nets,2026-11-24T00:30:00Z,7:30p,Target Center,,https://www.basketball-reference.com/leagues/NBA_2027_games-november.html,"Mon, Nov 23, 2026"
2026-11-23,Toronto Raptors,Milwaukee Bucks,2026-11-24T00:30:00Z,7:30p,Scotiabank Arena,,https://www.basketball-reference.com/leagues/NBA_2027_games-november.html,"Mon, Nov 23, 2026"
2026-11-23,Chicago Bulls,Cleveland Cavaliers,2026-11-24T01:00:00Z,8:00p,United Center,,https://www.basketball-reference.com/leagues/NBA_2027_games-november.html,"Mon, Nov 23, 2026"
2026-11-23,New Orleans Pelicans,Phoenix Suns,2026-11-24T01:00:00Z,8:00p,Smoothie King Center,,https://www.basketball-reference.com/leagues/NBA_2027_games-november.html,"Mon, Nov 23, 2026"
2026-11-23,Houston Rockets,Los Angeles Clippers,2026-11-24T01:30:00Z,8:30p,Toyota Center,,https://www.basketball-reference.com/leagues/NBA_2027_games-november.html,"Mon, Nov 23, 2026"
2026-11-23,Los Angeles Lakers,Utah Jazz,2026-11-24T03:00:00Z,10:00p,Crypto.com Arena,,https://www.basketball-reference.com/leagues/NBA_2027_games-november.html,"Mon, Nov 23, 2026"
2026-11-23,Sacramento Kings,San Antonio Spurs,2026-11-24T03:00:00Z,10:00p,Golden 1 Center,,https://www.basketball-reference.com/leagues/NBA_2027_games-november.html,"Mon, Nov 23, 2026"
2026-11-24,Orlando Magic,Detroit Pistons,2026-11-25T00:00:00Z,7:00p,Kia Center,NBA Cup,https://www.basketball-reference.com/leagues/NBA_2027_games-november.html,"Tue, Nov 24, 2026"
2026-11-24,Washington Wizards,Boston Celtics,2026-11-25T01:00:00Z,8:00p,Capital One Arena,NBA Cup,https://www.basketball-reference.com/leagues/NBA_2027_games-november.html,"Tue, Nov 24, 2026"
2026-11-24,Denver Nuggets,Dallas Mavericks,2026-11-25T03:00:00Z,10:00p,Ball Arena,NBA Cup,https://www.basketball-reference.com/leagues/NBA_2027_games-november.html,"Tue, Nov 24, 2026"
2026-11-25,Philadelphia 76ers,Miami Heat,2026-11-25T22:00:00Z,5:00p,Xfinity Mobile Arena,NBA Cup,https://www.basketball-reference.com/leagues/NBA_2027_games-november.html,"Wed, Nov 25, 2026"
2026-11-25,Charlotte Hornets,Chicago Bulls,2026-11-26T00:00:00Z,7:00p,Spectrum Center,NBA Cup,https://www.basketball-reference.com/leagues/NBA_2027_games-november.html,"Wed, Nov 25, 2026"
2026-11-25,New York Knicks,Cleveland Cavaliers,2026-11-26T00:30:00Z,7:30p,Madison Square Garden (IV),NBA Cup,https://www.basketball-reference.com/leagues/NBA_2027_games-november.html,"Wed, Nov 25, 2026"
2026-11-25,Oklahoma City Thunder,Minnesota Timberwolves,2026-11-26T00:30:00Z,7:30p,Paycom Center,NBA Cup,https://www.basketball-reference.com/leagues/NBA_2027_games-november.html,"Wed, Nov 25, 2026"
2026-11-25,Memphis Grizzlies,Los Angeles Clippers,2026-11-26T01:00:00Z,8:00p,FedExForum,NBA Cup,https://www.basketball-reference.com/leagues/NBA_2027_games-november.html,"Wed, Nov 25, 2026"
2026-11-25,Milwaukee Bucks,Brooklyn Nets,2026-11-26T01:00:00Z,8:00p,Fiserv Forum,NBA Cup,https://www.basketball-reference.com/leagues/NBA_2027_games-november.html,"Wed, Nov 25, 2026"
2026-11-25,Houston Rockets,Phoenix Suns,2026-11-26T01:30:00Z,8:30p,Toyota Center,NBA Cup,https://www.basketball-reference.com/leagues/NBA_2027_games-november.html,"Wed, Nov 25, 2026"
2026-11-25,Golden State Warriors,Sacramento Kings,2026-11-26T03:00:00Z,10:00p,Chase Center,NBA Cup,https://www.basketball-reference.com/leagues/NBA_2027_games-november.html,"Wed, Nov 25, 2026"
2026-11-25,Portland Trail Blazers,San Antonio Spurs,2026-11-26T03:00:00Z,10:00p,Moda Center,NBA Cup,https://www.basketball-reference.com/leagues/NBA_2027_games-november.html,"Wed, Nov 25, 2026"
2026-11-27,New York Knicks,Miami Heat,2026-11-28T00:00:00Z,7:00p,Madison Square Garden (IV),NBA Cup,https://www.basketball-reference.com/leagues/NBA_2027_games-november.html,"Fri, Nov 27, 2026"
2026-11-27,Detroit Pistons,Milwaukee Bucks,2026-11-28T00:30:00Z,7:30p,Little Caesars Arena,NBA Cup,https://www.basketball-reference.com/leagues/NBA_2027_games-november.html,"Fri, Nov 27, 2026"
2026-11-27,Indiana Pacers,Philadelphia 76ers,2026-11-28T00:30:00Z,7:30p,Gainbridge Fieldhouse,NBA Cup,https://www.basketball-reference.com/leagues/NBA_2027_games-november.html,"Fri, Nov 27, 2026"
2026-11-27,Toronto Raptors,Brooklyn Nets,2026-11-28T00:30:00Z,7:30p,Scotiabank Arena,NBA Cup,https://www.basketball-reference.com/leagues/NBA_2027_games-november.html,"Fri, Nov 27, 2026"
2026-11-27,Boston Celtics,Atlanta Hawks,2026-11-28T01:00:00Z,8:00p,TD Garden,NBA Cup,https://www.basketball-reference.com/leagues/NBA_2027_games-november.html,"Fri, Nov 27, 2026"
2026-11-27,Minnesota Timberwolves,Memphis Grizzlies,2026-11-28T01:30:00Z,8:30p,Target Center,NBA Cup,https://www.basketball-reference.com/leagues/NBA_2027_games-november.html,"Fri, Nov 27, 2026"
2026-11-27,Phoenix Suns,Dallas Mavericks,2026-11-28T02:00:00Z,9:00p,Mortgage Matchup Center,NBA Cup,https://www.basketball-reference.com/leagues/NBA_2027_games-november.html,"Fri, Nov 27, 2026"
2026-11-27,Los Angeles Clippers,New Orleans Pelicans,2026-11-28T02:30:00Z,9:30p,Intuit Dome,NBA Cup,https://www.basketball-reference.com/leagues/NBA_2027_games-november.html,"Fri, Nov 27, 2026"
2026-11-27,Portland Trail Blazers,Golden State Warriors,2026-11-28T02:30:00Z,9:30p,Moda Center,NBA Cup,https://www.basketball-reference.com/leagues/NBA_2027_games-november.html,"Fri, Nov 27, 2026"
2026-11-27,San Antonio Spurs,Los Angeles Lakers,2026-11-28T02:30:00Z,9:30p,Frost Bank Center,NBA Cup,https://www.basketball-reference.com/leagues/NBA_2027_games-november.html,"Fri, Nov 27, 2026"
2026-11-27,Utah Jazz,Denver Nuggets,2026-11-28T02:30:00Z,9:30p,Delta Center,NBA Cup,https://www.basketball-reference.com/leagues/NBA_2027_games-november.html,"Fri, Nov 27, 2026"
2026-11-28,Washington Wizards,Orlando Magic,2026-11-28T22:00:00Z,5:00p,Capital One Arena,,https://www.basketball-reference.com/leagues/NBA_2027_games-november.html,"Sat, Nov 28, 2026"
2026-11-28,Charlotte Hornets,Brooklyn Nets,2026-11-28T23:00:00Z,6:00p,Spectrum Center,,https://www.basketball-reference.com/leagues/NBA_2027_games-november.html,"Sat, Nov 28, 2026"
2026-11-28,Chicago Bulls,Indiana Pacers,2026-11-29T01:00:00Z,8:00p,United Center,,https://www.basketball-reference.com/leagues/NBA_2027_games-november.html,"Sat, Nov 28, 2026"
2026-11-28,Milwaukee Bucks,Oklahoma City Thunder,2026-11-29T01:00:00Z,8:00p,Fiserv Forum,,https://www.basketball-reference.com/leagues/NBA_2027_games-november.html,"Sat, Nov 28, 2026"
2026-11-28,Houston Rockets,Philadelphia 76ers,2026-11-29T01:30:00Z,8:30p,Toyota Center,,https://www.basketball-reference.com/leagues/NBA_2027_games-november.html,"Sat, Nov 28, 2026"
2026-11-29,Memphis Grizzlies,Los Angeles Lakers,2026-11-29T21:00:00Z,4:00p,FedExForum,,https://www.basketball-reference.com/leagues/NBA_2027_games-november.html,"Sun, Nov 29, 2026"
2026-11-29,San Antonio Spurs,Boston Celtics,2026-11-29T21:00:00Z,4:00p,Frost Bank Center,,https://www.basketball-reference.com/leagues/NBA_2027_games-november.html,"Sun, Nov 29, 2026"
2026-11-29,Utah Jazz,Phoenix Suns,2026-11-29T22:00:00Z,5:00p,Delta Center,,https://www.basketball-reference.com/leagues/NBA_2027_games-november.html,"Sun, Nov 29, 2026"
2026-11-29,Cleveland Cavaliers,Miami Heat,2026-11-29T23:00:00Z,6:00p,Rocket Arena,,https://www.basketball-reference.com/leagues/NBA_2027_games-november.html,"Sun, Nov 29, 2026"
2026-11-29,Detroit Pistons,Orlando Magic,2026-11-29T23:00:00Z,6:00p,Little Caesars Arena,,https://www.basketball-reference.com/leagues/NBA_2027_games-november.html,"Sun, Nov 29, 2026"
2026-11-29,New York Knicks,Atlanta Hawks,2026-11-29T23:00:00Z,6:00p,Madison Square Garden (IV),,https://www.basketball-reference.com/leagues/NBA_2027_games-november.html,"Sun, Nov 29, 2026"
2026-11-29,Portland Trail Blazers,New Orleans Pelicans,2026-11-29T23:00:00Z,6:00p,Moda Center,,https://www.basketball-reference.com/leagues/NBA_2027_games-november.html,"Sun, Nov 29, 2026"
2026-11-29,Toronto Raptors,Denver Nuggets,2026-11-29T23:00:00Z,6:00p,Scotiabank Arena,,https://www.basketball-reference.com/leagues/NBA_2027_games-november.html,"Sun, Nov 29, 2026"
2026-11-29,Golden State Warriors,Los Angeles Clippers,2026-11-30T01:30:00Z,8:30p,Chase Center,,https://www.basketball-reference.com/leagues/NBA_2027_games-november.html,"Sun, Nov 29, 2026"
2026-11-29,Sacramento Kings,Minnesota Timberwolves,2026-11-30T02:00:00Z,9:00p,Golden 1 Center,,https://www.basketball-reference.com/leagues/NBA_2027_games-november.html,"Sun, Nov 29, 2026"
2026-11-30,Charlotte Hornets,Washington Wizards,2026-12-01T00:00:00Z,7:00p,Spectrum Center,,https://www.basketball-reference.com/leagues/NBA_2027_games-november.html,"Mon, Nov 30, 2026"
2026-11-30,Detroit Pistons,Denver Nuggets,2026-12-01T00:00:00Z,7:00p,Little Caesars Arena,,https://www.basketball-reference.com/leagues/NBA_2027_games-november.html,"Mon, Nov 30, 2026"
2026-11-30,Brooklyn Nets,Oklahoma City Thunder,2026-12-01T00:30:00Z,7:30p,Barclays Center,,https://www.basketball-reference.com/leagues/NBA_2027_games-november.html,"Mon, Nov 30, 2026"
2026-11-30,Houston Rockets,Los Angeles Lakers,2026-12-01T00:30:00Z,7:30p,Toyota Center,,https://www.basketball-reference.com/leagues/NBA_2027_games-november.html,"Mon, Nov 30, 2026"
2026-11-30,Dallas Mavericks,Boston Celtics,2026-12-01T01:00:00Z,8:00p,American Airlines Center,,https://www.basketball-reference.com/leagues/NBA_2027_games-november.html,"Mon, Nov 30, 2026"
2026-11-30,Milwaukee Bucks,San Antonio Spurs,2026-12-01T01:00:00Z,8:00p,Fiserv Forum,,https://www.basketball-reference.com/leagues/NBA_2027_games-november.html,"Mon, Nov 30, 2026"
2026-11-30,Sacramento Kings,New Orleans Pelicans,2026-12-01T03:00:00Z,10:00p,Golden 1 Center,,https://www.basketball-reference.com/leagues/NBA_2027_games-november.html,"Mon, Nov 30, 2026"
2026-12-01,Cleveland Cavaliers,Indiana Pacers,2026-12-02T00:00:00Z,7:00p,Rocket Arena,,https://www.basketball-reference.com/leagues/NBA_2027_games-december.html,"Tue, Dec 1, 2026"
2026-12-01,Philadelphia 76ers,Memphis Grizzlies,2026-12-02T00:00:00Z,7:00p,Xfinity Mobile Arena,,https://www.basketball-reference.com/leagues/NBA_2027_games-december.html,"Tue, Dec 1, 2026"
2026-12-01,Miami Heat,Atlanta Hawks,2026-12-02T00:30:00Z,7:30p,Kaseya Center,,https://www.basketball-reference.com/leagues/NBA_2027_games-december.html,"Tue, Dec 1, 2026"
2026-12-01,Chicago Bulls,New York Knicks,2026-12-02T01:00:00Z,8:00p,United Center,,https://www.basketball-reference.com/leagues/NBA_2027_games-december.html,"Tue, Dec 1, 2026"
2026-12-01,Houston Rockets,Toronto Raptors,2026-12-02T01:30:00Z,8:30p,Toyota Center,,https://www.basketball-reference.com/leagues/NBA_2027_games-december.html,"Tue, Dec 1, 2026"
2026-12-01,Phoenix Suns,Los Angeles Clippers,2026-12-02T02:00:00Z,9:00p,Mortgage Matchup Center,,https://www.basketball-reference.com/leagues/NBA_2027_games-december.html,"Tue, Dec 1, 2026"
2026-12-01,Portland Trail Blazers,Minnesota Timberwolves,2026-12-02T03:00:00Z,10:00p,Moda Center,,https://www.basketball-reference.com/leagues/NBA_2027_games-december.html,"Tue, Dec 1, 2026"
2026-12-01,Golden State Warriors,Utah Jazz,2026-12-02T04:00:00Z,11:00p,Chase Center,,https://www.basketball-reference.com/leagues/NBA_2027_games-december.html,"Tue, Dec 1, 2026"
2026-12-02,Detroit Pistons,Memphis Grizzlies,2026-12-03T00:00:00Z,7:00p,Little Caesars Arena,,https://www.basketball-reference.com/leagues/NBA_2027_games-december.html,"Wed, Dec 2, 2026"
2026-12-02,Philadelphia 76ers,Denver Nuggets,2026-12-03T00:00:00Z,7:00p,Xfinity Mobile Arena,,https://www.basketball-reference.com/leagues/NBA_2027_games-december.html,"Wed, Dec 2, 2026"
2026-12-02,Boston Celtics,Charlotte Hornets,2026-12-03T00:30:00Z,7:30p,TD Garden,,https://www.basketball-reference.com/leagues/NBA_2027_games-december.html,"Wed, Dec 2, 2026"
2026-12-02,Dallas Mavericks,Orlando Magic,2026-12-03T01:00:00Z,8:00p,American Airlines Center,,https://www.basketball-reference.com/leagues/NBA_2027_games-december.html,"Wed, Dec 2, 2026"
2026-12-02,Milwaukee Bucks,New York Knicks,2026-12-03T01:00:00Z,8:00p,Fiserv Forum,,https://www.basketball-reference.com/leagues/NBA_2027_games-december.html,"Wed, Dec 2, 2026"
2026-12-02,New Orleans Pelicans,Los Angeles Lakers,2026-12-03T01:00:00Z,8:00p,Smoothie King Center,,https://www.basketball-reference.com/leagues/NBA_2027_games-december.html,"Wed, Dec 2, 2026"
2026-12-02,Oklahoma City Thunder,Brooklyn Nets,2026-12-03T01:00:00Z,8:00p,Paycom Center,,https://www.basketball-reference.com/leagues/NBA_2027_games-december.html,"Wed, Dec 2, 2026"
2026-12-02,Phoenix Suns,Sacramento Kings,2026-12-03T02:00:00Z,9:00p,Mortgage Matchup Center,,https://www.basketball-reference.com/leagues/NBA_2027_games-december.html,"Wed, Dec 2, 2026"
2026-12-02,Los Angeles Clippers,Minnesota Timberwolves,2026-12-03T03:30:00Z,10:30p,Intuit Dome,,https://www.basketball-reference.com/leagues/NBA_2027_games-december.html,"Wed, Dec 2, 2026"
2026-12-03,Atlanta Hawks,Indiana Pacers,2026-12-04T00:00:00Z,7:00p,State Farm Arena,,https://www.basketball-reference.com/leagues/NBA_2027_games-december.html,"Thu, Dec 3, 2026"
2026-12-03,Miami Heat,Washington Wizards,2026-12-04T00:30:00Z,7:30p,Kaseya Center,,https://www.basketball-reference.com/leagues/NBA_2027_games-december.html,"Thu, Dec 3, 2026"
2026-12-03,Chicago Bulls,Cleveland Cavaliers,2026-12-04T01:00:00Z,8:00p,United Center,,https://www.basketball-reference.com/leagues/NBA_2027_games-december.html,"Thu, Dec 3, 2026"
2026-12-03,San Antonio Spurs,Toronto Raptors,2026-12-04T01:00:00Z,8:00p,Frost Bank Center,,https://www.basketball-reference.com/leagues/NBA_2027_games-december.html,"Thu, Dec 3, 2026"
2026-12-03,Portland Trail Blazers,Utah Jazz,2026-12-04T03:00:00Z,10:00p,Moda Center,,https://www.basketball-reference.com/leagues/NBA_2027_games-december.html,"Thu, Dec 3, 2026"
2026-12-12,Memphis Grizzlies,Milwaukee Bucks,2026-12-12T22:00:00Z,5:00p,FedExForum,,https://www.basketball-reference.com/leagues/NBA_2027_games-december.html,"Sat, Dec 12, 2026"
2026-12-12,Washington Wizards,Charlotte Hornets,2026-12-13T00:00:00Z,7:00p,Capital One Arena,,https://www.basketball-reference.com/leagues/NBA_2027_games-december.html,"Sat, Dec 12, 2026"
2026-12-12,Philadelphia 76ers,Orlando Magic,2026-12-13T00:30:00Z,7:30p,Xfinity Mobile Arena,,https://www.basketball-reference.com/leagues/NBA_2027_games-december.html,"Sat, Dec 12, 2026"
2026-12-12,Cleveland Cavaliers,Golden State Warriors,2026-12-13T01:00:00Z,8:00p,Rocket Arena,,https://www.basketball-reference.com/leagues/NBA_2027_games-december.html,"Sat, Dec 12, 2026"
2026-12-12,Miami Heat,New York Knicks,2026-12-13T01:30:00Z,8:30p,Kaseya Center,,https://www.basketball-reference.com/leagues/NBA_2027_games-december.html,"Sat, Dec 12, 2026"
2026-12-12,Phoenix Suns,Minnesota Timberwolves,2026-12-13T02:00:00Z,9:00p,Mortgage Matchup Center,,https://www.basketball-reference.com/leagues/NBA_2027_games-december.html,"Sat, Dec 12, 2026"
2026-12-12,Utah Jazz,Denver Nuggets,2026-12-13T02:30:00Z,9:30p,Delta Center,,https://www.basketball-reference.com/leagues/NBA_2027_games-december.html,"Sat, Dec 12, 2026"
2026-12-12,Portland Trail Blazers,Atlanta Hawks,2026-12-13T03:00:00Z,10:00p,Moda Center,,https://www.basketball-reference.com/leagues/NBA_2027_games-december.html,"Sat, Dec 12, 2026"
2026-12-13,Brooklyn Nets,Boston Celtics,2026-12-13T20:00:00Z,3:00p,Barclays Center,,https://www.basketball-reference.com/leagues/NBA_2027_games-december.html,"Sun, Dec 13, 2026"
2026-12-13,Oklahoma City Thunder,Toronto Raptors,2026-12-13T20:30:00Z,3:30p,Paycom Center,,https://www.basketball-reference.com/leagues/NBA_2027_games-december.html,"Sun, Dec 13, 2026"
2026-12-13,Indiana Pacers,Detroit Pistons,2026-12-13T22:00:00Z,5:00p,Gainbridge Fieldhouse,,https://www.basketball-reference.com/leagues/NBA_2027_games-december.html,"Sun, Dec 13, 2026"
2026-12-13,Chicago Bulls,Houston Rockets,2026-12-13T23:00:00Z,6:00p,United Center,,https://www.basketball-reference.com/leagues/NBA_2027_games-december.html,"Sun, Dec 13, 2026"
2026-12-13,San Antonio Spurs,Los Angeles Clippers,2026-12-14T00:00:00Z,7:00p,Frost Bank Center,,https://www.basketball-reference.com/leagues/NBA_2027_games-december.html,"Sun, Dec 13, 2026"
2026-12-13,Sacramento Kings,New Orleans Pelicans,2026-12-14T02:00:00Z,9:00p,Golden 1 Center,,https://www.basketball-reference.com/leagues/NBA_2027_games-december.html,"Sun, Dec 13, 2026"
2026-12-14,Charlotte Hornets,Toronto Raptors,2026-12-15T00:00:00Z,7:00p,Spectrum Center,,https://www.basketball-reference.com/leagues/NBA_2027_games-december.html,"Mon, Dec 14, 2026"
2026-12-14,Detroit Pistons,Brooklyn Nets,2026-12-15T00:00:00Z,7:00p,Little Caesars Arena,,https://www.basketball-reference.com/leagues/NBA_2027_games-december.html,"Mon, Dec 14, 2026"
2026-12-14,Orlando Magic,Philadelphia 76ers,2026-12-15T00:00:00Z,7:00p,Kia Center,,https://www.basketball-reference.com/leagues/NBA_2027_games-december.html,"Mon, Dec 14, 2026"
2026-12-14,Boston Celtics,Washington Wizards,2026-12-15T00:30:00Z,7:30p,TD Garden,,https://www.basketball-reference.com/leagues/NBA_2027_games-december.html,"Mon, Dec 14, 2026"
2026-12-14,Chicago Bulls,Miami Heat,2026-12-15T01:00:00Z,8:00p,United Center,,https://www.basketball-reference.com/leagues/NBA_2027_games-december.html,"Mon, Dec 14, 2026"
2026-12-14,Dallas Mavericks,Milwaukee Bucks,2026-12-15T01:00:00Z,8:00p,American Airlines Center,,https://www.basketball-reference.com/leagues/NBA_2027_games-december.html,"Mon, Dec 14, 2026"
2026-12-14,Memphis Grizzlies,Golden State Warriors,2026-12-15T01:00:00Z,8:00p,FedExForum,,https://www.basketball-reference.com/leagues/NBA_2027_games-december.html,"Mon, Dec 14, 2026"
2026-12-14,Houston Rockets,New York Knicks,2026-12-15T01:30:00Z,8:30p,Toyota Center,,https://www.basketball-reference.com/leagues/NBA_2027_games-december.html,"Mon, Dec 14, 2026"
2026-12-14,Phoenix Suns,Atlanta Hawks,2026-12-15T02:00:00Z,9:00p,Mortgage Matchup Center,,https://www.basketball-reference.com/leagues/NBA_2027_games-december.html,"Mon, Dec 14, 2026"
2026-12-14,Utah Jazz,Minnesota Timberwolves,2026-12-15T02:00:00Z,9:00p,Delta Center,,https://www.basketball-reference.com/leagues/NBA_2027_games-december.html,"Mon, Dec 14, 2026"
2026-12-14,Los Angeles Lakers,New Orleans Pelicans,2026-12-15T03:00:00Z,10:00p,Crypto.com Arena,,https://www.basketball-reference.com/leagues/NBA_2027_games-december.html,"Mon, Dec 14, 2026"
2026-12-15,Cleveland Cavaliers,San Antonio Spurs,2026-12-16T01:00:00Z,8:00p,Rocket Arena,,https://www.basketball-reference.com/leagues/NBA_2027_games-december.html,"Tue, Dec 15, 2026"
2026-12-15,Portland Trail Blazers,Denver Nuggets,2026-12-16T04:00:00Z,11:00p,Moda Center,,https://www.basketball-reference.com/leagues/NBA_2027_games-december.html,"Tue, Dec 15, 2026"
2026-12-16,Boston Celtics,Washington Wizards,2026-12-17T00:00:00Z,7:00p,TD Garden,,https://www.basketball-reference.com/leagues/NBA_2027_games-december.html,"Wed, Dec 16, 2026"
2026-12-16,Charlotte Hornets,Los Angeles Clippers,2026-12-17T00:00:00Z,7:00p,Spectrum Center,,https://www.basketball-reference.com/leagues/NBA_2027_games-december.html,"Wed, Dec 16, 2026"
2026-12-16,Detroit Pistons,Phoenix Suns,2026-12-17T00:00:00Z,7:00p,Little Caesars Arena,,https://www.basketball-reference.com/leagues/NBA_2027_games-december.html,"Wed, Dec 16, 2026"
2026-12-16,Indiana Pacers,Golden State Warriors,2026-12-17T00:00:00Z,7:00p,Gainbridge Fieldhouse,,https://www.basketball-reference.com/leagues/NBA_2027_games-december.html,"Wed, Dec 16, 2026"
2026-12-16,Orlando Magic,Cleveland Cavaliers,2026-12-17T00:00:00Z,7:00p,Kia Center,,https://www.basketball-reference.com/leagues/NBA_2027_games-december.html,"Wed, Dec 16, 2026"
2026-12-16,Brooklyn Nets,Dallas Mavericks,2026-12-17T00:30:00Z,7:30p,Barclays Center,,https://www.basketball-reference.com/leagues/NBA_2027_games-december.html,"Wed, Dec 16, 2026"
2026-12-16,Toronto Raptors,San Antonio Spurs,2026-12-17T00:30:00Z,7:30p,Scotiabank Arena,,https://www.basketball-reference.com/leagues/NBA_2027_games-december.html,"Wed, Dec 16, 2026"
2026-12-16,Chicago Bulls,Utah Jazz,2026-12-17T01:00:00Z,8:00p,United Center,,https://www.basketball-reference.com/leagues/NBA_2027_games-december.html,"Wed, Dec 16, 2026"
2026-12-16,Memphis Grizzlies,Miami Heat,2026-12-17T01:00:00Z,8:00p,FedExForum,,https://www.basketball-reference.com/leagues/NBA_2027_games-december.html,"Wed, Dec 16, 2026"
2026-12-16,New Orleans Pelicans,New York Knicks,2026-12-17T01:00:00Z,8:00p,Smoothie King Center,,https://www.basketball-reference.com/leagues/NBA_2027_games-december.html,"Wed, Dec 16, 2026"
2026-12-16,Oklahoma City Thunder,Sacramento Kings,2026-12-17T01:00:00Z,8:00p,Paycom Center,,https://www.basketball-reference.com/leagues/NBA_2027_games-december.html,"Wed, Dec 16, 2026"
2026-12-16,Houston Rockets,Milwaukee Bucks,2026-12-17T01:30:00Z,8:30p,Toyota Center,,https://www.basketball-reference.com/leagues/NBA_2027_games-december.html,"Wed, Dec 16, 2026"
2026-12-16,Minnesota Timberwolves,Los Angeles Lakers,2026-12-17T02:30:00Z,9:30p,Target Center,,https://www.basketball-reference.com/leagues/NBA_2027_games-december.html,"Wed, Dec 16, 2026"
2026-12-17,Indiana Pacers,Portland Trail Blazers,2026-12-18T00:00:00Z,7:00p,Gainbridge Fieldhouse,,https://www.basketball-reference.com/leagues/NBA_2027_games-december.html,"Thu, Dec 17, 2026"
2026-12-17,Philadelphia 76ers,Dallas Mavericks,2026-12-18T00:00:00Z,7:00p,Xfinity Mobile Arena,,https://www.basketball-reference.com/leagues/NBA_2027_games-december.html,"Thu, Dec 17, 2026"
2026-12-17,Denver Nuggets,Atlanta Hawks,2026-12-18T02:00:00Z,9:00p,Ball Arena,,https://www.basketball-reference.com/leagues/NBA_2027_games-december.html,"Thu, Dec 17, 2026"
2026-12-18,Charlotte Hornets,Oklahoma City Thunder,2026-12-19T00:00:00Z,7:00p,Spectrum Center,,https://www.basketball-reference.com/leagues/NBA_2027_games-december.html,"Fri, Dec 18, 2026"
2026-12-18,Miami Heat,Los Angeles Clippers,2026-12-19T00:00:00Z,7:00p,Kaseya Center,,https://www.basketball-reference.com/leagues/NBA_2027_games-december.html,"Fri, Dec 18, 2026"
2026-12-18,Washington Wizards,New York Knicks,2026-12-19T00:00:00Z,7:00p,Capital One Arena,,https://www.basketball-reference.com/leagues/NBA_2027_games-december.html,"Fri, Dec 18, 2026"
2026-12-18,Boston Celtics,Utah Jazz,2026-12-19T00:30:00Z,7:30p,TD Garden,,https://www.basketball-reference.com/leagues/NBA_2027_games-december.html,"Fri, Dec 18, 2026"
2026-12-18,Brooklyn Nets,Orlando Magic,2026-12-19T00:30:00Z,7:30p,Barclays Center,,https://www.basketball-reference.com/leagues/NBA_2027_games-december.html,"Fri, Dec 18, 2026"
2026-12-18,Detroit Pistons,Cleveland Cavaliers,2026-12-19T00:30:00Z,7:30p,Little Caesars Arena,,https://www.basketball-reference.com/leagues/NBA_2027_games-december.html,"Fri, Dec 18, 2026"
2026-12-18,Toronto Raptors,Golden State Warriors,2026-12-19T00:30:00Z,7:30p,Scotiabank Arena,,https://www.basketball-reference.com/leagues/NBA_2027_games-december.html,"Fri, Dec 18, 2026"
2026-12-18,Memphis Grizzlies,Houston Rockets,2026-12-19T01:00:00Z,8:00p,FedExForum,,https://www.basketball-reference.com/leagues/NBA_2027_games-december.html,"Fri, Dec 18, 2026"
2026-12-18,Milwaukee Bucks,Phoenix Suns,2026-12-19T01:00:00Z,8:00p,Fiserv Forum,,https://www.basketball-reference.com/leagues/NBA_2027_games-december.html,"Fri, Dec 18, 2026"
2026-12-18,Minnesota Timberwolves,Los Angeles Lakers,2026-12-19T01:00:00Z,8:00p,Target Center,,https://www.basketball-reference.com/leagues/NBA_2027_games-december.html,"Fri, Dec 18, 2026"
2026-12-18,New Orleans Pelicans,Sacramento Kings,2026-12-19T01:00:00Z,8:00p,Smoothie King Center,,https://www.basketball-reference.com/leagues/NBA_2027_games-december.html,"Fri, Dec 18, 2026"
2026-12-18,San Antonio Spurs,Chicago Bulls,2026-12-19T01:00:00Z,8:00p,Frost Bank Center,,https://www.basketball-reference.com/leagues/NBA_2027_games-december.html,"Fri, Dec 18, 2026"
2026-12-19,Charlotte Hornets,Portland Trail Blazers,2026-12-19T23:00:00Z,6:00p,Spectrum Center,,https://www.basketball-reference.com/leagues/NBA_2027_games-december.html,"Sat, Dec 19, 2026"
2026-12-19,Atlanta Hawks,Orlando Magic,2026-12-20T00:00:00Z,7:00p,State Farm Arena,,https://www.basketball-reference.com/leagues/NBA_2027_games-december.html,"Sat, Dec 19, 2026"
2026-12-19,Dallas Mavericks,Chicago Bulls,2026-12-20T01:00:00Z,8:00p,American Airlines Center,,https://www.basketball-reference.com/leagues/NBA_2027_games-december.html,"Sat, Dec 19, 2026"
2026-12-19,Denver Nuggets,Los Angeles Lakers,2026-12-20T02:00:00Z,9:00p,Ball Arena,,https://www.basketball-reference.com/leagues/NBA_2027_games-december.html,"Sat, Dec 19, 2026"
2026-12-20,Brooklyn Nets,Washington Wizards,2026-12-20T20:00:00Z,3:00p,Barclays Center,,https://www.basketball-reference.com/leagues/NBA_2027_games-december.html,"Sun, Dec 20, 2026"
2026-12-20,Toronto Raptors,Houston Rockets,2026-12-20T20:30:00Z,3:30p,Scotiabank Arena,,https://www.basketball-reference.com/leagues/NBA_2027_games-december.html,"Sun, Dec 20, 2026"
2026-12-20,Memphis Grizzlies,Phoenix Suns,2026-12-20T21:00:00Z,4:00p,FedExForum,,https://www.basketball-reference.com/leagues/NBA_2027_games-december.html,"Sun, Dec 20, 2026"
2026-12-20,Cleveland Cavaliers,Utah Jazz,2026-12-20T23:00:00Z,6:00p,Rocket Arena,,https://www.basketball-reference.com/leagues/NBA_2027_games-december.html,"Sun, Dec 20, 2026"
2026-12-20,Miami Heat,Sacramento Kings,2026-12-20T23:00:00Z,6:00p,Kaseya Center,,https://www.basketball-reference.com/leagues/NBA_2027_games-december.html,"Sun, Dec 20, 2026"
2026-12-20,Atlanta Hawks,Oklahoma City Thunder,2026-12-21T00:00:00Z,7:00p,State Farm Arena,,https://www.basketball-reference.com/leagues/NBA_2027_games-december.html,"Sun, Dec 20, 2026"
2026-12-20,New Orleans Pelicans,San Antonio Spurs,2026-12-21T00:00:00Z,7:00p,Smoothie King Center,,https://www.basketball-reference.com/leagues/NBA_2027_games-december.html,"Sun, Dec 20, 2026"
2026-12-20,Boston Celtics,Detroit Pistons,2026-12-21T01:00:00Z,8:00p,TD Garden,,https://www.basketball-reference.com/leagues/NBA_2027_games-december.html,"Sun, Dec 20, 2026"
2026-12-20,Milwaukee Bucks,Golden State Warriors,2026-12-21T01:00:00Z,8:00p,Fiserv Forum,,https://www.basketball-reference.com/leagues/NBA_2027_games-december.html,"Sun, Dec 20, 2026"
2026-12-20,Los Angeles Clippers,Indiana Pacers,2026-12-21T03:00:00Z,10:00p,Intuit Dome,,https://www.basketball-reference.com/leagues/NBA_2027_games-december.html,"Sun, Dec 20, 2026"
2026-12-21,Charlotte Hornets,Philadelphia 76ers,2026-12-22T00:00:00Z,7:00p,Spectrum Center,,https://www.basketball-reference.com/leagues/NBA_2027_games-december.html,"Mon, Dec 21, 2026"
2026-12-21,Cleveland Cavaliers,New York Knicks,2026-12-22T00:00:00Z,7:00p,Rocket Arena,,https://www.basketball-reference.com/leagues/NBA_2027_games-december.html,"Mon, Dec 21, 2026"
2026-12-21,Orlando Magic,Sacramento Kings,2026-12-22T00:00:00Z,7:00p,Kia Center,,https://www.basketball-reference.com/leagues/NBA_2027_games-december.html,"Mon, Dec 21, 2026"
2026-12-21,Brooklyn Nets,Portland Trail Blazers,2026-12-22T00:30:00Z,7:30p,Barclays Center,,https://www.basketball-reference.com/leagues/NBA_2027_games-december.html,"Mon, Dec 21, 2026"
2026-12-21,Miami Heat,Chicago Bulls,2026-12-22T00:30:00Z,7:30p,Kaseya Center,,https://www.basketball-reference.com/leagues/NBA_2027_games-december.html,"Mon, Dec 21, 2026"
2026-12-21,Minnesota Timberwolves,Phoenix Suns,2026-12-22T01:00:00Z,8:00p,Target Center,,https://www.basketball-reference.com/leagues/NBA_2027_games-december.html,"Mon, Dec 21, 2026"
2026-12-21,New Orleans Pelicans,Memphis Grizzlies,2026-12-22T01:00:00Z,8:00p,Smoothie King Center,,https://www.basketball-reference.com/leagues/NBA_2027_games-december.html,"Mon, Dec 21, 2026"
2026-12-21,San Antonio Spurs,Milwaukee Bucks,2026-12-22T01:00:00Z,8:00p,Frost Bank Center,,https://www.basketball-reference.com/leagues/NBA_2027_games-december.html,"Mon, Dec 21, 2026"
2026-12-21,Los Angeles Lakers,Indiana Pacers,2026-12-22T03:00:00Z,10:00p,Crypto.com Arena,,https://www.basketball-reference.com/leagues/NBA_2027_games-december.html,"Mon, Dec 21, 2026"
2026-12-21,Los Angeles Clippers,Denver Nuggets,2026-12-22T03:30:00Z,10:30p,Intuit Dome,,https://www.basketball-reference.com/leagues/NBA_2027_games-december.html,"Mon, Dec 21, 2026"
2026-12-22,Washington Wizards,Toronto Raptors,2026-12-23T00:00:00Z,7:00p,Capital One Arena,,https://www.basketball-reference.com/leagues/NBA_2027_games-december.html,"Tue, Dec 22, 2026"
2026-12-22,Oklahoma City Thunder,Detroit Pistons,2026-12-23T01:00:00Z,8:00p,Paycom Center,,https://www.basketball-reference.com/leagues/NBA_2027_games-december.html,"Tue, Dec 22, 2026"
2026-12-22,Golden State Warriors,Dallas Mavericks,2026-12-23T03:30:00Z,10:30p,Chase Center,,https://www.basketball-reference.com/leagues/NBA_2027_games-december.html,"Tue, Dec 22, 2026"
2026-12-23,Atlanta Hawks,Detroit Pistons,2026-12-24T00:00:00Z,7:00p,State Farm Arena,,https://www.basketball-reference.com/leagues/NBA_2027_games-december.html,"Wed, Dec 23, 2026"
2026-12-23,Orlando Magic,Charlotte Hornets,2026-12-24T00:00:00Z,7:00p,Kia Center,,https://www.basketball-reference.com/leagues/NBA_2027_games-december.html,"Wed, Dec 23, 2026"
2026-12-23,Washington Wizards,Cleveland Cavaliers,2026-12-24T00:00:00Z,7:00p,Capital One Arena,,https://www.basketball-reference.com/leagues/NBA_2027_games-december.html,"Wed, Dec 23, 2026"
2026-12-23,Boston Celtics,Portland Trail Blazers,2026-12-24T00:30:00Z,7:30p,TD Garden,,https://www.basketball-reference.com/leagues/NBA_2027_games-december.html,"Wed, Dec 23, 2026"
2026-12-23,Brooklyn Nets,San Antonio Spurs,2026-12-24T00:30:00Z,7:30p,Barclays Center,,https://www.basketball-reference.com/leagues/NBA_2027_games-december.html,"Wed, Dec 23, 2026"
2026-12-23,Miami Heat,Chicago Bulls,2026-12-24T00:30:00Z,7:30p,Kaseya Center,,https://www.basketball-reference.com/leagues/NBA_2027_games-december.html,"Wed, Dec 23, 2026"
2026-12-23,New York Knicks,Utah Jazz,2026-12-24T00:30:00Z,7:30p,Madison Square Garden (IV),,https://www.basketball-reference.com/leagues/NBA_2027_games-december.html,"Wed, Dec 23, 2026"
2026-12-23,Philadelphia 76ers,Houston Rockets,2026-12-24T00:30:00Z,7:30p,Xfinity Mobile Arena,,https://www.basketball-reference.com/leagues/NBA_2027_games-december.html,"Wed, Dec 23, 2026"
2026-12-23,Memphis Grizzlies,Toronto Raptors,2026-12-24T01:00:00Z,8:00p,FedExForum,,https://www.basketball-reference.com/leagues/NBA_2027_games-december.html,"Wed, Dec 23, 2026"
2026-12-23,Milwaukee Bucks,Minnesota Timberwolves,2026-12-24T01:00:00Z,8:00p,Fiserv Forum,,https://www.basketball-reference.com/leagues/NBA_2027_games-december.html,"Wed, Dec 23, 2026"
2026-12-23,New Orleans Pelicans,Oklahoma City Thunder,2026-12-24T01:00:00Z,8:00p,Smoothie King Center,,https://www.basketball-reference.com/leagues/NBA_2027_games-december.html,"Wed, Dec 23, 2026"
2026-12-23,Phoenix Suns,Indiana Pacers,2026-12-24T02:00:00Z,9:00p,Mortgage Matchup Center,,https://www.basketball-reference.com/leagues/NBA_2027_games-december.html,"Wed, Dec 23, 2026"
2026-12-23,Los Angeles Lakers,Denver Nuggets,2026-12-24T03:00:00Z,10:00p,Crypto.com Arena,,https://www.basketball-reference.com/leagues/NBA_2027_games-december.html,"Wed, Dec 23, 2026"
2026-12-23,Sacramento Kings,Dallas Mavericks,2026-12-24T03:00:00Z,10:00p,Golden 1 Center,,https://www.basketball-reference.com/leagues/NBA_2027_games-december.html,"Wed, Dec 23, 2026"
2026-12-23,Los Angeles Clippers,Golden State Warriors,2026-12-24T03:30:00Z,10:30p,Intuit Dome,,https://www.basketball-reference.com/leagues/NBA_2027_games-december.html,"Wed, Dec 23, 2026"
2026-12-25,New York Knicks,San Antonio Spurs,2026-12-25T17:00:00Z,12:00p,Madison Square Garden (IV),,https://www.basketball-reference.com/leagues/NBA_2027_games-december.html,"Fri, Dec 25, 2026"
2026-12-25,Boston Celtics,Miami Heat,2026-12-25T19:30:00Z,2:30p,TD Garden,,https://www.basketball-reference.com/leagues/NBA_2027_games-december.html,"Fri, Dec 25, 2026"
2026-12-25,Los Angeles Lakers,Philadelphia 76ers,2026-12-25T22:00:00Z,5:00p,Crypto.com Arena,,https://www.basketball-reference.com/leagues/NBA_2027_games-december.html,"Fri, Dec 25, 2026"
2026-12-25,Minnesota Timberwolves,Oklahoma City Thunder,2026-12-26T01:00:00Z,8:00p,Target Center,,https://www.basketball-reference.com/leagues/NBA_2027_games-december.html,"Fri, Dec 25, 2026"
2026-12-25,Golden State Warriors,Denver Nuggets,2026-12-26T03:30:00Z,10:30p,Chase Center,,https://www.basketball-reference.com/leagues/NBA_2027_games-december.html,"Fri, Dec 25, 2026"
2026-12-26,Washington Wizards,Portland Trail Blazers,2026-12-26T18:00:00Z,1:00p,Capital One Arena,,https://www.basketball-reference.com/leagues/NBA_2027_games-december.html,"Sat, Dec 26, 2026"
2026-12-26,Atlanta Hawks,Charlotte Hornets,2026-12-26T20:30:00Z,3:30p,State Farm Arena,,https://www.basketball-reference.com/leagues/NBA_2027_games-december.html,"Sat, Dec 26, 2026"
2026-12-26,Utah Jazz,Indiana Pacers,2026-12-26T22:00:00Z,5:00p,Delta Center,,https://www.basketball-reference.com/leagues/NBA_2027_games-december.html,"Sat, Dec 26, 2026"
2026-12-26,Brooklyn Nets,New Orleans Pelicans,2026-12-26T23:00:00Z,6:00p,Barclays Center,,https://www.basketball-reference.com/leagues/NBA_2027_games-december.html,"Sat, Dec 26, 2026"
2026-12-26,Orlando Magic,Toronto Raptors,2026-12-27T00:00:00Z,7:00p,Kia Center,,https://www.basketball-reference.com/leagues/NBA_2027_games-december.html,"Sat, Dec 26, 2026"
2026-12-26,Chicago Bulls,Detroit Pistons,2026-12-27T01:00:00Z,8:00p,United Center,,https://www.basketball-reference.com/leagues/NBA_2027_games-december.html,"Sat, Dec 26, 2026"
2026-12-26,Dallas Mavericks,Phoenix Suns,2026-12-27T01:00:00Z,8:00p,American Airlines Center,,https://www.basketball-reference.com/leagues/NBA_2027_games-december.html,"Sat, Dec 26, 2026"
2026-12-26,Los Angeles Clippers,Memphis Grizzlies,2026-12-27T03:30:00Z,10:30p,Intuit Dome,,https://www.basketball-reference.com/leagues/NBA_2027_games-december.html,"Sat, Dec 26, 2026"
2026-12-27,Houston Rockets,Oklahoma City Thunder,2026-12-27T20:30:00Z,3:30p,Toyota Center,,https://www.basketball-reference.com/leagues/NBA_2027_games-december.html,"Sun, Dec 27, 2026"
2026-12-27,Cleveland Cavaliers,Washington Wizards,2026-12-27T23:00:00Z,6:00p,Rocket Arena,,https://www.basketball-reference.com/leagues/NBA_2027_games-december.html,"Sun, Dec 27, 2026"
2026-12-27,Miami Heat,Charlotte Hornets,2026-12-27T23:00:00Z,6:00p,Kaseya Center,,https://www.basketball-reference.com/leagues/NBA_2027_games-december.html,"Sun, Dec 27, 2026"
2026-12-27,New York Knicks,Brooklyn Nets,2026-12-27T23:00:00Z,6:00p,Madison Square Garden (IV),,https://www.basketball-reference.com/leagues/NBA_2027_games-december.html,"Sun, Dec 27, 2026"
2026-12-27,Orlando Magic,Milwaukee Bucks,2026-12-27T23:00:00Z,6:00p,Kia Center,,https://www.basketball-reference.com/leagues/NBA_2027_games-december.html,"Sun, Dec 27, 2026"
2026-12-27,Sacramento Kings,Utah Jazz,2026-12-27T23:00:00Z,6:00p,Golden 1 Center,,https://www.basketball-reference.com/leagues/NBA_2027_games-december.html,"Sun, Dec 27, 2026"
2026-12-27,Detroit Pistons,Portland Trail Blazers,2026-12-28T00:00:00Z,7:00p,Little Caesars Arena,,https://www.basketball-reference.com/leagues/NBA_2027_games-december.html,"Sun, Dec 27, 2026"
2026-12-27,San Antonio Spurs,Atlanta Hawks,2026-12-28T00:00:00Z,7:00p,Frost Bank Center,,https://www.basketball-reference.com/leagues/NBA_2027_games-december.html,"Sun, Dec 27, 2026"
2026-12-27,Denver Nuggets,Indiana Pacers,2026-12-28T01:00:00Z,8:00p,Ball Arena,,https://www.basketball-reference.com/leagues/NBA_2027_games-december.html,"Sun, Dec 27, 2026"
2026-12-27,Golden State Warriors,Minnesota Timberwolves,2026-12-28T01:30:00Z,8:30p,Chase Center,,https://www.basketball-reference.com/leagues/NBA_2027_games-december.html,"Sun, Dec 27, 2026"
2026-12-27,Los Angeles Clippers,Philadelphia 76ers,2026-12-28T02:00:00Z,9:00p,Intuit Dome,,https://www.basketball-reference.com/leagues/NBA_2027_games-december.html,"Sun, Dec 27, 2026"
2026-12-27,Los Angeles Lakers,Memphis Grizzlies,2026-12-28T02:00:00Z,9:00p,Crypto.com Arena,,https://www.basketball-reference.com/leagues/NBA_2027_games-december.html,"Sun, Dec 27, 2026"
2026-12-28,Toronto Raptors,New Orleans Pelicans,2026-12-29T00:30:00Z,7:30p,Scotiabank Arena,,https://www.basketball-reference.com/leagues/NBA_2027_games-december.html,"Mon, Dec 28, 2026"
2026-12-28,Boston Celtics,Cleveland Cavaliers,2026-12-29T01:00:00Z,8:00p,TD Garden,,https://www.basketball-reference.com/leagues/NBA_2027_games-december.html,"Mon, Dec 28, 2026"
2026-12-28,Phoenix Suns,Golden State Warriors,2026-12-29T02:00:00Z,9:00p,Mortgage Matchup Center,,https://www.basketball-reference.com/leagues/NBA_2027_games-december.html,"Mon, Dec 28, 2026"
2026-12-28,Denver Nuggets,Minnesota Timberwolves,2026-12-29T03:30:00Z,10:30p,Ball Arena,,https://www.basketball-reference.com/leagues/NBA_2027_games-december.html,"Mon, Dec 28, 2026"
2026-12-29,Atlanta Hawks,Chicago Bulls,2026-12-30T00:00:00Z,7:00p,State Farm Arena,,https://www.basketball-reference.com/leagues/NBA_2027_games-december.html,"Tue, Dec 29, 2026"
2026-12-29,Charlotte Hornets,Orlando Magic,2026-12-30T00:00:00Z,7:00p,Spectrum Center,,https://www.basketball-reference.com/leagues/NBA_2027_games-december.html,"Tue, Dec 29, 2026"
2026-12-29,Indiana Pacers,Los Angeles Clippers,2026-12-30T00:00:00Z,7:00p,Gainbridge Fieldhouse,,https://www.basketball-reference.com/leagues/NBA_2027_games-december.html,"Tue, Dec 29, 2026"
2026-12-29,Dallas Mavericks,Miami Heat,2026-12-30T01:00:00Z,8:00p,American Airlines Center,,https://www.basketball-reference.com/leagues/NBA_2027_games-december.html,"Tue, Dec 29, 2026"
2026-12-29,Memphis Grizzlies,San Antonio Spurs,2026-12-30T01:00:00Z,8:00p,FedExForum,,https://www.basketball-reference.com/leagues/NBA_2027_games-december.html,"Tue, Dec 29, 2026"
2026-12-29,Oklahoma City Thunder,Milwaukee Bucks,2026-12-30T01:00:00Z,8:00p,Paycom Center,,https://www.basketball-reference.com/leagues/NBA_2027_games-december.html,"Tue, Dec 29, 2026"
2026-12-29,Portland Trail Blazers,Brooklyn Nets,2026-12-30T03:00:00Z,10:00p,Moda Center,,https://www.basketball-reference.com/leagues/NBA_2027_games-december.html,"Tue, Dec 29, 2026"
2026-12-29,Sacramento Kings,Philadelphia 76ers,2026-12-30T03:00:00Z,10:00p,Golden 1 Center,,https://www.basketball-reference.com/leagues/NBA_2027_games-december.html,"Tue, Dec 29, 2026"
2026-12-29,Los Angeles Lakers,Houston Rockets,2026-12-30T03:30:00Z,10:30p,Crypto.com Arena,,https://www.basketball-reference.com/leagues/NBA_2027_games-december.html,"Tue, Dec 29, 2026"
2026-12-30,Detroit Pistons,New Orleans Pelicans,2026-12-31T00:00:00Z,7:00p,Little Caesars Arena,,https://www.basketball-reference.com/leagues/NBA_2027_games-december.html,"Wed, Dec 30, 2026"
2026-12-30,Toronto Raptors,Washington Wizards,2026-12-31T00:30:00Z,7:30p,Scotiabank Arena,,https://www.basketball-reference.com/leagues/NBA_2027_games-december.html,"Wed, Dec 30, 2026"
2026-12-30,Chicago Bulls,Boston Celtics,2026-12-31T01:00:00Z,8:00p,United Center,,https://www.basketball-reference.com/leagues/NBA_2027_games-december.html,"Wed, Dec 30, 2026"
2026-12-30,Phoenix Suns,Philadelphia 76ers,2026-12-31T02:00:00Z,9:00p,Mortgage Matchup Center,,https://www.basketball-reference.com/leagues/NBA_2027_games-december.html,"Wed, Dec 30, 2026"
2026-12-30,Utah Jazz,New York Knicks,2026-12-31T02:00:00Z,9:00p,Delta Center,,https://www.basketball-reference.com/leagues/NBA_2027_games-december.html,"Wed, Dec 30, 2026"
2026-12-30,Golden State Warriors,Houston Rockets,2026-12-31T03:00:00Z,10:00p,Chase Center,,https://www.basketball-reference.com/leagues/NBA_2027_games-december.html,"Wed, Dec 30, 2026"
2026-12-31,Charlotte Hornets,San Antonio Spurs,2026-12-31T18:00:00Z,1:00p,Spectrum Center,,https://www.basketball-reference.com/leagues/NBA_2027_games-december.html,"Thu, Dec 31, 2026"
2026-12-31,Atlanta Hawks,Milwaukee Bucks,2026-12-31T20:00:00Z,3:00p,State Farm Arena,,https://www.basketball-reference.com/leagues/NBA_2027_games-december.html,"Thu, Dec 31, 2026"
2026-12-31,Cleveland Cavaliers,Los Angeles Clippers,2026-12-31T20:00:00Z,3:00p,Rocket Arena,,https://www.basketball-reference.com/leagues/NBA_2027_games-december.html,"Thu, Dec 31, 2026"
2026-12-31,Indiana Pacers,Orlando Magic,2026-12-31T20:00:00Z,3:00p,Gainbridge Fieldhouse,,https://www.basketball-reference.com/leagues/NBA_2027_games-december.html,"Thu, Dec 31, 2026"
2026-12-31,Minnesota Timberwolves,Denver Nuggets,2026-12-31T21:00:00Z,4:00p,Target Center,,https://www.basketball-reference.com/leagues/NBA_2027_games-december.html,"Thu, Dec 31, 2026"
2026-12-31,Sacramento Kings,Brooklyn Nets,2026-12-31T23:00:00Z,6:00p,Golden 1 Center,,https://www.basketball-reference.com/leagues/NBA_2027_games-december.html,"Thu, Dec 31, 2026"
2026-12-31,New Orleans Pelicans,Los Angeles Lakers,2027-01-01T01:00:00Z,8:00p,Smoothie King Center,,https://www.basketball-reference.com/leagues/NBA_2027_games-december.html,"Thu, Dec 31, 2026"
2026-12-31,Oklahoma City Thunder,Miami Heat,2027-01-01T01:00:00Z,8:00p,Paycom Center,,https://www.basketball-reference.com/leagues/NBA_2027_games-december.html,"Thu, Dec 31, 2026"
2026-12-31,Phoenix Suns,New York Knicks,2027-01-01T02:00:00Z,9:00p,Mortgage Matchup Center,,https://www.basketball-reference.com/leagues/NBA_2027_games-december.html,"Thu, Dec 31, 2026"
2027-01-01,Washington Wizards,San Antonio Spurs,2027-01-01T22:00:00Z,5:00p,Capital One Arena,,https://www.basketball-reference.com/leagues/NBA_2027_games-january.html,"Fri, Jan 1, 2027"
2027-01-01,Detroit Pistons,Orlando Magic,2027-01-02T00:30:00Z,7:30p,Little Caesars Arena,,https://www.basketball-reference.com/leagues/NBA_2027_games-january.html,"Fri, Jan 1, 2027"
2027-01-01,Toronto Raptors,Los Angeles Clippers,2027-01-02T00:30:00Z,7:30p,Scotiabank Arena,,https://www.basketball-reference.com/leagues/NBA_2027_games-january.html,"Fri, Jan 1, 2027"
2027-01-01,Milwaukee Bucks,Philadelphia 76ers,2027-01-02T01:00:00Z,8:00p,Fiserv Forum,,https://www.basketball-reference.com/leagues/NBA_2027_games-january.html,"Fri, Jan 1, 2027"
2027-01-01,Houston Rockets,Dallas Mavericks,2027-01-02T01:30:00Z,8:30p,Toyota Center,,https://www.basketball-reference.com/leagues/NBA_2027_games-january.html,"Fri, Jan 1, 2027"
2027-01-01,Utah Jazz,Boston Celtics,2027-01-02T02:30:00Z,9:30p,Delta Center,,https://www.basketball-reference.com/leagues/NBA_2027_games-january.html,"Fri, Jan 1, 2027"
2027-01-02,Charlotte Hornets,Cleveland Cavaliers,2027-01-02T18:00:00Z,1:00p,Spectrum Center,,https://www.basketball-reference.com/leagues/NBA_2027_games-january.html,"Sat, Jan 2, 2027"
2027-01-02,Denver Nuggets,New York Knicks,2027-01-02T22:00:00Z,5:00p,Ball Arena,,https://www.basketball-reference.com/leagues/NBA_2027_games-january.html,"Sat, Jan 2, 2027"
2027-01-02,Indiana Pacers,Minnesota Timberwolves,2027-01-03T00:00:00Z,7:00p,Gainbridge Fieldhouse,,https://www.basketball-reference.com/leagues/NBA_2027_games-january.html,"Sat, Jan 2, 2027"
2027-01-02,New Orleans Pelicans,Miami Heat,2027-01-03T00:00:00Z,7:00p,Smoothie King Center,,https://www.basketball-reference.com/leagues/NBA_2027_games-january.html,"Sat, Jan 2, 2027"
2027-01-02,Atlanta Hawks,Dallas Mavericks,2027-01-03T00:30:00Z,7:30p,State Farm Arena,,https://www.basketball-reference.com/leagues/NBA_2027_games-january.html,"Sat, Jan 2, 2027"
2027-01-02,Chicago Bulls,Los Angeles Lakers,2027-01-03T01:00:00Z,8:00p,United Center,,https://www.basketball-reference.com/leagues/NBA_2027_games-january.html,"Sat, Jan 2, 2027"
2027-01-02,Oklahoma City Thunder,Utah Jazz,2027-01-03T01:00:00Z,8:00p,Paycom Center,,https://www.basketball-reference.com/leagues/NBA_2027_games-january.html,"Sat, Jan 2, 2027"
2027-01-02,Golden State Warriors,Brooklyn Nets,2027-01-03T01:30:00Z,8:30p,Chase Center,,https://www.basketball-reference.com/leagues/NBA_2027_games-january.html,"Sat, Jan 2, 2027"
2027-01-02,Phoenix Suns,Sacramento Kings,2027-01-03T02:00:00Z,9:00p,Mortgage Matchup Center,,https://www.basketball-reference.com/leagues/NBA_2027_games-january.html,"Sat, Jan 2, 2027"
2027-01-02,Portland Trail Blazers,Boston Celtics,2027-01-03T03:00:00Z,10:00p,Moda Center,,https://www.basketball-reference.com/leagues/NBA_2027_games-january.html,"Sat, Jan 2, 2027"
2027-01-03,Denver Nuggets,Detroit Pistons,2027-01-03T22:00:00Z,5:00p,Ball Arena,,https://www.basketball-reference.com/leagues/NBA_2027_games-january.html,"Sun, Jan 3, 2027"
2027-01-03,Milwaukee Bucks,Charlotte Hornets,2027-01-03T22:30:00Z,5:30p,Fiserv Forum,,https://www.basketball-reference.com/leagues/NBA_2027_games-january.html,"Sun, Jan 3, 2027"
2027-01-03,Orlando Magic,Memphis Grizzlies,2027-01-03T23:00:00Z,6:00p,Kia Center,,https://www.basketball-reference.com/leagues/NBA_2027_games-january.html,"Sun, Jan 3, 2027"
2027-01-03,Houston Rockets,Cleveland Cavaliers,2027-01-04T00:00:00Z,7:00p,Toyota Center,,https://www.basketball-reference.com/leagues/NBA_2027_games-january.html,"Sun, Jan 3, 2027"
2027-01-03,Minnesota Timberwolves,San Antonio Spurs,2027-01-04T00:00:00Z,7:00p,Target Center,,https://www.basketball-reference.com/leagues/NBA_2027_games-january.html,"Sun, Jan 3, 2027"
2027-01-03,Toronto Raptors,Los Angeles Lakers,2027-01-04T00:00:00Z,7:00p,Scotiabank Arena,,https://www.basketball-reference.com/leagues/NBA_2027_games-january.html,"Sun, Jan 3, 2027"
2027-01-03,Washington Wizards,Los Angeles Clippers,2027-01-04T00:00:00Z,7:00p,Capital One Arena,,https://www.basketball-reference.com/leagues/NBA_2027_games-january.html,"Sun, Jan 3, 2027"
2027-01-03,Oklahoma City Thunder,Sacramento Kings,2027-01-04T01:00:00Z,8:00p,Paycom Center,,https://www.basketball-reference.com/leagues/NBA_2027_games-january.html,"Sun, Jan 3, 2027"
2027-01-04,Indiana Pacers,Chicago Bulls,2027-01-05T00:00:00Z,7:00p,Gainbridge Fieldhouse,,https://www.basketball-reference.com/leagues/NBA_2027_games-january.html,"Mon, Jan 4, 2027"
2027-01-04,Philadelphia 76ers,Atlanta Hawks,2027-01-05T00:00:00Z,7:00p,Xfinity Mobile Arena,,https://www.basketball-reference.com/leagues/NBA_2027_games-january.html,"Mon, Jan 4, 2027"
2027-01-04,New Orleans Pelicans,Dallas Mavericks,2027-01-05T01:00:00Z,8:00p,Smoothie King Center,,https://www.basketball-reference.com/leagues/NBA_2027_games-january.html,"Mon, Jan 4, 2027"
2027-01-04,Phoenix Suns,Boston Celtics,2027-01-05T02:00:00Z,9:00p,Mortgage Matchup Center,,https://www.basketball-reference.com/leagues/NBA_2027_games-january.html,"Mon, Jan 4, 2027"
2027-01-04,Utah Jazz,Brooklyn Nets,2027-01-05T02:00:00Z,9:00p,Delta Center,,https://www.basketball-reference.com/leagues/NBA_2027_games-january.html,"Mon, Jan 4, 2027"
2027-01-04,Portland Trail Blazers,New York Knicks,2027-01-05T03:00:00Z,10:00p,Moda Center,,https://www.basketball-reference.com/leagues/NBA_2027_games-january.html,"Mon, Jan 4, 2027"
2027-01-05,Charlotte Hornets,Atlanta Hawks,2027-01-06T00:00:00Z,7:00p,Spectrum Center,,https://www.basketball-reference.com/leagues/NBA_2027_games-january.html,"Tue, Jan 5, 2027"
2027-01-05,Cleveland Cavaliers,Toronto Raptors,2027-01-06T00:00:00Z,7:00p,Rocket Arena,,https://www.basketball-reference.com/leagues/NBA_2027_games-january.html,"Tue, Jan 5, 2027"
2027-01-05,Orlando Magic,Los Angeles Clippers,2027-01-06T00:00:00Z,7:00p,Kia Center,,https://www.basketball-reference.com/leagues/NBA_2027_games-january.html,"Tue, Jan 5, 2027"
2027-01-05,Washington Wizards,Los Angeles Lakers,2027-01-06T00:00:00Z,7:00p,Capital One Arena,,https://www.basketball-reference.com/leagues/NBA_2027_games-january.html,"Tue, Jan 5, 2027"
2027-01-05,Miami Heat,Memphis Grizzlies,2027-01-06T00:30:00Z,7:30p,Kaseya Center,,https://www.basketball-reference.com/leagues/NBA_2027_games-january.html,"Tue, Jan 5, 2027"
2027-01-05,Chicago Bulls,Milwaukee Bucks,2027-01-06T01:00:00Z,8:00p,United Center,,https://www.basketball-reference.com/leagues/NBA_2027_games-january.html,"Tue, Jan 5, 2027"
2027-01-05,Houston Rockets,Minnesota Timberwolves,2027-01-06T01:00:00Z,8:00p,Toyota Center,,https://www.basketball-reference.com/leagues/NBA_2027_games-january.html,"Tue, Jan 5, 2027"
2027-01-05,Denver Nuggets,Phoenix Suns,2027-01-06T03:00:00Z,10:00p,Ball Arena,,https://www.basketball-reference.com/leagues/NBA_2027_games-january.html,"Tue, Jan 5, 2027"
2027-01-05,Sacramento Kings,Detroit Pistons,2027-01-06T03:00:00Z,10:00p,Golden 1 Center,,https://www.basketball-reference.com/leagues/NBA_2027_games-january.html,"Tue, Jan 5, 2027"
2027-01-06,Brooklyn Nets,Utah Jazz,2027-01-07T00:30:00Z,7:30p,Barclays Center,,https://www.basketball-reference.com/leagues/NBA_2027_games-january.html,"Wed, Jan 6, 2027"
2027-01-06,Philadelphia 76ers,Oklahoma City Thunder,2027-01-07T00:30:00Z,7:30p,Xfinity Mobile Arena,,https://www.basketball-reference.com/leagues/NBA_2027_games-january.html,"Wed, Jan 6, 2027"
2027-01-06,New Orleans Pelicans,Portland Trail Blazers,2027-01-07T01:00:00Z,8:00p,Smoothie King Center,,https://www.basketball-reference.com/leagues/NBA_2027_games-january.html,"Wed, Jan 6, 2027"
2027-01-06,San Antonio Spurs,Indiana Pacers,2027-01-07T01:00:00Z,8:00p,Frost Bank Center,,https://www.basketball-reference.com/leagues/NBA_2027_games-january.html,"Wed, Jan 6, 2027"
2027-01-06,Golden State Warriors,New York Knicks,2027-01-07T03:00:00Z,10:00p,Chase Center,,https://www.basketball-reference.com/leagues/NBA_2027_games-january.html,"Wed, Jan 6, 2027"
2027-01-07,Atlanta Hawks,Indiana Pacers,2027-01-08T00:00:00Z,7:00p,State Farm Arena,,https://www.basketball-reference.com/leagues/NBA_2027_games-january.html,"Thu, Jan 7, 2027"
2027-01-07,Charlotte Hornets,Denver Nuggets,2027-01-08T00:00:00Z,7:00p,Spectrum Center,,https://www.basketball-reference.com/leagues/NBA_2027_games-january.html,"Thu, Jan 7, 2027"
2027-01-07,Orlando Magic,Cleveland Cavaliers,2027-01-08T00:00:00Z,7:00p,Kia Center,,https://www.basketball-reference.com/leagues/NBA_2027_games-january.html,"Thu, Jan 7, 2027"
2027-01-07,Washington Wizards,Oklahoma City Thunder,2027-01-08T00:00:00Z,7:00p,Capital One Arena,,https://www.basketball-reference.com/leagues/NBA_2027_games-january.html,"Thu, Jan 7, 2027"
2027-01-07,Brooklyn Nets,Miami Heat,2027-01-08T00:30:00Z,7:30p,Barclays Center,,https://www.basketball-reference.com/leagues/NBA_2027_games-january.html,"Thu, Jan 7, 2027"
2027-01-07,Toronto Raptors,Minnesota Timberwolves,2027-01-08T00:30:00Z,7:30p,Scotiabank Arena,,https://www.basketball-reference.com/leagues/NBA_2027_games-january.html,"Thu, Jan 7, 2027"
2027-01-07,Dallas Mavericks,Portland Trail Blazers,2027-01-08T01:00:00Z,8:00p,American Airlines Center,,https://www.basketball-reference.com/leagues/NBA_2027_games-january.html,"Thu, Jan 7, 2027"
2027-01-07,Milwaukee Bucks,Los Angeles Clippers,2027-01-08T01:00:00Z,8:00p,Fiserv Forum,,https://www.basketball-reference.com/leagues/NBA_2027_games-january.html,"Thu, Jan 7, 2027"
2027-01-07,Houston Rockets,Memphis Grizzlies,2027-01-08T01:30:00Z,8:30p,Toyota Center,,https://www.basketball-reference.com/leagues/NBA_2027_games-january.html,"Thu, Jan 7, 2027"
2027-01-07,Golden State Warriors,Detroit Pistons,2027-01-08T03:00:00Z,10:00p,Chase Center,,https://www.basketball-reference.com/leagues/NBA_2027_games-january.html,"Thu, Jan 7, 2027"
2027-01-07,Los Angeles Lakers,Boston Celtics,2027-01-08T03:00:00Z,10:00p,Crypto.com Arena,,https://www.basketball-reference.com/leagues/NBA_2027_games-january.html,"Thu, Jan 7, 2027"
2027-01-07,Sacramento Kings,Chicago Bulls,2027-01-08T03:00:00Z,10:00p,Golden 1 Center,,https://www.basketball-reference.com/leagues/NBA_2027_games-january.html,"Thu, Jan 7, 2027"
2027-01-08,Philadelphia 76ers,Miami Heat,2027-01-09T00:00:00Z,7:00p,Xfinity Mobile Arena,,https://www.basketball-reference.com/leagues/NBA_2027_games-january.html,"Fri, Jan 8, 2027"
2027-01-08,Washington Wizards,Minnesota Timberwolves,2027-01-09T00:00:00Z,7:00p,Capital One Arena,,https://www.basketball-reference.com/leagues/NBA_2027_games-january.html,"Fri, Jan 8, 2027"
2027-01-08,Toronto Raptors,Utah Jazz,2027-01-09T00:30:00Z,7:30p,Scotiabank Arena,,https://www.basketball-reference.com/leagues/NBA_2027_games-january.html,"Fri, Jan 8, 2027"
2027-01-08,New Orleans Pelicans,Orlando Magic,2027-01-09T01:00:00Z,8:00p,Smoothie King Center,,https://www.basketball-reference.com/leagues/NBA_2027_games-january.html,"Fri, Jan 8, 2027"
2027-01-08,San Antonio Spurs,Memphis Grizzlies,2027-01-09T01:00:00Z,8:00p,Frost Bank Center,,https://www.basketball-reference.com/leagues/NBA_2027_games-january.html,"Fri, Jan 8, 2027"
2027-01-08,Dallas Mavericks,Phoenix Suns,2027-01-09T02:30:00Z,9:30p,American Airlines Center,,https://www.basketball-reference.com/leagues/NBA_2027_games-january.html,"Fri, Jan 8, 2027"
2027-01-08,Los Angeles Lakers,Detroit Pistons,2027-01-09T03:00:00Z,10:00p,Crypto.com Arena,,https://www.basketball-reference.com/leagues/NBA_2027_games-january.html,"Fri, Jan 8, 2027"
2027-01-08,Sacramento Kings,New York Knicks,2027-01-09T03:00:00Z,10:00p,Golden 1 Center,,https://www.basketball-reference.com/leagues/NBA_2027_games-january.html,"Fri, Jan 8, 2027"
2027-01-09,Cleveland Cavaliers,Denver Nuggets,2027-01-09T22:00:00Z,5:00p,Rocket Arena,,https://www.basketball-reference.com/leagues/NBA_2027_games-january.html,"Sat, Jan 9, 2027"
2027-01-09,Brooklyn Nets,Houston Rockets,2027-01-09T23:00:00Z,6:00p,Barclays Center,,https://www.basketball-reference.com/leagues/NBA_2027_games-january.html,"Sat, Jan 9, 2027"
2027-01-09,Indiana Pacers,Milwaukee Bucks,2027-01-10T00:00:00Z,7:00p,Gainbridge Fieldhouse,,https://www.basketball-reference.com/leagues/NBA_2027_games-january.html,"Sat, Jan 9, 2027"
2027-01-09,Golden State Warriors,Chicago Bulls,2027-01-10T01:30:00Z,8:30p,Chase Center,,https://www.basketball-reference.com/leagues/NBA_2027_games-january.html,"Sat, Jan 9, 2027"
2027-01-09,Portland Trail Blazers,Charlotte Hornets,2027-01-10T03:00:00Z,10:00p,Moda Center,,https://www.basketball-reference.com/leagues/NBA_2027_games-january.html,"Sat, Jan 9, 2027"
2027-01-09,Los Angeles Clippers,Boston Celtics,2027-01-10T03:30:00Z,10:30p,Intuit Dome,,https://www.basketball-reference.com/leagues/NBA_2027_games-january.html,"Sat, Jan 9, 2027"
2027-01-10,Atlanta Hawks,San Antonio Spurs,2027-01-10T20:00:00Z,3:00p,State Farm Arena,,https://www.basketball-reference.com/leagues/NBA_2027_games-january.html,"Sun, Jan 10, 2027"
2027-01-10,Detroit Pistons,Utah Jazz,2027-01-10T23:00:00Z,6:00p,Little Caesars Arena,,https://www.basketball-reference.com/leagues/NBA_2027_games-january.html,"Sun, Jan 10, 2027"
2027-01-10,Memphis Grizzlies,Dallas Mavericks,2027-01-10T23:00:00Z,6:00p,FedExForum,,https://www.basketball-reference.com/leagues/NBA_2027_games-january.html,"Sun, Jan 10, 2027"
2027-01-10,Miami Heat,New Orleans Pelicans,2027-01-10T23:00:00Z,6:00p,Kaseya Center,,https://www.basketball-reference.com/leagues/NBA_2027_games-january.html,"Sun, Jan 10, 2027"
2027-01-10,Orlando Magic,Oklahoma City Thunder,2027-01-10T23:00:00Z,6:00p,Kia Center,,https://www.basketball-reference.com/leagues/NBA_2027_games-january.html,"Sun, Jan 10, 2027"
2027-01-10,Toronto Raptors,Philadelphia 76ers,2027-01-10T23:00:00Z,6:00p,Scotiabank Arena,,https://www.basketball-reference.com/leagues/NBA_2027_games-january.html,"Sun, Jan 10, 2027"
2027-01-10,Phoenix Suns,Chicago Bulls,2027-01-11T00:00:00Z,7:00p,Mortgage Matchup Center,,https://www.basketball-reference.com/leagues/NBA_2027_games-january.html,"Sun, Jan 10, 2027"
2027-01-10,Sacramento Kings,Charlotte Hornets,2027-01-11T02:00:00Z,9:00p,Golden 1 Center,,https://www.basketball-reference.com/leagues/NBA_2027_games-january.html,"Sun, Jan 10, 2027"
2027-01-11,Indiana Pacers,Brooklyn Nets,2027-01-12T00:00:00Z,7:00p,Gainbridge Fieldhouse,,https://www.basketball-reference.com/leagues/NBA_2027_games-january.html,"Mon, Jan 11, 2027"
2027-01-11,Washington Wizards,Atlanta Hawks,2027-01-12T00:00:00Z,7:00p,Capital One Arena,,https://www.basketball-reference.com/leagues/NBA_2027_games-january.html,"Mon, Jan 11, 2027"
2027-01-11,Boston Celtics,Houston Rockets,2027-01-12T00:30:00Z,7:30p,TD Garden,,https://www.basketball-reference.com/leagues/NBA_2027_games-january.html,"Mon, Jan 11, 2027"
2027-01-11,New York Knicks,Denver Nuggets,2027-01-12T00:30:00Z,7:30p,Madison Square Garden (IV),,https://www.basketball-reference.com/leagues/NBA_2027_games-january.html,"Mon, Jan 11, 2027"
2027-01-11,Minnesota Timberwolves,Cleveland Cavaliers,2027-01-12T01:00:00Z,8:00p,Target Center,,https://www.basketball-reference.com/leagues/NBA_2027_games-january.html,"Mon, Jan 11, 2027"
2027-01-11,Los Angeles Clippers,Los Angeles Lakers,2027-01-12T03:00:00Z,10:00p,Intuit Dome,,https://www.basketball-reference.com/leagues/NBA_2027_games-january.html,"Mon, Jan 11, 2027"
2027-01-12,Miami Heat,Brooklyn Nets,2027-01-13T00:30:00Z,7:30p,Kaseya Center,,https://www.basketball-reference.com/leagues/NBA_2027_games-january.html,"Tue, Jan 12, 2027"
2027-01-12,Toronto Raptors,Detroit Pistons,2027-01-13T00:30:00Z,7:30p,Scotiabank Arena,,https://www.basketball-reference.com/leagues/NBA_2027_games-january.html,"Tue, Jan 12, 2027"
2027-01-12,Memphis Grizzlies,Dallas Mavericks,2027-01-13T01:00:00Z,8:00p,FedExForum,,https://www.basketball-reference.com/leagues/NBA_2027_games-january.html,"Tue, Jan 12, 2027"
2027-01-12,Milwaukee Bucks,Denver Nuggets,2027-01-13T01:00:00Z,8:00p,Fiserv Forum,,https://www.basketball-reference.com/leagues/NBA_2027_games-january.html,"Tue, Jan 12, 2027"
2027-01-12,Philadelphia 76ers,Washington Wizards,2027-01-13T01:00:00Z,8:00p,Xfinity Mobile Arena,,https://www.basketball-reference.com/leagues/NBA_2027_games-january.html,"Tue, Jan 12, 2027"
2027-01-12,Utah Jazz,Chicago Bulls,2027-01-13T02:00:00Z,9:00p,Delta Center,,https://www.basketball-reference.com/leagues/NBA_2027_games-january.html,"Tue, Jan 12, 2027"
2027-01-12,Portland Trail Blazers,Orlando Magic,2027-01-13T03:00:00Z,10:00p,Moda Center,,https://www.basketball-reference.com/leagues/NBA_2027_games-january.html,"Tue, Jan 12, 2027"
2027-01-12,Golden State Warriors,Sacramento Kings,2027-01-13T04:00:00Z,11:00p,Chase Center,,https://www.basketball-reference.com/leagues/NBA_2027_games-january.html,"Tue, Jan 12, 2027"
2027-01-13,Atlanta Hawks,Cleveland Cavaliers,2027-01-14T00:00:00Z,7:00p,State Farm Arena,,https://www.basketball-reference.com/leagues/NBA_2027_games-january.html,"Wed, Jan 13, 2027"
2027-01-13,Boston Celtics,New York Knicks,2027-01-14T00:00:00Z,7:00p,TD Garden,,https://www.basketball-reference.com/leagues/NBA_2027_games-january.html,"Wed, Jan 13, 2027"
2027-01-13,Indiana Pacers,Milwaukee Bucks,2027-01-14T00:00:00Z,7:00p,Gainbridge Fieldhouse,,https://www.basketball-reference.com/leagues/NBA_2027_games-january.html,"Wed, Jan 13, 2027"
2027-01-13,Toronto Raptors,Phoenix Suns,2027-01-14T00:30:00Z,7:30p,Scotiabank Arena,,https://www.basketball-reference.com/leagues/NBA_2027_games-january.html,"Wed, Jan 13, 2027"
2027-01-13,Oklahoma City Thunder,Houston Rockets,2027-01-14T02:30:00Z,9:30p,Paycom Center,,https://www.basketball-reference.com/leagues/NBA_2027_games-january.html,"Wed, Jan 13, 2027"
2027-01-13,Golden State Warriors,Charlotte Hornets,2027-01-14T03:00:00Z,10:00p,Chase Center,,https://www.basketball-reference.com/leagues/NBA_2027_games-january.html,"Wed, Jan 13, 2027"
2027-01-13,Portland Trail Blazers,Los Angeles Lakers,2027-01-14T03:00:00Z,10:00p,Moda Center,,https://www.basketball-reference.com/leagues/NBA_2027_games-january.html,"Wed, Jan 13, 2027"
2027-01-14,San Antonio Spurs,New Orleans Pelicans,2027-01-14T19:00:00Z,2:00p,Accor Arena,,https://www.basketball-reference.com/leagues/NBA_2027_games-january.html,"Thu, Jan 14, 2027"
2027-01-14,Detroit Pistons,Dallas Mavericks,2027-01-15T00:00:00Z,7:00p,Little Caesars Arena,,https://www.basketball-reference.com/leagues/NBA_2027_games-january.html,"Thu, Jan 14, 2027"
2027-01-14,Philadelphia 76ers,Brooklyn Nets,2027-01-15T00:00:00Z,7:00p,Xfinity Mobile Arena,,https://www.basketball-reference.com/leagues/NBA_2027_games-january.html,"Thu, Jan 14, 2027"
2027-01-14,New York Knicks,Miami Heat,2027-01-15T00:30:00Z,7:30p,Madison Square Garden (IV),,https://www.basketball-reference.com/leagues/NBA_2027_games-january.html,"Thu, Jan 14, 2027"
2027-01-14,Chicago Bulls,Minnesota Timberwolves,2027-01-15T01:00:00Z,8:00p,United Center,,https://www.basketball-reference.com/leagues/NBA_2027_games-january.html,"Thu, Jan 14, 2027"
2027-01-14,Denver Nuggets,Memphis Grizzlies,2027-01-15T02:00:00Z,9:00p,Ball Arena,,https://www.basketball-reference.com/leagues/NBA_2027_games-january.html,"Thu, Jan 14, 2027"
2027-01-14,Utah Jazz,Charlotte Hornets,2027-01-15T02:00:00Z,9:00p,Delta Center,,https://www.basketball-reference.com/leagues/NBA_2027_games-january.html,"Thu, Jan 14, 2027"
2027-01-14,Los Angeles Lakers,Orlando Magic,2027-01-15T03:00:00Z,10:00p,Crypto.com Arena,,https://www.basketball-reference.com/leagues/NBA_2027_games-january.html,"Thu, Jan 14, 2027"
2027-01-14,Sacramento Kings,Los Angeles Clippers,2027-01-15T03:00:00Z,10:00p,Golden 1 Center,,https://www.basketball-reference.com/leagues/NBA_2027_games-january.html,"Thu, Jan 14, 2027"
2027-01-15,Atlanta Hawks,Golden State Warriors,2027-01-16T00:00:00Z,7:00p,State Farm Arena,,https://www.basketball-reference.com/leagues/NBA_2027_games-january.html,"Fri, Jan 15, 2027"
2027-01-15,Indiana Pacers,Phoenix Suns,2027-01-16T00:00:00Z,7:00p,Gainbridge Fieldhouse,,https://www.basketball-reference.com/leagues/NBA_2027_games-january.html,"Fri, Jan 15, 2027"
2027-01-15,Toronto Raptors,Miami Heat,2027-01-16T00:30:00Z,7:30p,Scotiabank Arena,,https://www.basketball-reference.com/leagues/NBA_2027_games-january.html,"Fri, Jan 15, 2027"
2027-01-15,Milwaukee Bucks,Cleveland Cavaliers,2027-01-16T01:00:00Z,8:00p,Fiserv Forum,,https://www.basketball-reference.com/leagues/NBA_2027_games-january.html,"Fri, Jan 15, 2027"
2027-01-15,Oklahoma City Thunder,Utah Jazz,2027-01-16T01:00:00Z,8:00p,Paycom Center,,https://www.basketball-reference.com/leagues/NBA_2027_games-january.html,"Fri, Jan 15, 2027"
2027-01-15,Houston Rockets,Washington Wizards,2027-01-16T01:30:00Z,8:30p,Toyota Center,,https://www.basketball-reference.com/leagues/NBA_2027_games-january.html,"Fri, Jan 15, 2027"
2027-01-15,Portland Trail Blazers,Sacramento Kings,2027-01-16T03:00:00Z,10:00p,Moda Center,,https://www.basketball-reference.com/leagues/NBA_2027_games-january.html,"Fri, Jan 15, 2027"
2027-01-15,Los Angeles Clippers,Orlando Magic,2027-01-16T03:30:00Z,10:30p,Intuit Dome,,https://www.basketball-reference.com/leagues/NBA_2027_games-january.html,"Fri, Jan 15, 2027"
2027-01-16,Philadelphia 76ers,Minnesota Timberwolves,2027-01-16T17:30:00Z,12:30p,Xfinity Mobile Arena,,https://www.basketball-reference.com/leagues/NBA_2027_games-january.html,"Sat, Jan 16, 2027"
2027-01-16,Boston Celtics,Brooklyn Nets,2027-01-17T00:00:00Z,7:00p,TD Garden,,https://www.basketball-reference.com/leagues/NBA_2027_games-january.html,"Sat, Jan 16, 2027"
2027-01-16,New York Knicks,Dallas Mavericks,2027-01-17T00:30:00Z,7:30p,Madison Square Garden (IV),,https://www.basketball-reference.com/leagues/NBA_2027_games-january.html,"Sat, Jan 16, 2027"
2027-01-16,Memphis Grizzlies,Cleveland Cavaliers,2027-01-17T01:00:00Z,8:00p,FedExForum,,https://www.basketball-reference.com/leagues/NBA_2027_games-january.html,"Sat, Jan 16, 2027"
2027-01-16,Houston Rockets,Detroit Pistons,2027-01-17T01:30:00Z,8:30p,Toyota Center,,https://www.basketball-reference.com/leagues/NBA_2027_games-january.html,"Sat, Jan 16, 2027"
2027-01-16,Denver Nuggets,Charlotte Hornets,2027-01-17T02:00:00Z,9:00p,Ball Arena,,https://www.basketball-reference.com/leagues/NBA_2027_games-january.html,"Sat, Jan 16, 2027"
2027-01-17,New Orleans Pelicans,San Antonio Spurs,2027-01-17T15:30:00Z,10:30a,,,https://www.basketball-reference.com/leagues/NBA_2027_games-january.html,"Sun, Jan 17, 2027"
2027-01-17,Washington Wizards,Indiana Pacers,2027-01-17T18:00:00Z,1:00p,Capital One Arena,,https://www.basketball-reference.com/leagues/NBA_2027_games-january.html,"Sun, Jan 17, 2027"
2027-01-17,Chicago Bulls,Toronto Raptors,2027-01-17T20:30:00Z,3:30p,United Center,,https://www.basketball-reference.com/leagues/NBA_2027_games-january.html,"Sun, Jan 17, 2027"
2027-01-17,Oklahoma City Thunder,Portland Trail Blazers,2027-01-17T20:30:00Z,3:30p,Paycom Center,,https://www.basketball-reference.com/leagues/NBA_2027_games-january.html,"Sun, Jan 17, 2027"
2027-01-17,Utah Jazz,Sacramento Kings,2027-01-17T22:00:00Z,5:00p,Delta Center,,https://www.basketball-reference.com/leagues/NBA_2027_games-january.html,"Sun, Jan 17, 2027"
2027-01-17,Miami Heat,Golden State Warriors,2027-01-17T23:00:00Z,6:00p,Kaseya Center,,https://www.basketball-reference.com/leagues/NBA_2027_games-january.html,"Sun, Jan 17, 2027"
2027-01-17,Denver Nuggets,Orlando Magic,2027-01-18T01:00:00Z,8:00p,Ball Arena,,https://www.basketball-reference.com/leagues/NBA_2027_games-january.html,"Sun, Jan 17, 2027"
2027-01-17,Los Angeles Lakers,Milwaukee Bucks,2027-01-18T02:00:00Z,9:00p,Crypto.com Arena,,https://www.basketball-reference.com/leagues/NBA_2027_games-january.html,"Sun, Jan 17, 2027"
2027-01-18,Cleveland Cavaliers,Detroit Pistons,2027-01-18T17:00:00Z,12:00p,Rocket Arena,,https://www.basketball-reference.com/leagues/NBA_2027_games-january.html,"Mon, Jan 18, 2027"
2027-01-18,Atlanta Hawks,Philadelphia 76ers,2027-01-18T19:30:00Z,2:30p,State Farm Arena,,https://www.basketball-reference.com/leagues/NBA_2027_games-january.html,"Mon, Jan 18, 2027"
2027-01-18,Washington Wizards,Boston Celtics,2027-01-18T20:00:00Z,3:00p,Capital One Arena,,https://www.basketball-reference.com/leagues/NBA_2027_games-january.html,"Mon, Jan 18, 2027"
2027-01-18,New York Knicks,Minnesota Timberwolves,2027-01-18T22:00:00Z,5:00p,Madison Square Garden (IV),,https://www.basketball-reference.com/leagues/NBA_2027_games-january.html,"Mon, Jan 18, 2027"
2027-01-18,Memphis Grizzlies,Houston Rockets,2027-01-19T00:30:00Z,7:30p,FedExForum,,https://www.basketball-reference.com/leagues/NBA_2027_games-january.html,"Mon, Jan 18, 2027"
2027-01-18,Dallas Mavericks,Oklahoma City Thunder,2027-01-19T01:00:00Z,8:00p,American Airlines Center,,https://www.basketball-reference.com/leagues/NBA_2027_games-january.html,"Mon, Jan 18, 2027"
2027-01-18,Los Angeles Clippers,Phoenix Suns,2027-01-19T03:30:00Z,10:30p,Intuit Dome,,https://www.basketball-reference.com/leagues/NBA_2027_games-january.html,"Mon, Jan 18, 2027"
2027-01-19,Orlando Magic,Golden State Warriors,2027-01-20T00:00:00Z,7:00p,Kia Center,,https://www.basketball-reference.com/leagues/NBA_2027_games-january.html,"Tue, Jan 19, 2027"
2027-01-19,Philadelphia 76ers,Indiana Pacers,2027-01-20T00:00:00Z,7:00p,Xfinity Mobile Arena,,https://www.basketball-reference.com/leagues/NBA_2027_games-january.html,"Tue, Jan 19, 2027"
2027-01-19,Toronto Raptors,Chicago Bulls,2027-01-20T00:00:00Z,7:00p,Scotiabank Arena,,https://www.basketball-reference.com/leagues/NBA_2027_games-january.html,"Tue, Jan 19, 2027"
2027-01-19,Miami Heat,Portland Trail Blazers,2027-01-20T00:30:00Z,7:30p,Kaseya Center,,https://www.basketball-reference.com/leagues/NBA_2027_games-january.html,"Tue, Jan 19, 2027"
2027-01-19,Dallas Mavericks,Charlotte Hornets,2027-01-20T01:00:00Z,8:00p,American Airlines Center,,https://www.basketball-reference.com/leagues/NBA_2027_games-january.html,"Tue, Jan 19, 2027"
2027-01-19,Denver Nuggets,Utah Jazz,2027-01-20T03:00:00Z,10:00p,Ball Arena,,https://www.basketball-reference.com/leagues/NBA_2027_games-january.html,"Tue, Jan 19, 2027"
2027-01-19,Sacramento Kings,Los Angeles Lakers,2027-01-20T03:00:00Z,10:00p,Golden 1 Center,,https://www.basketball-reference.com/leagues/NBA_2027_games-january.html,"Tue, Jan 19, 2027"
2027-01-20,Atlanta Hawks,Portland Trail Blazers,2027-01-21T00:00:00Z,7:00p,State Farm Arena,,https://www.basketball-reference.com/leagues/NBA_2027_games-january.html,"Wed, Jan 20, 2027"
2027-01-20,Brooklyn Nets,Chicago Bulls,2027-01-21T00:00:00Z,7:00p,Barclays Center,,https://www.basketball-reference.com/leagues/NBA_2027_games-january.html,"Wed, Jan 20, 2027"
2027-01-20,Boston Celtics,Indiana Pacers,2027-01-21T00:30:00Z,7:30p,TD Garden,,https://www.basketball-reference.com/leagues/NBA_2027_games-january.html,"Wed, Jan 20, 2027"
2027-01-20,New York Knicks,Toronto Raptors,2027-01-21T00:30:00Z,7:30p,Madison Square Garden (IV),,https://www.basketball-reference.com/leagues/NBA_2027_games-january.html,"Wed, Jan 20, 2027"
2027-01-20,Minnesota Timberwolves,Houston Rockets,2027-01-21T01:00:00Z,8:00p,Target Center,,https://www.basketball-reference.com/leagues/NBA_2027_games-january.html,"Wed, Jan 20, 2027"
2027-01-20,New Orleans Pelicans,Oklahoma City Thunder,2027-01-21T01:00:00Z,8:00p,Smoothie King Center,,https://www.basketball-reference.com/leagues/NBA_2027_games-january.html,"Wed, Jan 20, 2027"
2027-01-20,Phoenix Suns,Memphis Grizzlies,2027-01-21T02:00:00Z,9:00p,Mortgage Matchup Center,,https://www.basketball-reference.com/leagues/NBA_2027_games-january.html,"Wed, Jan 20, 2027"
2027-01-20,Utah Jazz,Los Angeles Clippers,2027-01-21T02:00:00Z,9:00p,Delta Center,,https://www.basketball-reference.com/leagues/NBA_2027_games-january.html,"Wed, Jan 20, 2027"
2027-01-20,San Antonio Spurs,Miami Heat,2027-01-21T02:30:00Z,9:30p,Frost Bank Center,,https://www.basketball-reference.com/leagues/NBA_2027_games-january.html,"Wed, Jan 20, 2027"
2027-01-20,Sacramento Kings,Milwaukee Bucks,2027-01-21T03:00:00Z,10:00p,Golden 1 Center,,https://www.basketball-reference.com/leagues/NBA_2027_games-january.html,"Wed, Jan 20, 2027"
2027-01-21,Boston Celtics,Philadelphia 76ers,2027-01-22T00:30:00Z,7:30p,TD Garden,,https://www.basketball-reference.com/leagues/NBA_2027_games-january.html,"Thu, Jan 21, 2027"
2027-01-21,Brooklyn Nets,Cleveland Cavaliers,2027-01-22T00:30:00Z,7:30p,Barclays Center,,https://www.basketball-reference.com/leagues/NBA_2027_games-january.html,"Thu, Jan 21, 2027"
2027-01-21,Denver Nuggets,Washington Wizards,2027-01-22T02:00:00Z,9:00p,Ball Arena,,https://www.basketball-reference.com/leagues/NBA_2027_games-january.html,"Thu, Jan 21, 2027"
2027-01-21,Golden State Warriors,Los Angeles Lakers,2027-01-22T03:00:00Z,10:00p,Chase Center,,https://www.basketball-reference.com/leagues/NBA_2027_games-january.html,"Thu, Jan 21, 2027"
2027-01-22,Atlanta Hawks,New York Knicks,2027-01-23T00:00:00Z,7:00p,State Farm Arena,,https://www.basketball-reference.com/leagues/NBA_2027_games-january.html,"Fri, Jan 22, 2027"
2027-01-22,Charlotte Hornets,Houston Rockets,2027-01-23T00:00:00Z,7:00p,Spectrum Center,,https://www.basketball-reference.com/leagues/NBA_2027_games-january.html,"Fri, Jan 22, 2027"
2027-01-22,Orlando Magic,Portland Trail Blazers,2027-01-23T00:00:00Z,7:00p,Kia Center,,https://www.basketball-reference.com/leagues/NBA_2027_games-january.html,"Fri, Jan 22, 2027"
2027-01-22,Detroit Pistons,Indiana Pacers,2027-01-23T00:30:00Z,7:30p,Little Caesars Arena,,https://www.basketball-reference.com/leagues/NBA_2027_games-january.html,"Fri, Jan 22, 2027"
2027-01-22,New Orleans Pelicans,Dallas Mavericks,2027-01-23T01:00:00Z,8:00p,Smoothie King Center,,https://www.basketball-reference.com/leagues/NBA_2027_games-january.html,"Fri, Jan 22, 2027"
2027-01-22,Oklahoma City Thunder,Memphis Grizzlies,2027-01-23T01:00:00Z,8:00p,Paycom Center,,https://www.basketball-reference.com/leagues/NBA_2027_games-january.html,"Fri, Jan 22, 2027"
2027-01-22,Phoenix Suns,Utah Jazz,2027-01-23T02:00:00Z,9:00p,Mortgage Matchup Center,,https://www.basketball-reference.com/leagues/NBA_2027_games-january.html,"Fri, Jan 22, 2027"
2027-01-22,San Antonio Spurs,Minnesota Timberwolves,2027-01-23T02:30:00Z,9:30p,Frost Bank Center,,https://www.basketball-reference.com/leagues/NBA_2027_games-january.html,"Fri, Jan 22, 2027"
2027-01-22,Golden State Warriors,Milwaukee Bucks,2027-01-23T03:00:00Z,10:00p,Chase Center,,https://www.basketball-reference.com/leagues/NBA_2027_games-january.html,"Fri, Jan 22, 2027"
2027-01-22,Los Angeles Lakers,Sacramento Kings,2027-01-23T03:00:00Z,10:00p,Crypto.com Arena,,https://www.basketball-reference.com/leagues/NBA_2027_games-january.html,"Fri, Jan 22, 2027"
2027-01-22,Los Angeles Clippers,Washington Wizards,2027-01-23T03:30:00Z,10:30p,Intuit Dome,,https://www.basketball-reference.com/leagues/NBA_2027_games-january.html,"Fri, Jan 22, 2027"
2027-01-23,Chicago Bulls,Philadelphia 76ers,2027-01-23T22:00:00Z,5:00p,United Center,,https://www.basketball-reference.com/leagues/NBA_2027_games-january.html,"Sat, Jan 23, 2027"
2027-01-23,Brooklyn Nets,Toronto Raptors,2027-01-23T23:00:00Z,6:00p,Barclays Center,,https://www.basketball-reference.com/leagues/NBA_2027_games-january.html,"Sat, Jan 23, 2027"
2027-01-23,Boston Celtics,Charlotte Hornets,2027-01-24T00:00:00Z,7:00p,TD Garden,,https://www.basketball-reference.com/leagues/NBA_2027_games-january.html,"Sat, Jan 23, 2027"
2027-01-23,Dallas Mavericks,Cleveland Cavaliers,2027-01-24T01:00:00Z,8:00p,American Airlines Center,,https://www.basketball-reference.com/leagues/NBA_2027_games-january.html,"Sat, Jan 23, 2027"
2027-01-23,Miami Heat,Atlanta Hawks,2027-01-24T01:00:00Z,8:00p,Kaseya Center,,https://www.basketball-reference.com/leagues/NBA_2027_games-january.html,"Sat, Jan 23, 2027"
2027-01-23,Denver Nuggets,Milwaukee Bucks,2027-01-24T02:00:00Z,9:00p,Ball Arena,,https://www.basketball-reference.com/leagues/NBA_2027_games-january.html,"Sat, Jan 23, 2027"
2027-01-24,San Antonio Spurs,Portland Trail Blazers,2027-01-24T20:30:00Z,3:30p,Frost Bank Center,,https://www.basketball-reference.com/leagues/NBA_2027_games-january.html,"Sun, Jan 24, 2027"
2027-01-24,Los Angeles Lakers,Washington Wizards,2027-01-24T21:00:00Z,4:00p,Crypto.com Arena,,https://www.basketball-reference.com/leagues/NBA_2027_games-january.html,"Sun, Jan 24, 2027"
2027-01-24,Phoenix Suns,Utah Jazz,2027-01-24T21:00:00Z,4:00p,Mortgage Matchup Center,,https://www.basketball-reference.com/leagues/NBA_2027_games-january.html,"Sun, Jan 24, 2027"
2027-01-24,Detroit Pistons,Minnesota Timberwolves,2027-01-24T23:00:00Z,6:00p,Little Caesars Arena,,https://www.basketball-reference.com/leagues/NBA_2027_games-january.html,"Sun, Jan 24, 2027"
2027-01-24,Orlando Magic,Houston Rockets,2027-01-24T23:00:00Z,6:00p,Kia Center,,https://www.basketball-reference.com/leagues/NBA_2027_games-january.html,"Sun, Jan 24, 2027"
2027-01-24,New York Knicks,Los Angeles Clippers,2027-01-25T00:00:00Z,7:00p,Madison Square Garden (IV),,https://www.basketball-reference.com/leagues/NBA_2027_games-january.html,"Sun, Jan 24, 2027"
2027-01-24,Golden State Warriors,Oklahoma City Thunder,2027-01-25T01:30:00Z,8:30p,Chase Center,,https://www.basketball-reference.com/leagues/NBA_2027_games-january.html,"Sun, Jan 24, 2027"
2027-01-25,Boston Celtics,Toronto Raptors,2027-01-26T00:00:00Z,7:00p,TD Garden,,https://www.basketball-reference.com/leagues/NBA_2027_games-january.html,"Mon, Jan 25, 2027"
2027-01-25,Charlotte Hornets,Orlando Magic,2027-01-26T00:00:00Z,7:00p,Spectrum Center,,https://www.basketball-reference.com/leagues/NBA_2027_games-january.html,"Mon, Jan 25, 2027"
2027-01-25,Philadelphia 76ers,Los Angeles Clippers,2027-01-26T00:00:00Z,7:00p,Xfinity Mobile Arena,,https://www.basketball-reference.com/leagues/NBA_2027_games-january.html,"Mon, Jan 25, 2027"
2027-01-25,Brooklyn Nets,Miami Heat,2027-01-26T00:30:00Z,7:30p,Barclays Center,,https://www.basketball-reference.com/leagues/NBA_2027_games-january.html,"Mon, Jan 25, 2027"
2027-01-25,Chicago Bulls,Dallas Mavericks,2027-01-26T01:00:00Z,8:00p,United Center,,https://www.basketball-reference.com/leagues/NBA_2027_games-january.html,"Mon, Jan 25, 2027"
2027-01-25,Memphis Grizzlies,Minnesota Timberwolves,2027-01-26T01:00:00Z,8:00p,FedExForum,,https://www.basketball-reference.com/leagues/NBA_2027_games-january.html,"Mon, Jan 25, 2027"
2027-01-25,New Orleans Pelicans,Cleveland Cavaliers,2027-01-26T01:00:00Z,8:00p,Smoothie King Center,,https://www.basketball-reference.com/leagues/NBA_2027_games-january.html,"Mon, Jan 25, 2027"
2027-01-25,Denver Nuggets,Sacramento Kings,2027-01-26T02:30:00Z,9:30p,Ball Arena,,https://www.basketball-reference.com/leagues/NBA_2027_games-january.html,"Mon, Jan 25, 2027"
2027-01-26,Detroit Pistons,Atlanta Hawks,2027-01-27T00:00:00Z,7:00p,Little Caesars Arena,,https://www.basketball-reference.com/leagues/NBA_2027_games-january.html,"Tue, Jan 26, 2027"
2027-01-26,Indiana Pacers,Chicago Bulls,2027-01-27T00:00:00Z,7:00p,Gainbridge Fieldhouse,,https://www.basketball-reference.com/leagues/NBA_2027_games-january.html,"Tue, Jan 26, 2027"
2027-01-26,New York Knicks,Phoenix Suns,2027-01-27T00:30:00Z,7:30p,Madison Square Garden (IV),,https://www.basketball-reference.com/leagues/NBA_2027_games-january.html,"Tue, Jan 26, 2027"
2027-01-26,San Antonio Spurs,Houston Rockets,2027-01-27T01:00:00Z,8:00p,Frost Bank Center,,https://www.basketball-reference.com/leagues/NBA_2027_games-january.html,"Tue, Jan 26, 2027"
2027-01-26,Utah Jazz,Milwaukee Bucks,2027-01-27T02:00:00Z,9:00p,Delta Center,,https://www.basketball-reference.com/leagues/NBA_2027_games-january.html,"Tue, Jan 26, 2027"
2027-01-26,Portland Trail Blazers,Washington Wizards,2027-01-27T03:00:00Z,10:00p,Moda Center,,https://www.basketball-reference.com/leagues/NBA_2027_games-january.html,"Tue, Jan 26, 2027"
2027-01-26,Los Angeles Lakers,Oklahoma City Thunder,2027-01-27T04:00:00Z,11:00p,Crypto.com Arena,,https://www.basketball-reference.com/leagues/NBA_2027_games-january.html,"Tue, Jan 26, 2027"
2027-01-27,Cleveland Cavaliers,Detroit Pistons,2027-01-28T00:00:00Z,7:00p,Rocket Arena,,https://www.basketball-reference.com/leagues/NBA_2027_games-january.html,"Wed, Jan 27, 2027"
2027-01-27,Philadelphia 76ers,Sacramento Kings,2027-01-28T00:00:00Z,7:00p,Xfinity Mobile Arena,,https://www.basketball-reference.com/leagues/NBA_2027_games-january.html,"Wed, Jan 27, 2027"
2027-01-27,Boston Celtics,Los Angeles Clippers,2027-01-28T00:30:00Z,7:30p,TD Garden,,https://www.basketball-reference.com/leagues/NBA_2027_games-january.html,"Wed, Jan 27, 2027"
2027-01-27,Brooklyn Nets,Phoenix Suns,2027-01-28T00:30:00Z,7:30p,Barclays Center,,https://www.basketball-reference.com/leagues/NBA_2027_games-january.html,"Wed, Jan 27, 2027"
2027-01-27,Toronto Raptors,Dallas Mavericks,2027-01-28T00:30:00Z,7:30p,Scotiabank Arena,,https://www.basketball-reference.com/leagues/NBA_2027_games-january.html,"Wed, Jan 27, 2027"
2027-01-27,San Antonio Spurs,Charlotte Hornets,2027-01-28T01:00:00Z,8:00p,Frost Bank Center,,https://www.basketball-reference.com/leagues/NBA_2027_games-january.html,"Wed, Jan 27, 2027"
2027-01-27,Houston Rockets,New Orleans Pelicans,2027-01-28T01:30:00Z,8:30p,Toyota Center,,https://www.basketball-reference.com/leagues/NBA_2027_games-january.html,"Wed, Jan 27, 2027"
2027-01-27,Minnesota Timberwolves,Denver Nuggets,2027-01-28T02:30:00Z,9:30p,Target Center,,https://www.basketball-reference.com/leagues/NBA_2027_games-january.html,"Wed, Jan 27, 2027"
2027-01-27,Portland Trail Blazers,Golden State Warriors,2027-01-28T03:00:00Z,10:00p,Moda Center,,https://www.basketball-reference.com/leagues/NBA_2027_games-january.html,"Wed, Jan 27, 2027"
2027-01-28,Indiana Pacers,Los Angeles Lakers,2027-01-29T00:00:00Z,7:00p,Gainbridge Fieldhouse,,https://www.basketball-reference.com/leagues/NBA_2027_games-january.html,"Thu, Jan 28, 2027"
2027-01-28,New York Knicks,Atlanta Hawks,2027-01-29T00:00:00Z,7:00p,Madison Square Garden (IV),,https://www.basketball-reference.com/leagues/NBA_2027_games-january.html,"Thu, Jan 28, 2027"
2027-01-28,Orlando Magic,Chicago Bulls,2027-01-29T00:00:00Z,7:00p,Kia Center,,https://www.basketball-reference.com/leagues/NBA_2027_games-january.html,"Thu, Jan 28, 2027"
2027-01-28,Washington Wizards,Sacramento Kings,2027-01-29T00:00:00Z,7:00p,Capital One Arena,,https://www.basketball-reference.com/leagues/NBA_2027_games-january.html,"Thu, Jan 28, 2027"
2027-01-28,New Orleans Pelicans,Philadelphia 76ers,2027-01-29T01:00:00Z,8:00p,Smoothie King Center,,https://www.basketball-reference.com/leagues/NBA_2027_games-january.html,"Thu, Jan 28, 2027"
2027-01-28,Oklahoma City Thunder,Memphis Grizzlies,2027-01-29T01:00:00Z,8:00p,Paycom Center,,https://www.basketball-reference.com/leagues/NBA_2027_games-january.html,"Thu, Jan 28, 2027"
2027-01-28,Utah Jazz,Golden State Warriors,2027-01-29T02:00:00Z,9:00p,Delta Center,,https://www.basketball-reference.com/leagues/NBA_2027_games-january.html,"Thu, Jan 28, 2027"
2027-01-28,Milwaukee Bucks,Miami Heat,2027-01-29T02:30:00Z,9:30p,Fiserv Forum,,https://www.basketball-reference.com/leagues/NBA_2027_games-january.html,"Thu, Jan 28, 2027"
2027-01-29,Toronto Raptors,Cleveland Cavaliers,2027-01-30T00:00:00Z,7:00p,Scotiabank Arena,,https://www.basketball-reference.com/leagues/NBA_2027_games-january.html,"Fri, Jan 29, 2027"
2027-01-29,Boston Celtics,Phoenix Suns,2027-01-30T00:30:00Z,7:30p,TD Garden,,https://www.basketball-reference.com/leagues/NBA_2027_games-january.html,"Fri, Jan 29, 2027"
2027-01-29,Brooklyn Nets,Los Angeles Clippers,2027-01-30T00:30:00Z,7:30p,Barclays Center,,https://www.basketball-reference.com/leagues/NBA_2027_games-january.html,"Fri, Jan 29, 2027"
2027-01-29,Dallas Mavericks,Detroit Pistons,2027-01-30T01:00:00Z,8:00p,American Airlines Center,,https://www.basketball-reference.com/leagues/NBA_2027_games-january.html,"Fri, Jan 29, 2027"
2027-01-29,Houston Rockets,Orlando Magic,2027-01-30T01:30:00Z,8:30p,Toyota Center,,https://www.basketball-reference.com/leagues/NBA_2027_games-january.html,"Fri, Jan 29, 2027"
2027-01-29,Minnesota Timberwolves,Charlotte Hornets,2027-01-30T02:30:00Z,9:30p,Target Center,,https://www.basketball-reference.com/leagues/NBA_2027_games-january.html,"Fri, Jan 29, 2027"
2027-01-30,Miami Heat,Philadelphia 76ers,2027-01-30T17:30:00Z,12:30p,Kaseya Center,,https://www.basketball-reference.com/leagues/NBA_2027_games-january.html,"Sat, Jan 30, 2027"
2027-01-30,Oklahoma City Thunder,Denver Nuggets,2027-01-30T20:00:00Z,3:00p,Paycom Center,,https://www.basketball-reference.com/leagues/NBA_2027_games-january.html,"Sat, Jan 30, 2027"
2027-01-30,Golden State Warriors,San Antonio Spurs,2027-01-30T22:30:00Z,5:30p,Chase Center,,https://www.basketball-reference.com/leagues/NBA_2027_games-january.html,"Sat, Jan 30, 2027"
2027-01-30,Indiana Pacers,Washington Wizards,2027-01-31T00:00:00Z,7:00p,Gainbridge Fieldhouse,,https://www.basketball-reference.com/leagues/NBA_2027_games-january.html,"Sat, Jan 30, 2027"
2027-01-30,Cleveland Cavaliers,New Orleans Pelicans,2027-01-31T00:30:00Z,7:30p,Rocket Arena,,https://www.basketball-reference.com/leagues/NBA_2027_games-january.html,"Sat, Jan 30, 2027"
2027-01-30,Milwaukee Bucks,Atlanta Hawks,2027-01-31T01:00:00Z,8:00p,Fiserv Forum,,https://www.basketball-reference.com/leagues/NBA_2027_games-january.html,"Sat, Jan 30, 2027"
2027-01-30,New York Knicks,Los Angeles Lakers,2027-01-31T01:30:00Z,8:30p,Madison Square Garden (IV),,https://www.basketball-reference.com/leagues/NBA_2027_games-january.html,"Sat, Jan 30, 2027"
2027-01-30,Utah Jazz,Memphis Grizzlies,2027-01-31T02:30:00Z,9:30p,Delta Center,,https://www.basketball-reference.com/leagues/NBA_2027_games-january.html,"Sat, Jan 30, 2027"
2027-01-31,Detroit Pistons,Sacramento Kings,2027-01-31T20:00:00Z,3:00p,Little Caesars Arena,,https://www.basketball-reference.com/leagues/NBA_2027_games-january.html,"Sun, Jan 31, 2027"
2027-01-31,Minnesota Timberwolves,Phoenix Suns,2027-01-31T23:00:00Z,6:00p,Target Center,,https://www.basketball-reference.com/leagues/NBA_2027_games-january.html,"Sun, Jan 31, 2027"
2027-01-31,Oklahoma City Thunder,Chicago Bulls,2027-01-31T23:00:00Z,6:00p,Paycom Center,,https://www.basketball-reference.com/leagues/NBA_2027_games-january.html,"Sun, Jan 31, 2027"
2027-01-31,Orlando Magic,Brooklyn Nets,2027-01-31T23:00:00Z,6:00p,Kia Center,,https://www.basketball-reference.com/leagues/NBA_2027_games-january.html,"Sun, Jan 31, 2027"
2027-01-31,Toronto Raptors,Boston Celtics,2027-01-31T23:00:00Z,6:00p,Scotiabank Arena,,https://www.basketball-reference.com/leagues/NBA_2027_games-january.html,"Sun, Jan 31, 2027"
2027-01-31,Charlotte Hornets,Los Angeles Lakers,2027-02-01T00:00:00Z,7:00p,Spectrum Center,,https://www.basketball-reference.com/leagues/NBA_2027_games-january.html,"Sun, Jan 31, 2027"
2027-01-31,Denver Nuggets,Portland Trail Blazers,2027-02-01T01:00:00Z,8:00p,Ball Arena,,https://www.basketball-reference.com/leagues/NBA_2027_games-january.html,"Sun, Jan 31, 2027"
2027-01-31,Dallas Mavericks,Houston Rockets,2027-02-01T01:30:00Z,8:30p,American Airlines Center,,https://www.basketball-reference.com/leagues/NBA_2027_games-january.html,"Sun, Jan 31, 2027"
2027-02-01,Atlanta Hawks,Washington Wizards,2027-02-02T00:00:00Z,7:00p,State Farm Arena,,https://www.basketball-reference.com/leagues/NBA_2027_games-february.html,"Mon, Feb 1, 2027"
2027-02-01,Philadelphia 76ers,New Orleans Pelicans,2027-02-02T00:00:00Z,7:00p,Xfinity Mobile Arena,,https://www.basketball-reference.com/leagues/NBA_2027_games-february.html,"Mon, Feb 1, 2027"
2027-02-01,Brooklyn Nets,New York Knicks,2027-02-02T00:30:00Z,7:30p,Barclays Center,,https://www.basketball-reference.com/leagues/NBA_2027_games-february.html,"Mon, Feb 1, 2027"
2027-02-01,Indiana Pacers,Miami Heat,2027-02-02T00:30:00Z,7:30p,Gainbridge Fieldhouse,,https://www.basketball-reference.com/leagues/NBA_2027_games-february.html,"Mon, Feb 1, 2027"
2027-02-01,Milwaukee Bucks,Memphis Grizzlies,2027-02-02T01:00:00Z,8:00p,Fiserv Forum,,https://www.basketball-reference.com/leagues/NBA_2027_games-february.html,"Mon, Feb 1, 2027"
2027-02-01,Utah Jazz,Cleveland Cavaliers,2027-02-02T02:00:00Z,9:00p,Delta Center,,https://www.basketball-reference.com/leagues/NBA_2027_games-february.html,"Mon, Feb 1, 2027"
2027-02-01,Golden State Warriors,San Antonio Spurs,2027-02-02T03:00:00Z,10:00p,Chase Center,,https://www.basketball-reference.com/leagues/NBA_2027_games-february.html,"Mon, Feb 1, 2027"
2027-02-02,Detroit Pistons,Chicago Bulls,2027-02-03T00:00:00Z,7:00p,Little Caesars Arena,,https://www.basketball-reference.com/leagues/NBA_2027_games-february.html,"Tue, Feb 2, 2027"
2027-02-02,Orlando Magic,New Orleans Pelicans,2027-02-03T00:00:00Z,7:00p,Kia Center,,https://www.basketball-reference.com/leagues/NBA_2027_games-february.html,"Tue, Feb 2, 2027"
2027-02-02,Miami Heat,Charlotte Hornets,2027-02-03T00:30:00Z,7:30p,Kaseya Center,,https://www.basketball-reference.com/leagues/NBA_2027_games-february.html,"Tue, Feb 2, 2027"
2027-02-02,Boston Celtics,Los Angeles Lakers,2027-02-03T01:00:00Z,8:00p,TD Garden,,https://www.basketball-reference.com/leagues/NBA_2027_games-february.html,"Tue, Feb 2, 2027"
2027-02-02,Dallas Mavericks,Toronto Raptors,2027-02-03T01:00:00Z,8:00p,American Airlines Center,,https://www.basketball-reference.com/leagues/NBA_2027_games-february.html,"Tue, Feb 2, 2027"
2027-02-02,Denver Nuggets,Oklahoma City Thunder,2027-02-03T02:00:00Z,9:00p,Ball Arena,,https://www.basketball-reference.com/leagues/NBA_2027_games-february.html,"Tue, Feb 2, 2027"
2027-02-02,Los Angeles Clippers,San Antonio Spurs,2027-02-03T03:30:00Z,10:30p,Intuit Dome,,https://www.basketball-reference.com/leagues/NBA_2027_games-february.html,"Tue, Feb 2, 2027"
2027-02-02,Portland Trail Blazers,Minnesota Timberwolves,2027-02-03T04:00:00Z,11:00p,Moda Center,,https://www.basketball-reference.com/leagues/NBA_2027_games-february.html,"Tue, Feb 2, 2027"
2027-02-03,Detroit Pistons,New York Knicks,2027-02-04T00:00:00Z,7:00p,Little Caesars Arena,,https://www.basketball-reference.com/leagues/NBA_2027_games-february.html,"Wed, Feb 3, 2027"
2027-02-03,Indiana Pacers,Atlanta Hawks,2027-02-04T00:00:00Z,7:00p,Gainbridge Fieldhouse,,https://www.basketball-reference.com/leagues/NBA_2027_games-february.html,"Wed, Feb 3, 2027"
2027-02-03,Memphis Grizzlies,Philadelphia 76ers,2027-02-04T01:00:00Z,8:00p,FedExForum,,https://www.basketball-reference.com/leagues/NBA_2027_games-february.html,"Wed, Feb 3, 2027"
2027-02-03,Phoenix Suns,Cleveland Cavaliers,2027-02-04T02:00:00Z,9:00p,Mortgage Matchup Center,,https://www.basketball-reference.com/leagues/NBA_2027_games-february.html,"Wed, Feb 3, 2027"
2027-02-03,Houston Rockets,Utah Jazz,2027-02-04T02:30:00Z,9:30p,Toyota Center,,https://www.basketball-reference.com/leagues/NBA_2027_games-february.html,"Wed, Feb 3, 2027"
2027-02-03,Los Angeles Clippers,Golden State Warriors,2027-02-04T03:30:00Z,10:30p,Intuit Dome,,https://www.basketball-reference.com/leagues/NBA_2027_games-february.html,"Wed, Feb 3, 2027"
2027-02-04,Washington Wizards,New Orleans Pelicans,2027-02-05T00:00:00Z,7:00p,Capital One Arena,,https://www.basketball-reference.com/leagues/NBA_2027_games-february.html,"Thu, Feb 4, 2027"
2027-02-04,Brooklyn Nets,Los Angeles Lakers,2027-02-05T00:30:00Z,7:30p,Barclays Center,,https://www.basketball-reference.com/leagues/NBA_2027_games-february.html,"Thu, Feb 4, 2027"
2027-02-04,Charlotte Hornets,Boston Celtics,2027-02-05T00:30:00Z,7:30p,Spectrum Center,,https://www.basketball-reference.com/leagues/NBA_2027_games-february.html,"Thu, Feb 4, 2027"
2027-02-04,Miami Heat,Milwaukee Bucks,2027-02-05T00:30:00Z,7:30p,Kaseya Center,,https://www.basketball-reference.com/leagues/NBA_2027_games-february.html,"Thu, Feb 4, 2027"
2027-02-04,New York Knicks,Toronto Raptors,2027-02-05T00:30:00Z,7:30p,Madison Square Garden (IV),,https://www.basketball-reference.com/leagues/NBA_2027_games-february.html,"Thu, Feb 4, 2027"
2027-02-04,Chicago Bulls,Oklahoma City Thunder,2027-02-05T01:00:00Z,8:00p,United Center,,https://www.basketball-reference.com/leagues/NBA_2027_games-february.html,"Thu, Feb 4, 2027"
2027-02-04,San Antonio Spurs,Orlando Magic,2027-02-05T01:00:00Z,8:00p,Frost Bank Center,,https://www.basketball-reference.com/leagues/NBA_2027_games-february.html,"Thu, Feb 4, 2027"
2027-02-04,Denver Nuggets,Dallas Mavericks,2027-02-05T03:00:00Z,10:00p,Ball Arena,,https://www.basketball-reference.com/leagues/NBA_2027_games-february.html,"Thu, Feb 4, 2027"
2027-02-04,Portland Trail Blazers,Cleveland Cavaliers,2027-02-05T03:00:00Z,10:00p,Moda Center,,https://www.basketball-reference.com/leagues/NBA_2027_games-february.html,"Thu, Feb 4, 2027"
2027-02-04,Sacramento Kings,Minnesota Timberwolves,2027-02-05T03:00:00Z,10:00p,Golden 1 Center,,https://www.basketball-reference.com/leagues/NBA_2027_games-february.html,"Thu, Feb 4, 2027"
2027-02-05,Atlanta Hawks,Boston Celtics,2027-02-06T00:00:00Z,7:00p,State Farm Arena,,https://www.basketball-reference.com/leagues/NBA_2027_games-february.html,"Fri, Feb 5, 2027"
2027-02-05,Charlotte Hornets,Golden State Warriors,2027-02-06T00:00:00Z,7:00p,Spectrum Center,,https://www.basketball-reference.com/leagues/NBA_2027_games-february.html,"Fri, Feb 5, 2027"
2027-02-05,Philadelphia 76ers,Detroit Pistons,2027-02-06T00:00:00Z,7:00p,Xfinity Mobile Arena,,https://www.basketball-reference.com/leagues/NBA_2027_games-february.html,"Fri, Feb 5, 2027"
2027-02-05,Denver Nuggets,Los Angeles Clippers,2027-02-06T02:00:00Z,9:00p,Ball Arena,,https://www.basketball-reference.com/leagues/NBA_2027_games-february.html,"Fri, Feb 5, 2027"
2027-02-05,Phoenix Suns,Houston Rockets,2027-02-06T02:00:00Z,9:00p,Mortgage Matchup Center,,https://www.basketball-reference.com/leagues/NBA_2027_games-february.html,"Fri, Feb 5, 2027"
2027-02-05,Oklahoma City Thunder,Indiana Pacers,2027-02-06T02:30:00Z,9:30p,Paycom Center,,https://www.basketball-reference.com/leagues/NBA_2027_games-february.html,"Fri, Feb 5, 2027"
2027-02-06,Dallas Mavericks,Utah Jazz,2027-02-06T20:00:00Z,3:00p,American Airlines Center,,https://www.basketball-reference.com/leagues/NBA_2027_games-february.html,"Sat, Feb 6, 2027"
2027-02-06,Minnesota Timberwolves,Miami Heat,2027-02-06T20:00:00Z,3:00p,Target Center,,https://www.basketball-reference.com/leagues/NBA_2027_games-february.html,"Sat, Feb 6, 2027"
2027-02-06,Memphis Grizzlies,Portland Trail Blazers,2027-02-06T22:30:00Z,5:30p,FedExForum,,https://www.basketball-reference.com/leagues/NBA_2027_games-february.html,"Sat, Feb 6, 2027"
2027-02-06,Brooklyn Nets,Washington Wizards,2027-02-06T23:00:00Z,6:00p,Barclays Center,,https://www.basketball-reference.com/leagues/NBA_2027_games-february.html,"Sat, Feb 6, 2027"
2027-02-06,Cleveland Cavaliers,Orlando Magic,2027-02-07T00:30:00Z,7:30p,Rocket Arena,,https://www.basketball-reference.com/leagues/NBA_2027_games-february.html,"Sat, Feb 6, 2027"
2027-02-06,Toronto Raptors,Milwaukee Bucks,2027-02-07T00:30:00Z,7:30p,Scotiabank Arena,,https://www.basketball-reference.com/leagues/NBA_2027_games-february.html,"Sat, Feb 6, 2027"
2027-02-06,Chicago Bulls,New Orleans Pelicans,2027-02-07T01:00:00Z,8:00p,United Center,,https://www.basketball-reference.com/leagues/NBA_2027_games-february.html,"Sat, Feb 6, 2027"
2027-02-06,San Antonio Spurs,Los Angeles Lakers,2027-02-07T01:30:00Z,8:30p,Frost Bank Center,,https://www.basketball-reference.com/leagues/NBA_2027_games-february.html,"Sat, Feb 6, 2027"
2027-02-06,Sacramento Kings,Phoenix Suns,2027-02-07T03:00:00Z,10:00p,Golden 1 Center,,https://www.basketball-reference.com/leagues/NBA_2027_games-february.html,"Sat, Feb 6, 2027"
2027-02-07,Atlanta Hawks,Denver Nuggets,2027-02-07T20:00:00Z,3:00p,State Farm Arena,,https://www.basketball-reference.com/leagues/NBA_2027_games-february.html,"Sun, Feb 7, 2027"
2027-02-07,Detroit Pistons,Golden State Warriors,2027-02-07T20:00:00Z,3:00p,Little Caesars Arena,,https://www.basketball-reference.com/leagues/NBA_2027_games-february.html,"Sun, Feb 7, 2027"
2027-02-07,Minnesota Timberwolves,Utah Jazz,2027-02-07T20:30:00Z,3:30p,Target Center,,https://www.basketball-reference.com/leagues/NBA_2027_games-february.html,"Sun, Feb 7, 2027"
2027-02-07,Dallas Mavericks,Los Angeles Clippers,2027-02-07T21:30:00Z,4:30p,American Airlines Center,,https://www.basketball-reference.com/leagues/NBA_2027_games-february.html,"Sun, Feb 7, 2027"
2027-02-07,Toronto Raptors,Charlotte Hornets,2027-02-07T23:00:00Z,6:00p,Scotiabank Arena,,https://www.basketball-reference.com/leagues/NBA_2027_games-february.html,"Sun, Feb 7, 2027"
2027-02-07,Philadelphia 76ers,Boston Celtics,2027-02-08T00:00:00Z,7:00p,Xfinity Mobile Arena,,https://www.basketball-reference.com/leagues/NBA_2027_games-february.html,"Sun, Feb 7, 2027"
2027-02-07,Oklahoma City Thunder,New York Knicks,2027-02-08T02:30:00Z,9:30p,Paycom Center,,https://www.basketball-reference.com/leagues/NBA_2027_games-february.html,"Sun, Feb 7, 2027"
2027-02-07,Sacramento Kings,Houston Rockets,2027-02-08T03:30:00Z,10:30p,Golden 1 Center,,https://www.basketball-reference.com/leagues/NBA_2027_games-february.html,"Sun, Feb 7, 2027"
2027-02-08,Atlanta Hawks,Miami Heat,2027-02-09T00:00:00Z,7:00p,State Farm Arena,,https://www.basketball-reference.com/leagues/NBA_2027_games-february.html,"Mon, Feb 8, 2027"
2027-02-08,Indiana Pacers,New Orleans Pelicans,2027-02-09T00:00:00Z,7:00p,Gainbridge Fieldhouse,,https://www.basketball-reference.com/leagues/NBA_2027_games-february.html,"Mon, Feb 8, 2027"
2027-02-08,Philadelphia 76ers,Brooklyn Nets,2027-02-09T00:00:00Z,7:00p,Xfinity Mobile Arena,,https://www.basketball-reference.com/leagues/NBA_2027_games-february.html,"Mon, Feb 8, 2027"
2027-02-08,Washington Wizards,Chicago Bulls,2027-02-09T00:00:00Z,7:00p,Capital One Arena,,https://www.basketball-reference.com/leagues/NBA_2027_games-february.html,"Mon, Feb 8, 2027"
2027-02-08,Memphis Grizzlies,Portland Trail Blazers,2027-02-09T01:00:00Z,8:00p,FedExForum,,https://www.basketball-reference.com/leagues/NBA_2027_games-february.html,"Mon, Feb 8, 2027"
2027-02-08,Milwaukee Bucks,Orlando Magic,2027-02-09T01:00:00Z,8:00p,Fiserv Forum,,https://www.basketball-reference.com/leagues/NBA_2027_games-february.html,"Mon, Feb 8, 2027"
2027-02-08,Phoenix Suns,Los Angeles Lakers,2027-02-09T02:30:00Z,9:30p,Mortgage Matchup Center,,https://www.basketball-reference.com/leagues/NBA_2027_games-february.html,"Mon, Feb 8, 2027"
2027-02-09,Cleveland Cavaliers,Toronto Raptors,2027-02-10T00:00:00Z,7:00p,Rocket Arena,,https://www.basketball-reference.com/leagues/NBA_2027_games-february.html,"Tue, Feb 9, 2027"
2027-02-09,Boston Celtics,Denver Nuggets,2027-02-10T00:30:00Z,7:30p,TD Garden,,https://www.basketball-reference.com/leagues/NBA_2027_games-february.html,"Tue, Feb 9, 2027"
2027-02-09,Brooklyn Nets,Minnesota Timberwolves,2027-02-10T00:30:00Z,7:30p,Barclays Center,,https://www.basketball-reference.com/leagues/NBA_2027_games-february.html,"Tue, Feb 9, 2027"
2027-02-09,New York Knicks,Charlotte Hornets,2027-02-10T00:30:00Z,7:30p,Madison Square Garden (IV),,https://www.basketball-reference.com/leagues/NBA_2027_games-february.html,"Tue, Feb 9, 2027"
2027-02-09,Chicago Bulls,Golden State Warriors,2027-02-10T01:00:00Z,8:00p,United Center,,https://www.basketball-reference.com/leagues/NBA_2027_games-february.html,"Tue, Feb 9, 2027"
2027-02-09,Dallas Mavericks,San Antonio Spurs,2027-02-10T01:00:00Z,8:00p,American Airlines Center,,https://www.basketball-reference.com/leagues/NBA_2027_games-february.html,"Tue, Feb 9, 2027"
2027-02-09,Milwaukee Bucks,Sacramento Kings,2027-02-10T01:00:00Z,8:00p,Fiserv Forum,,https://www.basketball-reference.com/leagues/NBA_2027_games-february.html,"Tue, Feb 9, 2027"
2027-02-09,Oklahoma City Thunder,Portland Trail Blazers,2027-02-10T01:00:00Z,8:00p,Paycom Center,,https://www.basketball-reference.com/leagues/NBA_2027_games-february.html,"Tue, Feb 9, 2027"
2027-02-09,Utah Jazz,Houston Rockets,2027-02-10T03:00:00Z,10:00p,Delta Center,,https://www.basketball-reference.com/leagues/NBA_2027_games-february.html,"Tue, Feb 9, 2027"
2027-02-09,Los Angeles Clippers,Detroit Pistons,2027-02-10T03:30:00Z,10:30p,Intuit Dome,,https://www.basketball-reference.com/leagues/NBA_2027_games-february.html,"Tue, Feb 9, 2027"
2027-02-10,Atlanta Hawks,New Orleans Pelicans,2027-02-11T00:00:00Z,7:00p,State Farm Arena,,https://www.basketball-reference.com/leagues/NBA_2027_games-february.html,"Wed, Feb 10, 2027"
2027-02-10,Indiana Pacers,Cleveland Cavaliers,2027-02-11T00:00:00Z,7:00p,Gainbridge Fieldhouse,,https://www.basketball-reference.com/leagues/NBA_2027_games-february.html,"Wed, Feb 10, 2027"
2027-02-10,Washington Wizards,Miami Heat,2027-02-11T00:00:00Z,7:00p,Capital One Arena,,https://www.basketball-reference.com/leagues/NBA_2027_games-february.html,"Wed, Feb 10, 2027"
2027-02-10,Boston Celtics,Golden State Warriors,2027-02-11T00:30:00Z,7:30p,TD Garden,,https://www.basketball-reference.com/leagues/NBA_2027_games-february.html,"Wed, Feb 10, 2027"
2027-02-10,Memphis Grizzlies,Orlando Magic,2027-02-11T01:00:00Z,8:00p,FedExForum,,https://www.basketball-reference.com/leagues/NBA_2027_games-february.html,"Wed, Feb 10, 2027"
2027-02-10,Phoenix Suns,Detroit Pistons,2027-02-11T02:00:00Z,9:00p,Mortgage Matchup Center,,https://www.basketball-reference.com/leagues/NBA_2027_games-february.html,"Wed, Feb 10, 2027"
2027-02-10,Los Angeles Lakers,Los Angeles Clippers,2027-02-11T03:00:00Z,10:00p,Crypto.com Arena,,https://www.basketball-reference.com/leagues/NBA_2027_games-february.html,"Wed, Feb 10, 2027"
2027-02-11,Charlotte Hornets,Milwaukee Bucks,2027-02-12T00:00:00Z,7:00p,Spectrum Center,,https://www.basketball-reference.com/leagues/NBA_2027_games-february.html,"Thu, Feb 11, 2027"
2027-02-11,Indiana Pacers,Utah Jazz,2027-02-12T00:00:00Z,7:00p,Gainbridge Fieldhouse,,https://www.basketball-reference.com/leagues/NBA_2027_games-february.html,"Thu, Feb 11, 2027"
2027-02-11,Philadelphia 76ers,New York Knicks,2027-02-12T00:00:00Z,7:00p,Xfinity Mobile Arena,,https://www.basketball-reference.com/leagues/NBA_2027_games-february.html,"Thu, Feb 11, 2027"
2027-02-11,Dallas Mavericks,Portland Trail Blazers,2027-02-12T01:00:00Z,8:00p,American Airlines Center,,https://www.basketball-reference.com/leagues/NBA_2027_games-february.html,"Thu, Feb 11, 2027"
2027-02-11,Houston Rockets,Sacramento Kings,2027-02-12T01:30:00Z,8:30p,Toyota Center,,https://www.basketball-reference.com/leagues/NBA_2027_games-february.html,"Thu, Feb 11, 2027"
2027-02-11,Denver Nuggets,Chicago Bulls,2027-02-12T02:00:00Z,9:00p,Ball Arena,,https://www.basketball-reference.com/leagues/NBA_2027_games-february.html,"Thu, Feb 11, 2027"
2027-02-11,Oklahoma City Thunder,San Antonio Spurs,2027-02-12T02:30:00Z,9:30p,Paycom Center,,https://www.basketball-reference.com/leagues/NBA_2027_games-february.html,"Thu, Feb 11, 2027"
2027-02-12,Atlanta Hawks,Phoenix Suns,2027-02-13T00:00:00Z,7:00p,State Farm Arena,,https://www.basketball-reference.com/leagues/NBA_2027_games-february.html,"Fri, Feb 12, 2027"
2027-02-12,Orlando Magic,Miami Heat,2027-02-13T00:00:00Z,7:00p,Kia Center,,https://www.basketball-reference.com/leagues/NBA_2027_games-february.html,"Fri, Feb 12, 2027"
2027-02-12,Washington Wizards,Brooklyn Nets,2027-02-13T00:00:00Z,7:00p,Capital One Arena,,https://www.basketball-reference.com/leagues/NBA_2027_games-february.html,"Fri, Feb 12, 2027"
2027-02-12,Toronto Raptors,Cleveland Cavaliers,2027-02-13T00:30:00Z,7:30p,Scotiabank Arena,,https://www.basketball-reference.com/leagues/NBA_2027_games-february.html,"Fri, Feb 12, 2027"
2027-02-12,Boston Celtics,Minnesota Timberwolves,2027-02-13T01:00:00Z,8:00p,TD Garden,,https://www.basketball-reference.com/leagues/NBA_2027_games-february.html,"Fri, Feb 12, 2027"
2027-02-12,Memphis Grizzlies,Los Angeles Clippers,2027-02-13T01:00:00Z,8:00p,FedExForum,,https://www.basketball-reference.com/leagues/NBA_2027_games-february.html,"Fri, Feb 12, 2027"
2027-02-12,New Orleans Pelicans,Houston Rockets,2027-02-13T01:00:00Z,8:00p,Smoothie King Center,,https://www.basketball-reference.com/leagues/NBA_2027_games-february.html,"Fri, Feb 12, 2027"
2027-02-12,Los Angeles Lakers,Denver Nuggets,2027-02-13T03:30:00Z,10:30p,Crypto.com Arena,,https://www.basketball-reference.com/leagues/NBA_2027_games-february.html,"Fri, Feb 12, 2027"
2027-02-13,Indiana Pacers,Sacramento Kings,2027-02-13T19:00:00Z,2:00p,Gainbridge Fieldhouse,,https://www.basketball-reference.com/leagues/NBA_2027_games-february.html,"Sat, Feb 13, 2027"
2027-02-13,Charlotte Hornets,Dallas Mavericks,2027-02-13T20:00:00Z,3:00p,Spectrum Center,,https://www.basketball-reference.com/leagues/NBA_2027_games-february.html,"Sat, Feb 13, 2027"
2027-02-13,Portland Trail Blazers,Detroit Pistons,2027-02-13T20:30:00Z,3:30p,Moda Center,,https://www.basketball-reference.com/leagues/NBA_2027_games-february.html,"Sat, Feb 13, 2027"
2027-02-13,Oklahoma City Thunder,Philadelphia 76ers,2027-02-13T22:30:00Z,5:30p,Paycom Center,,https://www.basketball-reference.com/leagues/NBA_2027_games-february.html,"Sat, Feb 13, 2027"
2027-02-13,Orlando Magic,San Antonio Spurs,2027-02-14T00:00:00Z,7:00p,Kia Center,,https://www.basketball-reference.com/leagues/NBA_2027_games-february.html,"Sat, Feb 13, 2027"
2027-02-13,Washington Wizards,Milwaukee Bucks,2027-02-14T00:00:00Z,7:00p,Capital One Arena,,https://www.basketball-reference.com/leagues/NBA_2027_games-february.html,"Sat, Feb 13, 2027"
2027-02-13,New York Knicks,Golden State Warriors,2027-02-14T01:30:00Z,8:30p,Madison Square Garden (IV),,https://www.basketball-reference.com/leagues/NBA_2027_games-february.html,"Sat, Feb 13, 2027"
2027-02-14,Atlanta Hawks,Sacramento Kings,2027-02-14T18:00:00Z,1:00p,State Farm Arena,,https://www.basketball-reference.com/leagues/NBA_2027_games-february.html,"Sun, Feb 14, 2027"
2027-02-14,Boston Celtics,Toronto Raptors,2027-02-14T18:00:00Z,1:00p,TD Garden,,https://www.basketball-reference.com/leagues/NBA_2027_games-february.html,"Sun, Feb 14, 2027"
2027-02-14,Cleveland Cavaliers,Phoenix Suns,2027-02-14T18:00:00Z,1:00p,Rocket Arena,,https://www.basketball-reference.com/leagues/NBA_2027_games-february.html,"Sun, Feb 14, 2027"
2027-02-14,Miami Heat,Brooklyn Nets,2027-02-14T18:00:00Z,1:00p,Kaseya Center,,https://www.basketball-reference.com/leagues/NBA_2027_games-february.html,"Sun, Feb 14, 2027"
2027-02-14,Houston Rockets,Denver Nuggets,2027-02-14T19:00:00Z,2:00p,Toyota Center,,https://www.basketball-reference.com/leagues/NBA_2027_games-february.html,"Sun, Feb 14, 2027"
2027-02-14,New Orleans Pelicans,Los Angeles Clippers,2027-02-14T19:00:00Z,2:00p,Smoothie King Center,,https://www.basketball-reference.com/leagues/NBA_2027_games-february.html,"Sun, Feb 14, 2027"
2027-02-14,Portland Trail Blazers,Chicago Bulls,2027-02-14T20:30:00Z,3:30p,Moda Center,,https://www.basketball-reference.com/leagues/NBA_2027_games-february.html,"Sun, Feb 14, 2027"
2027-02-15,Charlotte Hornets,Minnesota Timberwolves,2027-02-15T17:00:00Z,12:00p,Spectrum Center,,https://www.basketball-reference.com/leagues/NBA_2027_games-february.html,"Mon, Feb 15, 2027"
2027-02-15,Dallas Mavericks,Philadelphia 76ers,2027-02-15T19:30:00Z,2:30p,American Airlines Center,,https://www.basketball-reference.com/leagues/NBA_2027_games-february.html,"Mon, Feb 15, 2027"
2027-02-15,Miami Heat,San Antonio Spurs,2027-02-15T22:00:00Z,5:00p,Kaseya Center,,https://www.basketball-reference.com/leagues/NBA_2027_games-february.html,"Mon, Feb 15, 2027"
2027-02-15,Washington Wizards,Phoenix Suns,2027-02-16T00:00:00Z,7:00p,Capital One Arena,,https://www.basketball-reference.com/leagues/NBA_2027_games-february.html,"Mon, Feb 15, 2027"
2027-02-15,Golden State Warriors,Indiana Pacers,2027-02-16T00:30:00Z,7:30p,Chase Center,,https://www.basketball-reference.com/leagues/NBA_2027_games-february.html,"Mon, Feb 15, 2027"
2027-02-15,Memphis Grizzlies,New York Knicks,2027-02-16T01:00:00Z,8:00p,FedExForum,,https://www.basketball-reference.com/leagues/NBA_2027_games-february.html,"Mon, Feb 15, 2027"
2027-02-15,Oklahoma City Thunder,Orlando Magic,2027-02-16T01:00:00Z,8:00p,Paycom Center,,https://www.basketball-reference.com/leagues/NBA_2027_games-february.html,"Mon, Feb 15, 2027"
2027-02-15,Utah Jazz,Detroit Pistons,2027-02-16T02:00:00Z,9:00p,Delta Center,,https://www.basketball-reference.com/leagues/NBA_2027_games-february.html,"Mon, Feb 15, 2027"
2027-02-16,Cleveland Cavaliers,Milwaukee Bucks,2027-02-17T00:00:00Z,7:00p,Rocket Arena,,https://www.basketball-reference.com/leagues/NBA_2027_games-february.html,"Tue, Feb 16, 2027"
2027-02-16,Atlanta Hawks,Toronto Raptors,2027-02-17T01:00:00Z,8:00p,State Farm Arena,,https://www.basketball-reference.com/leagues/NBA_2027_games-february.html,"Tue, Feb 16, 2027"
2027-02-16,Los Angeles Lakers,Chicago Bulls,2027-02-17T03:00:00Z,10:00p,Crypto.com Arena,,https://www.basketball-reference.com/leagues/NBA_2027_games-february.html,"Tue, Feb 16, 2027"
2027-02-16,Portland Trail Blazers,New Orleans Pelicans,2027-02-17T03:00:00Z,10:00p,Moda Center,,https://www.basketball-reference.com/leagues/NBA_2027_games-february.html,"Tue, Feb 16, 2027"
2027-02-16,Los Angeles Clippers,Houston Rockets,2027-02-17T04:00:00Z,11:00p,Intuit Dome,,https://www.basketball-reference.com/leagues/NBA_2027_games-february.html,"Tue, Feb 16, 2027"
2027-02-17,Charlotte Hornets,Toronto Raptors,2027-02-18T00:00:00Z,7:00p,Spectrum Center,,https://www.basketball-reference.com/leagues/NBA_2027_games-february.html,"Wed, Feb 17, 2027"
2027-02-17,Cleveland Cavaliers,Milwaukee Bucks,2027-02-18T00:00:00Z,7:00p,Rocket Arena,,https://www.basketball-reference.com/leagues/NBA_2027_games-february.html,"Wed, Feb 17, 2027"
2027-02-17,Detroit Pistons,New York Knicks,2027-02-18T00:00:00Z,7:00p,Little Caesars Arena,,https://www.basketball-reference.com/leagues/NBA_2027_games-february.html,"Wed, Feb 17, 2027"
2027-02-17,Orlando Magic,Dallas Mavericks,2027-02-18T00:00:00Z,7:00p,Kia Center,,https://www.basketball-reference.com/leagues/NBA_2027_games-february.html,"Wed, Feb 17, 2027"
2027-02-17,Philadelphia 76ers,Phoenix Suns,2027-02-18T00:00:00Z,7:00p,Xfinity Mobile Arena,,https://www.basketball-reference.com/leagues/NBA_2027_games-february.html,"Wed, Feb 17, 2027"
2027-02-17,Washington Wizards,Miami Heat,2027-02-18T00:00:00Z,7:00p,Capital One Arena,,https://www.basketball-reference.com/leagues/NBA_2027_games-february.html,"Wed, Feb 17, 2027"
2027-02-17,Brooklyn Nets,Atlanta Hawks,2027-02-18T00:30:00Z,7:30p,Barclays Center,,https://www.basketball-reference.com/leagues/NBA_2027_games-february.html,"Wed, Feb 17, 2027"
2027-02-17,Memphis Grizzlies,San Antonio Spurs,2027-02-18T01:00:00Z,8:00p,FedExForum,,https://www.basketball-reference.com/leagues/NBA_2027_games-february.html,"Wed, Feb 17, 2027"
2027-02-17,Denver Nuggets,Utah Jazz,2027-02-18T02:00:00Z,9:00p,Ball Arena,,https://www.basketball-reference.com/leagues/NBA_2027_games-february.html,"Wed, Feb 17, 2027"
2027-02-17,Oklahoma City Thunder,Boston Celtics,2027-02-18T02:30:00Z,9:30p,Paycom Center,,https://www.basketball-reference.com/leagues/NBA_2027_games-february.html,"Wed, Feb 17, 2027"
2027-02-17,Golden State Warriors,New Orleans Pelicans,2027-02-18T03:00:00Z,10:00p,Chase Center,,https://www.basketball-reference.com/leagues/NBA_2027_games-february.html,"Wed, Feb 17, 2027"
2027-02-17,Sacramento Kings,Indiana Pacers,2027-02-18T03:00:00Z,10:00p,Golden 1 Center,,https://www.basketball-reference.com/leagues/NBA_2027_games-february.html,"Wed, Feb 17, 2027"
2027-02-17,Los Angeles Clippers,Chicago Bulls,2027-02-18T03:30:00Z,10:30p,Intuit Dome,,https://www.basketball-reference.com/leagues/NBA_2027_games-february.html,"Wed, Feb 17, 2027"
2027-02-18,Minnesota Timberwolves,San Antonio Spurs,2027-02-19T00:30:00Z,7:30p,Target Center,,https://www.basketball-reference.com/leagues/NBA_2027_games-february.html,"Thu, Feb 18, 2027"
2027-02-18,Memphis Grizzlies,Boston Celtics,2027-02-19T01:00:00Z,8:00p,FedExForum,,https://www.basketball-reference.com/leagues/NBA_2027_games-february.html,"Thu, Feb 18, 2027"
2027-02-18,Los Angeles Lakers,Houston Rockets,2027-02-19T03:00:00Z,10:00p,Crypto.com Arena,,https://www.basketball-reference.com/leagues/NBA_2027_games-february.html,"Thu, Feb 18, 2027"
2027-02-18,Portland Trail Blazers,Indiana Pacers,2027-02-19T03:00:00Z,10:00p,Moda Center,,https://www.basketball-reference.com/leagues/NBA_2027_games-february.html,"Thu, Feb 18, 2027"
2027-02-25,Cleveland Cavaliers,Sacramento Kings,2027-02-26T00:00:00Z,7:00p,Rocket Arena,,https://www.basketball-reference.com/leagues/NBA_2027_games-february.html,"Thu, Feb 25, 2027"
2027-02-25,Detroit Pistons,Miami Heat,2027-02-26T00:00:00Z,7:00p,Little Caesars Arena,,https://www.basketball-reference.com/leagues/NBA_2027_games-february.html,"Thu, Feb 25, 2027"
2027-02-25,Orlando Magic,Charlotte Hornets,2027-02-26T00:00:00Z,7:00p,Kia Center,,https://www.basketball-reference.com/leagues/NBA_2027_games-february.html,"Thu, Feb 25, 2027"
2027-02-25,Brooklyn Nets,Philadelphia 76ers,2027-02-26T00:30:00Z,7:30p,Barclays Center,,https://www.basketball-reference.com/leagues/NBA_2027_games-february.html,"Thu, Feb 25, 2027"
2027-02-25,New York Knicks,Oklahoma City Thunder,2027-02-26T00:30:00Z,7:30p,Madison Square Garden (IV),,https://www.basketball-reference.com/leagues/NBA_2027_games-february.html,"Thu, Feb 25, 2027"
2027-02-25,Chicago Bulls,Atlanta Hawks,2027-02-26T01:00:00Z,8:00p,United Center,,https://www.basketball-reference.com/leagues/NBA_2027_games-february.html,"Thu, Feb 25, 2027"
2027-02-25,Milwaukee Bucks,Washington Wizards,2027-02-26T01:00:00Z,8:00p,Fiserv Forum,,https://www.basketball-reference.com/leagues/NBA_2027_games-february.html,"Thu, Feb 25, 2027"
2027-02-25,New Orleans Pelicans,Phoenix Suns,2027-02-26T01:00:00Z,8:00p,Smoothie King Center,,https://www.basketball-reference.com/leagues/NBA_2027_games-february.html,"Thu, Feb 25, 2027"
2027-02-25,Golden State Warriors,Dallas Mavericks,2027-02-26T03:00:00Z,10:00p,Chase Center,,https://www.basketball-reference.com/leagues/NBA_2027_games-february.html,"Thu, Feb 25, 2027"
2027-02-25,Los Angeles Clippers,Utah Jazz,2027-02-26T03:30:00Z,10:30p,Intuit Dome,,https://www.basketball-reference.com/leagues/NBA_2027_games-february.html,"Thu, Feb 25, 2027"
2027-02-26,Boston Celtics,Cleveland Cavaliers,2027-02-27T00:30:00Z,7:30p,TD Garden,,https://www.basketball-reference.com/leagues/NBA_2027_games-february.html,"Fri, Feb 26, 2027"
2027-02-26,Toronto Raptors,Atlanta Hawks,2027-02-27T00:30:00Z,7:30p,Scotiabank Arena,,https://www.basketball-reference.com/leagues/NBA_2027_games-february.html,"Fri, Feb 26, 2027"
2027-02-26,Minnesota Timberwolves,Indiana Pacers,2027-02-27T01:00:00Z,8:00p,Target Center,,https://www.basketball-reference.com/leagues/NBA_2027_games-february.html,"Fri, Feb 26, 2027"
2027-02-26,San Antonio Spurs,Memphis Grizzlies,2027-02-27T01:00:00Z,8:00p,Moody Center,,https://www.basketball-reference.com/leagues/NBA_2027_games-february.html,"Fri, Feb 26, 2027"
2027-02-26,Houston Rockets,Charlotte Hornets,2027-02-27T01:30:00Z,8:30p,Toyota Center,,https://www.basketball-reference.com/leagues/NBA_2027_games-february.html,"Fri, Feb 26, 2027"
2027-02-26,Denver Nuggets,Los Angeles Lakers,2027-02-27T03:00:00Z,10:00p,Ball Arena,,https://www.basketball-reference.com/leagues/NBA_2027_games-february.html,"Fri, Feb 26, 2027"
2027-02-26,Portland Trail Blazers,Dallas Mavericks,2027-02-27T03:00:00Z,10:00p,Moda Center,,https://www.basketball-reference.com/leagues/NBA_2027_games-february.html,"Fri, Feb 26, 2027"
2027-02-27,Utah Jazz,Washington Wizards,2027-02-27T20:00:00Z,3:00p,Delta Center,,https://www.basketball-reference.com/leagues/NBA_2027_games-february.html,"Sat, Feb 27, 2027"
2027-02-27,Detroit Pistons,Oklahoma City Thunder,2027-02-27T22:30:00Z,5:30p,Little Caesars Arena,,https://www.basketball-reference.com/leagues/NBA_2027_games-february.html,"Sat, Feb 27, 2027"
2027-02-27,Chicago Bulls,Brooklyn Nets,2027-02-28T01:00:00Z,8:00p,United Center,,https://www.basketball-reference.com/leagues/NBA_2027_games-february.html,"Sat, Feb 27, 2027"
2027-02-27,Memphis Grizzlies,Sacramento Kings,2027-02-28T01:00:00Z,8:00p,FedExForum,,https://www.basketball-reference.com/leagues/NBA_2027_games-february.html,"Sat, Feb 27, 2027"
2027-02-27,New York Knicks,Philadelphia 76ers,2027-02-28T01:30:00Z,8:30p,Madison Square Garden (IV),,https://www.basketball-reference.com/leagues/NBA_2027_games-february.html,"Sat, Feb 27, 2027"
2027-02-27,Phoenix Suns,New Orleans Pelicans,2027-02-28T02:00:00Z,9:00p,Mortgage Matchup Center,,https://www.basketball-reference.com/leagues/NBA_2027_games-february.html,"Sat, Feb 27, 2027"
2027-02-28,San Antonio Spurs,Denver Nuggets,2027-02-28T18:00:00Z,1:00p,Moody Center,,https://www.basketball-reference.com/leagues/NBA_2027_games-february.html,"Sun, Feb 28, 2027"
2027-02-28,Dallas Mavericks,Los Angeles Lakers,2027-02-28T20:30:00Z,3:30p,American Airlines Center,,https://www.basketball-reference.com/leagues/NBA_2027_games-february.html,"Sun, Feb 28, 2027"
2027-02-28,Indiana Pacers,Toronto Raptors,2027-02-28T21:00:00Z,4:00p,Gainbridge Fieldhouse,,https://www.basketball-reference.com/leagues/NBA_2027_games-february.html,"Sun, Feb 28, 2027"
2027-02-28,Orlando Magic,Atlanta Hawks,2027-02-28T21:30:00Z,4:30p,Kia Center,,https://www.basketball-reference.com/leagues/NBA_2027_games-february.html,"Sun, Feb 28, 2027"
2027-02-28,Charlotte Hornets,Sacramento Kings,2027-03-01T00:00:00Z,7:00p,Spectrum Center,,https://www.basketball-reference.com/leagues/NBA_2027_games-february.html,"Sun, Feb 28, 2027"
2027-02-28,Minnesota Timberwolves,Boston Celtics,2027-03-01T00:00:00Z,7:00p,Target Center,,https://www.basketball-reference.com/leagues/NBA_2027_games-february.html,"Sun, Feb 28, 2027"
2027-02-28,New York Knicks,Milwaukee Bucks,2027-03-01T00:30:00Z,7:30p,Madison Square Garden (IV),,https://www.basketball-reference.com/leagues/NBA_2027_games-february.html,"Sun, Feb 28, 2027"
2027-02-28,Houston Rockets,Miami Heat,2027-03-01T02:30:00Z,9:30p,Toyota Center,,https://www.basketball-reference.com/leagues/NBA_2027_games-february.html,"Sun, Feb 28, 2027"
2027-02-28,Los Angeles Clippers,Portland Trail Blazers,2027-03-01T03:30:00Z,10:30p,Intuit Dome,,https://www.basketball-reference.com/leagues/NBA_2027_games-february.html,"Sun, Feb 28, 2027"
2027-03-01,Cleveland Cavaliers,Philadelphia 76ers,2027-03-02T00:00:00Z,7:00p,Rocket Arena,,https://www.basketball-reference.com/leagues/NBA_2027_games-march.html,"Mon, Mar 1, 2027"
2027-03-01,Detroit Pistons,Chicago Bulls,2027-03-02T00:00:00Z,7:00p,Little Caesars Arena,,https://www.basketball-reference.com/leagues/NBA_2027_games-march.html,"Mon, Mar 1, 2027"
2027-03-01,New Orleans Pelicans,Utah Jazz,2027-03-02T01:00:00Z,8:00p,Smoothie King Center,,https://www.basketball-reference.com/leagues/NBA_2027_games-march.html,"Mon, Mar 1, 2027"
2027-03-01,Houston Rockets,Golden State Warriors,2027-03-02T01:30:00Z,8:30p,Toyota Center,,https://www.basketball-reference.com/leagues/NBA_2027_games-march.html,"Mon, Mar 1, 2027"
2027-03-01,Denver Nuggets,Brooklyn Nets,2027-03-02T02:00:00Z,9:00p,Ball Arena,,https://www.basketball-reference.com/leagues/NBA_2027_games-march.html,"Mon, Mar 1, 2027"
2027-03-01,Phoenix Suns,Washington Wizards,2027-03-02T02:30:00Z,9:30p,Mortgage Matchup Center,,https://www.basketball-reference.com/leagues/NBA_2027_games-march.html,"Mon, Mar 1, 2027"
2027-03-02,Indiana Pacers,Boston Celtics,2027-03-03T00:00:00Z,7:00p,Gainbridge Fieldhouse,,https://www.basketball-reference.com/leagues/NBA_2027_games-march.html,"Tue, Mar 2, 2027"
2027-03-02,Orlando Magic,Los Angeles Lakers,2027-03-03T00:00:00Z,7:00p,Kia Center,,https://www.basketball-reference.com/leagues/NBA_2027_games-march.html,"Tue, Mar 2, 2027"
2027-03-02,Miami Heat,Toronto Raptors,2027-03-03T00:30:00Z,7:30p,Kaseya Center,,https://www.basketball-reference.com/leagues/NBA_2027_games-march.html,"Tue, Mar 2, 2027"
2027-03-02,New York Knicks,Memphis Grizzlies,2027-03-03T00:30:00Z,7:30p,Madison Square Garden (IV),,https://www.basketball-reference.com/leagues/NBA_2027_games-march.html,"Tue, Mar 2, 2027"
2027-03-02,Dallas Mavericks,Golden State Warriors,2027-03-03T01:00:00Z,8:00p,American Airlines Center,,https://www.basketball-reference.com/leagues/NBA_2027_games-march.html,"Tue, Mar 2, 2027"
2027-03-02,Milwaukee Bucks,Detroit Pistons,2027-03-03T01:00:00Z,8:00p,Fiserv Forum,,https://www.basketball-reference.com/leagues/NBA_2027_games-march.html,"Tue, Mar 2, 2027"
2027-03-02,Oklahoma City Thunder,Minnesota Timberwolves,2027-03-03T01:00:00Z,8:00p,Paycom Center,,https://www.basketball-reference.com/leagues/NBA_2027_games-march.html,"Tue, Mar 2, 2027"
2027-03-02,Sacramento Kings,Washington Wizards,2027-03-03T03:00:00Z,10:00p,Golden 1 Center,,https://www.basketball-reference.com/leagues/NBA_2027_games-march.html,"Tue, Mar 2, 2027"
2027-03-02,Portland Trail Blazers,Los Angeles Clippers,2027-03-03T04:00:00Z,11:00p,Moda Center,,https://www.basketball-reference.com/leagues/NBA_2027_games-march.html,"Tue, Mar 2, 2027"
2027-03-03,Atlanta Hawks,Chicago Bulls,2027-03-04T00:00:00Z,7:00p,State Farm Arena,,https://www.basketball-reference.com/leagues/NBA_2027_games-march.html,"Wed, Mar 3, 2027"
2027-03-03,Philadelphia 76ers,Charlotte Hornets,2027-03-04T00:00:00Z,7:00p,Xfinity Mobile Arena,,https://www.basketball-reference.com/leagues/NBA_2027_games-march.html,"Wed, Mar 3, 2027"
2027-03-03,Miami Heat,Toronto Raptors,2027-03-04T00:30:00Z,7:30p,Kaseya Center,,https://www.basketball-reference.com/leagues/NBA_2027_games-march.html,"Wed, Mar 3, 2027"
2027-03-03,Milwaukee Bucks,Utah Jazz,2027-03-04T01:00:00Z,8:00p,Fiserv Forum,,https://www.basketball-reference.com/leagues/NBA_2027_games-march.html,"Wed, Mar 3, 2027"
2027-03-03,Houston Rockets,New Orleans Pelicans,2027-03-04T01:30:00Z,8:30p,Toyota Center,,https://www.basketball-reference.com/leagues/NBA_2027_games-march.html,"Wed, Mar 3, 2027"
2027-03-03,Phoenix Suns,Brooklyn Nets,2027-03-04T02:00:00Z,9:00p,Mortgage Matchup Center,,https://www.basketball-reference.com/leagues/NBA_2027_games-march.html,"Wed, Mar 3, 2027"
2027-03-03,Denver Nuggets,San Antonio Spurs,2027-03-04T03:00:00Z,10:00p,Ball Arena,,https://www.basketball-reference.com/leagues/NBA_2027_games-march.html,"Wed, Mar 3, 2027"
2027-03-04,Cleveland Cavaliers,Portland Trail Blazers,2027-03-05T00:00:00Z,7:00p,Rocket Arena,,https://www.basketball-reference.com/leagues/NBA_2027_games-march.html,"Thu, Mar 4, 2027"
2027-03-04,Orlando Magic,Indiana Pacers,2027-03-05T00:00:00Z,7:00p,Kia Center,,https://www.basketball-reference.com/leagues/NBA_2027_games-march.html,"Thu, Mar 4, 2027"
2027-03-04,Philadelphia 76ers,Los Angeles Lakers,2027-03-05T00:00:00Z,7:00p,Xfinity Mobile Arena,,https://www.basketball-reference.com/leagues/NBA_2027_games-march.html,"Thu, Mar 4, 2027"
2027-03-04,Atlanta Hawks,Memphis Grizzlies,2027-03-05T00:30:00Z,7:30p,State Farm Arena,,https://www.basketball-reference.com/leagues/NBA_2027_games-march.html,"Thu, Mar 4, 2027"
2027-03-04,Dallas Mavericks,New York Knicks,2027-03-05T02:30:00Z,9:30p,American Airlines Center,,https://www.basketball-reference.com/leagues/NBA_2027_games-march.html,"Thu, Mar 4, 2027"
2027-03-04,Golden State Warriors,Washington Wizards,2027-03-05T03:00:00Z,10:00p,Chase Center,,https://www.basketball-reference.com/leagues/NBA_2027_games-march.html,"Thu, Mar 4, 2027"
2027-03-04,Sacramento Kings,Oklahoma City Thunder,2027-03-05T03:00:00Z,10:00p,Golden 1 Center,,https://www.basketball-reference.com/leagues/NBA_2027_games-march.html,"Thu, Mar 4, 2027"
2027-03-04,Los Angeles Clippers,Brooklyn Nets,2027-03-05T03:30:00Z,10:30p,Intuit Dome,,https://www.basketball-reference.com/leagues/NBA_2027_games-march.html,"Thu, Mar 4, 2027"
2027-03-05,Detroit Pistons,Boston Celtics,2027-03-06T00:00:00Z,7:00p,Little Caesars Arena,,https://www.basketball-reference.com/leagues/NBA_2027_games-march.html,"Fri, Mar 5, 2027"
2027-03-05,Orlando Magic,Utah Jazz,2027-03-06T00:00:00Z,7:00p,Kia Center,,https://www.basketball-reference.com/leagues/NBA_2027_games-march.html,"Fri, Mar 5, 2027"
2027-03-05,Toronto Raptors,Portland Trail Blazers,2027-03-06T00:30:00Z,7:30p,Scotiabank Arena,,https://www.basketball-reference.com/leagues/NBA_2027_games-march.html,"Fri, Mar 5, 2027"
2027-03-05,New Orleans Pelicans,Milwaukee Bucks,2027-03-06T01:00:00Z,8:00p,Smoothie King Center,,https://www.basketball-reference.com/leagues/NBA_2027_games-march.html,"Fri, Mar 5, 2027"
2027-03-05,Phoenix Suns,Minnesota Timberwolves,2027-03-06T02:00:00Z,9:00p,Mortgage Matchup Center,,https://www.basketball-reference.com/leagues/NBA_2027_games-march.html,"Fri, Mar 5, 2027"
2027-03-05,Houston Rockets,San Antonio Spurs,2027-03-06T02:30:00Z,9:30p,Toyota Center,,https://www.basketball-reference.com/leagues/NBA_2027_games-march.html,"Fri, Mar 5, 2027"
2027-03-06,Miami Heat,Indiana Pacers,2027-03-06T20:00:00Z,3:00p,Kaseya Center,,https://www.basketball-reference.com/leagues/NBA_2027_games-march.html,"Sat, Mar 6, 2027"
2027-03-06,Chicago Bulls,Charlotte Hornets,2027-03-06T22:00:00Z,5:00p,United Center,,https://www.basketball-reference.com/leagues/NBA_2027_games-march.html,"Sat, Mar 6, 2027"
2027-03-06,Cleveland Cavaliers,Atlanta Hawks,2027-03-06T22:30:00Z,5:30p,Rocket Arena,,https://www.basketball-reference.com/leagues/NBA_2027_games-march.html,"Sat, Mar 6, 2027"
2027-03-06,Washington Wizards,Utah Jazz,2027-03-07T00:00:00Z,7:00p,Capital One Arena,,https://www.basketball-reference.com/leagues/NBA_2027_games-march.html,"Sat, Mar 6, 2027"
2027-03-06,Memphis Grizzlies,New Orleans Pelicans,2027-03-07T01:00:00Z,8:00p,FedExForum,,https://www.basketball-reference.com/leagues/NBA_2027_games-march.html,"Sat, Mar 6, 2027"
2027-03-06,Los Angeles Lakers,Oklahoma City Thunder,2027-03-07T01:30:00Z,8:30p,Crypto.com Arena,,https://www.basketball-reference.com/leagues/NBA_2027_games-march.html,"Sat, Mar 6, 2027"
2027-03-06,Sacramento Kings,Los Angeles Clippers,2027-03-07T03:00:00Z,10:00p,Golden 1 Center,,https://www.basketball-reference.com/leagues/NBA_2027_games-march.html,"Sat, Mar 6, 2027"
2027-03-07,Boston Celtics,Philadelphia 76ers,2027-03-07T18:00:00Z,1:00p,TD Garden,,https://www.basketball-reference.com/leagues/NBA_2027_games-march.html,"Sun, Mar 7, 2027"
2027-03-07,Denver Nuggets,Minnesota Timberwolves,2027-03-07T20:30:00Z,3:30p,Ball Arena,,https://www.basketball-reference.com/leagues/NBA_2027_games-march.html,"Sun, Mar 7, 2027"
2027-03-07,Chicago Bulls,Portland Trail Blazers,2027-03-07T22:00:00Z,5:00p,United Center,,https://www.basketball-reference.com/leagues/NBA_2027_games-march.html,"Sun, Mar 7, 2027"
2027-03-07,San Antonio Spurs,New York Knicks,2027-03-08T00:30:00Z,7:30p,Frost Bank Center,,https://www.basketball-reference.com/leagues/NBA_2027_games-march.html,"Sun, Mar 7, 2027"
2027-03-07,Golden State Warriors,Houston Rockets,2027-03-08T03:00:00Z,10:00p,Chase Center,,https://www.basketball-reference.com/leagues/NBA_2027_games-march.html,"Sun, Mar 7, 2027"
2027-03-07,Los Angeles Lakers,Brooklyn Nets,2027-03-08T03:30:00Z,10:30p,Crypto.com Arena,,https://www.basketball-reference.com/leagues/NBA_2027_games-march.html,"Sun, Mar 7, 2027"
2027-03-08,Indiana Pacers,Charlotte Hornets,2027-03-09T00:00:00Z,7:00p,Gainbridge Fieldhouse,,https://www.basketball-reference.com/leagues/NBA_2027_games-march.html,"Mon, Mar 8, 2027"
2027-03-08,Philadelphia 76ers,Utah Jazz,2027-03-09T00:00:00Z,7:00p,Xfinity Mobile Arena,,https://www.basketball-reference.com/leagues/NBA_2027_games-march.html,"Mon, Mar 8, 2027"
2027-03-08,Miami Heat,Phoenix Suns,2027-03-09T00:30:00Z,7:30p,Kaseya Center,,https://www.basketball-reference.com/leagues/NBA_2027_games-march.html,"Mon, Mar 8, 2027"
2027-03-08,Memphis Grizzlies,Atlanta Hawks,2027-03-09T01:00:00Z,8:00p,FedExForum,,https://www.basketball-reference.com/leagues/NBA_2027_games-march.html,"Mon, Mar 8, 2027"
2027-03-08,Minnesota Timberwolves,New Orleans Pelicans,2027-03-09T01:00:00Z,8:00p,Target Center,,https://www.basketball-reference.com/leagues/NBA_2027_games-march.html,"Mon, Mar 8, 2027"
2027-03-08,Oklahoma City Thunder,Dallas Mavericks,2027-03-09T02:30:00Z,9:30p,Paycom Center,,https://www.basketball-reference.com/leagues/NBA_2027_games-march.html,"Mon, Mar 8, 2027"
2027-03-08,Sacramento Kings,Denver Nuggets,2027-03-09T03:00:00Z,10:00p,Golden 1 Center,,https://www.basketball-reference.com/leagues/NBA_2027_games-march.html,"Mon, Mar 8, 2027"
2027-03-08,Los Angeles Clippers,Houston Rockets,2027-03-09T03:30:00Z,10:30p,Intuit Dome,,https://www.basketball-reference.com/leagues/NBA_2027_games-march.html,"Mon, Mar 8, 2027"
2027-03-09,Orlando Magic,Phoenix Suns,2027-03-10T00:00:00Z,7:00p,Kia Center,,https://www.basketball-reference.com/leagues/NBA_2027_games-march.html,"Tue, Mar 9, 2027"
2027-03-09,Brooklyn Nets,Milwaukee Bucks,2027-03-10T00:30:00Z,7:30p,Barclays Center,,https://www.basketball-reference.com/leagues/NBA_2027_games-march.html,"Tue, Mar 9, 2027"
2027-03-09,Chicago Bulls,Boston Celtics,2027-03-10T01:00:00Z,8:00p,United Center,,https://www.basketball-reference.com/leagues/NBA_2027_games-march.html,"Tue, Mar 9, 2027"
2027-03-09,Dallas Mavericks,Memphis Grizzlies,2027-03-10T01:00:00Z,8:00p,American Airlines Center,,https://www.basketball-reference.com/leagues/NBA_2027_games-march.html,"Tue, Mar 9, 2027"
2027-03-09,Detroit Pistons,Cleveland Cavaliers,2027-03-10T01:00:00Z,8:00p,Little Caesars Arena,,https://www.basketball-reference.com/leagues/NBA_2027_games-march.html,"Tue, Mar 9, 2027"
2027-03-09,San Antonio Spurs,Washington Wizards,2027-03-10T01:00:00Z,8:00p,Frost Bank Center,,https://www.basketball-reference.com/leagues/NBA_2027_games-march.html,"Tue, Mar 9, 2027"
2027-03-09,Golden State Warriors,Portland Trail Blazers,2027-03-10T04:00:00Z,11:00p,Chase Center,,https://www.basketball-reference.com/leagues/NBA_2027_games-march.html,"Tue, Mar 9, 2027"
2027-03-10,Charlotte Hornets,New Orleans Pelicans,2027-03-11T00:00:00Z,7:00p,Spectrum Center,,https://www.basketball-reference.com/leagues/NBA_2027_games-march.html,"Wed, Mar 10, 2027"
2027-03-10,Miami Heat,Orlando Magic,2027-03-11T00:00:00Z,7:00p,Kaseya Center,,https://www.basketball-reference.com/leagues/NBA_2027_games-march.html,"Wed, Mar 10, 2027"
2027-03-10,Toronto Raptors,Oklahoma City Thunder,2027-03-11T00:30:00Z,7:30p,Scotiabank Arena,,https://www.basketball-reference.com/leagues/NBA_2027_games-march.html,"Wed, Mar 10, 2027"
2027-03-10,Utah Jazz,Houston Rockets,2027-03-11T02:00:00Z,9:00p,Delta Center,,https://www.basketball-reference.com/leagues/NBA_2027_games-march.html,"Wed, Mar 10, 2027"
2027-03-10,Minnesota Timberwolves,Atlanta Hawks,2027-03-11T02:30:00Z,9:30p,Target Center,,https://www.basketball-reference.com/leagues/NBA_2027_games-march.html,"Wed, Mar 10, 2027"
2027-03-10,Portland Trail Blazers,Denver Nuggets,2027-03-11T03:00:00Z,10:00p,Moda Center,,https://www.basketball-reference.com/leagues/NBA_2027_games-march.html,"Wed, Mar 10, 2027"
2027-03-10,Sacramento Kings,Golden State Warriors,2027-03-11T03:00:00Z,10:00p,Golden 1 Center,,https://www.basketball-reference.com/leagues/NBA_2027_games-march.html,"Wed, Mar 10, 2027"
2027-03-10,Los Angeles Clippers,New York Knicks,2027-03-11T03:30:00Z,10:30p,Intuit Dome,,https://www.basketball-reference.com/leagues/NBA_2027_games-march.html,"Wed, Mar 10, 2027"
2027-03-11,Charlotte Hornets,Indiana Pacers,2027-03-12T00:00:00Z,7:00p,Spectrum Center,,https://www.basketball-reference.com/leagues/NBA_2027_games-march.html,"Thu, Mar 11, 2027"
2027-03-11,Detroit Pistons,Milwaukee Bucks,2027-03-12T00:00:00Z,7:00p,Little Caesars Arena,,https://www.basketball-reference.com/leagues/NBA_2027_games-march.html,"Thu, Mar 11, 2027"
2027-03-11,Boston Celtics,Memphis Grizzlies,2027-03-12T00:30:00Z,7:30p,TD Garden,,https://www.basketball-reference.com/leagues/NBA_2027_games-march.html,"Thu, Mar 11, 2027"
2027-03-11,San Antonio Spurs,Philadelphia 76ers,2027-03-12T00:30:00Z,7:30p,Frost Bank Center,,https://www.basketball-reference.com/leagues/NBA_2027_games-march.html,"Thu, Mar 11, 2027"
2027-03-11,Atlanta Hawks,Brooklyn Nets,2027-03-12T01:00:00Z,8:00p,State Farm Arena,,https://www.basketball-reference.com/leagues/NBA_2027_games-march.html,"Thu, Mar 11, 2027"
2027-03-11,Chicago Bulls,Phoenix Suns,2027-03-12T01:00:00Z,8:00p,United Center,,https://www.basketball-reference.com/leagues/NBA_2027_games-march.html,"Thu, Mar 11, 2027"
2027-03-11,Dallas Mavericks,Washington Wizards,2027-03-12T01:00:00Z,8:00p,American Airlines Center,,https://www.basketball-reference.com/leagues/NBA_2027_games-march.html,"Thu, Mar 11, 2027"
2027-03-11,Los Angeles Lakers,New York Knicks,2027-03-12T03:00:00Z,10:00p,Crypto.com Arena,,https://www.basketball-reference.com/leagues/NBA_2027_games-march.html,"Thu, Mar 11, 2027"
2027-03-11,Los Angeles Clippers,Cleveland Cavaliers,2027-03-12T03:30:00Z,10:30p,Intuit Dome,,https://www.basketball-reference.com/leagues/NBA_2027_games-march.html,"Thu, Mar 11, 2027"
2027-03-12,Boston Celtics,Oklahoma City Thunder,2027-03-13T00:30:00Z,7:30p,TD Garden,,https://www.basketball-reference.com/leagues/NBA_2027_games-march.html,"Fri, Mar 12, 2027"
2027-03-12,Milwaukee Bucks,Miami Heat,2027-03-13T01:00:00Z,8:00p,Fiserv Forum,,https://www.basketball-reference.com/leagues/NBA_2027_games-march.html,"Fri, Mar 12, 2027"
2027-03-12,New Orleans Pelicans,Toronto Raptors,2027-03-13T01:00:00Z,8:00p,Smoothie King Center,,https://www.basketball-reference.com/leagues/NBA_2027_games-march.html,"Fri, Mar 12, 2027"
2027-03-12,Utah Jazz,Sacramento Kings,2027-03-13T02:30:00Z,9:30p,Delta Center,,https://www.basketball-reference.com/leagues/NBA_2027_games-march.html,"Fri, Mar 12, 2027"
2027-03-12,Denver Nuggets,Golden State Warriors,2027-03-13T03:00:00Z,10:00p,Ball Arena,,https://www.basketball-reference.com/leagues/NBA_2027_games-march.html,"Fri, Mar 12, 2027"
2027-03-12,Los Angeles Lakers,Cleveland Cavaliers,2027-03-13T03:00:00Z,10:00p,Crypto.com Arena,,https://www.basketball-reference.com/leagues/NBA_2027_games-march.html,"Fri, Mar 12, 2027"
2027-03-13,Atlanta Hawks,Orlando Magic,2027-03-13T20:00:00Z,3:00p,State Farm Arena,,https://www.basketball-reference.com/leagues/NBA_2027_games-march.html,"Sat, Mar 13, 2027"
2027-03-13,Detroit Pistons,Brooklyn Nets,2027-03-13T20:00:00Z,3:00p,Little Caesars Arena,,https://www.basketball-reference.com/leagues/NBA_2027_games-march.html,"Sat, Mar 13, 2027"
2027-03-13,Houston Rockets,Indiana Pacers,2027-03-13T22:30:00Z,5:30p,Toyota Center,,https://www.basketball-reference.com/leagues/NBA_2027_games-march.html,"Sat, Mar 13, 2027"
2027-03-13,Charlotte Hornets,Phoenix Suns,2027-03-13T23:00:00Z,6:00p,Spectrum Center,,https://www.basketball-reference.com/leagues/NBA_2027_games-march.html,"Sat, Mar 13, 2027"
2027-03-13,Chicago Bulls,Memphis Grizzlies,2027-03-14T01:00:00Z,8:00p,United Center,,https://www.basketball-reference.com/leagues/NBA_2027_games-march.html,"Sat, Mar 13, 2027"
2027-03-13,Dallas Mavericks,New Orleans Pelicans,2027-03-14T01:00:00Z,8:00p,American Airlines Center,,https://www.basketball-reference.com/leagues/NBA_2027_games-march.html,"Sat, Mar 13, 2027"
2027-03-13,Minnesota Timberwolves,Philadelphia 76ers,2027-03-14T01:30:00Z,8:30p,Target Center,,https://www.basketball-reference.com/leagues/NBA_2027_games-march.html,"Sat, Mar 13, 2027"
2027-03-13,Portland Trail Blazers,Los Angeles Clippers,2027-03-14T03:30:00Z,10:30p,Moda Center,,https://www.basketball-reference.com/leagues/NBA_2027_games-march.html,"Sat, Mar 13, 2027"
2027-03-14,New York Knicks,Boston Celtics,2027-03-14T16:00:00Z,12:00p,Madison Square Garden (IV),,https://www.basketball-reference.com/leagues/NBA_2027_games-march.html,"Sun, Mar 14, 2027"
2027-03-14,Oklahoma City Thunder,San Antonio Spurs,2027-03-14T18:30:00Z,2:30p,Paycom Center,,https://www.basketball-reference.com/leagues/NBA_2027_games-march.html,"Sun, Mar 14, 2027"
2027-03-14,Toronto Raptors,Detroit Pistons,2027-03-14T21:00:00Z,5:00p,Scotiabank Arena,,https://www.basketball-reference.com/leagues/NBA_2027_games-march.html,"Sun, Mar 14, 2027"
2027-03-14,Sacramento Kings,Cleveland Cavaliers,2027-03-14T22:00:00Z,6:00p,Golden 1 Center,,https://www.basketball-reference.com/leagues/NBA_2027_games-march.html,"Sun, Mar 14, 2027"
2027-03-14,Denver Nuggets,Miami Heat,2027-03-14T23:30:00Z,7:30p,Ball Arena,,https://www.basketball-reference.com/leagues/NBA_2027_games-march.html,"Sun, Mar 14, 2027"
2027-03-14,Minnesota Timberwolves,Washington Wizards,2027-03-15T00:00:00Z,8:00p,Target Center,,https://www.basketball-reference.com/leagues/NBA_2027_games-march.html,"Sun, Mar 14, 2027"
2027-03-14,Los Angeles Lakers,Golden State Warriors,2027-03-15T02:00:00Z,10:00p,Crypto.com Arena,,https://www.basketball-reference.com/leagues/NBA_2027_games-march.html,"Sun, Mar 14, 2027"
2027-03-15,Philadelphia 76ers,Toronto Raptors,2027-03-15T23:00:00Z,7:00p,Xfinity Mobile Arena,,https://www.basketball-reference.com/leagues/NBA_2027_games-march.html,"Mon, Mar 15, 2027"
2027-03-15,Brooklyn Nets,Indiana Pacers,2027-03-15T23:30:00Z,7:30p,Barclays Center,,https://www.basketball-reference.com/leagues/NBA_2027_games-march.html,"Mon, Mar 15, 2027"
2027-03-15,Chicago Bulls,Orlando Magic,2027-03-16T00:00:00Z,8:00p,United Center,,https://www.basketball-reference.com/leagues/NBA_2027_games-march.html,"Mon, Mar 15, 2027"
2027-03-15,Memphis Grizzlies,Phoenix Suns,2027-03-16T00:00:00Z,8:00p,FedExForum,,https://www.basketball-reference.com/leagues/NBA_2027_games-march.html,"Mon, Mar 15, 2027"
2027-03-15,Dallas Mavericks,Atlanta Hawks,2027-03-16T01:30:00Z,9:30p,American Airlines Center,,https://www.basketball-reference.com/leagues/NBA_2027_games-march.html,"Mon, Mar 15, 2027"
2027-03-16,Washington Wizards,New York Knicks,2027-03-16T23:00:00Z,7:00p,Capital One Arena,,https://www.basketball-reference.com/leagues/NBA_2027_games-march.html,"Tue, Mar 16, 2027"
2027-03-16,Boston Celtics,Sacramento Kings,2027-03-16T23:30:00Z,7:30p,TD Garden,,https://www.basketball-reference.com/leagues/NBA_2027_games-march.html,"Tue, Mar 16, 2027"
2027-03-16,Indiana Pacers,Detroit Pistons,2027-03-17T00:00:00Z,8:00p,Gainbridge Fieldhouse,,https://www.basketball-reference.com/leagues/NBA_2027_games-march.html,"Tue, Mar 16, 2027"
2027-03-16,Milwaukee Bucks,Orlando Magic,2027-03-17T00:00:00Z,8:00p,Fiserv Forum,,https://www.basketball-reference.com/leagues/NBA_2027_games-march.html,"Tue, Mar 16, 2027"
2027-03-16,New Orleans Pelicans,Minnesota Timberwolves,2027-03-17T00:00:00Z,8:00p,Smoothie King Center,,https://www.basketball-reference.com/leagues/NBA_2027_games-march.html,"Tue, Mar 16, 2027"
2027-03-16,Oklahoma City Thunder,Charlotte Hornets,2027-03-17T00:00:00Z,8:00p,Paycom Center,,https://www.basketball-reference.com/leagues/NBA_2027_games-march.html,"Tue, Mar 16, 2027"
2027-03-16,Houston Rockets,San Antonio Spurs,2027-03-17T00:30:00Z,8:30p,Toyota Center,,https://www.basketball-reference.com/leagues/NBA_2027_games-march.html,"Tue, Mar 16, 2027"
2027-03-16,Golden State Warriors,Cleveland Cavaliers,2027-03-17T02:00:00Z,10:00p,Chase Center,,https://www.basketball-reference.com/leagues/NBA_2027_games-march.html,"Tue, Mar 16, 2027"
2027-03-16,Portland Trail Blazers,Los Angeles Lakers,2027-03-17T02:00:00Z,10:00p,Moda Center,,https://www.basketball-reference.com/leagues/NBA_2027_games-march.html,"Tue, Mar 16, 2027"
2027-03-16,Los Angeles Clippers,Denver Nuggets,2027-03-17T03:00:00Z,11:00p,Intuit Dome,,https://www.basketball-reference.com/leagues/NBA_2027_games-march.html,"Tue, Mar 16, 2027"
2027-03-17,Philadelphia 76ers,Chicago Bulls,2027-03-17T23:00:00Z,7:00p,Xfinity Mobile Arena,,https://www.basketball-reference.com/leagues/NBA_2027_games-march.html,"Wed, Mar 17, 2027"
2027-03-17,New York Knicks,Sacramento Kings,2027-03-17T23:30:00Z,7:30p,Madison Square Garden (IV),,https://www.basketball-reference.com/leagues/NBA_2027_games-march.html,"Wed, Mar 17, 2027"
2027-03-17,Oklahoma City Thunder,Dallas Mavericks,2027-03-17T23:30:00Z,7:30p,Paycom Center,,https://www.basketball-reference.com/leagues/NBA_2027_games-march.html,"Wed, Mar 17, 2027"
2027-03-17,Houston Rockets,Brooklyn Nets,2027-03-18T00:30:00Z,8:30p,Toyota Center,,https://www.basketball-reference.com/leagues/NBA_2027_games-march.html,"Wed, Mar 17, 2027"
2027-03-17,Utah Jazz,Atlanta Hawks,2027-03-18T01:00:00Z,9:00p,Delta Center,,https://www.basketball-reference.com/leagues/NBA_2027_games-march.html,"Wed, Mar 17, 2027"
2027-03-17,Golden State Warriors,Memphis Grizzlies,2027-03-18T02:00:00Z,10:00p,Chase Center,,https://www.basketball-reference.com/leagues/NBA_2027_games-march.html,"Wed, Mar 17, 2027"
2027-03-17,Los Angeles Lakers,Phoenix Suns,2027-03-18T02:00:00Z,10:00p,Crypto.com Arena,,https://www.basketball-reference.com/leagues/NBA_2027_games-march.html,"Wed, Mar 17, 2027"
2027-03-17,Portland Trail Blazers,Miami Heat,2027-03-18T02:00:00Z,10:00p,Moda Center,,https://www.basketball-reference.com/leagues/NBA_2027_games-march.html,"Wed, Mar 17, 2027"
2027-03-18,Indiana Pacers,Toronto Raptors,2027-03-18T23:00:00Z,7:00p,Gainbridge Fieldhouse,,https://www.basketball-reference.com/leagues/NBA_2027_games-march.html,"Thu, Mar 18, 2027"
2027-03-18,Washington Wizards,Philadelphia 76ers,2027-03-18T23:00:00Z,7:00p,Capital One Arena,,https://www.basketball-reference.com/leagues/NBA_2027_games-march.html,"Thu, Mar 18, 2027"
2027-03-18,Boston Celtics,Orlando Magic,2027-03-18T23:30:00Z,7:30p,TD Garden,,https://www.basketball-reference.com/leagues/NBA_2027_games-march.html,"Thu, Mar 18, 2027"
2027-03-18,Milwaukee Bucks,Detroit Pistons,2027-03-19T00:00:00Z,8:00p,Fiserv Forum,,https://www.basketball-reference.com/leagues/NBA_2027_games-march.html,"Thu, Mar 18, 2027"
2027-03-18,New Orleans Pelicans,Charlotte Hornets,2027-03-19T00:00:00Z,8:00p,Smoothie King Center,,https://www.basketball-reference.com/leagues/NBA_2027_games-march.html,"Thu, Mar 18, 2027"
2027-03-18,San Antonio Spurs,Brooklyn Nets,2027-03-19T00:00:00Z,8:00p,Frost Bank Center,,https://www.basketball-reference.com/leagues/NBA_2027_games-march.html,"Thu, Mar 18, 2027"
2027-03-18,Denver Nuggets,Cleveland Cavaliers,2027-03-19T01:00:00Z,9:00p,Ball Arena,,https://www.basketball-reference.com/leagues/NBA_2027_games-march.html,"Thu, Mar 18, 2027"
2027-03-18,Utah Jazz,Minnesota Timberwolves,2027-03-19T01:00:00Z,9:00p,Delta Center,,https://www.basketball-reference.com/leagues/NBA_2027_games-march.html,"Thu, Mar 18, 2027"
2027-03-18,Los Angeles Clippers,Memphis Grizzlies,2027-03-19T02:30:00Z,10:30p,Intuit Dome,,https://www.basketball-reference.com/leagues/NBA_2027_games-march.html,"Thu, Mar 18, 2027"
2027-03-19,Toronto Raptors,Sacramento Kings,2027-03-19T23:30:00Z,7:30p,Scotiabank Arena,,https://www.basketball-reference.com/leagues/NBA_2027_games-march.html,"Fri, Mar 19, 2027"
2027-03-19,New Orleans Pelicans,Houston Rockets,2027-03-20T00:00:00Z,8:00p,Smoothie King Center,,https://www.basketball-reference.com/leagues/NBA_2027_games-march.html,"Fri, Mar 19, 2027"
2027-03-19,San Antonio Spurs,Dallas Mavericks,2027-03-20T00:00:00Z,8:00p,Frost Bank Center,,https://www.basketball-reference.com/leagues/NBA_2027_games-march.html,"Fri, Mar 19, 2027"
2027-03-19,Golden State Warriors,Portland Trail Blazers,2027-03-20T02:00:00Z,10:00p,Chase Center,,https://www.basketball-reference.com/leagues/NBA_2027_games-march.html,"Fri, Mar 19, 2027"
2027-03-19,Los Angeles Lakers,Atlanta Hawks,2027-03-20T02:00:00Z,10:00p,Crypto.com Arena,,https://www.basketball-reference.com/leagues/NBA_2027_games-march.html,"Fri, Mar 19, 2027"
2027-03-19,Phoenix Suns,Miami Heat,2027-03-20T02:30:00Z,10:30p,Mortgage Matchup Center,,https://www.basketball-reference.com/leagues/NBA_2027_games-march.html,"Fri, Mar 19, 2027"
2027-03-20,New York Knicks,Washington Wizards,2027-03-20T17:00:00Z,1:00p,Madison Square Garden (IV),,https://www.basketball-reference.com/leagues/NBA_2027_games-march.html,"Sat, Mar 20, 2027"
2027-03-20,Orlando Magic,Denver Nuggets,2027-03-20T23:00:00Z,7:00p,Kia Center,,https://www.basketball-reference.com/leagues/NBA_2027_games-march.html,"Sat, Mar 20, 2027"
2027-03-20,Cleveland Cavaliers,Chicago Bulls,2027-03-20T23:30:00Z,7:30p,Rocket Arena,,https://www.basketball-reference.com/leagues/NBA_2027_games-march.html,"Sat, Mar 20, 2027"
2027-03-20,Detroit Pistons,Charlotte Hornets,2027-03-21T00:00:00Z,8:00p,Little Caesars Arena,,https://www.basketball-reference.com/leagues/NBA_2027_games-march.html,"Sat, Mar 20, 2027"
2027-03-20,Memphis Grizzlies,Oklahoma City Thunder,2027-03-21T00:00:00Z,8:00p,FedExForum,,https://www.basketball-reference.com/leagues/NBA_2027_games-march.html,"Sat, Mar 20, 2027"
2027-03-20,Milwaukee Bucks,Indiana Pacers,2027-03-21T00:00:00Z,8:00p,Fiserv Forum,,https://www.basketball-reference.com/leagues/NBA_2027_games-march.html,"Sat, Mar 20, 2027"
2027-03-20,Los Angeles Clippers,Atlanta Hawks,2027-03-21T02:30:00Z,10:30p,Intuit Dome,,https://www.basketball-reference.com/leagues/NBA_2027_games-march.html,"Sat, Mar 20, 2027"
2027-03-21,Boston Celtics,New Orleans Pelicans,2027-03-21T19:00:00Z,3:00p,TD Garden,,https://www.basketball-reference.com/leagues/NBA_2027_games-march.html,"Sun, Mar 21, 2027"
2027-03-21,Brooklyn Nets,Sacramento Kings,2027-03-21T19:00:00Z,3:00p,Barclays Center,,https://www.basketball-reference.com/leagues/NBA_2027_games-march.html,"Sun, Mar 21, 2027"
2027-03-21,Phoenix Suns,Portland Trail Blazers,2027-03-21T21:00:00Z,5:00p,Mortgage Matchup Center,,https://www.basketball-reference.com/leagues/NBA_2027_games-march.html,"Sun, Mar 21, 2027"
2027-03-21,Utah Jazz,Toronto Raptors,2027-03-21T21:00:00Z,5:00p,Delta Center,,https://www.basketball-reference.com/leagues/NBA_2027_games-march.html,"Sun, Mar 21, 2027"
2027-03-21,Miami Heat,Denver Nuggets,2027-03-21T22:00:00Z,6:00p,Kaseya Center,,https://www.basketball-reference.com/leagues/NBA_2027_games-march.html,"Sun, Mar 21, 2027"
2027-03-21,Philadelphia 76ers,San Antonio Spurs,2027-03-21T23:30:00Z,7:30p,Xfinity Mobile Arena,,https://www.basketball-reference.com/leagues/NBA_2027_games-march.html,"Sun, Mar 21, 2027"
2027-03-21,Los Angeles Lakers,Dallas Mavericks,2027-03-22T02:00:00Z,10:00p,Crypto.com Arena,,https://www.basketball-reference.com/leagues/NBA_2027_games-march.html,"Sun, Mar 21, 2027"
2027-03-22,Cleveland Cavaliers,Houston Rockets,2027-03-22T23:00:00Z,7:00p,Rocket Arena,,https://www.basketball-reference.com/leagues/NBA_2027_games-march.html,"Mon, Mar 22, 2027"
2027-03-22,Orlando Magic,Indiana Pacers,2027-03-22T23:00:00Z,7:00p,Kia Center,,https://www.basketball-reference.com/leagues/NBA_2027_games-march.html,"Mon, Mar 22, 2027"
2027-03-22,Chicago Bulls,Sacramento Kings,2027-03-23T00:00:00Z,8:00p,United Center,,https://www.basketball-reference.com/leagues/NBA_2027_games-march.html,"Mon, Mar 22, 2027"
2027-03-22,Memphis Grizzlies,Charlotte Hornets,2027-03-23T00:00:00Z,8:00p,FedExForum,,https://www.basketball-reference.com/leagues/NBA_2027_games-march.html,"Mon, Mar 22, 2027"
2027-03-22,Milwaukee Bucks,Washington Wizards,2027-03-23T00:00:00Z,8:00p,Fiserv Forum,,https://www.basketball-reference.com/leagues/NBA_2027_games-march.html,"Mon, Mar 22, 2027"
2027-03-22,Minnesota Timberwolves,Detroit Pistons,2027-03-23T01:30:00Z,9:30p,Target Center,,https://www.basketball-reference.com/leagues/NBA_2027_games-march.html,"Mon, Mar 22, 2027"
2027-03-22,Golden State Warriors,Atlanta Hawks,2027-03-23T02:00:00Z,10:00p,Chase Center,,https://www.basketball-reference.com/leagues/NBA_2027_games-march.html,"Mon, Mar 22, 2027"
2027-03-22,Los Angeles Clippers,Dallas Mavericks,2027-03-23T02:30:00Z,10:30p,Intuit Dome,,https://www.basketball-reference.com/leagues/NBA_2027_games-march.html,"Mon, Mar 22, 2027"
2027-03-23,Brooklyn Nets,Boston Celtics,2027-03-23T23:30:00Z,7:30p,Barclays Center,,https://www.basketball-reference.com/leagues/NBA_2027_games-march.html,"Tue, Mar 23, 2027"
2027-03-23,New York Knicks,New Orleans Pelicans,2027-03-23T23:30:00Z,7:30p,Madison Square Garden (IV),,https://www.basketball-reference.com/leagues/NBA_2027_games-march.html,"Tue, Mar 23, 2027"
2027-03-23,Miami Heat,Los Angeles Lakers,2027-03-24T00:00:00Z,8:00p,Kaseya Center,,https://www.basketball-reference.com/leagues/NBA_2027_games-march.html,"Tue, Mar 23, 2027"
2027-03-23,Utah Jazz,Philadelphia 76ers,2027-03-24T01:00:00Z,9:00p,Delta Center,,https://www.basketball-reference.com/leagues/NBA_2027_games-march.html,"Tue, Mar 23, 2027"
2027-03-23,Portland Trail Blazers,Toronto Raptors,2027-03-24T02:00:00Z,10:00p,Moda Center,,https://www.basketball-reference.com/leagues/NBA_2027_games-march.html,"Tue, Mar 23, 2027"
2027-03-23,Phoenix Suns,Oklahoma City Thunder,2027-03-24T03:00:00Z,11:00p,Mortgage Matchup Center,,https://www.basketball-reference.com/leagues/NBA_2027_games-march.html,"Tue, Mar 23, 2027"
2027-03-24,Charlotte Hornets,Detroit Pistons,2027-03-24T23:00:00Z,7:00p,Spectrum Center,,https://www.basketball-reference.com/leagues/NBA_2027_games-march.html,"Wed, Mar 24, 2027"
2027-03-24,Indiana Pacers,Memphis Grizzlies,2027-03-24T23:00:00Z,7:00p,Gainbridge Fieldhouse,,https://www.basketball-reference.com/leagues/NBA_2027_games-march.html,"Wed, Mar 24, 2027"
2027-03-24,Washington Wizards,Denver Nuggets,2027-03-24T23:00:00Z,7:00p,Capital One Arena,,https://www.basketball-reference.com/leagues/NBA_2027_games-march.html,"Wed, Mar 24, 2027"
2027-03-24,Boston Celtics,San Antonio Spurs,2027-03-24T23:30:00Z,7:30p,TD Garden,,https://www.basketball-reference.com/leagues/NBA_2027_games-march.html,"Wed, Mar 24, 2027"
2027-03-24,New York Knicks,Houston Rockets,2027-03-24T23:30:00Z,7:30p,Madison Square Garden (IV),,https://www.basketball-reference.com/leagues/NBA_2027_games-march.html,"Wed, Mar 24, 2027"
2027-03-24,Chicago Bulls,Orlando Magic,2027-03-25T00:00:00Z,8:00p,United Center,,https://www.basketball-reference.com/leagues/NBA_2027_games-march.html,"Wed, Mar 24, 2027"
2027-03-24,Minnesota Timberwolves,Dallas Mavericks,2027-03-25T00:00:00Z,8:00p,Target Center,,https://www.basketball-reference.com/leagues/NBA_2027_games-march.html,"Wed, Mar 24, 2027"
2027-03-24,Golden State Warriors,Philadelphia 76ers,2027-03-25T02:00:00Z,10:00p,Chase Center,,https://www.basketball-reference.com/leagues/NBA_2027_games-march.html,"Wed, Mar 24, 2027"
2027-03-24,Phoenix Suns,Oklahoma City Thunder,2027-03-25T02:00:00Z,10:00p,Mortgage Matchup Center,,https://www.basketball-reference.com/leagues/NBA_2027_games-march.html,"Wed, Mar 24, 2027"
2027-03-24,Sacramento Kings,Atlanta Hawks,2027-03-25T02:00:00Z,10:00p,Golden 1 Center,,https://www.basketball-reference.com/leagues/NBA_2027_games-march.html,"Wed, Mar 24, 2027"
2027-03-24,Los Angeles Clippers,Milwaukee Bucks,2027-03-25T02:30:00Z,10:30p,Intuit Dome,,https://www.basketball-reference.com/leagues/NBA_2027_games-march.html,"Wed, Mar 24, 2027"
2027-03-25,Cleveland Cavaliers,Los Angeles Lakers,2027-03-25T23:00:00Z,7:00p,Rocket Arena,,https://www.basketball-reference.com/leagues/NBA_2027_games-march.html,"Thu, Mar 25, 2027"
2027-03-25,Detroit Pistons,Houston Rockets,2027-03-25T23:00:00Z,7:00p,Little Caesars Arena,,https://www.basketball-reference.com/leagues/NBA_2027_games-march.html,"Thu, Mar 25, 2027"
2027-03-25,Indiana Pacers,San Antonio Spurs,2027-03-25T23:00:00Z,7:00p,Gainbridge Fieldhouse,,https://www.basketball-reference.com/leagues/NBA_2027_games-march.html,"Thu, Mar 25, 2027"
2027-03-25,Brooklyn Nets,Denver Nuggets,2027-03-25T23:30:00Z,7:30p,Barclays Center,,https://www.basketball-reference.com/leagues/NBA_2027_games-march.html,"Thu, Mar 25, 2027"
2027-03-25,Miami Heat,Utah Jazz,2027-03-25T23:30:00Z,7:30p,Kaseya Center,,https://www.basketball-reference.com/leagues/NBA_2027_games-march.html,"Thu, Mar 25, 2027"
2027-03-25,Memphis Grizzlies,Chicago Bulls,2027-03-26T00:00:00Z,8:00p,FedExForum,,https://www.basketball-reference.com/leagues/NBA_2027_games-march.html,"Thu, Mar 25, 2027"
2027-03-25,Golden State Warriors,Toronto Raptors,2027-03-26T02:00:00Z,10:00p,Chase Center,,https://www.basketball-reference.com/leagues/NBA_2027_games-march.html,"Thu, Mar 25, 2027"
2027-03-26,Charlotte Hornets,New York Knicks,2027-03-26T23:00:00Z,7:00p,Spectrum Center,,https://www.basketball-reference.com/leagues/NBA_2027_games-march.html,"Fri, Mar 26, 2027"
2027-03-26,Dallas Mavericks,New Orleans Pelicans,2027-03-27T00:00:00Z,8:00p,American Airlines Center,,https://www.basketball-reference.com/leagues/NBA_2027_games-march.html,"Fri, Mar 26, 2027"
2027-03-26,Minnesota Timberwolves,Orlando Magic,2027-03-27T00:00:00Z,8:00p,Target Center,,https://www.basketball-reference.com/leagues/NBA_2027_games-march.html,"Fri, Mar 26, 2027"
2027-03-26,Oklahoma City Thunder,Los Angeles Clippers,2027-03-27T00:00:00Z,8:00p,Paycom Center,,https://www.basketball-reference.com/leagues/NBA_2027_games-march.html,"Fri, Mar 26, 2027"
2027-03-26,Phoenix Suns,Milwaukee Bucks,2027-03-27T02:00:00Z,10:00p,Mortgage Matchup Center,,https://www.basketball-reference.com/leagues/NBA_2027_games-march.html,"Fri, Mar 26, 2027"
2027-03-26,Portland Trail Blazers,Philadelphia 76ers,2027-03-27T02:00:00Z,10:00p,Moda Center,,https://www.basketball-reference.com/leagues/NBA_2027_games-march.html,"Fri, Mar 26, 2027"
2027-03-27,Detroit Pistons,San Antonio Spurs,2027-03-27T19:00:00Z,3:00p,Little Caesars Arena,,https://www.basketball-reference.com/leagues/NBA_2027_games-march.html,"Sat, Mar 27, 2027"
2027-03-27,Atlanta Hawks,Utah Jazz,2027-03-27T23:00:00Z,7:00p,State Farm Arena,,https://www.basketball-reference.com/leagues/NBA_2027_games-march.html,"Sat, Mar 27, 2027"
2027-03-27,Washington Wizards,Golden State Warriors,2027-03-27T23:00:00Z,7:00p,Capital One Arena,,https://www.basketball-reference.com/leagues/NBA_2027_games-march.html,"Sat, Mar 27, 2027"
2027-03-27,Chicago Bulls,Los Angeles Clippers,2027-03-28T00:00:00Z,8:00p,United Center,,https://www.basketball-reference.com/leagues/NBA_2027_games-march.html,"Sat, Mar 27, 2027"
2027-03-27,Miami Heat,Boston Celtics,2027-03-28T00:00:00Z,8:00p,Kaseya Center,,https://www.basketball-reference.com/leagues/NBA_2027_games-march.html,"Sat, Mar 27, 2027"
2027-03-27,Portland Trail Blazers,Milwaukee Bucks,2027-03-28T02:00:00Z,10:00p,Moda Center,,https://www.basketball-reference.com/leagues/NBA_2027_games-march.html,"Sat, Mar 27, 2027"
2027-03-27,Sacramento Kings,Toronto Raptors,2027-03-28T02:00:00Z,10:00p,Golden 1 Center,,https://www.basketball-reference.com/leagues/NBA_2027_games-march.html,"Sat, Mar 27, 2027"
2027-03-28,Orlando Magic,New York Knicks,2027-03-28T16:30:00Z,12:30p,Kia Center,,https://www.basketball-reference.com/leagues/NBA_2027_games-march.html,"Sun, Mar 28, 2027"
2027-03-28,Brooklyn Nets,Memphis Grizzlies,2027-03-28T19:00:00Z,3:00p,Barclays Center,,https://www.basketball-reference.com/leagues/NBA_2027_games-march.html,"Sun, Mar 28, 2027"
2027-03-28,Houston Rockets,Los Angeles Lakers,2027-03-28T19:00:00Z,3:00p,Toyota Center,,https://www.basketball-reference.com/leagues/NBA_2027_games-march.html,"Sun, Mar 28, 2027"
2027-03-28,Charlotte Hornets,Utah Jazz,2027-03-28T22:00:00Z,6:00p,Spectrum Center,,https://www.basketball-reference.com/leagues/NBA_2027_games-march.html,"Sun, Mar 28, 2027"
2027-03-28,Washington Wizards,Dallas Mavericks,2027-03-28T22:00:00Z,6:00p,Capital One Arena,,https://www.basketball-reference.com/leagues/NBA_2027_games-march.html,"Sun, Mar 28, 2027"
2027-03-28,New Orleans Pelicans,Boston Celtics,2027-03-28T23:00:00Z,7:00p,Smoothie King Center,,https://www.basketball-reference.com/leagues/NBA_2027_games-march.html,"Sun, Mar 28, 2027"
2027-03-28,Minnesota Timberwolves,Oklahoma City Thunder,2027-03-28T23:30:00Z,7:30p,Target Center,,https://www.basketball-reference.com/leagues/NBA_2027_games-march.html,"Sun, Mar 28, 2027"
2027-03-28,Phoenix Suns,Toronto Raptors,2027-03-29T01:00:00Z,9:00p,Mortgage Matchup Center,,https://www.basketball-reference.com/leagues/NBA_2027_games-march.html,"Sun, Mar 28, 2027"
2027-03-28,Denver Nuggets,Philadelphia 76ers,2027-03-29T02:00:00Z,10:00p,Ball Arena,,https://www.basketball-reference.com/leagues/NBA_2027_games-march.html,"Sun, Mar 28, 2027"
2027-03-29,Atlanta Hawks,Minnesota Timberwolves,2027-03-29T23:00:00Z,7:00p,State Farm Arena,,https://www.basketball-reference.com/leagues/NBA_2027_games-march.html,"Mon, Mar 29, 2027"
2027-03-29,Cleveland Cavaliers,Miami Heat,2027-03-29T23:00:00Z,7:00p,Rocket Arena,,https://www.basketball-reference.com/leagues/NBA_2027_games-march.html,"Mon, Mar 29, 2027"
2027-03-29,Detroit Pistons,Los Angeles Clippers,2027-03-29T23:00:00Z,7:00p,Little Caesars Arena,,https://www.basketball-reference.com/leagues/NBA_2027_games-march.html,"Mon, Mar 29, 2027"
2027-03-29,Brooklyn Nets,Golden State Warriors,2027-03-29T23:30:00Z,7:30p,Barclays Center,,https://www.basketball-reference.com/leagues/NBA_2027_games-march.html,"Mon, Mar 29, 2027"
2027-03-29,Chicago Bulls,Indiana Pacers,2027-03-30T00:00:00Z,8:00p,United Center,,https://www.basketball-reference.com/leagues/NBA_2027_games-march.html,"Mon, Mar 29, 2027"
2027-03-29,Milwaukee Bucks,Dallas Mavericks,2027-03-30T00:00:00Z,8:00p,Fiserv Forum,,https://www.basketball-reference.com/leagues/NBA_2027_games-march.html,"Mon, Mar 29, 2027"
2027-03-29,San Antonio Spurs,Phoenix Suns,2027-03-30T01:30:00Z,9:30p,Frost Bank Center,,https://www.basketball-reference.com/leagues/NBA_2027_games-march.html,"Mon, Mar 29, 2027"
2027-03-29,Sacramento Kings,Denver Nuggets,2027-03-30T02:00:00Z,10:00p,Golden 1 Center,,https://www.basketball-reference.com/leagues/NBA_2027_games-march.html,"Mon, Mar 29, 2027"
2027-03-30,Charlotte Hornets,Miami Heat,2027-03-30T23:00:00Z,7:00p,Spectrum Center,,https://www.basketball-reference.com/leagues/NBA_2027_games-march.html,"Tue, Mar 30, 2027"
2027-03-30,Indiana Pacers,Boston Celtics,2027-03-31T00:00:00Z,8:00p,Gainbridge Fieldhouse,,https://www.basketball-reference.com/leagues/NBA_2027_games-march.html,"Tue, Mar 30, 2027"
2027-03-30,Memphis Grizzlies,Los Angeles Lakers,2027-03-31T00:00:00Z,8:00p,FedExForum,,https://www.basketball-reference.com/leagues/NBA_2027_games-march.html,"Tue, Mar 30, 2027"
2027-03-30,Orlando Magic,New York Knicks,2027-03-31T00:00:00Z,8:00p,Kia Center,,https://www.basketball-reference.com/leagues/NBA_2027_games-march.html,"Tue, Mar 30, 2027"
2027-03-30,Utah Jazz,Oklahoma City Thunder,2027-03-31T01:00:00Z,9:00p,Delta Center,,https://www.basketball-reference.com/leagues/NBA_2027_games-march.html,"Tue, Mar 30, 2027"
2027-03-30,Portland Trail Blazers,Houston Rockets,2027-03-31T03:00:00Z,11:00p,Moda Center,,https://www.basketball-reference.com/leagues/NBA_2027_games-march.html,"Tue, Mar 30, 2027"
2027-03-31,Atlanta Hawks,Los Angeles Clippers,2027-03-31T23:00:00Z,7:00p,State Farm Arena,,https://www.basketball-reference.com/leagues/NBA_2027_games-march.html,"Wed, Mar 31, 2027"
2027-03-31,Detroit Pistons,Toronto Raptors,2027-03-31T23:00:00Z,7:00p,Little Caesars Arena,,https://www.basketball-reference.com/leagues/NBA_2027_games-march.html,"Wed, Mar 31, 2027"
2027-03-31,Philadelphia 76ers,Golden State Warriors,2027-03-31T23:00:00Z,7:00p,Xfinity Mobile Arena,,https://www.basketball-reference.com/leagues/NBA_2027_games-march.html,"Wed, Mar 31, 2027"
2027-03-31,Washington Wizards,Chicago Bulls,2027-03-31T23:00:00Z,7:00p,Capital One Arena,,https://www.basketball-reference.com/leagues/NBA_2027_games-march.html,"Wed, Mar 31, 2027"
2027-03-31,Brooklyn Nets,Cleveland Cavaliers,2027-03-31T23:30:00Z,7:30p,Barclays Center,,https://www.basketball-reference.com/leagues/NBA_2027_games-march.html,"Wed, Mar 31, 2027"
2027-03-31,Milwaukee Bucks,New Orleans Pelicans,2027-04-01T00:00:00Z,8:00p,Fiserv Forum,,https://www.basketball-reference.com/leagues/NBA_2027_games-march.html,"Wed, Mar 31, 2027"
2027-03-31,Minnesota Timberwolves,Sacramento Kings,2027-04-01T00:00:00Z,8:00p,Target Center,,https://www.basketball-reference.com/leagues/NBA_2027_games-march.html,"Wed, Mar 31, 2027"
2027-03-31,San Antonio Spurs,Phoenix Suns,2027-04-01T00:00:00Z,8:00p,Frost Bank Center,,https://www.basketball-reference.com/leagues/NBA_2027_games-march.html,"Wed, Mar 31, 2027"
2027-03-31,Dallas Mavericks,Denver Nuggets,2027-04-01T01:30:00Z,9:30p,American Airlines Center,,https://www.basketball-reference.com/leagues/NBA_2027_games-march.html,"Wed, Mar 31, 2027"
2027-03-31,Portland Trail Blazers,Houston Rockets,2027-04-01T02:00:00Z,10:00p,Moda Center,,https://www.basketball-reference.com/leagues/NBA_2027_games-march.html,"Wed, Mar 31, 2027"
2027-04-01,Indiana Pacers,Orlando Magic,2027-04-01T23:00:00Z,7:00p,Gainbridge Fieldhouse,,https://www.basketball-reference.com/leagues/NBA_2027_games-april.html,"Thu, Apr 1, 2027"
2027-04-01,Cleveland Cavaliers,Boston Celtics,2027-04-01T23:00:00Z,7:00p,Rocket Arena,,https://www.basketball-reference.com/leagues/NBA_2027_games-april.html,"Thu, Apr 1, 2027"
2027-04-01,New York Knicks,Charlotte Hornets,2027-04-01T23:30:00Z,7:30p,Madison Square Garden (IV),,https://www.basketball-reference.com/leagues/NBA_2027_games-april.html,"Thu, Apr 1, 2027"
2027-04-01,Oklahoma City Thunder,Los Angeles Lakers,2027-04-02T01:30:00Z,9:30p,Paycom Center,,https://www.basketball-reference.com/leagues/NBA_2027_games-april.html,"Thu, Apr 1, 2027"
2027-04-02,Washington Wizards,Philadelphia 76ers,2027-04-02T23:00:00Z,7:00p,Capital One Arena,,https://www.basketball-reference.com/leagues/NBA_2027_games-april.html,"Fri, Apr 2, 2027"
2027-04-02,Boston Celtics,Miami Heat,2027-04-02T23:30:00Z,7:30p,TD Garden,,https://www.basketball-reference.com/leagues/NBA_2027_games-april.html,"Fri, Apr 2, 2027"
2027-04-02,Brooklyn Nets,New York Knicks,2027-04-02T23:30:00Z,7:30p,Barclays Center,,https://www.basketball-reference.com/leagues/NBA_2027_games-april.html,"Fri, Apr 2, 2027"
2027-04-02,Minnesota Timberwolves,Golden State Warriors,2027-04-02T23:30:00Z,7:30p,Target Center,,https://www.basketball-reference.com/leagues/NBA_2027_games-april.html,"Fri, Apr 2, 2027"
2027-04-02,Chicago Bulls,Detroit Pistons,2027-04-03T00:00:00Z,8:00p,United Center,,https://www.basketball-reference.com/leagues/NBA_2027_games-april.html,"Fri, Apr 2, 2027"
2027-04-02,Dallas Mavericks,Sacramento Kings,2027-04-03T00:00:00Z,8:00p,American Airlines Center,,https://www.basketball-reference.com/leagues/NBA_2027_games-april.html,"Fri, Apr 2, 2027"
2027-04-02,Milwaukee Bucks,Charlotte Hornets,2027-04-03T00:00:00Z,8:00p,Fiserv Forum,,https://www.basketball-reference.com/leagues/NBA_2027_games-april.html,"Fri, Apr 2, 2027"
2027-04-02,Toronto Raptors,Atlanta Hawks,2027-04-03T00:30:00Z,8:30p,Scotiabank Arena,,https://www.basketball-reference.com/leagues/NBA_2027_games-april.html,"Fri, Apr 2, 2027"
2027-04-02,Houston Rockets,Memphis Grizzlies,2027-04-03T00:30:00Z,8:30p,Toyota Center,,https://www.basketball-reference.com/leagues/NBA_2027_games-april.html,"Fri, Apr 2, 2027"
2027-04-02,Phoenix Suns,Denver Nuggets,2027-04-03T02:00:00Z,10:00p,Mortgage Matchup Center,,https://www.basketball-reference.com/leagues/NBA_2027_games-april.html,"Fri, Apr 2, 2027"
2027-04-02,Portland Trail Blazers,Utah Jazz,2027-04-03T02:00:00Z,10:00p,Moda Center,,https://www.basketball-reference.com/leagues/NBA_2027_games-april.html,"Fri, Apr 2, 2027"
2027-04-02,Los Angeles Clippers,San Antonio Spurs,2027-04-03T02:30:00Z,10:30p,Intuit Dome,,https://www.basketball-reference.com/leagues/NBA_2027_games-april.html,"Fri, Apr 2, 2027"
2027-04-03,Oklahoma City Thunder,New Orleans Pelicans,2027-04-03T21:00:00Z,5:00p,Paycom Center,,https://www.basketball-reference.com/leagues/NBA_2027_games-april.html,"Sat, Apr 3, 2027"
2027-04-03,Orlando Magic,Washington Wizards,2027-04-03T23:00:00Z,7:00p,Kia Center,,https://www.basketball-reference.com/leagues/NBA_2027_games-april.html,"Sat, Apr 3, 2027"
2027-04-04,Philadelphia 76ers,Atlanta Hawks,2027-04-04T17:00:00Z,1:00p,Xfinity Mobile Arena,,https://www.basketball-reference.com/leagues/NBA_2027_games-april.html,"Sun, Apr 4, 2027"
2027-04-04,Milwaukee Bucks,Brooklyn Nets,2027-04-04T18:00:00Z,2:00p,Fiserv Forum,,https://www.basketball-reference.com/leagues/NBA_2027_games-april.html,"Sun, Apr 4, 2027"
2027-04-04,Cleveland Cavaliers,Charlotte Hornets,2027-04-04T19:00:00Z,3:00p,Rocket Arena,,https://www.basketball-reference.com/leagues/NBA_2027_games-april.html,"Sun, Apr 4, 2027"
2027-04-04,Dallas Mavericks,Minnesota Timberwolves,2027-04-04T19:00:00Z,3:00p,American Airlines Center,,https://www.basketball-reference.com/leagues/NBA_2027_games-april.html,"Sun, Apr 4, 2027"
2027-04-04,Detroit Pistons,Miami Heat,2027-04-04T19:00:00Z,3:00p,Little Caesars Arena,,https://www.basketball-reference.com/leagues/NBA_2027_games-april.html,"Sun, Apr 4, 2027"
2027-04-04,Toronto Raptors,Indiana Pacers,2027-04-04T19:30:00Z,3:30p,Scotiabank Arena,,https://www.basketball-reference.com/leagues/NBA_2027_games-april.html,"Sun, Apr 4, 2027"
2027-04-04,Houston Rockets,Chicago Bulls,2027-04-04T20:00:00Z,4:00p,Toyota Center,,https://www.basketball-reference.com/leagues/NBA_2027_games-april.html,"Sun, Apr 4, 2027"
2027-04-04,Los Angeles Clippers,Phoenix Suns,2027-04-04T20:30:00Z,4:30p,Intuit Dome,,https://www.basketball-reference.com/leagues/NBA_2027_games-april.html,"Sun, Apr 4, 2027"
2027-04-04,Denver Nuggets,Memphis Grizzlies,2027-04-04T21:00:00Z,5:00p,Ball Arena,,https://www.basketball-reference.com/leagues/NBA_2027_games-april.html,"Sun, Apr 4, 2027"
2027-04-04,Utah Jazz,Portland Trail Blazers,2027-04-04T21:00:00Z,5:00p,Delta Center,,https://www.basketball-reference.com/leagues/NBA_2027_games-april.html,"Sun, Apr 4, 2027"
2027-04-04,Sacramento Kings,Golden State Warriors,2027-04-04T22:00:00Z,6:00p,Golden 1 Center,,https://www.basketball-reference.com/leagues/NBA_2027_games-april.html,"Sun, Apr 4, 2027"
2027-04-04,New York Knicks,Boston Celtics,2027-04-04T23:30:00Z,7:30p,Madison Square Garden (IV),,https://www.basketball-reference.com/leagues/NBA_2027_games-april.html,"Sun, Apr 4, 2027"
2027-04-04,Los Angeles Lakers,San Antonio Spurs,2027-04-05T02:00:00Z,10:00p,Crypto.com Arena,,https://www.basketball-reference.com/leagues/NBA_2027_games-april.html,"Sun, Apr 4, 2027"
2027-04-05,Cleveland Cavaliers,Brooklyn Nets,2027-04-05T23:00:00Z,7:00p,Rocket Arena,,https://www.basketball-reference.com/leagues/NBA_2027_games-april.html,"Mon, Apr 5, 2027"
2027-04-05,Orlando Magic,Miami Heat,2027-04-05T23:00:00Z,7:00p,Kia Center,,https://www.basketball-reference.com/leagues/NBA_2027_games-april.html,"Mon, Apr 5, 2027"
2027-04-05,New Orleans Pelicans,Washington Wizards,2027-04-06T00:00:00Z,8:00p,Smoothie King Center,,https://www.basketball-reference.com/leagues/NBA_2027_games-april.html,"Mon, Apr 5, 2027"
2027-04-06,Charlotte Hornets,Indiana Pacers,2027-04-06T23:00:00Z,7:00p,Spectrum Center,,https://www.basketball-reference.com/leagues/NBA_2027_games-april.html,"Tue, Apr 6, 2027"
2027-04-06,Toronto Raptors,Philadelphia 76ers,2027-04-06T23:30:00Z,7:30p,Scotiabank Arena,,https://www.basketball-reference.com/leagues/NBA_2027_games-april.html,"Tue, Apr 6, 2027"
2027-04-06,Atlanta Hawks,New York Knicks,2027-04-07T00:00:00Z,8:00p,State Farm Arena,,https://www.basketball-reference.com/leagues/NBA_2027_games-april.html,"Tue, Apr 6, 2027"
2027-04-06,San Antonio Spurs,Sacramento Kings,2027-04-07T00:00:00Z,8:00p,Frost Bank Center,,https://www.basketball-reference.com/leagues/NBA_2027_games-april.html,"Tue, Apr 6, 2027"
2027-04-06,Milwaukee Bucks,Chicago Bulls,2027-04-07T00:00:00Z,8:00p,Fiserv Forum,,https://www.basketball-reference.com/leagues/NBA_2027_games-april.html,"Tue, Apr 6, 2027"
2027-04-06,Memphis Grizzlies,Detroit Pistons,2027-04-07T00:00:00Z,8:00p,FedExForum,,https://www.basketball-reference.com/leagues/NBA_2027_games-april.html,"Tue, Apr 6, 2027"
2027-04-06,Utah Jazz,Oklahoma City Thunder,2027-04-07T01:00:00Z,9:00p,Delta Center,,https://www.basketball-reference.com/leagues/NBA_2027_games-april.html,"Tue, Apr 6, 2027"
2027-04-06,Denver Nuggets,New Orleans Pelicans,2027-04-07T01:00:00Z,9:00p,Ball Arena,,https://www.basketball-reference.com/leagues/NBA_2027_games-april.html,"Tue, Apr 6, 2027"
2027-04-06,Los Angeles Lakers,Dallas Mavericks,2027-04-07T02:00:00Z,10:00p,Crypto.com Arena,,https://www.basketball-reference.com/leagues/NBA_2027_games-april.html,"Tue, Apr 6, 2027"
2027-04-06,Los Angeles Clippers,Minnesota Timberwolves,2027-04-07T02:30:00Z,10:30p,Intuit Dome,,https://www.basketball-reference.com/leagues/NBA_2027_games-april.html,"Tue, Apr 6, 2027"
2027-04-06,Golden State Warriors,Phoenix Suns,2027-04-07T03:00:00Z,11:00p,Chase Center,,https://www.basketball-reference.com/leagues/NBA_2027_games-april.html,"Tue, Apr 6, 2027"
2027-04-07,Detroit Pistons,Indiana Pacers,2027-04-07T23:00:00Z,7:00p,Little Caesars Arena,,https://www.basketball-reference.com/leagues/NBA_2027_games-april.html,"Wed, Apr 7, 2027"
2027-04-07,Orlando Magic,Boston Celtics,2027-04-07T23:00:00Z,7:00p,Kia Center,,https://www.basketball-reference.com/leagues/NBA_2027_games-april.html,"Wed, Apr 7, 2027"
2027-04-07,San Antonio Spurs,Cleveland Cavaliers,2027-04-07T23:30:00Z,7:30p,Frost Bank Center,,https://www.basketball-reference.com/leagues/NBA_2027_games-april.html,"Wed, Apr 7, 2027"
2027-04-07,Toronto Raptors,Brooklyn Nets,2027-04-07T23:30:00Z,7:30p,Scotiabank Arena,,https://www.basketball-reference.com/leagues/NBA_2027_games-april.html,"Wed, Apr 7, 2027"
2027-04-07,Chicago Bulls,Charlotte Hornets,2027-04-08T00:00:00Z,8:00p,United Center,,https://www.basketball-reference.com/leagues/NBA_2027_games-april.html,"Wed, Apr 7, 2027"
2027-04-07,Memphis Grizzlies,Washington Wizards,2027-04-08T00:00:00Z,8:00p,FedExForum,,https://www.basketball-reference.com/leagues/NBA_2027_games-april.html,"Wed, Apr 7, 2027"
2027-04-07,Houston Rockets,Sacramento Kings,2027-04-08T00:30:00Z,8:30p,Toyota Center,,https://www.basketball-reference.com/leagues/NBA_2027_games-april.html,"Wed, Apr 7, 2027"
2027-04-07,Los Angeles Lakers,Minnesota Timberwolves,2027-04-08T02:00:00Z,10:00p,Crypto.com Arena,,https://www.basketball-reference.com/leagues/NBA_2027_games-april.html,"Wed, Apr 7, 2027"
2027-04-07,Portland Trail Blazers,Dallas Mavericks,2027-04-08T02:00:00Z,10:00p,Moda Center,,https://www.basketball-reference.com/leagues/NBA_2027_games-april.html,"Wed, Apr 7, 2027"
2027-04-08,Miami Heat,Philadelphia 76ers,2027-04-08T23:00:00Z,7:00p,Kaseya Center,,https://www.basketball-reference.com/leagues/NBA_2027_games-april.html,"Thu, Apr 8, 2027"
2027-04-08,Milwaukee Bucks,New York Knicks,2027-04-09T00:00:00Z,8:00p,Fiserv Forum,,https://www.basketball-reference.com/leagues/NBA_2027_games-april.html,"Thu, Apr 8, 2027"
2027-04-08,Utah Jazz,New Orleans Pelicans,2027-04-09T01:00:00Z,9:00p,Delta Center,,https://www.basketball-reference.com/leagues/NBA_2027_games-april.html,"Thu, Apr 8, 2027"
2027-04-08,Denver Nuggets,Los Angeles Clippers,2027-04-09T01:00:00Z,9:00p,Ball Arena,,https://www.basketball-reference.com/leagues/NBA_2027_games-april.html,"Thu, Apr 8, 2027"
2027-04-08,Oklahoma City Thunder,Golden State Warriors,2027-04-09T01:30:00Z,9:30p,Paycom Center,,https://www.basketball-reference.com/leagues/NBA_2027_games-april.html,"Thu, Apr 8, 2027"
2027-04-09,Atlanta Hawks,Boston Celtics,2027-04-09T23:00:00Z,7:00p,State Farm Arena,,https://www.basketball-reference.com/leagues/NBA_2027_games-april.html,"Fri, Apr 9, 2027"
2027-04-09,Charlotte Hornets,Brooklyn Nets,2027-04-09T23:00:00Z,7:00p,Spectrum Center,,https://www.basketball-reference.com/leagues/NBA_2027_games-april.html,"Fri, Apr 9, 2027"
2027-04-09,Indiana Pacers,Cleveland Cavaliers,2027-04-09T23:00:00Z,7:00p,Gainbridge Fieldhouse,,https://www.basketball-reference.com/leagues/NBA_2027_games-april.html,"Fri, Apr 9, 2027"
2027-04-09,New York Knicks,Detroit Pistons,2027-04-09T23:00:00Z,7:00p,Madison Square Garden (IV),,https://www.basketball-reference.com/leagues/NBA_2027_games-april.html,"Fri, Apr 9, 2027"
2027-04-09,Orlando Magic,Toronto Raptors,2027-04-09T23:00:00Z,7:00p,Kia Center,,https://www.basketball-reference.com/leagues/NBA_2027_games-april.html,"Fri, Apr 9, 2027"
2027-04-09,Chicago Bulls,Milwaukee Bucks,2027-04-10T00:00:00Z,8:00p,United Center,,https://www.basketball-reference.com/leagues/NBA_2027_games-april.html,"Fri, Apr 9, 2027"
2027-04-09,Miami Heat,Washington Wizards,2027-04-10T00:00:00Z,8:00p,Kaseya Center,,https://www.basketball-reference.com/leagues/NBA_2027_games-april.html,"Fri, Apr 9, 2027"
2027-04-09,Oklahoma City Thunder,Golden State Warriors,2027-04-10T00:00:00Z,8:00p,Paycom Center,,https://www.basketball-reference.com/leagues/NBA_2027_games-april.html,"Fri, Apr 9, 2027"
2027-04-09,Houston Rockets,Portland Trail Blazers,2027-04-10T00:30:00Z,8:30p,Toyota Center,,https://www.basketball-reference.com/leagues/NBA_2027_games-april.html,"Fri, Apr 9, 2027"
2027-04-09,Utah Jazz,Los Angeles Clippers,2027-04-10T01:30:00Z,9:30p,Delta Center,,https://www.basketball-reference.com/leagues/NBA_2027_games-april.html,"Fri, Apr 9, 2027"
2027-04-09,San Antonio Spurs,Denver Nuggets,2027-04-10T01:30:00Z,9:30p,Frost Bank Center,,https://www.basketball-reference.com/leagues/NBA_2027_games-april.html,"Fri, Apr 9, 2027"
2027-04-09,Los Angeles Lakers,Minnesota Timberwolves,2027-04-10T02:00:00Z,10:00p,Crypto.com Arena,,https://www.basketball-reference.com/leagues/NBA_2027_games-april.html,"Fri, Apr 9, 2027"
2027-04-09,Phoenix Suns,Memphis Grizzlies,2027-04-10T02:00:00Z,10:00p,Mortgage Matchup Center,,https://www.basketball-reference.com/leagues/NBA_2027_games-april.html,"Fri, Apr 9, 2027"
2027-04-09,Sacramento Kings,Dallas Mavericks,2027-04-10T02:00:00Z,10:00p,Golden 1 Center,,https://www.basketball-reference.com/leagues/NBA_2027_games-april.html,"Fri, Apr 9, 2027"
2027-04-11,Washington Wizards,Detroit Pistons,2027-04-11T22:00:00Z,6:00p,Capital One Arena,,https://www.basketball-reference.com/leagues/NBA_2027_games-april.html,"Sun, Apr 11, 2027"
2027-04-11,Philadelphia 76ers,Charlotte Hornets,2027-04-11T22:00:00Z,6:00p,Xfinity Mobile Arena,,https://www.basketball-reference.com/leagues/NBA_2027_games-april.html,"Sun, Apr 11, 2027"
2027-04-11,New York Knicks,Indiana Pacers,2027-04-11T22:00:00Z,6:00p,Madison Square Garden (IV),,https://www.basketball-reference.com/leagues/NBA_2027_games-april.html,"Sun, Apr 11, 2027"
2027-04-11,New Orleans Pelicans,Chicago Bulls,2027-04-11T22:00:00Z,6:00p,Smoothie King Center,,https://www.basketball-reference.com/leagues/NBA_2027_games-april.html,"Sun, Apr 11, 2027"
2027-04-11,Miami Heat,Orlando Magic,2027-04-11T22:00:00Z,6:00p,Kaseya Center,,https://www.basketball-reference.com/leagues/NBA_2027_games-april.html,"Sun, Apr 11, 2027"
2027-04-11,Cleveland Cavaliers,Atlanta Hawks,2027-04-11T22:00:00Z,6:00p,Rocket Arena,,https://www.basketball-reference.com/leagues/NBA_2027_games-april.html,"Sun, Apr 11, 2027"
2027-04-11,Brooklyn Nets,Toronto Raptors,2027-04-11T22:00:00Z,6:00p,Barclays Center,,https://www.basketball-reference.com/leagues/NBA_2027_games-april.html,"Sun, Apr 11, 2027"
2027-04-11,Boston Celtics,Milwaukee Bucks,2027-04-11T22:00:00Z,6:00p,TD Garden,,https://www.basketball-reference.com/leagues/NBA_2027_games-april.html,"Sun, Apr 11, 2027"
2027-04-11,Golden State Warriors,Utah Jazz,2027-04-12T00:30:00Z,8:30p,Chase Center,,https://www.basketball-reference.com/leagues/NBA_2027_games-april.html,"Sun, Apr 11, 2027"
2027-04-11,Los Angeles Clippers,Sacramento Kings,2027-04-12T00:30:00Z,8:30p,Intuit Dome,,https://www.basketball-reference.com/leagues/NBA_2027_games-april.html,"Sun, Apr 11, 2027"
2027-04-11,Los Angeles Lakers,Phoenix Suns,2027-04-12T00:30:00Z,8:30p,Crypto.com Arena,,https://www.basketball-reference.com/leagues/NBA_2027_games-april.html,"Sun, Apr 11, 2027"
2027-04-11,Denver Nuggets,Oklahoma City Thunder,2027-04-12T00:30:00Z,8:30p,Ball Arena,,https://www.basketball-reference.com/leagues/NBA_2027_games-april.html,"Sun, Apr 11, 2027"
2027-04-11,Minnesota Timberwolves,Houston Rockets,2027-04-12T00:30:00Z,8:30p,Target Center,,https://www.basketball-reference.com/leagues/NBA_2027_games-april.html,"Sun, Apr 11, 2027"
2027-04-11,Dallas Mavericks,Memphis Grizzlies,2027-04-12T00:30:00Z,8:30p,American Airlines Center,,https://www.basketball-reference.com/leagues/NBA_2027_games-april.html,"Sun, Apr 11, 2027"
2027-04-11,San Antonio Spurs,Portland Trail Blazers,2027-04-12T00:30:00Z,8:30p,Frost Bank Center,,https://www.basketball-reference.com/leagues/NBA_2027_games-april.html,"Sun, Apr 11, 2027"
